<annotation>
  <filename>image_937.jpg</filename>
  <folder></folder>
  <source>
    <sourceImage></sourceImage>
    <sourceAnnotation>Datumaro</sourceAnnotation>
  </source>
  <imagesize>
    <nrows>1920</nrows>
    <ncols>1080</ncols>
  </imagesize>
  <object>
    <name>lane</name>
    <deleted>0</deleted>
    <verified>0</verified>
    <occluded>no</occluded>
    <date></date>
    <id>0</id>
    <parts>
      <hasparts></hasparts>
      <ispartof></ispartof>
    </parts>
    <polygon>
      <pt>
        <x>356.86</x>
        <y>758.94</y>
      </pt>
      <pt>
        <x>418.54</x>
        <y>587.34</y>
      </pt>
      <pt>
        <x>482.47</x>
        <y>468.45</y>
      </pt>
      <pt>
        <x>528.46</x>
        <y>467.33</y>
      </pt>
      <pt>
        <x>470.13</x>
        <y>594.07</y>
      </pt>
      <pt>
        <x>423.03</x>
        <y>757.82</y>
      </pt>
      <username></username>
    </polygon>
    <attributes></attributes>
  </object>
  <object>
    <name>lane</name>
    <deleted>0</deleted>
    <verified>0</verified>
    <occluded>no</occluded>
    <date></date>
    <id>1</id>
    <parts>
      <hasparts></hasparts>
      <ispartof></ispartof>
    </parts>
    <polygon>
      <pt>
        <x>358.58</x>
        <y>1491.65</y>
      </pt>
      <pt>
        <x>470.21</x>
        <y>1468.39</y>
      </pt>
      <pt>
        <x>586.01</x>
        <y>1920.00</y>
      </pt>
      <pt>
        <x>434.91</x>
        <y>1920.00</y>
      </pt>
      <pt>
        <x>402.76</x>
        <y>1770.73</y>
      </pt>
      <pt>
        <x>370.20</x>
        <y>1589.33</y>
      </pt>
      <username></username>
    </polygon>
    <attributes></attributes>
  </object>
  <object>
    <name>lane</name>
    <deleted>0</deleted>
    <verified>0</verified>
    <occluded>no</occluded>
    <date></date>
    <id>2</id>
    <parts>
      <hasparts></hasparts>
      <ispartof></ispartof>
    </parts>
    <polygon>
      <pt>
        <x>1029.59</x>
        <y>115.13</y>
      </pt>
      <pt>
        <x>1058.52</x>
        <y>103.87</y>
      </pt>
      <pt>
        <x>1080.00</x>
        <y>93.12</y>
      </pt>
      <pt>
        <x>1080.00</x>
        <y>95.69</y>
      </pt>
      <pt>
        <x>1078.80</x>
        <y>106.49</y>
      </pt>
      <pt>
        <x>1067.16</x>
        <y>109.50</y>
      </pt>
      <pt>
        <x>1049.50</x>
        <y>116.64</y>
      </pt>
      <username></username>
    </polygon>
    <attributes></attributes>
  </object>
  <object>
    <name>lane</name>
    <deleted>0</deleted>
    <verified>0</verified>
    <occluded>no</occluded>
    <date></date>
    <id>3</id>
    <parts>
      <hasparts></hasparts>
      <ispartof></ispartof>
    </parts>
    <polygon>
      <pt>
        <x>636.75</x>
        <y>308.49</y>
      </pt>
      <pt>
        <x>731.94</x>
        <y>248.99</y>
      </pt>
      <pt>
        <x>803.34</x>
        <y>207.34</y>
      </pt>
      <pt>
        <x>834.71</x>
        <y>209.51</y>
      </pt>
      <pt>
        <x>754.12</x>
        <y>254.94</y>
      </pt>
      <pt>
        <x>671.90</x>
        <y>309.57</y>
      </pt>
      <username></username>
    </polygon>
    <attributes></attributes>
  </object>
  <object>
    <name>lane</name>
    <deleted>0</deleted>
    <verified>0</verified>
    <occluded>no</occluded>
    <date></date>
    <id>4</id>
    <parts>
      <hasparts></hasparts>
      <ispartof></ispartof>
    </parts>
    <polygon>
      <pt>
        <x>610.79</x>
        <y>251.16</y>
      </pt>
      <pt>
        <x>767.10</x>
        <y>201.39</y>
      </pt>
      <pt>
        <x>860.70</x>
        <y>172.20</y>
      </pt>
      <pt>
        <x>880.68</x>
        <y>174.35</y>
      </pt>
      <pt>
        <x>770.89</x>
        <y>211.13</y>
      </pt>
      <pt>
        <x>636.75</x>
        <y>254.40</y>
      </pt>
      <username></username>
    </polygon>
    <attributes></attributes>
  </object>
  <object>
    <name>lane</name>
    <deleted>0</deleted>
    <verified>0</verified>
    <occluded>no</occluded>
    <date></date>
    <id>5</id>
    <parts>
      <hasparts></hasparts>
      <ispartof></ispartof>
    </parts>
    <polygon>
      <pt>
        <x>1.32</x>
        <y>435.93</y>
      </pt>
      <pt>
        <x>106.75</x>
        <y>404.52</y>
      </pt>
      <pt>
        <x>137.03</x>
        <y>413.50</y>
      </pt>
      <pt>
        <x>88.80</x>
        <y>424.71</y>
      </pt>
      <pt>
        <x>46.18</x>
        <y>434.81</y>
      </pt>
      <pt>
        <x>0.00</x>
        <y>452.40</y>
      </pt>
      <pt>
        <x>-0.00</x>
        <y>445.83</y>
      </pt>
      <username></username>
    </polygon>
    <attributes></attributes>
  </object>
</annotation>
