<annotation>
  <filename>image_568.jpg</filename>
  <folder></folder>
  <source>
    <sourceImage></sourceImage>
    <sourceAnnotation>Datumaro</sourceAnnotation>
  </source>
  <imagesize>
    <nrows>1920</nrows>
    <ncols>1080</ncols>
  </imagesize>
  <object>
    <name>lane</name>
    <deleted>0</deleted>
    <verified>0</verified>
    <occluded>no</occluded>
    <date></date>
    <id>0</id>
    <parts>
      <hasparts></hasparts>
      <ispartof></ispartof>
    </parts>
    <polygon>
      <pt>
        <x>395.63</x>
        <y>1198.04</y>
      </pt>
      <pt>
        <x>375.29</x>
        <y>1920.00</y>
      </pt>
      <pt>
        <x>495.63</x>
        <y>1920.00</y>
      </pt>
      <pt>
        <x>475.48</x>
        <y>1194.65</y>
      </pt>
      <username></username>
    </polygon>
    <attributes></attributes>
  </object>
  <object>
    <name>lane</name>
    <deleted>0</deleted>
    <verified>0</verified>
    <occluded>no</occluded>
    <date></date>
    <id>1</id>
    <parts>
      <hasparts></hasparts>
      <ispartof></ispartof>
    </parts>
    <polygon>
      <pt>
        <x>571.09</x>
        <y>60.83</y>
      </pt>
      <pt>
        <x>651.31</x>
        <y>50.59</y>
      </pt>
      <pt>
        <x>652.45</x>
        <y>53.44</y>
      </pt>
      <pt>
        <x>577.92</x>
        <y>61.40</y>
      </pt>
      <username></username>
    </polygon>
    <attributes></attributes>
  </object>
  <object>
    <name>lane</name>
    <deleted>0</deleted>
    <verified>0</verified>
    <occluded>no</occluded>
    <date></date>
    <id>2</id>
    <parts>
      <hasparts></hasparts>
      <ispartof></ispartof>
    </parts>
    <polygon>
      <pt>
        <x>447.05</x>
        <y>85.87</y>
      </pt>
      <pt>
        <x>493.14</x>
        <y>69.37</y>
      </pt>
      <pt>
        <x>506.23</x>
        <y>69.94</y>
      </pt>
      <pt>
        <x>454.45</x>
        <y>85.30</y>
      </pt>
      <username></username>
    </polygon>
    <attributes></attributes>
  </object>
  <object>
    <name>lane</name>
    <deleted>0</deleted>
    <verified>0</verified>
    <occluded>no</occluded>
    <date></date>
    <id>3</id>
    <parts>
      <hasparts></hasparts>
      <ispartof></ispartof>
    </parts>
    <polygon>
      <pt>
        <x>420.88</x>
        <y>116.59</y>
      </pt>
      <pt>
        <x>435.67</x>
        <y>116.59</y>
      </pt>
      <pt>
        <x>436.81</x>
        <y>141.06</y>
      </pt>
      <pt>
        <x>419.17</x>
        <y>142.20</y>
      </pt>
      <username></username>
    </polygon>
    <attributes></attributes>
  </object>
  <object>
    <name>lane</name>
    <deleted>0</deleted>
    <verified>0</verified>
    <occluded>no</occluded>
    <date></date>
    <id>4</id>
    <parts>
      <hasparts></hasparts>
      <ispartof></ispartof>
    </parts>
    <polygon>
      <pt>
        <x>419.17</x>
        <y>195.68</y>
      </pt>
      <pt>
        <x>437.95</x>
        <y>195.68</y>
      </pt>
      <pt>
        <x>443.07</x>
        <y>238.35</y>
      </pt>
      <pt>
        <x>420.31</x>
        <y>236.08</y>
      </pt>
      <username></username>
    </polygon>
    <attributes></attributes>
  </object>
  <object>
    <name>lane</name>
    <deleted>0</deleted>
    <verified>0</verified>
    <occluded>no</occluded>
    <date></date>
    <id>5</id>
    <parts>
      <hasparts></hasparts>
      <ispartof></ispartof>
    </parts>
    <polygon>
      <pt>
        <x>273.95</x>
        <y>82.92</y>
      </pt>
      <pt>
        <x>283.91</x>
        <y>80.55</y>
      </pt>
      <pt>
        <x>349.34</x>
        <y>95.25</y>
      </pt>
      <pt>
        <x>335.12</x>
        <y>98.57</y>
      </pt>
      <username></username>
    </polygon>
    <attributes></attributes>
  </object>
  <object>
    <name>lane</name>
    <deleted>0</deleted>
    <verified>0</verified>
    <occluded>no</occluded>
    <date></date>
    <id>6</id>
    <parts>
      <hasparts></hasparts>
      <ispartof></ispartof>
    </parts>
    <polygon>
      <pt>
        <x>134.08</x>
        <y>62.06</y>
      </pt>
      <pt>
        <x>141.19</x>
        <y>59.21</y>
      </pt>
      <pt>
        <x>221.32</x>
        <y>69.64</y>
      </pt>
      <pt>
        <x>207.10</x>
        <y>69.64</y>
      </pt>
      <username></username>
    </polygon>
    <attributes></attributes>
  </object>
  <object>
    <name>lane</name>
    <deleted>0</deleted>
    <verified>0</verified>
    <occluded>no</occluded>
    <date></date>
    <id>7</id>
    <parts>
      <hasparts></hasparts>
      <ispartof></ispartof>
    </parts>
    <polygon>
      <pt>
        <x>418.92</x>
        <y>309.28</y>
      </pt>
      <pt>
        <x>442.23</x>
        <y>308.88</y>
      </pt>
      <pt>
        <x>446.58</x>
        <y>381.19</y>
      </pt>
      <pt>
        <x>416.16</x>
        <y>381.58</y>
      </pt>
      <username></username>
    </polygon>
    <attributes></attributes>
  </object>
  <object>
    <name>lane</name>
    <deleted>0</deleted>
    <verified>0</verified>
    <occluded>no</occluded>
    <date></date>
    <id>8</id>
    <parts>
      <hasparts></hasparts>
      <ispartof></ispartof>
    </parts>
    <polygon>
      <pt>
        <x>410.62</x>
        <y>510.98</y>
      </pt>
      <pt>
        <x>454.86</x>
        <y>509.35</y>
      </pt>
      <pt>
        <x>458.14</x>
        <y>730.56</y>
      </pt>
      <pt>
        <x>407.34</x>
        <y>729.74</y>
      </pt>
      <username></username>
    </polygon>
    <attributes></attributes>
  </object>
</annotation>
