<annotation>
  <filename>image_2292.jpg</filename>
  <folder></folder>
  <source>
    <sourceImage></sourceImage>
    <sourceAnnotation>Datumaro</sourceAnnotation>
  </source>
  <imagesize>
    <nrows>1920</nrows>
    <ncols>1080</ncols>
  </imagesize>
  <object>
    <name>lane</name>
    <deleted>0</deleted>
    <verified>0</verified>
    <occluded>no</occluded>
    <date></date>
    <id>0</id>
    <parts>
      <hasparts></hasparts>
      <ispartof></ispartof>
    </parts>
    <type>bounding_box</type>
    <polygon>
      <pt>
        <x>458.85</x>
        <y>357.93</y>
      </pt>
      <pt>
        <x>468.10</x>
        <y>357.93</y>
      </pt>
      <pt>
        <x>468.10</x>
        <y>377.17</y>
      </pt>
      <pt>
        <x>458.85</x>
        <y>377.17</y>
      </pt>
      <username></username>
    </polygon>
    <attributes>rotation=0.0</attributes>
  </object>
  <object>
    <name>lane</name>
    <deleted>0</deleted>
    <verified>0</verified>
    <occluded>no</occluded>
    <date></date>
    <id>1</id>
    <parts>
      <hasparts></hasparts>
      <ispartof></ispartof>
    </parts>
    <type>bounding_box</type>
    <polygon>
      <pt>
        <x>460.57</x>
        <y>279.05</y>
      </pt>
      <pt>
        <x>464.71</x>
        <y>279.05</y>
      </pt>
      <pt>
        <x>464.71</x>
        <y>282.27</y>
      </pt>
      <pt>
        <x>460.57</x>
        <y>282.27</y>
      </pt>
      <username></username>
    </polygon>
    <attributes>rotation=0.0</attributes>
  </object>
  <object>
    <name>lane</name>
    <deleted>0</deleted>
    <verified>0</verified>
    <occluded>no</occluded>
    <date></date>
    <id>2</id>
    <parts>
      <hasparts></hasparts>
      <ispartof></ispartof>
    </parts>
    <type>bounding_box</type>
    <polygon>
      <pt>
        <x>460.27</x>
        <y>284.72</y>
      </pt>
      <pt>
        <x>464.40</x>
        <y>284.72</y>
      </pt>
      <pt>
        <x>464.40</x>
        <y>287.78</y>
      </pt>
      <pt>
        <x>460.27</x>
        <y>287.78</y>
      </pt>
      <username></username>
    </polygon>
    <attributes>rotation=0.0</attributes>
  </object>
  <object>
    <name>lane</name>
    <deleted>0</deleted>
    <verified>0</verified>
    <occluded>no</occluded>
    <date></date>
    <id>3</id>
    <parts>
      <hasparts></hasparts>
      <ispartof></ispartof>
    </parts>
    <type>bounding_box</type>
    <polygon>
      <pt>
        <x>460.57</x>
        <y>290.54</y>
      </pt>
      <pt>
        <x>465.17</x>
        <y>290.54</y>
      </pt>
      <pt>
        <x>465.17</x>
        <y>294.06</y>
      </pt>
      <pt>
        <x>460.57</x>
        <y>294.06</y>
      </pt>
      <username></username>
    </polygon>
    <attributes>rotation=0.0</attributes>
  </object>
  <object>
    <name>lane</name>
    <deleted>0</deleted>
    <verified>0</verified>
    <occluded>no</occluded>
    <date></date>
    <id>4</id>
    <parts>
      <hasparts></hasparts>
      <ispartof></ispartof>
    </parts>
    <type>bounding_box</type>
    <polygon>
      <pt>
        <x>460.88</x>
        <y>297.13</y>
      </pt>
      <pt>
        <x>465.01</x>
        <y>297.13</y>
      </pt>
      <pt>
        <x>465.01</x>
        <y>302.64</y>
      </pt>
      <pt>
        <x>460.88</x>
        <y>302.64</y>
      </pt>
      <username></username>
    </polygon>
    <attributes>rotation=0.0</attributes>
  </object>
  <object>
    <name>lane</name>
    <deleted>0</deleted>
    <verified>0</verified>
    <occluded>no</occluded>
    <date></date>
    <id>5</id>
    <parts>
      <hasparts></hasparts>
      <ispartof></ispartof>
    </parts>
    <polygon>
      <pt>
        <x>446.87</x>
        <y>663.33</y>
      </pt>
      <pt>
        <x>441.18</x>
        <y>884.11</y>
      </pt>
      <pt>
        <x>441.18</x>
        <y>943.29</y>
      </pt>
      <pt>
        <x>486.70</x>
        <y>941.02</y>
      </pt>
      <pt>
        <x>479.87</x>
        <y>782.83</y>
      </pt>
      <pt>
        <x>478.74</x>
        <y>665.61</y>
      </pt>
      <username></username>
    </polygon>
    <attributes></attributes>
  </object>
  <object>
    <name>lane</name>
    <deleted>0</deleted>
    <verified>0</verified>
    <occluded>no</occluded>
    <date></date>
    <id>6</id>
    <parts>
      <hasparts></hasparts>
      <ispartof></ispartof>
    </parts>
    <type>bounding_box</type>
    <polygon>
      <pt>
        <x>457.56</x>
        <y>317.84</y>
      </pt>
      <pt>
        <x>466.13</x>
        <y>317.84</y>
      </pt>
      <pt>
        <x>466.13</x>
        <y>328.00</y>
      </pt>
      <pt>
        <x>457.56</x>
        <y>328.00</y>
      </pt>
      <username></username>
    </polygon>
    <attributes>rotation=0.0</attributes>
  </object>
  <object>
    <name>lane</name>
    <deleted>0</deleted>
    <verified>0</verified>
    <occluded>no</occluded>
    <date></date>
    <id>7</id>
    <parts>
      <hasparts></hasparts>
      <ispartof></ispartof>
    </parts>
    <type>bounding_box</type>
    <polygon>
      <pt>
        <x>460.10</x>
        <y>334.35</y>
      </pt>
      <pt>
        <x>466.45</x>
        <y>334.35</y>
      </pt>
      <pt>
        <x>466.45</x>
        <y>348.01</y>
      </pt>
      <pt>
        <x>460.10</x>
        <y>348.01</y>
      </pt>
      <username></username>
    </polygon>
    <attributes>rotation=0.0</attributes>
  </object>
  <object>
    <name>lane</name>
    <deleted>0</deleted>
    <verified>0</verified>
    <occluded>no</occluded>
    <date></date>
    <id>8</id>
    <parts>
      <hasparts></hasparts>
      <ispartof></ispartof>
    </parts>
    <type>bounding_box</type>
    <polygon>
      <pt>
        <x>456.82</x>
        <y>396.61</y>
      </pt>
      <pt>
        <x>469.99</x>
        <y>396.61</y>
      </pt>
      <pt>
        <x>469.99</x>
        <y>430.64</y>
      </pt>
      <pt>
        <x>456.82</x>
        <y>430.64</y>
      </pt>
      <username></username>
    </polygon>
    <attributes>rotation=0.0</attributes>
  </object>
  <object>
    <name>lane</name>
    <deleted>0</deleted>
    <verified>0</verified>
    <occluded>no</occluded>
    <date></date>
    <id>9</id>
    <parts>
      <hasparts></hasparts>
      <ispartof></ispartof>
    </parts>
    <type>bounding_box</type>
    <polygon>
      <pt>
        <x>455.72</x>
        <y>470.70</y>
      </pt>
      <pt>
        <x>475.48</x>
        <y>470.70</y>
      </pt>
      <pt>
        <x>475.48</x>
        <y>542.60</y>
      </pt>
      <pt>
        <x>455.72</x>
        <y>542.60</y>
      </pt>
      <username></username>
    </polygon>
    <attributes>rotation=0.0</attributes>
  </object>
  <object>
    <name>lane</name>
    <deleted>0</deleted>
    <verified>0</verified>
    <occluded>no</occluded>
    <date></date>
    <id>10</id>
    <parts>
      <hasparts></hasparts>
      <ispartof></ispartof>
    </parts>
    <type>bounding_box</type>
    <polygon>
      <pt>
        <x>460.57</x>
        <y>306.01</y>
      </pt>
      <pt>
        <x>466.55</x>
        <y>306.01</y>
      </pt>
      <pt>
        <x>466.55</x>
        <y>313.82</y>
      </pt>
      <pt>
        <x>460.57</x>
        <y>313.82</y>
      </pt>
      <username></username>
    </polygon>
    <attributes>rotation=0.0</attributes>
  </object>
</annotation>
