<annotation>
  <filename>image_1981.jpg</filename>
  <folder></folder>
  <source>
    <sourceImage></sourceImage>
    <sourceAnnotation>Datumaro</sourceAnnotation>
  </source>
  <imagesize>
    <nrows>1920</nrows>
    <ncols>1080</ncols>
  </imagesize>
  <object>
    <name>lane</name>
    <deleted>0</deleted>
    <verified>0</verified>
    <occluded>no</occluded>
    <date></date>
    <id>0</id>
    <parts>
      <hasparts></hasparts>
      <ispartof></ispartof>
    </parts>
    <type>bounding_box</type>
    <polygon>
      <pt>
        <x>559.44</x>
        <y>438.64</y>
      </pt>
      <pt>
        <x>562.03</x>
        <y>438.64</y>
      </pt>
      <pt>
        <x>562.03</x>
        <y>445.55</y>
      </pt>
      <pt>
        <x>559.44</x>
        <y>445.55</y>
      </pt>
      <username></username>
    </polygon>
    <attributes>rotation=0.0</attributes>
  </object>
  <object>
    <name>lane</name>
    <deleted>0</deleted>
    <verified>0</verified>
    <occluded>no</occluded>
    <date></date>
    <id>1</id>
    <parts>
      <hasparts></hasparts>
      <ispartof></ispartof>
    </parts>
    <type>bounding_box</type>
    <polygon>
      <pt>
        <x>554.53</x>
        <y>559.88</y>
      </pt>
      <pt>
        <x>565.97</x>
        <y>559.88</y>
      </pt>
      <pt>
        <x>565.97</x>
        <y>593.47</y>
      </pt>
      <pt>
        <x>554.53</x>
        <y>593.47</y>
      </pt>
      <username></username>
    </polygon>
    <attributes>rotation=0.0</attributes>
  </object>
  <object>
    <name>lane</name>
    <deleted>0</deleted>
    <verified>0</verified>
    <occluded>no</occluded>
    <date></date>
    <id>2</id>
    <parts>
      <hasparts></hasparts>
      <ispartof></ispartof>
    </parts>
    <polygon>
      <pt>
        <x>558.10</x>
        <y>1238.50</y>
      </pt>
      <pt>
        <x>597.30</x>
        <y>1251.60</y>
      </pt>
      <pt>
        <x>582.07</x>
        <y>996.67</y>
      </pt>
      <pt>
        <x>577.71</x>
        <y>870.31</y>
      </pt>
      <pt>
        <x>542.85</x>
        <y>868.13</y>
      </pt>
      <pt>
        <x>551.57</x>
        <y>1040.24</y>
      </pt>
      <username></username>
    </polygon>
    <attributes></attributes>
  </object>
  <object>
    <name>lane</name>
    <deleted>0</deleted>
    <verified>0</verified>
    <occluded>no</occluded>
    <date></date>
    <id>3</id>
    <parts>
      <hasparts></hasparts>
      <ispartof></ispartof>
    </parts>
    <polygon>
      <pt>
        <x>549.31</x>
        <y>718.89</y>
      </pt>
      <pt>
        <x>574.53</x>
        <y>720.15</y>
      </pt>
      <pt>
        <x>570.75</x>
        <y>674.76</y>
      </pt>
      <pt>
        <x>564.10</x>
        <y>643.00</y>
      </pt>
      <pt>
        <x>549.31</x>
        <y>640.72</y>
      </pt>
      <pt>
        <x>551.84</x>
        <y>687.37</y>
      </pt>
      <username></username>
    </polygon>
    <attributes></attributes>
  </object>
  <object>
    <name>lane</name>
    <deleted>0</deleted>
    <verified>0</verified>
    <occluded>no</occluded>
    <date></date>
    <id>4</id>
    <parts>
      <hasparts></hasparts>
      <ispartof></ispartof>
    </parts>
    <type>bounding_box</type>
    <polygon>
      <pt>
        <x>558.92</x>
        <y>427.92</y>
      </pt>
      <pt>
        <x>562.38</x>
        <y>427.92</y>
      </pt>
      <pt>
        <x>562.38</x>
        <y>434.84</y>
      </pt>
      <pt>
        <x>558.92</x>
        <y>434.84</y>
      </pt>
      <username></username>
    </polygon>
    <attributes>rotation=0.0</attributes>
  </object>
  <object>
    <name>lane</name>
    <deleted>0</deleted>
    <verified>0</verified>
    <occluded>no</occluded>
    <date></date>
    <id>5</id>
    <parts>
      <hasparts></hasparts>
      <ispartof></ispartof>
    </parts>
    <type>bounding_box</type>
    <polygon>
      <pt>
        <x>555.02</x>
        <y>515.09</y>
      </pt>
      <pt>
        <x>563.98</x>
        <y>515.09</y>
      </pt>
      <pt>
        <x>563.98</x>
        <y>534.00</y>
      </pt>
      <pt>
        <x>555.02</x>
        <y>534.00</y>
      </pt>
      <username></username>
    </polygon>
    <attributes>rotation=0.0</attributes>
  </object>
</annotation>
