<annotation>
  <filename>image_1077.jpg</filename>
  <folder></folder>
  <source>
    <sourceImage></sourceImage>
    <sourceAnnotation>Datumaro</sourceAnnotation>
  </source>
  <imagesize>
    <nrows>1920</nrows>
    <ncols>1080</ncols>
  </imagesize>
  <object>
    <name>lane</name>
    <deleted>0</deleted>
    <verified>0</verified>
    <occluded>no</occluded>
    <date></date>
    <id>0</id>
    <parts>
      <hasparts></hasparts>
      <ispartof></ispartof>
    </parts>
    <type>bounding_box</type>
    <polygon>
      <pt>
        <x>446.34</x>
        <y>86.94</y>
      </pt>
      <pt>
        <x>453.58</x>
        <y>86.94</y>
      </pt>
      <pt>
        <x>453.58</x>
        <y>94.37</y>
      </pt>
      <pt>
        <x>446.34</x>
        <y>94.37</y>
      </pt>
      <username></username>
    </polygon>
    <attributes>rotation=0.0</attributes>
  </object>
  <object>
    <name>lane</name>
    <deleted>0</deleted>
    <verified>0</verified>
    <occluded>no</occluded>
    <date></date>
    <id>1</id>
    <parts>
      <hasparts></hasparts>
      <ispartof></ispartof>
    </parts>
    <type>bounding_box</type>
    <polygon>
      <pt>
        <x>446.15</x>
        <y>75.89</y>
      </pt>
      <pt>
        <x>454.15</x>
        <y>75.89</y>
      </pt>
      <pt>
        <x>454.15</x>
        <y>83.32</y>
      </pt>
      <pt>
        <x>446.15</x>
        <y>83.32</y>
      </pt>
      <username></username>
    </polygon>
    <attributes>rotation=0.0</attributes>
  </object>
  <object>
    <name>lane</name>
    <deleted>0</deleted>
    <verified>0</verified>
    <occluded>no</occluded>
    <date></date>
    <id>2</id>
    <parts>
      <hasparts></hasparts>
      <ispartof></ispartof>
    </parts>
    <type>bounding_box</type>
    <polygon>
      <pt>
        <x>446.91</x>
        <y>66.36</y>
      </pt>
      <pt>
        <x>453.00</x>
        <y>66.36</y>
      </pt>
      <pt>
        <x>453.00</x>
        <y>72.27</y>
      </pt>
      <pt>
        <x>446.91</x>
        <y>72.27</y>
      </pt>
      <username></username>
    </polygon>
    <attributes>rotation=0.0</attributes>
  </object>
  <object>
    <name>lane</name>
    <deleted>0</deleted>
    <verified>0</verified>
    <occluded>no</occluded>
    <date></date>
    <id>3</id>
    <parts>
      <hasparts></hasparts>
      <ispartof></ispartof>
    </parts>
    <type>bounding_box</type>
    <polygon>
      <pt>
        <x>447.29</x>
        <y>60.08</y>
      </pt>
      <pt>
        <x>453.20</x>
        <y>60.08</y>
      </pt>
      <pt>
        <x>453.20</x>
        <y>64.46</y>
      </pt>
      <pt>
        <x>447.29</x>
        <y>64.46</y>
      </pt>
      <username></username>
    </polygon>
    <attributes>rotation=0.0</attributes>
  </object>
  <object>
    <name>lane</name>
    <deleted>0</deleted>
    <verified>0</verified>
    <occluded>no</occluded>
    <date></date>
    <id>4</id>
    <parts>
      <hasparts></hasparts>
      <ispartof></ispartof>
    </parts>
    <polygon>
      <pt>
        <x>445.28</x>
        <y>142.16</y>
      </pt>
      <pt>
        <x>456.47</x>
        <y>143.14</y>
      </pt>
      <pt>
        <x>456.47</x>
        <y>157.96</y>
      </pt>
      <pt>
        <x>444.29</x>
        <y>158.95</y>
      </pt>
      <username></username>
    </polygon>
    <attributes></attributes>
  </object>
  <object>
    <name>lane</name>
    <deleted>0</deleted>
    <verified>0</verified>
    <occluded>no</occluded>
    <date></date>
    <id>5</id>
    <parts>
      <hasparts></hasparts>
      <ispartof></ispartof>
    </parts>
    <polygon>
      <pt>
        <x>443.40</x>
        <y>174.39</y>
      </pt>
      <pt>
        <x>456.24</x>
        <y>174.72</y>
      </pt>
      <pt>
        <x>457.23</x>
        <y>196.12</y>
      </pt>
      <pt>
        <x>445.05</x>
        <y>196.45</y>
      </pt>
      <username></username>
    </polygon>
    <attributes></attributes>
  </object>
  <object>
    <name>lane</name>
    <deleted>0</deleted>
    <verified>0</verified>
    <occluded>no</occluded>
    <date></date>
    <id>6</id>
    <parts>
      <hasparts></hasparts>
      <ispartof></ispartof>
    </parts>
    <type>bounding_box</type>
    <polygon>
      <pt>
        <x>447.48</x>
        <y>52.64</y>
      </pt>
      <pt>
        <x>452.24</x>
        <y>52.64</y>
      </pt>
      <pt>
        <x>452.24</x>
        <y>56.65</y>
      </pt>
      <pt>
        <x>447.48</x>
        <y>56.65</y>
      </pt>
      <username></username>
    </polygon>
    <attributes>rotation=0.0</attributes>
  </object>
  <object>
    <name>lane</name>
    <deleted>0</deleted>
    <verified>0</verified>
    <occluded>no</occluded>
    <date></date>
    <id>7</id>
    <parts>
      <hasparts></hasparts>
      <ispartof></ispartof>
    </parts>
    <polygon>
      <pt>
        <x>445.94</x>
        <y>117.46</y>
      </pt>
      <pt>
        <x>453.81</x>
        <y>116.80</y>
      </pt>
      <pt>
        <x>456.15</x>
        <y>130.30</y>
      </pt>
      <pt>
        <x>446.93</x>
        <y>130.63</y>
      </pt>
      <username></username>
    </polygon>
    <attributes></attributes>
  </object>
  <object>
    <name>lane</name>
    <deleted>0</deleted>
    <verified>0</verified>
    <occluded>no</occluded>
    <date></date>
    <id>8</id>
    <parts>
      <hasparts></hasparts>
      <ispartof></ispartof>
    </parts>
    <polygon>
      <pt>
        <x>446.27</x>
        <y>100.34</y>
      </pt>
      <pt>
        <x>453.51</x>
        <y>99.35</y>
      </pt>
      <pt>
        <x>455.16</x>
        <y>109.89</y>
      </pt>
      <pt>
        <x>447.91</x>
        <y>110.22</y>
      </pt>
      <username></username>
    </polygon>
    <attributes></attributes>
  </object>
  <object>
    <name>lane</name>
    <deleted>0</deleted>
    <verified>0</verified>
    <occluded>no</occluded>
    <date></date>
    <id>9</id>
    <parts>
      <hasparts></hasparts>
      <ispartof></ispartof>
    </parts>
    <type>bounding_box</type>
    <polygon>
      <pt>
        <x>448.05</x>
        <y>47.88</y>
      </pt>
      <pt>
        <x>452.05</x>
        <y>47.88</y>
      </pt>
      <pt>
        <x>452.05</x>
        <y>50.17</y>
      </pt>
      <pt>
        <x>448.05</x>
        <y>50.17</y>
      </pt>
      <username></username>
    </polygon>
    <attributes>rotation=0.0</attributes>
  </object>
  <object>
    <name>lane</name>
    <deleted>0</deleted>
    <verified>0</verified>
    <occluded>no</occluded>
    <date></date>
    <id>10</id>
    <parts>
      <hasparts></hasparts>
      <ispartof></ispartof>
    </parts>
    <polygon>
      <pt>
        <x>443.04</x>
        <y>216.92</y>
      </pt>
      <pt>
        <x>456.56</x>
        <y>216.55</y>
      </pt>
      <pt>
        <x>458.82</x>
        <y>237.21</y>
      </pt>
      <pt>
        <x>461.07</x>
        <y>252.61</y>
      </pt>
      <pt>
        <x>440.41</x>
        <y>251.86</y>
      </pt>
      <pt>
        <x>442.29</x>
        <y>235.33</y>
      </pt>
      <username></username>
    </polygon>
    <attributes></attributes>
  </object>
  <object>
    <name>lane</name>
    <deleted>0</deleted>
    <verified>0</verified>
    <occluded>no</occluded>
    <date></date>
    <id>11</id>
    <parts>
      <hasparts></hasparts>
      <ispartof></ispartof>
    </parts>
    <polygon>
      <pt>
        <x>440.87</x>
        <y>294.45</y>
      </pt>
      <pt>
        <x>461.90</x>
        <y>292.11</y>
      </pt>
      <pt>
        <x>462.68</x>
        <y>317.03</y>
      </pt>
      <pt>
        <x>464.24</x>
        <y>346.63</y>
      </pt>
      <pt>
        <x>440.09</x>
        <y>348.97</y>
      </pt>
      <pt>
        <x>440.09</x>
        <y>320.15</y>
      </pt>
      <username></username>
    </polygon>
    <attributes></attributes>
  </object>
  <object>
    <name>lane</name>
    <deleted>0</deleted>
    <verified>0</verified>
    <occluded>no</occluded>
    <date></date>
    <id>12</id>
    <parts>
      <hasparts></hasparts>
      <ispartof></ispartof>
    </parts>
    <polygon>
      <pt>
        <x>438.69</x>
        <y>420.93</y>
      </pt>
      <pt>
        <x>465.80</x>
        <y>421.87</y>
      </pt>
      <pt>
        <x>469.54</x>
        <y>477.95</y>
      </pt>
      <pt>
        <x>472.34</x>
        <y>530.29</y>
      </pt>
      <pt>
        <x>435.90</x>
        <y>531.20</y>
      </pt>
      <pt>
        <x>436.82</x>
        <y>476.08</y>
      </pt>
      <username></username>
    </polygon>
    <attributes></attributes>
  </object>
  <object>
    <name>lane</name>
    <deleted>0</deleted>
    <verified>0</verified>
    <occluded>no</occluded>
    <date></date>
    <id>13</id>
    <parts>
      <hasparts></hasparts>
      <ispartof></ispartof>
    </parts>
    <polygon>
      <pt>
        <x>426.25</x>
        <y>719.29</y>
      </pt>
      <pt>
        <x>475.09</x>
        <y>716.96</y>
      </pt>
      <pt>
        <x>493.70</x>
        <y>900.69</y>
      </pt>
      <pt>
        <x>498.35</x>
        <y>1086.75</y>
      </pt>
      <pt>
        <x>430.90</x>
        <y>1082.09</y>
      </pt>
      <pt>
        <x>430.90</x>
        <y>898.37</y>
      </pt>
      <username></username>
    </polygon>
    <attributes></attributes>
  </object>
</annotation>
