<annotation>
  <filename>image_496.jpg</filename>
  <folder></folder>
  <source>
    <sourceImage></sourceImage>
    <sourceAnnotation>Datumaro</sourceAnnotation>
  </source>
  <imagesize>
    <nrows>1920</nrows>
    <ncols>1080</ncols>
  </imagesize>
  <object>
    <name>lane</name>
    <deleted>0</deleted>
    <verified>0</verified>
    <occluded>no</occluded>
    <date></date>
    <id>0</id>
    <parts>
      <hasparts></hasparts>
      <ispartof></ispartof>
    </parts>
    <type>bounding_box</type>
    <polygon>
      <pt>
        <x>522.69</x>
        <y>174.91</y>
      </pt>
      <pt>
        <x>529.55</x>
        <y>174.91</y>
      </pt>
      <pt>
        <x>529.55</x>
        <y>178.79</y>
      </pt>
      <pt>
        <x>522.69</x>
        <y>178.79</y>
      </pt>
      <username></username>
    </polygon>
    <attributes>rotation=0.0</attributes>
  </object>
  <object>
    <name>lane</name>
    <deleted>0</deleted>
    <verified>0</verified>
    <occluded>no</occluded>
    <date></date>
    <id>1</id>
    <parts>
      <hasparts></hasparts>
      <ispartof></ispartof>
    </parts>
    <type>bounding_box</type>
    <polygon>
      <pt>
        <x>521.19</x>
        <y>182.67</y>
      </pt>
      <pt>
        <x>527.46</x>
        <y>182.67</y>
      </pt>
      <pt>
        <x>527.46</x>
        <y>186.85</y>
      </pt>
      <pt>
        <x>521.19</x>
        <y>186.85</y>
      </pt>
      <username></username>
    </polygon>
    <attributes>rotation=0.0</attributes>
  </object>
  <object>
    <name>lane</name>
    <deleted>0</deleted>
    <verified>0</verified>
    <occluded>no</occluded>
    <date></date>
    <id>2</id>
    <parts>
      <hasparts></hasparts>
      <ispartof></ispartof>
    </parts>
    <type>bounding_box</type>
    <polygon>
      <pt>
        <x>520.00</x>
        <y>189.84</y>
      </pt>
      <pt>
        <x>526.57</x>
        <y>189.84</y>
      </pt>
      <pt>
        <x>526.57</x>
        <y>195.21</y>
      </pt>
      <pt>
        <x>520.00</x>
        <y>195.21</y>
      </pt>
      <username></username>
    </polygon>
    <attributes>rotation=0.0</attributes>
  </object>
  <object>
    <name>lane</name>
    <deleted>0</deleted>
    <verified>0</verified>
    <occluded>no</occluded>
    <date></date>
    <id>3</id>
    <parts>
      <hasparts></hasparts>
      <ispartof></ispartof>
    </parts>
    <type>bounding_box</type>
    <polygon>
      <pt>
        <x>517.01</x>
        <y>200.59</y>
      </pt>
      <pt>
        <x>524.78</x>
        <y>200.59</y>
      </pt>
      <pt>
        <x>524.78</x>
        <y>207.46</y>
      </pt>
      <pt>
        <x>517.01</x>
        <y>207.46</y>
      </pt>
      <username></username>
    </polygon>
    <attributes>rotation=0.0</attributes>
  </object>
  <object>
    <name>lane</name>
    <deleted>0</deleted>
    <verified>0</verified>
    <occluded>no</occluded>
    <date></date>
    <id>4</id>
    <parts>
      <hasparts></hasparts>
      <ispartof></ispartof>
    </parts>
    <type>bounding_box</type>
    <polygon>
      <pt>
        <x>517.61</x>
        <y>212.53</y>
      </pt>
      <pt>
        <x>524.78</x>
        <y>212.53</y>
      </pt>
      <pt>
        <x>524.78</x>
        <y>220.30</y>
      </pt>
      <pt>
        <x>517.61</x>
        <y>220.30</y>
      </pt>
      <username></username>
    </polygon>
    <attributes>rotation=0.0</attributes>
  </object>
  <object>
    <name>lane</name>
    <deleted>0</deleted>
    <verified>0</verified>
    <occluded>no</occluded>
    <date></date>
    <id>5</id>
    <parts>
      <hasparts></hasparts>
      <ispartof></ispartof>
    </parts>
    <polygon>
      <pt>
        <x>472.16</x>
        <y>591.37</y>
      </pt>
      <pt>
        <x>453.44</x>
        <y>736.70</y>
      </pt>
      <pt>
        <x>498.02</x>
        <y>737.60</y>
      </pt>
      <pt>
        <x>508.72</x>
        <y>590.48</y>
      </pt>
      <username></username>
    </polygon>
    <attributes></attributes>
  </object>
  <object>
    <name>lane</name>
    <deleted>0</deleted>
    <verified>0</verified>
    <occluded>no</occluded>
    <date></date>
    <id>6</id>
    <parts>
      <hasparts></hasparts>
      <ispartof></ispartof>
    </parts>
    <polygon>
      <pt>
        <x>514.63</x>
        <y>227.76</y>
      </pt>
      <pt>
        <x>514.27</x>
        <y>237.79</y>
      </pt>
      <pt>
        <x>523.94</x>
        <y>239.58</y>
      </pt>
      <pt>
        <x>523.58</x>
        <y>229.19</y>
      </pt>
      <username></username>
    </polygon>
    <attributes></attributes>
  </object>
  <object>
    <name>lane</name>
    <deleted>0</deleted>
    <verified>0</verified>
    <occluded>no</occluded>
    <date></date>
    <id>7</id>
    <parts>
      <hasparts></hasparts>
      <ispartof></ispartof>
    </parts>
    <polygon>
      <pt>
        <x>511.40</x>
        <y>247.11</y>
      </pt>
      <pt>
        <x>512.12</x>
        <y>258.93</y>
      </pt>
      <pt>
        <x>520.72</x>
        <y>258.57</y>
      </pt>
      <pt>
        <x>521.43</x>
        <y>247.11</y>
      </pt>
      <username></username>
    </polygon>
    <attributes></attributes>
  </object>
  <object>
    <name>lane</name>
    <deleted>0</deleted>
    <verified>0</verified>
    <occluded>no</occluded>
    <date></date>
    <id>8</id>
    <parts>
      <hasparts></hasparts>
      <ispartof></ispartof>
    </parts>
    <polygon>
      <pt>
        <x>509.97</x>
        <y>269.68</y>
      </pt>
      <pt>
        <x>508.18</x>
        <y>285.80</y>
      </pt>
      <pt>
        <x>520.36</x>
        <y>287.24</y>
      </pt>
      <pt>
        <x>521.43</x>
        <y>272.55</y>
      </pt>
      <username></username>
    </polygon>
    <attributes></attributes>
  </object>
  <object>
    <name>lane</name>
    <deleted>0</deleted>
    <verified>0</verified>
    <occluded>no</occluded>
    <date></date>
    <id>9</id>
    <parts>
      <hasparts></hasparts>
      <ispartof></ispartof>
    </parts>
    <polygon>
      <pt>
        <x>506.38</x>
        <y>304.44</y>
      </pt>
      <pt>
        <x>502.44</x>
        <y>325.22</y>
      </pt>
      <pt>
        <x>517.13</x>
        <y>326.65</y>
      </pt>
      <pt>
        <x>520.36</x>
        <y>305.15</y>
      </pt>
      <username></username>
    </polygon>
    <attributes></attributes>
  </object>
  <object>
    <name>lane</name>
    <deleted>0</deleted>
    <verified>0</verified>
    <occluded>no</occluded>
    <date></date>
    <id>10</id>
    <parts>
      <hasparts></hasparts>
      <ispartof></ispartof>
    </parts>
    <polygon>
      <pt>
        <x>501.01</x>
        <y>350.30</y>
      </pt>
      <pt>
        <x>495.64</x>
        <y>386.49</y>
      </pt>
      <pt>
        <x>515.70</x>
        <y>388.28</y>
      </pt>
      <pt>
        <x>517.85</x>
        <y>351.74</y>
      </pt>
      <username></username>
    </polygon>
    <attributes></attributes>
  </object>
  <object>
    <name>lane</name>
    <deleted>0</deleted>
    <verified>0</verified>
    <occluded>no</occluded>
    <date></date>
    <id>11</id>
    <parts>
      <hasparts></hasparts>
      <ispartof></ispartof>
    </parts>
    <polygon>
      <pt>
        <x>490.25</x>
        <y>433.08</y>
      </pt>
      <pt>
        <x>483.02</x>
        <y>502.73</y>
      </pt>
      <pt>
        <x>511.40</x>
        <y>503.76</y>
      </pt>
      <pt>
        <x>513.98</x>
        <y>431.53</y>
      </pt>
      <username></username>
    </polygon>
    <attributes></attributes>
  </object>
  <object>
    <name>lane</name>
    <deleted>0</deleted>
    <verified>0</verified>
    <occluded>no</occluded>
    <date></date>
    <id>12</id>
    <parts>
      <hasparts></hasparts>
      <ispartof></ispartof>
    </parts>
    <polygon>
      <pt>
        <x>420.67</x>
        <y>993.81</y>
      </pt>
      <pt>
        <x>357.50</x>
        <y>1605.47</y>
      </pt>
      <pt>
        <x>456.11</x>
        <y>1610.09</y>
      </pt>
      <pt>
        <x>490.00</x>
        <y>992.27</y>
      </pt>
      <username></username>
    </polygon>
    <attributes></attributes>
  </object>
</annotation>
