<annotation>
  <filename>image_2476.jpg</filename>
  <folder></folder>
  <source>
    <sourceImage></sourceImage>
    <sourceAnnotation>Datumaro</sourceAnnotation>
  </source>
  <imagesize>
    <nrows>1920</nrows>
    <ncols>1080</ncols>
  </imagesize>
  <object>
    <name>lane</name>
    <deleted>0</deleted>
    <verified>0</verified>
    <occluded>no</occluded>
    <date></date>
    <id>0</id>
    <parts>
      <hasparts></hasparts>
      <ispartof></ispartof>
    </parts>
    <polygon>
      <pt>
        <x>485.97</x>
        <y>789.02</y>
      </pt>
      <pt>
        <x>466.36</x>
        <y>1235.64</y>
      </pt>
      <pt>
        <x>518.65</x>
        <y>1235.64</y>
      </pt>
      <pt>
        <x>520.83</x>
        <y>795.56</y>
      </pt>
      <username></username>
    </polygon>
    <attributes></attributes>
  </object>
  <object>
    <name>lane</name>
    <deleted>0</deleted>
    <verified>0</verified>
    <occluded>no</occluded>
    <date></date>
    <id>1</id>
    <parts>
      <hasparts></hasparts>
      <ispartof></ispartof>
    </parts>
    <type>bounding_box</type>
    <polygon>
      <pt>
        <x>496.86</x>
        <y>538.47</y>
      </pt>
      <pt>
        <x>520.83</x>
        <y>538.47</y>
      </pt>
      <pt>
        <x>520.83</x>
        <y>632.16</y>
      </pt>
      <pt>
        <x>496.86</x>
        <y>632.16</y>
      </pt>
      <username></username>
    </polygon>
    <attributes>rotation=0.0</attributes>
  </object>
  <object>
    <name>lane</name>
    <deleted>0</deleted>
    <verified>0</verified>
    <occluded>no</occluded>
    <date></date>
    <id>2</id>
    <parts>
      <hasparts></hasparts>
      <ispartof></ispartof>
    </parts>
    <type>bounding_box</type>
    <polygon>
      <pt>
        <x>512.11</x>
        <y>368.54</y>
      </pt>
      <pt>
        <x>520.50</x>
        <y>368.54</y>
      </pt>
      <pt>
        <x>520.50</x>
        <y>383.79</y>
      </pt>
      <pt>
        <x>512.11</x>
        <y>383.79</y>
      </pt>
      <username></username>
    </polygon>
    <attributes>rotation=0.0</attributes>
  </object>
  <object>
    <name>lane</name>
    <deleted>0</deleted>
    <verified>0</verified>
    <occluded>no</occluded>
    <date></date>
    <id>3</id>
    <parts>
      <hasparts></hasparts>
      <ispartof></ispartof>
    </parts>
    <type>bounding_box</type>
    <polygon>
      <pt>
        <x>506.60</x>
        <y>449.50</y>
      </pt>
      <pt>
        <x>520.83</x>
        <y>449.50</y>
      </pt>
      <pt>
        <x>520.83</x>
        <y>490.54</y>
      </pt>
      <pt>
        <x>506.60</x>
        <y>490.54</y>
      </pt>
      <username></username>
    </polygon>
    <attributes>rotation=0.0</attributes>
  </object>
  <object>
    <name>lane</name>
    <deleted>0</deleted>
    <verified>0</verified>
    <occluded>no</occluded>
    <date></date>
    <id>4</id>
    <parts>
      <hasparts></hasparts>
      <ispartof></ispartof>
    </parts>
    <type>bounding_box</type>
    <polygon>
      <pt>
        <x>514.74</x>
        <y>317.14</y>
      </pt>
      <pt>
        <x>518.25</x>
        <y>317.14</y>
      </pt>
      <pt>
        <x>518.25</x>
        <y>322.12</y>
      </pt>
      <pt>
        <x>514.74</x>
        <y>322.12</y>
      </pt>
      <username></username>
    </polygon>
    <attributes>rotation=0.0</attributes>
  </object>
  <object>
    <name>lane</name>
    <deleted>0</deleted>
    <verified>0</verified>
    <occluded>no</occluded>
    <date></date>
    <id>5</id>
    <parts>
      <hasparts></hasparts>
      <ispartof></ispartof>
    </parts>
    <type>bounding_box</type>
    <polygon>
      <pt>
        <x>514.15</x>
        <y>326.22</y>
      </pt>
      <pt>
        <x>518.55</x>
        <y>326.22</y>
      </pt>
      <pt>
        <x>518.55</x>
        <y>332.09</y>
      </pt>
      <pt>
        <x>514.15</x>
        <y>332.09</y>
      </pt>
      <username></username>
    </polygon>
    <attributes>rotation=0.0</attributes>
  </object>
  <object>
    <name>lane</name>
    <deleted>0</deleted>
    <verified>0</verified>
    <occluded>no</occluded>
    <date></date>
    <id>6</id>
    <parts>
      <hasparts></hasparts>
      <ispartof></ispartof>
    </parts>
    <type>bounding_box</type>
    <polygon>
      <pt>
        <x>512.98</x>
        <y>336.19</y>
      </pt>
      <pt>
        <x>518.25</x>
        <y>336.19</y>
      </pt>
      <pt>
        <x>518.25</x>
        <y>343.52</y>
      </pt>
      <pt>
        <x>512.98</x>
        <y>343.52</y>
      </pt>
      <username></username>
    </polygon>
    <attributes>rotation=0.0</attributes>
  </object>
  <object>
    <name>lane</name>
    <deleted>0</deleted>
    <verified>0</verified>
    <occluded>no</occluded>
    <date></date>
    <id>7</id>
    <parts>
      <hasparts></hasparts>
      <ispartof></ispartof>
    </parts>
    <type>bounding_box</type>
    <polygon>
      <pt>
        <x>512.98</x>
        <y>350.27</y>
      </pt>
      <pt>
        <x>518.84</x>
        <y>350.27</y>
      </pt>
      <pt>
        <x>518.84</x>
        <y>358.77</y>
      </pt>
      <pt>
        <x>512.98</x>
        <y>358.77</y>
      </pt>
      <username></username>
    </polygon>
    <attributes>rotation=0.0</attributes>
  </object>
  <object>
    <name>lane</name>
    <deleted>0</deleted>
    <verified>0</verified>
    <occluded>no</occluded>
    <date></date>
    <id>8</id>
    <parts>
      <hasparts></hasparts>
      <ispartof></ispartof>
    </parts>
    <type>bounding_box</type>
    <polygon>
      <pt>
        <x>509.30</x>
        <y>399.75</y>
      </pt>
      <pt>
        <x>519.49</x>
        <y>399.75</y>
      </pt>
      <pt>
        <x>519.49</x>
        <y>423.72</y>
      </pt>
      <pt>
        <x>509.30</x>
        <y>423.72</y>
      </pt>
      <username></username>
    </polygon>
    <attributes>rotation=0.0</attributes>
  </object>
</annotation>
