<annotation>
  <filename>image_739.jpg</filename>
  <folder></folder>
  <source>
    <sourceImage></sourceImage>
    <sourceAnnotation>Datumaro</sourceAnnotation>
  </source>
  <imagesize>
    <nrows>1920</nrows>
    <ncols>864</ncols>
  </imagesize>
  <object>
    <name>lane</name>
    <deleted>0</deleted>
    <verified>0</verified>
    <occluded>no</occluded>
    <date></date>
    <id>0</id>
    <parts>
      <hasparts></hasparts>
      <ispartof></ispartof>
    </parts>
    <type>bounding_box</type>
    <polygon>
      <pt>
        <x>432.72</x>
        <y>573.61</y>
      </pt>
      <pt>
        <x>434.67</x>
        <y>573.61</y>
      </pt>
      <pt>
        <x>434.67</x>
        <y>575.57</y>
      </pt>
      <pt>
        <x>432.72</x>
        <y>575.57</y>
      </pt>
      <username></username>
    </polygon>
    <attributes>rotation=0.0</attributes>
  </object>
  <object>
    <name>lane</name>
    <deleted>0</deleted>
    <verified>0</verified>
    <occluded>no</occluded>
    <date></date>
    <id>1</id>
    <parts>
      <hasparts></hasparts>
      <ispartof></ispartof>
    </parts>
    <type>bounding_box</type>
    <polygon>
      <pt>
        <x>432.96</x>
        <y>578.50</y>
      </pt>
      <pt>
        <x>435.65</x>
        <y>578.50</y>
      </pt>
      <pt>
        <x>435.65</x>
        <y>581.20</y>
      </pt>
      <pt>
        <x>432.96</x>
        <y>581.20</y>
      </pt>
      <username></username>
    </polygon>
    <attributes>rotation=0.0</attributes>
  </object>
  <object>
    <name>lane</name>
    <deleted>0</deleted>
    <verified>0</verified>
    <occluded>no</occluded>
    <date></date>
    <id>2</id>
    <parts>
      <hasparts></hasparts>
      <ispartof></ispartof>
    </parts>
    <type>bounding_box</type>
    <polygon>
      <pt>
        <x>432.48</x>
        <y>584.36</y>
      </pt>
      <pt>
        <x>435.65</x>
        <y>584.36</y>
      </pt>
      <pt>
        <x>435.65</x>
        <y>588.76</y>
      </pt>
      <pt>
        <x>432.48</x>
        <y>588.76</y>
      </pt>
      <username></username>
    </polygon>
    <attributes>rotation=0.0</attributes>
  </object>
  <object>
    <name>lane</name>
    <deleted>0</deleted>
    <verified>0</verified>
    <occluded>no</occluded>
    <date></date>
    <id>3</id>
    <parts>
      <hasparts></hasparts>
      <ispartof></ispartof>
    </parts>
    <type>bounding_box</type>
    <polygon>
      <pt>
        <x>433.48</x>
        <y>602.32</y>
      </pt>
      <pt>
        <x>438.12</x>
        <y>602.32</y>
      </pt>
      <pt>
        <x>438.12</x>
        <y>608.68</y>
      </pt>
      <pt>
        <x>433.48</x>
        <y>608.68</y>
      </pt>
      <username></username>
    </polygon>
    <attributes>rotation=0.0</attributes>
  </object>
  <object>
    <name>lane</name>
    <deleted>0</deleted>
    <verified>0</verified>
    <occluded>no</occluded>
    <date></date>
    <id>4</id>
    <parts>
      <hasparts></hasparts>
      <ispartof></ispartof>
    </parts>
    <type>bounding_box</type>
    <polygon>
      <pt>
        <x>433.45</x>
        <y>592.18</y>
      </pt>
      <pt>
        <x>436.63</x>
        <y>592.18</y>
      </pt>
      <pt>
        <x>436.63</x>
        <y>597.56</y>
      </pt>
      <pt>
        <x>433.45</x>
        <y>597.56</y>
      </pt>
      <username></username>
    </polygon>
    <attributes>rotation=0.0</attributes>
  </object>
  <object>
    <name>lane</name>
    <deleted>0</deleted>
    <verified>0</verified>
    <occluded>no</occluded>
    <date></date>
    <id>5</id>
    <parts>
      <hasparts></hasparts>
      <ispartof></ispartof>
    </parts>
    <polygon>
      <pt>
        <x>434.90</x>
        <y>1011.80</y>
      </pt>
      <pt>
        <x>466.40</x>
        <y>1010.70</y>
      </pt>
      <pt>
        <x>486.00</x>
        <y>1250.30</y>
      </pt>
      <pt>
        <x>520.65</x>
        <y>1711.07</y>
      </pt>
      <pt>
        <x>441.14</x>
        <y>1711.07</y>
      </pt>
      <pt>
        <x>441.14</x>
        <y>1362.45</y>
      </pt>
      <username></username>
    </polygon>
    <attributes></attributes>
  </object>
  <object>
    <name>lane</name>
    <deleted>0</deleted>
    <verified>0</verified>
    <occluded>no</occluded>
    <date></date>
    <id>6</id>
    <parts>
      <hasparts></hasparts>
      <ispartof></ispartof>
    </parts>
    <polygon>
      <pt>
        <x>433.31</x>
        <y>747.28</y>
      </pt>
      <pt>
        <x>449.00</x>
        <y>746.70</y>
      </pt>
      <pt>
        <x>453.80</x>
        <y>820.20</y>
      </pt>
      <pt>
        <x>434.95</x>
        <y>817.74</y>
      </pt>
      <username></username>
    </polygon>
    <attributes></attributes>
  </object>
  <object>
    <name>lane</name>
    <deleted>0</deleted>
    <verified>0</verified>
    <occluded>no</occluded>
    <date></date>
    <id>7</id>
    <parts>
      <hasparts></hasparts>
      <ispartof></ispartof>
    </parts>
    <polygon>
      <pt>
        <x>434.00</x>
        <y>674.80</y>
      </pt>
      <pt>
        <x>443.50</x>
        <y>674.20</y>
      </pt>
      <pt>
        <x>445.20</x>
        <y>706.50</y>
      </pt>
      <pt>
        <x>433.80</x>
        <y>705.60</y>
      </pt>
      <username></username>
    </polygon>
    <attributes></attributes>
  </object>
  <object>
    <name>lane</name>
    <deleted>0</deleted>
    <verified>0</verified>
    <occluded>no</occluded>
    <date></date>
    <id>8</id>
    <parts>
      <hasparts></hasparts>
      <ispartof></ispartof>
    </parts>
    <polygon>
      <pt>
        <x>433.70</x>
        <y>636.70</y>
      </pt>
      <pt>
        <x>441.10</x>
        <y>636.40</y>
      </pt>
      <pt>
        <x>441.70</x>
        <y>654.70</y>
      </pt>
      <pt>
        <x>433.40</x>
        <y>654.80</y>
      </pt>
      <username></username>
    </polygon>
    <attributes></attributes>
  </object>
  <object>
    <name>lane</name>
    <deleted>0</deleted>
    <verified>0</verified>
    <occluded>no</occluded>
    <date></date>
    <id>9</id>
    <parts>
      <hasparts></hasparts>
      <ispartof></ispartof>
    </parts>
    <polygon>
      <pt>
        <x>434.40</x>
        <y>615.20</y>
      </pt>
      <pt>
        <x>439.60</x>
        <y>615.40</y>
      </pt>
      <pt>
        <x>439.80</x>
        <y>626.00</y>
      </pt>
      <pt>
        <x>433.90</x>
        <y>625.90</y>
      </pt>
      <username></username>
    </polygon>
    <attributes></attributes>
  </object>
</annotation>
