<annotation>
  <filename>image_1527.jpg</filename>
  <folder></folder>
  <source>
    <sourceImage></sourceImage>
    <sourceAnnotation>Datumaro</sourceAnnotation>
  </source>
  <imagesize>
    <nrows>1920</nrows>
    <ncols>1080</ncols>
  </imagesize>
  <object>
    <name>lane</name>
    <deleted>0</deleted>
    <verified>0</verified>
    <occluded>no</occluded>
    <date></date>
    <id>0</id>
    <parts>
      <hasparts></hasparts>
      <ispartof></ispartof>
    </parts>
    <polygon>
      <pt>
        <x>463.12</x>
        <y>103.28</y>
      </pt>
      <pt>
        <x>510.33</x>
        <y>99.65</y>
      </pt>
      <pt>
        <x>521.22</x>
        <y>342.93</y>
      </pt>
      <pt>
        <x>463.12</x>
        <y>346.56</y>
      </pt>
      <username></username>
    </polygon>
    <attributes></attributes>
  </object>
  <object>
    <name>lane</name>
    <deleted>0</deleted>
    <verified>0</verified>
    <occluded>no</occluded>
    <date></date>
    <id>1</id>
    <parts>
      <hasparts></hasparts>
      <ispartof></ispartof>
    </parts>
    <polygon>
      <pt>
        <x>453.15</x>
        <y>838.66</y>
      </pt>
      <pt>
        <x>547.27</x>
        <y>834.89</y>
      </pt>
      <pt>
        <x>607.51</x>
        <y>1911.60</y>
      </pt>
      <pt>
        <x>464.45</x>
        <y>1915.36</y>
      </pt>
      <username></username>
    </polygon>
    <attributes></attributes>
  </object>
</annotation>
