<annotation>
  <filename>image_30.jpg</filename>
  <folder></folder>
  <source>
    <sourceImage></sourceImage>
    <sourceAnnotation>Datumaro</sourceAnnotation>
  </source>
  <imagesize>
    <nrows>1920</nrows>
    <ncols>1080</ncols>
  </imagesize>
  <object>
    <name>lane</name>
    <deleted>0</deleted>
    <verified>0</verified>
    <occluded>no</occluded>
    <date></date>
    <id>0</id>
    <parts>
      <hasparts></hasparts>
      <ispartof></ispartof>
    </parts>
    <polygon>
      <pt>
        <x>210.86</x>
        <y>667.24</y>
      </pt>
      <pt>
        <x>215.89</x>
        <y>666.45</y>
      </pt>
      <pt>
        <x>195.78</x>
        <y>659.70</y>
      </pt>
      <pt>
        <x>193.40</x>
        <y>661.29</y>
      </pt>
      <username></username>
    </polygon>
    <attributes></attributes>
  </object>
  <object>
    <name>lane</name>
    <deleted>0</deleted>
    <verified>0</verified>
    <occluded>no</occluded>
    <date></date>
    <id>1</id>
    <parts>
      <hasparts></hasparts>
      <ispartof></ispartof>
    </parts>
    <polygon>
      <pt>
        <x>176.72</x>
        <y>656.65</y>
      </pt>
      <pt>
        <x>181.08</x>
        <y>656.39</y>
      </pt>
      <pt>
        <x>162.96</x>
        <y>650.43</y>
      </pt>
      <pt>
        <x>158.73</x>
        <y>650.96</y>
      </pt>
      <username></username>
    </polygon>
    <attributes></attributes>
  </object>
  <object>
    <name>lane</name>
    <deleted>0</deleted>
    <verified>0</verified>
    <occluded>no</occluded>
    <date></date>
    <id>2</id>
    <parts>
      <hasparts></hasparts>
      <ispartof></ispartof>
    </parts>
    <polygon>
      <pt>
        <x>147.61</x>
        <y>649.24</y>
      </pt>
      <pt>
        <x>152.11</x>
        <y>648.71</y>
      </pt>
      <pt>
        <x>143.91</x>
        <y>646.86</y>
      </pt>
      <pt>
        <x>141.00</x>
        <y>647.79</y>
      </pt>
      <username></username>
    </polygon>
    <attributes></attributes>
  </object>
  <object>
    <name>lane</name>
    <deleted>0</deleted>
    <verified>0</verified>
    <occluded>no</occluded>
    <date></date>
    <id>3</id>
    <parts>
      <hasparts></hasparts>
      <ispartof></ispartof>
    </parts>
    <polygon>
      <pt>
        <x>134.51</x>
        <y>645.67</y>
      </pt>
      <pt>
        <x>137.56</x>
        <y>644.35</y>
      </pt>
      <pt>
        <x>130.94</x>
        <y>642.36</y>
      </pt>
      <pt>
        <x>128.95</x>
        <y>643.69</y>
      </pt>
      <username></username>
    </polygon>
    <attributes></attributes>
  </object>
  <object>
    <name>lane</name>
    <deleted>0</deleted>
    <verified>0</verified>
    <occluded>no</occluded>
    <date></date>
    <id>4</id>
    <parts>
      <hasparts></hasparts>
      <ispartof></ispartof>
    </parts>
    <polygon>
      <pt>
        <x>668.28</x>
        <y>811.73</y>
      </pt>
      <pt>
        <x>677.84</x>
        <y>815.83</y>
      </pt>
      <pt>
        <x>769.33</x>
        <y>788.52</y>
      </pt>
      <pt>
        <x>759.09</x>
        <y>785.10</y>
      </pt>
      <username></username>
    </polygon>
    <attributes></attributes>
  </object>
  <object>
    <name>lane</name>
    <deleted>0</deleted>
    <verified>0</verified>
    <occluded>no</occluded>
    <date></date>
    <id>5</id>
    <parts>
      <hasparts></hasparts>
      <ispartof></ispartof>
    </parts>
    <polygon>
      <pt>
        <x>842.39</x>
        <y>768.72</y>
      </pt>
      <pt>
        <x>849.21</x>
        <y>768.72</y>
      </pt>
      <pt>
        <x>919.54</x>
        <y>756.43</y>
      </pt>
      <pt>
        <x>916.13</x>
        <y>754.38</y>
      </pt>
      <username></username>
    </polygon>
    <attributes></attributes>
  </object>
  <object>
    <name>lane</name>
    <deleted>0</deleted>
    <verified>0</verified>
    <occluded>no</occluded>
    <date></date>
    <id>6</id>
    <parts>
      <hasparts></hasparts>
      <ispartof></ispartof>
    </parts>
    <polygon>
      <pt>
        <x>970.75</x>
        <y>741.41</y>
      </pt>
      <pt>
        <x>973.48</x>
        <y>744.14</y>
      </pt>
      <pt>
        <x>1030.83</x>
        <y>735.26</y>
      </pt>
      <pt>
        <x>1026.73</x>
        <y>733.21</y>
      </pt>
      <username></username>
    </polygon>
    <attributes></attributes>
  </object>
  <object>
    <name>lane</name>
    <deleted>0</deleted>
    <verified>0</verified>
    <occluded>no</occluded>
    <date></date>
    <id>7</id>
    <parts>
      <hasparts></hasparts>
      <ispartof></ispartof>
    </parts>
    <polygon>
      <pt>
        <x>476.44</x>
        <y>1098.41</y>
      </pt>
      <pt>
        <x>505.90</x>
        <y>1099.40</y>
      </pt>
      <pt>
        <x>503.97</x>
        <y>1152.48</y>
      </pt>
      <pt>
        <x>468.58</x>
        <y>1152.48</y>
      </pt>
      <username></username>
    </polygon>
    <attributes></attributes>
  </object>
  <object>
    <name>lane</name>
    <deleted>0</deleted>
    <verified>0</verified>
    <occluded>no</occluded>
    <date></date>
    <id>8</id>
    <parts>
      <hasparts></hasparts>
      <ispartof></ispartof>
    </parts>
    <polygon>
      <pt>
        <x>528.53</x>
        <y>935.80</y>
      </pt>
      <pt>
        <x>544.46</x>
        <y>938.65</y>
      </pt>
      <pt>
        <x>603.06</x>
        <y>860.13</y>
      </pt>
      <pt>
        <x>587.13</x>
        <y>860.13</y>
      </pt>
      <username></username>
    </polygon>
    <attributes></attributes>
  </object>
  <object>
    <name>lane</name>
    <deleted>0</deleted>
    <verified>0</verified>
    <occluded>no</occluded>
    <date></date>
    <id>9</id>
    <parts>
      <hasparts></hasparts>
      <ispartof></ispartof>
    </parts>
    <polygon>
      <pt>
        <x>490.98</x>
        <y>936.37</y>
      </pt>
      <pt>
        <x>473.34</x>
        <y>938.65</y>
      </pt>
      <pt>
        <x>452.29</x>
        <y>855.58</y>
      </pt>
      <pt>
        <x>467.65</x>
        <y>853.30</y>
      </pt>
      <username></username>
    </polygon>
    <attributes></attributes>
  </object>
  <object>
    <name>lane</name>
    <deleted>0</deleted>
    <verified>0</verified>
    <occluded>no</occluded>
    <date></date>
    <id>10</id>
    <parts>
      <hasparts></hasparts>
      <ispartof></ispartof>
    </parts>
    <polygon>
      <pt>
        <x>432.36</x>
        <y>806.94</y>
      </pt>
      <pt>
        <x>446.59</x>
        <y>806.94</y>
      </pt>
      <pt>
        <x>417.66</x>
        <y>771.38</y>
      </pt>
      <pt>
        <x>408.66</x>
        <y>773.27</y>
      </pt>
      <username></username>
    </polygon>
    <attributes></attributes>
  </object>
  <object>
    <name>lane</name>
    <deleted>0</deleted>
    <verified>0</verified>
    <occluded>no</occluded>
    <date></date>
    <id>11</id>
    <parts>
      <hasparts></hasparts>
      <ispartof></ispartof>
    </parts>
    <polygon>
      <pt>
        <x>388.38</x>
        <y>749.08</y>
      </pt>
      <pt>
        <x>396.28</x>
        <y>748.29</y>
      </pt>
      <pt>
        <x>369.41</x>
        <y>728.93</y>
      </pt>
      <pt>
        <x>363.49</x>
        <y>730.12</y>
      </pt>
      <username></username>
    </polygon>
    <attributes></attributes>
  </object>
  <object>
    <name>lane</name>
    <deleted>0</deleted>
    <verified>0</verified>
    <occluded>no</occluded>
    <date></date>
    <id>12</id>
    <parts>
      <hasparts></hasparts>
      <ispartof></ispartof>
    </parts>
    <polygon>
      <pt>
        <x>340.13</x>
        <y>719.47</y>
      </pt>
      <pt>
        <x>348.36</x>
        <y>718.10</y>
      </pt>
      <pt>
        <x>322.02</x>
        <y>706.30</y>
      </pt>
      <pt>
        <x>315.98</x>
        <y>706.30</y>
      </pt>
      <username></username>
    </polygon>
    <attributes></attributes>
  </object>
  <object>
    <name>lane</name>
    <deleted>0</deleted>
    <verified>0</verified>
    <occluded>no</occluded>
    <date></date>
    <id>13</id>
    <parts>
      <hasparts></hasparts>
      <ispartof></ispartof>
    </parts>
    <polygon>
      <pt>
        <x>297.31</x>
        <y>698.84</y>
      </pt>
      <pt>
        <x>300.97</x>
        <y>697.01</y>
      </pt>
      <pt>
        <x>277.65</x>
        <y>687.40</y>
      </pt>
      <pt>
        <x>273.30</x>
        <y>689.00</y>
      </pt>
      <username></username>
    </polygon>
    <attributes></attributes>
  </object>
  <object>
    <name>lane</name>
    <deleted>0</deleted>
    <verified>0</verified>
    <occluded>no</occluded>
    <date></date>
    <id>14</id>
    <parts>
      <hasparts></hasparts>
      <ispartof></ispartof>
    </parts>
    <polygon>
      <pt>
        <x>252.04</x>
        <y>680.77</y>
      </pt>
      <pt>
        <x>255.24</x>
        <y>679.63</y>
      </pt>
      <pt>
        <x>233.97</x>
        <y>671.17</y>
      </pt>
      <pt>
        <x>231.23</x>
        <y>672.77</y>
      </pt>
      <username></username>
    </polygon>
    <attributes></attributes>
  </object>
</annotation>
