<annotation>
  <filename>image_1468.jpg</filename>
  <folder></folder>
  <source>
    <sourceImage></sourceImage>
    <sourceAnnotation>Datumaro</sourceAnnotation>
  </source>
  <imagesize>
    <nrows>1920</nrows>
    <ncols>1080</ncols>
  </imagesize>
  <object>
    <name>lane</name>
    <deleted>0</deleted>
    <verified>0</verified>
    <occluded>no</occluded>
    <date></date>
    <id>0</id>
    <parts>
      <hasparts></hasparts>
      <ispartof></ispartof>
    </parts>
    <type>bounding_box</type>
    <polygon>
      <pt>
        <x>567.01</x>
        <y>310.44</y>
      </pt>
      <pt>
        <x>586.97</x>
        <y>310.44</y>
      </pt>
      <pt>
        <x>586.97</x>
        <y>357.72</y>
      </pt>
      <pt>
        <x>567.01</x>
        <y>357.72</y>
      </pt>
      <username></username>
    </polygon>
    <attributes>rotation=0.0</attributes>
  </object>
  <object>
    <name>lane</name>
    <deleted>0</deleted>
    <verified>0</verified>
    <occluded>no</occluded>
    <date></date>
    <id>1</id>
    <parts>
      <hasparts></hasparts>
      <ispartof></ispartof>
    </parts>
    <type>bounding_box</type>
    <polygon>
      <pt>
        <x>570.16</x>
        <y>240.05</y>
      </pt>
      <pt>
        <x>586.97</x>
        <y>240.05</y>
      </pt>
      <pt>
        <x>586.97</x>
        <y>267.36</y>
      </pt>
      <pt>
        <x>570.16</x>
        <y>267.36</y>
      </pt>
      <username></username>
    </polygon>
    <attributes>rotation=0.0</attributes>
  </object>
  <object>
    <name>lane</name>
    <deleted>0</deleted>
    <verified>0</verified>
    <occluded>no</occluded>
    <date></date>
    <id>2</id>
    <parts>
      <hasparts></hasparts>
      <ispartof></ispartof>
    </parts>
    <type>bounding_box</type>
    <polygon>
      <pt>
        <x>577.42</x>
        <y>88.85</y>
      </pt>
      <pt>
        <x>583.98</x>
        <y>88.85</y>
      </pt>
      <pt>
        <x>583.98</x>
        <y>96.18</y>
      </pt>
      <pt>
        <x>577.42</x>
        <y>96.18</y>
      </pt>
      <username></username>
    </polygon>
    <attributes>rotation=0.0</attributes>
  </object>
  <object>
    <name>lane</name>
    <deleted>0</deleted>
    <verified>0</verified>
    <occluded>no</occluded>
    <date></date>
    <id>3</id>
    <parts>
      <hasparts></hasparts>
      <ispartof></ispartof>
    </parts>
    <type>bounding_box</type>
    <polygon>
      <pt>
        <x>574.72</x>
        <y>160.24</y>
      </pt>
      <pt>
        <x>584.37</x>
        <y>160.24</y>
      </pt>
      <pt>
        <x>584.37</x>
        <y>174.91</y>
      </pt>
      <pt>
        <x>574.72</x>
        <y>174.91</y>
      </pt>
      <username></username>
    </polygon>
    <attributes>rotation=0.0</attributes>
  </object>
  <object>
    <name>lane</name>
    <deleted>0</deleted>
    <verified>0</verified>
    <occluded>no</occluded>
    <date></date>
    <id>4</id>
    <parts>
      <hasparts></hasparts>
      <ispartof></ispartof>
    </parts>
    <type>bounding_box</type>
    <polygon>
      <pt>
        <x>576.26</x>
        <y>134.39</y>
      </pt>
      <pt>
        <x>585.91</x>
        <y>134.39</y>
      </pt>
      <pt>
        <x>585.91</x>
        <y>145.97</y>
      </pt>
      <pt>
        <x>576.26</x>
        <y>145.97</y>
      </pt>
      <username></username>
    </polygon>
    <attributes>rotation=0.0</attributes>
  </object>
  <object>
    <name>lane</name>
    <deleted>0</deleted>
    <verified>0</verified>
    <occluded>no</occluded>
    <date></date>
    <id>5</id>
    <parts>
      <hasparts></hasparts>
      <ispartof></ispartof>
    </parts>
    <type>bounding_box</type>
    <polygon>
      <pt>
        <x>577.81</x>
        <y>115.09</y>
      </pt>
      <pt>
        <x>586.30</x>
        <y>115.09</y>
      </pt>
      <pt>
        <x>586.30</x>
        <y>123.97</y>
      </pt>
      <pt>
        <x>577.81</x>
        <y>123.97</y>
      </pt>
      <username></username>
    </polygon>
    <attributes>rotation=0.0</attributes>
  </object>
  <object>
    <name>lane</name>
    <deleted>0</deleted>
    <verified>0</verified>
    <occluded>no</occluded>
    <date></date>
    <id>6</id>
    <parts>
      <hasparts></hasparts>
      <ispartof></ispartof>
    </parts>
    <type>bounding_box</type>
    <polygon>
      <pt>
        <x>577.42</x>
        <y>103.52</y>
      </pt>
      <pt>
        <x>584.37</x>
        <y>103.52</y>
      </pt>
      <pt>
        <x>584.37</x>
        <y>108.15</y>
      </pt>
      <pt>
        <x>577.42</x>
        <y>108.15</y>
      </pt>
      <username></username>
    </polygon>
    <attributes>rotation=0.0</attributes>
  </object>
  <object>
    <name>lane</name>
    <deleted>0</deleted>
    <verified>0</verified>
    <occluded>no</occluded>
    <date></date>
    <id>7</id>
    <parts>
      <hasparts></hasparts>
      <ispartof></ispartof>
    </parts>
    <type>bounding_box</type>
    <polygon>
      <pt>
        <x>559.66</x>
        <y>430.22</y>
      </pt>
      <pt>
        <x>590.13</x>
        <y>430.22</y>
      </pt>
      <pt>
        <x>590.13</x>
        <y>534.23</y>
      </pt>
      <pt>
        <x>559.66</x>
        <y>534.23</y>
      </pt>
      <username></username>
    </polygon>
    <attributes>rotation=0.0</attributes>
  </object>
  <object>
    <name>lane</name>
    <deleted>0</deleted>
    <verified>0</verified>
    <occluded>no</occluded>
    <date></date>
    <id>8</id>
    <parts>
      <hasparts></hasparts>
      <ispartof></ispartof>
    </parts>
    <polygon>
      <pt>
        <x>573.43</x>
        <y>193.42</y>
      </pt>
      <pt>
        <x>584.99</x>
        <y>191.60</y>
      </pt>
      <pt>
        <x>584.99</x>
        <y>204.36</y>
      </pt>
      <pt>
        <x>583.77</x>
        <y>212.27</y>
      </pt>
      <pt>
        <x>583.77</x>
        <y>214.09</y>
      </pt>
      <pt>
        <x>574.04</x>
        <y>213.49</y>
      </pt>
      <username></username>
    </polygon>
    <attributes></attributes>
  </object>
  <object>
    <name>lane</name>
    <deleted>0</deleted>
    <verified>0</verified>
    <occluded>no</occluded>
    <date></date>
    <id>9</id>
    <parts>
      <hasparts></hasparts>
      <ispartof></ispartof>
    </parts>
    <polygon>
      <pt>
        <x>544.09</x>
        <y>703.93</y>
      </pt>
      <pt>
        <x>593.15</x>
        <y>703.93</y>
      </pt>
      <pt>
        <x>595.19</x>
        <y>1024.84</y>
      </pt>
      <pt>
        <x>535.92</x>
        <y>1031.99</y>
      </pt>
      <username></username>
    </polygon>
    <attributes></attributes>
  </object>
</annotation>
