<annotation>
  <filename>image_1383.jpg</filename>
  <folder></folder>
  <source>
    <sourceImage></sourceImage>
    <sourceAnnotation>Datumaro</sourceAnnotation>
  </source>
  <imagesize>
    <nrows>486</nrows>
    <ncols>1080</ncols>
  </imagesize>
  <object>
    <name>lane</name>
    <deleted>0</deleted>
    <verified>0</verified>
    <occluded>no</occluded>
    <date></date>
    <id>0</id>
    <parts>
      <hasparts></hasparts>
      <ispartof></ispartof>
    </parts>
    <polygon>
      <pt>
        <x>311.86</x>
        <y>241.96</y>
      </pt>
      <pt>
        <x>421.59</x>
        <y>234.17</y>
      </pt>
      <pt>
        <x>421.41</x>
        <y>253.64</y>
      </pt>
      <pt>
        <x>312.04</x>
        <y>257.18</y>
      </pt>
      <username></username>
    </polygon>
    <attributes></attributes>
  </object>
  <object>
    <name>lane</name>
    <deleted>0</deleted>
    <verified>0</verified>
    <occluded>no</occluded>
    <date></date>
    <id>1</id>
    <parts>
      <hasparts></hasparts>
      <ispartof></ispartof>
    </parts>
    <type>bounding_box</type>
    <polygon>
      <pt>
        <x>221.96</x>
        <y>244.47</y>
      </pt>
      <pt>
        <x>258.84</x>
        <y>244.47</y>
      </pt>
      <pt>
        <x>258.84</x>
        <y>254.00</y>
      </pt>
      <pt>
        <x>221.96</x>
        <y>254.00</y>
      </pt>
      <username></username>
    </polygon>
    <attributes>rotation=0.0</attributes>
  </object>
  <object>
    <name>lane</name>
    <deleted>0</deleted>
    <verified>0</verified>
    <occluded>no</occluded>
    <date></date>
    <id>2</id>
    <parts>
      <hasparts></hasparts>
      <ispartof></ispartof>
    </parts>
    <type>bounding_box</type>
    <polygon>
      <pt>
        <x>725.40</x>
        <y>224.40</y>
      </pt>
      <pt>
        <x>1080.00</x>
        <y>224.40</y>
      </pt>
      <pt>
        <x>1080.00</x>
        <y>267.29</y>
      </pt>
      <pt>
        <x>725.40</x>
        <y>267.29</y>
      </pt>
      <username></username>
    </polygon>
    <attributes>rotation=0.0</attributes>
  </object>
  <object>
    <name>lane</name>
    <deleted>0</deleted>
    <verified>0</verified>
    <occluded>no</occluded>
    <date></date>
    <id>3</id>
    <parts>
      <hasparts></hasparts>
      <ispartof></ispartof>
    </parts>
    <type>bounding_box</type>
    <polygon>
      <pt>
        <x>130.44</x>
        <y>250.84</y>
      </pt>
      <pt>
        <x>133.88</x>
        <y>250.84</y>
      </pt>
      <pt>
        <x>133.88</x>
        <y>253.46</y>
      </pt>
      <pt>
        <x>130.44</x>
        <y>253.46</y>
      </pt>
      <username></username>
    </polygon>
    <attributes>rotation=0.0</attributes>
  </object>
  <object>
    <name>lane</name>
    <deleted>0</deleted>
    <verified>0</verified>
    <occluded>no</occluded>
    <date></date>
    <id>4</id>
    <parts>
      <hasparts></hasparts>
      <ispartof></ispartof>
    </parts>
    <type>bounding_box</type>
    <polygon>
      <pt>
        <x>137.86</x>
        <y>250.44</y>
      </pt>
      <pt>
        <x>142.13</x>
        <y>250.44</y>
      </pt>
      <pt>
        <x>142.13</x>
        <y>254.50</y>
      </pt>
      <pt>
        <x>137.86</x>
        <y>254.50</y>
      </pt>
      <username></username>
    </polygon>
    <attributes>rotation=0.0</attributes>
  </object>
  <object>
    <name>lane</name>
    <deleted>0</deleted>
    <verified>0</verified>
    <occluded>no</occluded>
    <date></date>
    <id>5</id>
    <parts>
      <hasparts></hasparts>
      <ispartof></ispartof>
    </parts>
    <type>bounding_box</type>
    <polygon>
      <pt>
        <x>146.41</x>
        <y>250.44</y>
      </pt>
      <pt>
        <x>152.11</x>
        <y>250.44</y>
      </pt>
      <pt>
        <x>152.11</x>
        <y>253.79</y>
      </pt>
      <pt>
        <x>146.41</x>
        <y>253.79</y>
      </pt>
      <username></username>
    </polygon>
    <attributes>rotation=0.0</attributes>
  </object>
  <object>
    <name>lane</name>
    <deleted>0</deleted>
    <verified>0</verified>
    <occluded>no</occluded>
    <date></date>
    <id>6</id>
    <parts>
      <hasparts></hasparts>
      <ispartof></ispartof>
    </parts>
    <type>bounding_box</type>
    <polygon>
      <pt>
        <x>183.46</x>
        <y>247.59</y>
      </pt>
      <pt>
        <x>195.10</x>
        <y>247.59</y>
      </pt>
      <pt>
        <x>195.10</x>
        <y>254.26</y>
      </pt>
      <pt>
        <x>183.46</x>
        <y>254.26</y>
      </pt>
      <username></username>
    </polygon>
    <attributes>rotation=0.0</attributes>
  </object>
  <object>
    <name>lane</name>
    <deleted>0</deleted>
    <verified>0</verified>
    <occluded>no</occluded>
    <date></date>
    <id>7</id>
    <parts>
      <hasparts></hasparts>
      <ispartof></ispartof>
    </parts>
    <type>bounding_box</type>
    <polygon>
      <pt>
        <x>124.81</x>
        <y>250.57</y>
      </pt>
      <pt>
        <x>127.42</x>
        <y>250.57</y>
      </pt>
      <pt>
        <x>127.42</x>
        <y>252.91</y>
      </pt>
      <pt>
        <x>124.81</x>
        <y>252.91</y>
      </pt>
      <username></username>
    </polygon>
    <attributes>rotation=0.0</attributes>
  </object>
</annotation>
