<annotation>
  <filename>image_2706.jpg</filename>
  <folder></folder>
  <source>
    <sourceImage></sourceImage>
    <sourceAnnotation>Datumaro</sourceAnnotation>
  </source>
  <imagesize>
    <nrows>1920</nrows>
    <ncols>1080</ncols>
  </imagesize>
  <object>
    <name>lane</name>
    <deleted>0</deleted>
    <verified>0</verified>
    <occluded>no</occluded>
    <date></date>
    <id>0</id>
    <parts>
      <hasparts></hasparts>
      <ispartof></ispartof>
    </parts>
    <polygon>
      <pt>
        <x>631.98</x>
        <y>314.08</y>
      </pt>
      <pt>
        <x>637.54</x>
        <y>315.09</y>
      </pt>
      <pt>
        <x>662.31</x>
        <y>308.01</y>
      </pt>
      <pt>
        <x>659.28</x>
        <y>307.00</y>
      </pt>
      <username></username>
    </polygon>
    <attributes></attributes>
  </object>
  <object>
    <name>lane</name>
    <deleted>0</deleted>
    <verified>0</verified>
    <occluded>no</occluded>
    <date></date>
    <id>1</id>
    <parts>
      <hasparts></hasparts>
      <ispartof></ispartof>
    </parts>
    <polygon>
      <pt>
        <x>758.36</x>
        <y>285.77</y>
      </pt>
      <pt>
        <x>761.39</x>
        <y>288.30</y>
      </pt>
      <pt>
        <x>781.10</x>
        <y>284.25</y>
      </pt>
      <pt>
        <x>778.58</x>
        <y>282.23</y>
      </pt>
      <username></username>
    </polygon>
    <attributes></attributes>
  </object>
  <object>
    <name>lane</name>
    <deleted>0</deleted>
    <verified>0</verified>
    <occluded>no</occluded>
    <date></date>
    <id>2</id>
    <parts>
      <hasparts></hasparts>
      <ispartof></ispartof>
    </parts>
    <polygon>
      <pt>
        <x>720.44</x>
        <y>289.31</y>
      </pt>
      <pt>
        <x>721.96</x>
        <y>292.34</y>
      </pt>
      <pt>
        <x>745.72</x>
        <y>288.30</y>
      </pt>
      <pt>
        <x>743.70</x>
        <y>287.29</y>
      </pt>
      <username></username>
    </polygon>
    <attributes></attributes>
  </object>
  <object>
    <name>lane</name>
    <deleted>0</deleted>
    <verified>0</verified>
    <occluded>no</occluded>
    <date></date>
    <id>3</id>
    <parts>
      <hasparts></hasparts>
      <ispartof></ispartof>
    </parts>
    <polygon>
      <pt>
        <x>677.48</x>
        <y>300.43</y>
      </pt>
      <pt>
        <x>680.51</x>
        <y>301.95</y>
      </pt>
      <pt>
        <x>704.77</x>
        <y>295.88</y>
      </pt>
      <pt>
        <x>702.75</x>
        <y>294.36</y>
      </pt>
      <username></username>
    </polygon>
    <attributes></attributes>
  </object>
  <object>
    <name>lane</name>
    <deleted>0</deleted>
    <verified>0</verified>
    <occluded>no</occluded>
    <date></date>
    <id>4</id>
    <parts>
      <hasparts></hasparts>
      <ispartof></ispartof>
    </parts>
    <polygon>
      <pt>
        <x>583.96</x>
        <y>335.81</y>
      </pt>
      <pt>
        <x>590.03</x>
        <y>338.34</y>
      </pt>
      <pt>
        <x>618.33</x>
        <y>324.19</y>
      </pt>
      <pt>
        <x>610.75</x>
        <y>322.67</y>
      </pt>
      <username></username>
    </polygon>
    <attributes></attributes>
  </object>
  <object>
    <name>lane</name>
    <deleted>0</deleted>
    <verified>0</verified>
    <occluded>no</occluded>
    <date></date>
    <id>5</id>
    <parts>
      <hasparts></hasparts>
      <ispartof></ispartof>
    </parts>
    <polygon>
      <pt>
        <x>563.74</x>
        <y>352.50</y>
      </pt>
      <pt>
        <x>572.84</x>
        <y>354.01</y>
      </pt>
      <pt>
        <x>561.21</x>
        <y>379.79</y>
      </pt>
      <pt>
        <x>548.07</x>
        <y>378.78</y>
      </pt>
      <username></username>
    </polygon>
    <attributes></attributes>
  </object>
  <object>
    <name>lane</name>
    <deleted>0</deleted>
    <verified>0</verified>
    <occluded>no</occluded>
    <date></date>
    <id>6</id>
    <parts>
      <hasparts></hasparts>
      <ispartof></ispartof>
    </parts>
    <polygon>
      <pt>
        <x>534.93</x>
        <y>410.63</y>
      </pt>
      <pt>
        <x>550.60</x>
        <y>412.14</y>
      </pt>
      <pt>
        <x>536.95</x>
        <y>464.71</y>
      </pt>
      <pt>
        <x>520.27</x>
        <y>461.68</y>
      </pt>
      <username></username>
    </polygon>
    <attributes></attributes>
  </object>
  <object>
    <name>lane</name>
    <deleted>0</deleted>
    <verified>0</verified>
    <occluded>no</occluded>
    <date></date>
    <id>7</id>
    <parts>
      <hasparts></hasparts>
      <ispartof></ispartof>
    </parts>
    <polygon>
      <pt>
        <x>500.43</x>
        <y>533.03</y>
      </pt>
      <pt>
        <x>524.34</x>
        <y>537.38</y>
      </pt>
      <pt>
        <x>517.82</x>
        <y>683.00</y>
      </pt>
      <pt>
        <x>487.39</x>
        <y>683.00</y>
      </pt>
      <username></username>
    </polygon>
    <attributes></attributes>
  </object>
  <object>
    <name>lane</name>
    <deleted>0</deleted>
    <verified>0</verified>
    <occluded>no</occluded>
    <date></date>
    <id>8</id>
    <parts>
      <hasparts></hasparts>
      <ispartof></ispartof>
    </parts>
    <polygon>
      <pt>
        <x>460.23</x>
        <y>966.96</y>
      </pt>
      <pt>
        <x>510.31</x>
        <y>970.09</y>
      </pt>
      <pt>
        <x>529.06</x>
        <y>1920.00</y>
      </pt>
      <pt>
        <x>511.71</x>
        <y>1920.00</y>
      </pt>
      <pt>
        <x>425.81</x>
        <y>1912.19</y>
      </pt>
      <username></username>
    </polygon>
    <attributes></attributes>
  </object>
</annotation>
