<annotation>
  <filename>image_2296.jpg</filename>
  <folder></folder>
  <source>
    <sourceImage></sourceImage>
    <sourceAnnotation>Datumaro</sourceAnnotation>
  </source>
  <imagesize>
    <nrows>1920</nrows>
    <ncols>1080</ncols>
  </imagesize>
  <object>
    <name>lane</name>
    <deleted>0</deleted>
    <verified>0</verified>
    <occluded>no</occluded>
    <date></date>
    <id>0</id>
    <parts>
      <hasparts></hasparts>
      <ispartof></ispartof>
    </parts>
    <type>bounding_box</type>
    <polygon>
      <pt>
        <x>517.56</x>
        <y>363.51</y>
      </pt>
      <pt>
        <x>526.71</x>
        <y>363.51</y>
      </pt>
      <pt>
        <x>526.71</x>
        <y>377.61</y>
      </pt>
      <pt>
        <x>517.56</x>
        <y>377.61</y>
      </pt>
      <username></username>
    </polygon>
    <attributes>rotation=0.0</attributes>
  </object>
  <object>
    <name>lane</name>
    <deleted>0</deleted>
    <verified>0</verified>
    <occluded>no</occluded>
    <date></date>
    <id>1</id>
    <parts>
      <hasparts></hasparts>
      <ispartof></ispartof>
    </parts>
    <type>bounding_box</type>
    <polygon>
      <pt>
        <x>519.08</x>
        <y>345.59</y>
      </pt>
      <pt>
        <x>525.18</x>
        <y>345.59</y>
      </pt>
      <pt>
        <x>525.18</x>
        <y>354.36</y>
      </pt>
      <pt>
        <x>519.08</x>
        <y>354.36</y>
      </pt>
      <username></username>
    </polygon>
    <attributes>rotation=0.0</attributes>
  </object>
  <object>
    <name>lane</name>
    <deleted>0</deleted>
    <verified>0</verified>
    <occluded>no</occluded>
    <date></date>
    <id>2</id>
    <parts>
      <hasparts></hasparts>
      <ispartof></ispartof>
    </parts>
    <type>bounding_box</type>
    <polygon>
      <pt>
        <x>520.61</x>
        <y>331.87</y>
      </pt>
      <pt>
        <x>524.42</x>
        <y>331.87</y>
      </pt>
      <pt>
        <x>524.42</x>
        <y>341.40</y>
      </pt>
      <pt>
        <x>520.61</x>
        <y>341.40</y>
      </pt>
      <username></username>
    </polygon>
    <attributes>rotation=0.0</attributes>
  </object>
  <object>
    <name>lane</name>
    <deleted>0</deleted>
    <verified>0</verified>
    <occluded>no</occluded>
    <date></date>
    <id>3</id>
    <parts>
      <hasparts></hasparts>
      <ispartof></ispartof>
    </parts>
    <type>bounding_box</type>
    <polygon>
      <pt>
        <x>519.33</x>
        <y>322.48</y>
      </pt>
      <pt>
        <x>524.84</x>
        <y>322.48</y>
      </pt>
      <pt>
        <x>524.84</x>
        <y>327.99</y>
      </pt>
      <pt>
        <x>519.33</x>
        <y>327.99</y>
      </pt>
      <username></username>
    </polygon>
    <attributes>rotation=0.0</attributes>
  </object>
  <object>
    <name>lane</name>
    <deleted>0</deleted>
    <verified>0</verified>
    <occluded>no</occluded>
    <date></date>
    <id>4</id>
    <parts>
      <hasparts></hasparts>
      <ispartof></ispartof>
    </parts>
    <type>bounding_box</type>
    <polygon>
      <pt>
        <x>518.83</x>
        <y>314.00</y>
      </pt>
      <pt>
        <x>524.71</x>
        <y>314.00</y>
      </pt>
      <pt>
        <x>524.71</x>
        <y>320.62</y>
      </pt>
      <pt>
        <x>518.83</x>
        <y>320.62</y>
      </pt>
      <username></username>
    </polygon>
    <attributes>rotation=0.0</attributes>
  </object>
  <object>
    <name>lane</name>
    <deleted>0</deleted>
    <verified>0</verified>
    <occluded>no</occluded>
    <date></date>
    <id>5</id>
    <parts>
      <hasparts></hasparts>
      <ispartof></ispartof>
    </parts>
    <type>bounding_box</type>
    <polygon>
      <pt>
        <x>520.49</x>
        <y>308.49</y>
      </pt>
      <pt>
        <x>524.53</x>
        <y>308.49</y>
      </pt>
      <pt>
        <x>524.53</x>
        <y>312.90</y>
      </pt>
      <pt>
        <x>520.49</x>
        <y>312.90</y>
      </pt>
      <username></username>
    </polygon>
    <attributes>rotation=0.0</attributes>
  </object>
  <object>
    <name>lane</name>
    <deleted>0</deleted>
    <verified>0</verified>
    <occluded>no</occluded>
    <date></date>
    <id>6</id>
    <parts>
      <hasparts></hasparts>
      <ispartof></ispartof>
    </parts>
    <polygon>
      <pt>
        <x>491.71</x>
        <y>782.60</y>
      </pt>
      <pt>
        <x>539.51</x>
        <y>781.23</y>
      </pt>
      <pt>
        <x>539.51</x>
        <y>1119.92</y>
      </pt>
      <pt>
        <x>543.61</x>
        <y>1249.66</y>
      </pt>
      <pt>
        <x>476.69</x>
        <y>1249.66</y>
      </pt>
      <pt>
        <x>491.71</x>
        <y>875.46</y>
      </pt>
      <username></username>
    </polygon>
    <attributes></attributes>
  </object>
  <object>
    <name>lane</name>
    <deleted>0</deleted>
    <verified>0</verified>
    <occluded>no</occluded>
    <date></date>
    <id>7</id>
    <parts>
      <hasparts></hasparts>
      <ispartof></ispartof>
    </parts>
    <type>bounding_box</type>
    <polygon>
      <pt>
        <x>511.84</x>
        <y>522.44</y>
      </pt>
      <pt>
        <x>531.28</x>
        <y>522.44</y>
      </pt>
      <pt>
        <x>531.28</x>
        <y>615.82</y>
      </pt>
      <pt>
        <x>511.84</x>
        <y>615.82</y>
      </pt>
      <username></username>
    </polygon>
    <attributes>rotation=0.0</attributes>
  </object>
  <object>
    <name>lane</name>
    <deleted>0</deleted>
    <verified>0</verified>
    <occluded>no</occluded>
    <date></date>
    <id>8</id>
    <parts>
      <hasparts></hasparts>
      <ispartof></ispartof>
    </parts>
    <type>bounding_box</type>
    <polygon>
      <pt>
        <x>514.89</x>
        <y>433.63</y>
      </pt>
      <pt>
        <x>527.47</x>
        <y>433.63</y>
      </pt>
      <pt>
        <x>527.47</x>
        <y>473.65</y>
      </pt>
      <pt>
        <x>514.89</x>
        <y>473.65</y>
      </pt>
      <username></username>
    </polygon>
    <attributes>rotation=0.0</attributes>
  </object>
  <object>
    <name>lane</name>
    <deleted>0</deleted>
    <verified>0</verified>
    <occluded>no</occluded>
    <date></date>
    <id>9</id>
    <parts>
      <hasparts></hasparts>
      <ispartof></ispartof>
    </parts>
    <type>bounding_box</type>
    <polygon>
      <pt>
        <x>516.42</x>
        <y>388.66</y>
      </pt>
      <pt>
        <x>526.71</x>
        <y>388.66</y>
      </pt>
      <pt>
        <x>526.71</x>
        <y>411.15</y>
      </pt>
      <pt>
        <x>516.42</x>
        <y>411.15</y>
      </pt>
      <username></username>
    </polygon>
    <attributes>rotation=0.0</attributes>
  </object>
</annotation>
