<annotation>
  <filename>image_2058.jpg</filename>
  <folder></folder>
  <source>
    <sourceImage></sourceImage>
    <sourceAnnotation>Datumaro</sourceAnnotation>
  </source>
  <imagesize>
    <nrows>486</nrows>
    <ncols>1080</ncols>
  </imagesize>
  <object>
    <name>lane</name>
    <deleted>0</deleted>
    <verified>0</verified>
    <occluded>no</occluded>
    <date></date>
    <id>0</id>
    <parts>
      <hasparts></hasparts>
      <ispartof></ispartof>
    </parts>
    <polygon>
      <pt>
        <x>330.54</x>
        <y>286.80</y>
      </pt>
      <pt>
        <x>330.54</x>
        <y>279.62</y>
      </pt>
      <pt>
        <x>311.39</x>
        <y>293.30</y>
      </pt>
      <pt>
        <x>302.84</x>
        <y>300.48</y>
      </pt>
      <pt>
        <x>302.16</x>
        <y>308.69</y>
      </pt>
      <pt>
        <x>313.44</x>
        <y>299.11</y>
      </pt>
      <username></username>
    </polygon>
    <attributes></attributes>
  </object>
  <object>
    <name>lane</name>
    <deleted>0</deleted>
    <verified>0</verified>
    <occluded>no</occluded>
    <date></date>
    <id>1</id>
    <parts>
      <hasparts></hasparts>
      <ispartof></ispartof>
    </parts>
    <polygon>
      <pt>
        <x>232.45</x>
        <y>361.41</y>
      </pt>
      <pt>
        <x>233.55</x>
        <y>364.41</y>
      </pt>
      <pt>
        <x>229.65</x>
        <y>367.31</y>
      </pt>
      <pt>
        <x>229.45</x>
        <y>364.11</y>
      </pt>
      <username></username>
    </polygon>
    <attributes></attributes>
  </object>
  <object>
    <name>lane</name>
    <deleted>0</deleted>
    <verified>0</verified>
    <occluded>no</occluded>
    <date></date>
    <id>2</id>
    <parts>
      <hasparts></hasparts>
      <ispartof></ispartof>
    </parts>
    <polygon>
      <pt>
        <x>413.53</x>
        <y>250.39</y>
      </pt>
      <pt>
        <x>414.35</x>
        <y>236.03</y>
      </pt>
      <pt>
        <x>424.61</x>
        <y>233.15</y>
      </pt>
      <pt>
        <x>438.98</x>
        <y>228.23</y>
      </pt>
      <pt>
        <x>437.33</x>
        <y>244.64</y>
      </pt>
      <pt>
        <x>427.07</x>
        <y>246.70</y>
      </pt>
      <username></username>
    </polygon>
    <attributes></attributes>
  </object>
  <object>
    <name>lane</name>
    <deleted>0</deleted>
    <verified>0</verified>
    <occluded>no</occluded>
    <date></date>
    <id>3</id>
    <parts>
      <hasparts></hasparts>
      <ispartof></ispartof>
    </parts>
    <polygon>
      <pt>
        <x>415.17</x>
        <y>206.89</y>
      </pt>
      <pt>
        <x>415.17</x>
        <y>190.88</y>
      </pt>
      <pt>
        <x>445.95</x>
        <y>153.12</y>
      </pt>
      <pt>
        <x>447.18</x>
        <y>167.08</y>
      </pt>
      <pt>
        <x>439.80</x>
        <y>174.46</y>
      </pt>
      <pt>
        <x>427.48</x>
        <y>190.06</y>
      </pt>
      <username></username>
    </polygon>
    <attributes></attributes>
  </object>
  <object>
    <name>lane</name>
    <deleted>0</deleted>
    <verified>0</verified>
    <occluded>no</occluded>
    <date></date>
    <id>4</id>
    <parts>
      <hasparts></hasparts>
      <ispartof></ispartof>
    </parts>
    <polygon>
      <pt>
        <x>225.55</x>
        <y>367.51</y>
      </pt>
      <pt>
        <x>226.45</x>
        <y>369.91</y>
      </pt>
      <pt>
        <x>224.15</x>
        <y>372.01</y>
      </pt>
      <pt>
        <x>223.85</x>
        <y>369.31</y>
      </pt>
      <username></username>
    </polygon>
    <attributes></attributes>
  </object>
  <object>
    <name>lane</name>
    <deleted>0</deleted>
    <verified>0</verified>
    <occluded>no</occluded>
    <date></date>
    <id>5</id>
    <parts>
      <hasparts></hasparts>
      <ispartof></ispartof>
    </parts>
    <polygon>
      <pt>
        <x>243.25</x>
        <y>352.21</y>
      </pt>
      <pt>
        <x>243.25</x>
        <y>354.91</y>
      </pt>
      <pt>
        <x>238.45</x>
        <y>359.91</y>
      </pt>
      <pt>
        <x>238.15</x>
        <y>357.41</y>
      </pt>
      <username></username>
    </polygon>
    <attributes></attributes>
  </object>
  <object>
    <name>lane</name>
    <deleted>0</deleted>
    <verified>0</verified>
    <occluded>no</occluded>
    <date></date>
    <id>6</id>
    <parts>
      <hasparts></hasparts>
      <ispartof></ispartof>
    </parts>
    <polygon>
      <pt>
        <x>257.95</x>
        <y>339.11</y>
      </pt>
      <pt>
        <x>259.15</x>
        <y>343.91</y>
      </pt>
      <pt>
        <x>250.65</x>
        <y>349.91</y>
      </pt>
      <pt>
        <x>250.55</x>
        <y>346.31</y>
      </pt>
      <username></username>
    </polygon>
    <attributes></attributes>
  </object>
  <object>
    <name>lane</name>
    <deleted>0</deleted>
    <verified>0</verified>
    <occluded>no</occluded>
    <date></date>
    <id>7</id>
    <parts>
      <hasparts></hasparts>
      <ispartof></ispartof>
    </parts>
    <polygon>
      <pt>
        <x>269.74</x>
        <y>329.23</y>
      </pt>
      <pt>
        <x>269.53</x>
        <y>333.77</y>
      </pt>
      <pt>
        <x>283.84</x>
        <y>324.05</y>
      </pt>
      <pt>
        <x>283.64</x>
        <y>319.90</y>
      </pt>
      <username></username>
    </polygon>
    <attributes></attributes>
  </object>
  <object>
    <name>lane</name>
    <deleted>0</deleted>
    <verified>0</verified>
    <occluded>no</occluded>
    <date></date>
    <id>8</id>
    <parts>
      <hasparts></hasparts>
      <ispartof></ispartof>
    </parts>
    <polygon>
      <pt>
        <x>1080.00</x>
        <y>255.60</y>
      </pt>
      <pt>
        <x>1077.47</x>
        <y>199.53</y>
      </pt>
      <pt>
        <x>717.47</x>
        <y>180.12</y>
      </pt>
      <pt>
        <x>583.35</x>
        <y>190.71</y>
      </pt>
      <pt>
        <x>579.82</x>
        <y>217.18</y>
      </pt>
      <pt>
        <x>729.82</x>
        <y>206.59</y>
      </pt>
      <username></username>
    </polygon>
    <attributes></attributes>
  </object>
</annotation>
