<annotation>
  <filename>image_1770.jpg</filename>
  <folder></folder>
  <source>
    <sourceImage></sourceImage>
    <sourceAnnotation>Datumaro</sourceAnnotation>
  </source>
  <imagesize>
    <nrows>1920</nrows>
    <ncols>1080</ncols>
  </imagesize>
  <object>
    <name>lane</name>
    <deleted>0</deleted>
    <verified>0</verified>
    <occluded>no</occluded>
    <date></date>
    <id>0</id>
    <parts>
      <hasparts></hasparts>
      <ispartof></ispartof>
    </parts>
    <polygon>
      <pt>
        <x>502.93</x>
        <y>563.63</y>
      </pt>
      <pt>
        <x>523.36</x>
        <y>566.55</y>
      </pt>
      <pt>
        <x>523.36</x>
        <y>506.72</y>
      </pt>
      <pt>
        <x>507.31</x>
        <y>506.72</y>
      </pt>
      <username></username>
    </polygon>
    <attributes></attributes>
  </object>
  <object>
    <name>lane</name>
    <deleted>0</deleted>
    <verified>0</verified>
    <occluded>no</occluded>
    <date></date>
    <id>1</id>
    <parts>
      <hasparts></hasparts>
      <ispartof></ispartof>
    </parts>
    <polygon>
      <pt>
        <x>511.89</x>
        <y>406.58</y>
      </pt>
      <pt>
        <x>520.70</x>
        <y>406.76</y>
      </pt>
      <pt>
        <x>521.74</x>
        <y>423.86</y>
      </pt>
      <pt>
        <x>511.89</x>
        <y>424.04</y>
      </pt>
      <username></username>
    </polygon>
    <attributes></attributes>
  </object>
  <object>
    <name>lane</name>
    <deleted>0</deleted>
    <verified>0</verified>
    <occluded>no</occluded>
    <date></date>
    <id>2</id>
    <parts>
      <hasparts></hasparts>
      <ispartof></ispartof>
    </parts>
    <polygon>
      <pt>
        <x>641.89</x>
        <y>353.20</y>
      </pt>
      <pt>
        <x>646.37</x>
        <y>354.69</y>
      </pt>
      <pt>
        <x>678.61</x>
        <y>350.51</y>
      </pt>
      <pt>
        <x>674.43</x>
        <y>349.92</y>
      </pt>
      <username></username>
    </polygon>
    <attributes></attributes>
  </object>
  <object>
    <name>lane</name>
    <deleted>0</deleted>
    <verified>0</verified>
    <occluded>no</occluded>
    <date></date>
    <id>3</id>
    <parts>
      <hasparts></hasparts>
      <ispartof></ispartof>
    </parts>
    <polygon>
      <pt>
        <x>481.99</x>
        <y>364.07</y>
      </pt>
      <pt>
        <x>485.62</x>
        <y>363.02</y>
      </pt>
      <pt>
        <x>509.64</x>
        <y>369.93</y>
      </pt>
      <pt>
        <x>505.67</x>
        <y>370.81</y>
      </pt>
      <username></username>
    </polygon>
    <attributes></attributes>
  </object>
  <object>
    <name>lane</name>
    <deleted>0</deleted>
    <verified>0</verified>
    <occluded>no</occluded>
    <date></date>
    <id>4</id>
    <parts>
      <hasparts></hasparts>
      <ispartof></ispartof>
    </parts>
    <polygon>
      <pt>
        <x>514.31</x>
        <y>392.22</y>
      </pt>
      <pt>
        <x>514.65</x>
        <y>381.87</y>
      </pt>
      <pt>
        <x>521.74</x>
        <y>382.05</y>
      </pt>
      <pt>
        <x>521.91</x>
        <y>392.57</y>
      </pt>
      <username></username>
    </polygon>
    <attributes></attributes>
  </object>
  <object>
    <name>lane</name>
    <deleted>0</deleted>
    <verified>0</verified>
    <occluded>no</occluded>
    <date></date>
    <id>5</id>
    <parts>
      <hasparts></hasparts>
      <ispartof></ispartof>
    </parts>
    <polygon>
      <pt>
        <x>714.74</x>
        <y>343.95</y>
      </pt>
      <pt>
        <x>719.82</x>
        <y>347.23</y>
      </pt>
      <pt>
        <x>751.77</x>
        <y>344.54</y>
      </pt>
      <pt>
        <x>750.87</x>
        <y>342.75</y>
      </pt>
      <username></username>
    </polygon>
    <attributes></attributes>
  </object>
  <object>
    <name>lane</name>
    <deleted>0</deleted>
    <verified>0</verified>
    <occluded>no</occluded>
    <date></date>
    <id>6</id>
    <parts>
      <hasparts></hasparts>
      <ispartof></ispartof>
    </parts>
    <polygon>
      <pt>
        <x>521.04</x>
        <y>372.20</y>
      </pt>
      <pt>
        <x>526.06</x>
        <y>372.35</y>
      </pt>
      <pt>
        <x>541.61</x>
        <y>363.90</y>
      </pt>
      <pt>
        <x>536.08</x>
        <y>363.90</y>
      </pt>
      <username></username>
    </polygon>
    <attributes></attributes>
  </object>
  <object>
    <name>lane</name>
    <deleted>0</deleted>
    <verified>0</verified>
    <occluded>no</occluded>
    <date></date>
    <id>7</id>
    <parts>
      <hasparts></hasparts>
      <ispartof></ispartof>
    </parts>
    <polygon>
      <pt>
        <x>485.48</x>
        <y>837.35</y>
      </pt>
      <pt>
        <x>520.15</x>
        <y>843.65</y>
      </pt>
      <pt>
        <x>522.25</x>
        <y>658.73</y>
      </pt>
      <pt>
        <x>497.04</x>
        <y>657.68</y>
      </pt>
      <username></username>
    </polygon>
    <attributes></attributes>
  </object>
  <object>
    <name>lane</name>
    <deleted>0</deleted>
    <verified>0</verified>
    <occluded>no</occluded>
    <date></date>
    <id>8</id>
    <parts>
      <hasparts></hasparts>
      <ispartof></ispartof>
    </parts>
    <polygon>
      <pt>
        <x>507.31</x>
        <y>473.16</y>
      </pt>
      <pt>
        <x>521.90</x>
        <y>472.43</y>
      </pt>
      <pt>
        <x>521.90</x>
        <y>443.24</y>
      </pt>
      <pt>
        <x>510.22</x>
        <y>441.79</y>
      </pt>
      <username></username>
    </polygon>
    <attributes></attributes>
  </object>
  <object>
    <name>lane</name>
    <deleted>0</deleted>
    <verified>0</verified>
    <occluded>no</occluded>
    <date></date>
    <id>9</id>
    <parts>
      <hasparts></hasparts>
      <ispartof></ispartof>
    </parts>
    <polygon>
      <pt>
        <x>420.07</x>
        <y>1914.18</y>
      </pt>
      <pt>
        <x>495.68</x>
        <y>1920.00</y>
      </pt>
      <pt>
        <x>522.03</x>
        <y>1920.00</y>
      </pt>
      <pt>
        <x>522.03</x>
        <y>1312.88</y>
      </pt>
      <pt>
        <x>446.21</x>
        <y>1323.33</y>
      </pt>
      <username></username>
    </polygon>
    <attributes></attributes>
  </object>
  <object>
    <name>lane</name>
    <deleted>0</deleted>
    <verified>0</verified>
    <occluded>no</occluded>
    <date></date>
    <id>10</id>
    <parts>
      <hasparts></hasparts>
      <ispartof></ispartof>
    </parts>
    <polygon>
      <pt>
        <x>793.28</x>
        <y>341.85</y>
      </pt>
      <pt>
        <x>797.16</x>
        <y>343.94</y>
      </pt>
      <pt>
        <x>843.44</x>
        <y>343.05</y>
      </pt>
      <pt>
        <x>839.86</x>
        <y>341.26</y>
      </pt>
      <username></username>
    </polygon>
    <attributes></attributes>
  </object>
  <object>
    <name>lane</name>
    <deleted>0</deleted>
    <verified>0</verified>
    <occluded>no</occluded>
    <date></date>
    <id>11</id>
    <parts>
      <hasparts></hasparts>
      <ispartof></ispartof>
    </parts>
    <polygon>
      <pt>
        <x>571.33</x>
        <y>358.54</y>
      </pt>
      <pt>
        <x>574.09</x>
        <y>360.62</y>
      </pt>
      <pt>
        <x>605.72</x>
        <y>356.11</y>
      </pt>
      <pt>
        <x>602.61</x>
        <y>355.43</y>
      </pt>
      <username></username>
    </polygon>
    <attributes></attributes>
  </object>
</annotation>
