<annotation>
  <filename>image_1783.jpg</filename>
  <folder></folder>
  <source>
    <sourceImage></sourceImage>
    <sourceAnnotation>Datumaro</sourceAnnotation>
  </source>
  <imagesize>
    <nrows>486</nrows>
    <ncols>1080</ncols>
  </imagesize>
  <object>
    <name>lane</name>
    <deleted>0</deleted>
    <verified>0</verified>
    <occluded>no</occluded>
    <date></date>
    <id>0</id>
    <parts>
      <hasparts></hasparts>
      <ispartof></ispartof>
    </parts>
    <polygon>
      <pt>
        <x>240.39</x>
        <y>175.69</y>
      </pt>
      <pt>
        <x>241.26</x>
        <y>171.95</y>
      </pt>
      <pt>
        <x>246.01</x>
        <y>175.69</y>
      </pt>
      <pt>
        <x>245.58</x>
        <y>179.72</y>
      </pt>
      <username></username>
    </polygon>
    <attributes></attributes>
  </object>
  <object>
    <name>lane</name>
    <deleted>0</deleted>
    <verified>0</verified>
    <occluded>no</occluded>
    <date></date>
    <id>1</id>
    <parts>
      <hasparts></hasparts>
      <ispartof></ispartof>
    </parts>
    <polygon>
      <pt>
        <x>251.48</x>
        <y>185.34</y>
      </pt>
      <pt>
        <x>251.77</x>
        <y>180.88</y>
      </pt>
      <pt>
        <x>259.83</x>
        <y>186.92</y>
      </pt>
      <pt>
        <x>258.39</x>
        <y>192.25</y>
      </pt>
      <username></username>
    </polygon>
    <attributes></attributes>
  </object>
  <object>
    <name>lane</name>
    <deleted>0</deleted>
    <verified>0</verified>
    <occluded>no</occluded>
    <date></date>
    <id>2</id>
    <parts>
      <hasparts></hasparts>
      <ispartof></ispartof>
    </parts>
    <polygon>
      <pt>
        <x>454.07</x>
        <y>398.25</y>
      </pt>
      <pt>
        <x>449.82</x>
        <y>420.37</y>
      </pt>
      <pt>
        <x>419.18</x>
        <y>371.86</y>
      </pt>
      <pt>
        <x>420.88</x>
        <y>349.74</y>
      </pt>
      <username></username>
    </polygon>
    <attributes></attributes>
  </object>
  <object>
    <name>lane</name>
    <deleted>0</deleted>
    <verified>0</verified>
    <occluded>no</occluded>
    <date></date>
    <id>3</id>
    <parts>
      <hasparts></hasparts>
      <ispartof></ispartof>
    </parts>
    <polygon>
      <pt>
        <x>329.71</x>
        <y>240.37</y>
      </pt>
      <pt>
        <x>328.72</x>
        <y>252.68</y>
      </pt>
      <pt>
        <x>299.17</x>
        <y>224.61</y>
      </pt>
      <pt>
        <x>300.16</x>
        <y>215.74</y>
      </pt>
      <username></username>
    </polygon>
    <attributes></attributes>
  </object>
  <object>
    <name>lane</name>
    <deleted>0</deleted>
    <verified>0</verified>
    <occluded>no</occluded>
    <date></date>
    <id>4</id>
    <parts>
      <hasparts></hasparts>
      <ispartof></ispartof>
    </parts>
    <polygon>
      <pt>
        <x>281.44</x>
        <y>213.28</y>
      </pt>
      <pt>
        <x>282.43</x>
        <y>202.94</y>
      </pt>
      <pt>
        <x>268.14</x>
        <y>193.58</y>
      </pt>
      <pt>
        <x>266.17</x>
        <y>199.98</y>
      </pt>
      <username></username>
    </polygon>
    <attributes></attributes>
  </object>
  <object>
    <name>lane</name>
    <deleted>0</deleted>
    <verified>0</verified>
    <occluded>no</occluded>
    <date></date>
    <id>5</id>
    <parts>
      <hasparts></hasparts>
      <ispartof></ispartof>
    </parts>
    <polygon>
      <pt>
        <x>474.50</x>
        <y>328.46</y>
      </pt>
      <pt>
        <x>477.90</x>
        <y>306.33</y>
      </pt>
      <pt>
        <x>425.14</x>
        <y>294.42</y>
      </pt>
      <pt>
        <x>423.44</x>
        <y>312.29</y>
      </pt>
      <username></username>
    </polygon>
    <attributes></attributes>
  </object>
  <object>
    <name>lane</name>
    <deleted>0</deleted>
    <verified>0</verified>
    <occluded>no</occluded>
    <date></date>
    <id>6</id>
    <parts>
      <hasparts></hasparts>
      <ispartof></ispartof>
    </parts>
    <polygon>
      <pt>
        <x>1078.68</x>
        <y>342.94</y>
      </pt>
      <pt>
        <x>1074.26</x>
        <y>281.18</y>
      </pt>
      <pt>
        <x>797.79</x>
        <y>301.76</y>
      </pt>
      <pt>
        <x>799.26</x>
        <y>351.76</y>
      </pt>
      <username></username>
    </polygon>
    <attributes></attributes>
  </object>
  <object>
    <name>lane</name>
    <deleted>0</deleted>
    <verified>0</verified>
    <occluded>no</occluded>
    <date></date>
    <id>7</id>
    <parts>
      <hasparts></hasparts>
      <ispartof></ispartof>
    </parts>
    <polygon>
      <pt>
        <x>227.67</x>
        <y>163.18</y>
      </pt>
      <pt>
        <x>228.27</x>
        <y>160.90</y>
      </pt>
      <pt>
        <x>230.67</x>
        <y>163.42</y>
      </pt>
      <pt>
        <x>230.19</x>
        <y>166.06</y>
      </pt>
      <username></username>
    </polygon>
    <attributes></attributes>
  </object>
  <object>
    <name>lane</name>
    <deleted>0</deleted>
    <verified>0</verified>
    <occluded>no</occluded>
    <date></date>
    <id>8</id>
    <parts>
      <hasparts></hasparts>
      <ispartof></ispartof>
    </parts>
    <polygon>
      <pt>
        <x>233.12</x>
        <y>167.72</y>
      </pt>
      <pt>
        <x>233.36</x>
        <y>165.44</y>
      </pt>
      <pt>
        <x>237.56</x>
        <y>168.56</y>
      </pt>
      <pt>
        <x>236.72</x>
        <y>171.68</y>
      </pt>
      <username></username>
    </polygon>
    <attributes></attributes>
  </object>
</annotation>
