<annotation>
  <filename>image_115.jpg</filename>
  <folder></folder>
  <source>
    <sourceImage></sourceImage>
    <sourceAnnotation>Datumaro</sourceAnnotation>
  </source>
  <imagesize>
    <nrows>1920</nrows>
    <ncols>1080</ncols>
  </imagesize>
  <object>
    <name>lane</name>
    <deleted>0</deleted>
    <verified>0</verified>
    <occluded>no</occluded>
    <date></date>
    <id>0</id>
    <parts>
      <hasparts></hasparts>
      <ispartof></ispartof>
    </parts>
    <polygon>
      <pt>
        <x>349.58</x>
        <y>399.76</y>
      </pt>
      <pt>
        <x>352.75</x>
        <y>398.00</y>
      </pt>
      <pt>
        <x>373.51</x>
        <y>408.91</y>
      </pt>
      <pt>
        <x>367.88</x>
        <y>407.85</y>
      </pt>
      <username></username>
    </polygon>
    <attributes></attributes>
  </object>
  <object>
    <name>lane</name>
    <deleted>0</deleted>
    <verified>0</verified>
    <occluded>no</occluded>
    <date></date>
    <id>1</id>
    <parts>
      <hasparts></hasparts>
      <ispartof></ispartof>
    </parts>
    <polygon>
      <pt>
        <x>432.62</x>
        <y>446.20</y>
      </pt>
      <pt>
        <x>442.82</x>
        <y>444.80</y>
      </pt>
      <pt>
        <x>472.38</x>
        <y>467.31</y>
      </pt>
      <pt>
        <x>462.53</x>
        <y>468.72</y>
      </pt>
      <username></username>
    </polygon>
    <attributes></attributes>
  </object>
  <object>
    <name>lane</name>
    <deleted>0</deleted>
    <verified>0</verified>
    <occluded>no</occluded>
    <date></date>
    <id>2</id>
    <parts>
      <hasparts></hasparts>
      <ispartof></ispartof>
    </parts>
    <polygon>
      <pt>
        <x>505.90</x>
        <y>872.10</y>
      </pt>
      <pt>
        <x>546.70</x>
        <y>876.10</y>
      </pt>
      <pt>
        <x>532.10</x>
        <y>1415.30</y>
      </pt>
      <pt>
        <x>468.70</x>
        <y>1404.00</y>
      </pt>
      <username></username>
    </polygon>
    <attributes></attributes>
  </object>
  <object>
    <name>lane</name>
    <deleted>0</deleted>
    <verified>0</verified>
    <occluded>no</occluded>
    <date></date>
    <id>3</id>
    <parts>
      <hasparts></hasparts>
      <ispartof></ispartof>
    </parts>
    <polygon>
      <pt>
        <x>234.84</x>
        <y>368.19</y>
      </pt>
      <pt>
        <x>238.00</x>
        <y>366.44</y>
      </pt>
      <pt>
        <x>261.58</x>
        <y>371.01</y>
      </pt>
      <pt>
        <x>257.01</x>
        <y>373.12</y>
      </pt>
      <username></username>
    </polygon>
    <attributes></attributes>
  </object>
  <object>
    <name>lane</name>
    <deleted>0</deleted>
    <verified>0</verified>
    <occluded>no</occluded>
    <date></date>
    <id>4</id>
    <parts>
      <hasparts></hasparts>
      <ispartof></ispartof>
    </parts>
    <polygon>
      <pt>
        <x>275.34</x>
        <y>376.89</y>
      </pt>
      <pt>
        <x>279.56</x>
        <y>374.77</y>
      </pt>
      <pt>
        <x>303.49</x>
        <y>381.11</y>
      </pt>
      <pt>
        <x>295.75</x>
        <y>382.52</y>
      </pt>
      <username></username>
    </polygon>
    <attributes></attributes>
  </object>
  <object>
    <name>lane</name>
    <deleted>0</deleted>
    <verified>0</verified>
    <occluded>no</occluded>
    <date></date>
    <id>5</id>
    <parts>
      <hasparts></hasparts>
      <ispartof></ispartof>
    </parts>
    <polygon>
      <pt>
        <x>311.93</x>
        <y>387.79</y>
      </pt>
      <pt>
        <x>315.45</x>
        <y>386.03</y>
      </pt>
      <pt>
        <x>337.62</x>
        <y>393.42</y>
      </pt>
      <pt>
        <x>331.99</x>
        <y>394.13</y>
      </pt>
      <username></username>
    </polygon>
    <attributes></attributes>
  </object>
  <object>
    <name>lane</name>
    <deleted>0</deleted>
    <verified>0</verified>
    <occluded>no</occluded>
    <date></date>
    <id>6</id>
    <parts>
      <hasparts></hasparts>
      <ispartof></ispartof>
    </parts>
    <polygon>
      <pt>
        <x>387.58</x>
        <y>418.05</y>
      </pt>
      <pt>
        <x>392.16</x>
        <y>415.94</y>
      </pt>
      <pt>
        <x>417.84</x>
        <y>430.72</y>
      </pt>
      <pt>
        <x>409.05</x>
        <y>431.78</y>
      </pt>
      <username></username>
    </polygon>
    <attributes></attributes>
  </object>
  <object>
    <name>lane</name>
    <deleted>0</deleted>
    <verified>0</verified>
    <occluded>no</occluded>
    <date></date>
    <id>7</id>
    <parts>
      <hasparts></hasparts>
      <ispartof></ispartof>
    </parts>
    <polygon>
      <pt>
        <x>483.20</x>
        <y>491.40</y>
      </pt>
      <pt>
        <x>498.00</x>
        <y>491.70</y>
      </pt>
      <pt>
        <x>510.40</x>
        <y>534.30</y>
      </pt>
      <pt>
        <x>495.17</x>
        <y>528.50</y>
      </pt>
      <username></username>
    </polygon>
    <attributes></attributes>
  </object>
  <object>
    <name>lane</name>
    <deleted>0</deleted>
    <verified>0</verified>
    <occluded>no</occluded>
    <date></date>
    <id>8</id>
    <parts>
      <hasparts></hasparts>
      <ispartof></ispartof>
    </parts>
    <polygon>
      <pt>
        <x>504.20</x>
        <y>586.20</y>
      </pt>
      <pt>
        <x>522.50</x>
        <y>585.30</y>
      </pt>
      <pt>
        <x>535.80</x>
        <y>684.70</y>
      </pt>
      <pt>
        <x>513.60</x>
        <y>685.50</y>
      </pt>
      <username></username>
    </polygon>
    <attributes></attributes>
  </object>
</annotation>
