<annotation>
  <filename>image_564.jpg</filename>
  <folder></folder>
  <source>
    <sourceImage></sourceImage>
    <sourceAnnotation>Datumaro</sourceAnnotation>
  </source>
  <imagesize>
    <nrows>1920</nrows>
    <ncols>1080</ncols>
  </imagesize>
  <object>
    <name>lane</name>
    <deleted>0</deleted>
    <verified>0</verified>
    <occluded>no</occluded>
    <date></date>
    <id>0</id>
    <parts>
      <hasparts></hasparts>
      <ispartof></ispartof>
    </parts>
    <polygon>
      <pt>
        <x>516.29</x>
        <y>295.38</y>
      </pt>
      <pt>
        <x>533.36</x>
        <y>295.86</y>
      </pt>
      <pt>
        <x>537.15</x>
        <y>328.10</y>
      </pt>
      <pt>
        <x>519.61</x>
        <y>328.10</y>
      </pt>
      <username></username>
    </polygon>
    <attributes></attributes>
  </object>
  <object>
    <name>lane</name>
    <deleted>0</deleted>
    <verified>0</verified>
    <occluded>no</occluded>
    <date></date>
    <id>1</id>
    <parts>
      <hasparts></hasparts>
      <ispartof></ispartof>
    </parts>
    <polygon>
      <pt>
        <x>113.74</x>
        <y>159.30</y>
      </pt>
      <pt>
        <x>118.01</x>
        <y>155.98</y>
      </pt>
      <pt>
        <x>194.82</x>
        <y>166.89</y>
      </pt>
      <pt>
        <x>194.34</x>
        <y>168.79</y>
      </pt>
      <username></username>
    </polygon>
    <attributes></attributes>
  </object>
  <object>
    <name>lane</name>
    <deleted>0</deleted>
    <verified>0</verified>
    <occluded>no</occluded>
    <date></date>
    <id>2</id>
    <parts>
      <hasparts></hasparts>
      <ispartof></ispartof>
    </parts>
    <polygon>
      <pt>
        <x>252.19</x>
        <y>180.17</y>
      </pt>
      <pt>
        <x>256.93</x>
        <y>177.79</y>
      </pt>
      <pt>
        <x>330.42</x>
        <y>186.33</y>
      </pt>
      <pt>
        <x>325.68</x>
        <y>189.17</y>
      </pt>
      <username></username>
    </polygon>
    <attributes></attributes>
  </object>
  <object>
    <name>lane</name>
    <deleted>0</deleted>
    <verified>0</verified>
    <occluded>no</occluded>
    <date></date>
    <id>3</id>
    <parts>
      <hasparts></hasparts>
      <ispartof></ispartof>
    </parts>
    <polygon>
      <pt>
        <x>503.00</x>
        <y>942.35</y>
      </pt>
      <pt>
        <x>487.71</x>
        <y>1552.27</y>
      </pt>
      <pt>
        <x>584.55</x>
        <y>1553.97</y>
      </pt>
      <pt>
        <x>560.77</x>
        <y>942.35</y>
      </pt>
      <username></username>
    </polygon>
    <attributes></attributes>
  </object>
  <object>
    <name>lane</name>
    <deleted>0</deleted>
    <verified>0</verified>
    <occluded>no</occluded>
    <date></date>
    <id>4</id>
    <parts>
      <hasparts></hasparts>
      <ispartof></ispartof>
    </parts>
    <polygon>
      <pt>
        <x>510.17</x>
        <y>532.86</y>
      </pt>
      <pt>
        <x>545.40</x>
        <y>532.04</y>
      </pt>
      <pt>
        <x>552.77</x>
        <y>681.16</y>
      </pt>
      <pt>
        <x>506.89</x>
        <y>681.16</y>
      </pt>
      <username></username>
    </polygon>
    <attributes></attributes>
  </object>
  <object>
    <name>lane</name>
    <deleted>0</deleted>
    <verified>0</verified>
    <occluded>no</occluded>
    <date></date>
    <id>5</id>
    <parts>
      <hasparts></hasparts>
      <ispartof></ispartof>
    </parts>
    <polygon>
      <pt>
        <x>544.26</x>
        <y>201.98</y>
      </pt>
      <pt>
        <x>588.83</x>
        <y>189.17</y>
      </pt>
      <pt>
        <x>598.79</x>
        <y>192.49</y>
      </pt>
      <pt>
        <x>550.90</x>
        <y>202.92</y>
      </pt>
      <username></username>
    </polygon>
    <attributes></attributes>
  </object>
  <object>
    <name>lane</name>
    <deleted>0</deleted>
    <verified>0</verified>
    <occluded>no</occluded>
    <date></date>
    <id>6</id>
    <parts>
      <hasparts></hasparts>
      <ispartof></ispartof>
    </parts>
    <polygon>
      <pt>
        <x>657.58</x>
        <y>179.69</y>
      </pt>
      <pt>
        <x>734.39</x>
        <y>170.21</y>
      </pt>
      <pt>
        <x>738.19</x>
        <y>171.63</y>
      </pt>
      <pt>
        <x>664.22</x>
        <y>182.54</y>
      </pt>
      <username></username>
    </polygon>
    <attributes></attributes>
  </object>
  <object>
    <name>lane</name>
    <deleted>0</deleted>
    <verified>0</verified>
    <occluded>no</occluded>
    <date></date>
    <id>7</id>
    <parts>
      <hasparts></hasparts>
      <ispartof></ispartof>
    </parts>
    <polygon>
      <pt>
        <x>382.10</x>
        <y>196.76</y>
      </pt>
      <pt>
        <x>387.79</x>
        <y>196.29</y>
      </pt>
      <pt>
        <x>451.33</x>
        <y>211.46</y>
      </pt>
      <pt>
        <x>437.10</x>
        <y>211.46</y>
      </pt>
      <username></username>
    </polygon>
    <attributes></attributes>
  </object>
  <object>
    <name>lane</name>
    <deleted>0</deleted>
    <verified>0</verified>
    <occluded>no</occluded>
    <date></date>
    <id>8</id>
    <parts>
      <hasparts></hasparts>
      <ispartof></ispartof>
    </parts>
    <polygon>
      <pt>
        <x>518.66</x>
        <y>231.37</y>
      </pt>
      <pt>
        <x>530.04</x>
        <y>230.42</y>
      </pt>
      <pt>
        <x>531.93</x>
        <y>250.81</y>
      </pt>
      <pt>
        <x>518.66</x>
        <y>251.29</y>
      </pt>
      <username></username>
    </polygon>
    <attributes></attributes>
  </object>
  <object>
    <name>lane</name>
    <deleted>0</deleted>
    <verified>0</verified>
    <occluded>no</occluded>
    <date></date>
    <id>9</id>
    <parts>
      <hasparts></hasparts>
      <ispartof></ispartof>
    </parts>
    <polygon>
      <pt>
        <x>514.39</x>
        <y>386.42</y>
      </pt>
      <pt>
        <x>537.62</x>
        <y>385.94</y>
      </pt>
      <pt>
        <x>541.42</x>
        <y>440.00</y>
      </pt>
      <pt>
        <x>513.44</x>
        <y>441.89</y>
      </pt>
      <username></username>
    </polygon>
    <attributes></attributes>
  </object>
</annotation>
