<annotation>
  <filename>image_951.jpg</filename>
  <folder></folder>
  <source>
    <sourceImage></sourceImage>
    <sourceAnnotation>Datumaro</sourceAnnotation>
  </source>
  <imagesize>
    <nrows>1920</nrows>
    <ncols>1080</ncols>
  </imagesize>
  <object>
    <name>lane</name>
    <deleted>0</deleted>
    <verified>0</verified>
    <occluded>no</occluded>
    <date></date>
    <id>0</id>
    <parts>
      <hasparts></hasparts>
      <ispartof></ispartof>
    </parts>
    <polygon>
      <pt>
        <x>404.98</x>
        <y>43.63</y>
      </pt>
      <pt>
        <x>407.93</x>
        <y>39.83</y>
      </pt>
      <pt>
        <x>444.25</x>
        <y>47.85</y>
      </pt>
      <pt>
        <x>438.76</x>
        <y>52.92</y>
      </pt>
      <username></username>
    </polygon>
    <attributes></attributes>
  </object>
  <object>
    <name>lane</name>
    <deleted>0</deleted>
    <verified>0</verified>
    <occluded>no</occluded>
    <date></date>
    <id>1</id>
    <parts>
      <hasparts></hasparts>
      <ispartof></ispartof>
    </parts>
    <polygon>
      <pt>
        <x>349.24</x>
        <y>29.27</y>
      </pt>
      <pt>
        <x>353.46</x>
        <y>24.20</y>
      </pt>
      <pt>
        <x>388.93</x>
        <y>30.96</y>
      </pt>
      <pt>
        <x>380.07</x>
        <y>36.45</y>
      </pt>
      <username></username>
    </polygon>
    <attributes></attributes>
  </object>
  <object>
    <name>lane</name>
    <deleted>0</deleted>
    <verified>0</verified>
    <occluded>no</occluded>
    <date></date>
    <id>2</id>
    <parts>
      <hasparts></hasparts>
      <ispartof></ispartof>
    </parts>
    <polygon>
      <pt>
        <x>622.08</x>
        <y>167.94</y>
      </pt>
      <pt>
        <x>637.88</x>
        <y>162.47</y>
      </pt>
      <pt>
        <x>661.60</x>
        <y>201.99</y>
      </pt>
      <pt>
        <x>637.28</x>
        <y>201.99</y>
      </pt>
      <username></username>
    </polygon>
    <attributes></attributes>
  </object>
  <object>
    <name>lane</name>
    <deleted>0</deleted>
    <verified>0</verified>
    <occluded>no</occluded>
    <date></date>
    <id>3</id>
    <parts>
      <hasparts></hasparts>
      <ispartof></ispartof>
    </parts>
    <polygon>
      <pt>
        <x>549.65</x>
        <y>992.79</y>
      </pt>
      <pt>
        <x>669.48</x>
        <y>1914.36</y>
      </pt>
      <pt>
        <x>804.55</x>
        <y>1916.54</y>
      </pt>
      <pt>
        <x>625.90</x>
        <y>988.43</y>
      </pt>
      <username></username>
    </polygon>
    <attributes></attributes>
  </object>
  <object>
    <name>lane</name>
    <deleted>0</deleted>
    <verified>0</verified>
    <occluded>no</occluded>
    <date></date>
    <id>4</id>
    <parts>
      <hasparts></hasparts>
      <ispartof></ispartof>
    </parts>
    <polygon>
      <pt>
        <x>649.44</x>
        <y>246.99</y>
      </pt>
      <pt>
        <x>673.15</x>
        <y>242.73</y>
      </pt>
      <pt>
        <x>683.49</x>
        <y>313.26</y>
      </pt>
      <pt>
        <x>653.69</x>
        <y>313.26</y>
      </pt>
      <username></username>
    </polygon>
    <attributes></attributes>
  </object>
  <object>
    <name>lane</name>
    <deleted>0</deleted>
    <verified>0</verified>
    <occluded>no</occluded>
    <date></date>
    <id>5</id>
    <parts>
      <hasparts></hasparts>
      <ispartof></ispartof>
    </parts>
    <polygon>
      <pt>
        <x>639.81</x>
        <y>407.96</y>
      </pt>
      <pt>
        <x>674.83</x>
        <y>405.33</y>
      </pt>
      <pt>
        <x>643.31</x>
        <y>549.80</y>
      </pt>
      <pt>
        <x>603.03</x>
        <y>555.05</y>
      </pt>
      <username></username>
    </polygon>
    <attributes></attributes>
  </object>
  <object>
    <name>lane</name>
    <deleted>0</deleted>
    <verified>0</verified>
    <occluded>no</occluded>
    <date></date>
    <id>6</id>
    <parts>
      <hasparts></hasparts>
      <ispartof></ispartof>
    </parts>
    <polygon>
      <pt>
        <x>251.18</x>
        <y>1345.73</y>
      </pt>
      <pt>
        <x>501.72</x>
        <y>788.00</y>
      </pt>
      <pt>
        <x>564.90</x>
        <y>790.17</y>
      </pt>
      <pt>
        <x>338.32</x>
        <y>1358.80</y>
      </pt>
      <username></username>
    </polygon>
    <attributes></attributes>
  </object>
  <object>
    <name>lane</name>
    <deleted>0</deleted>
    <verified>0</verified>
    <occluded>no</occluded>
    <date></date>
    <id>7</id>
    <parts>
      <hasparts></hasparts>
      <ispartof></ispartof>
    </parts>
    <polygon>
      <pt>
        <x>572.22</x>
        <y>117.48</y>
      </pt>
      <pt>
        <x>586.81</x>
        <y>112.61</y>
      </pt>
      <pt>
        <x>618.43</x>
        <y>139.37</y>
      </pt>
      <pt>
        <x>600.19</x>
        <y>143.02</y>
      </pt>
      <username></username>
    </polygon>
    <attributes></attributes>
  </object>
  <object>
    <name>lane</name>
    <deleted>0</deleted>
    <verified>0</verified>
    <occluded>no</occluded>
    <date></date>
    <id>8</id>
    <parts>
      <hasparts></hasparts>
      <ispartof></ispartof>
    </parts>
    <polygon>
      <pt>
        <x>518.98</x>
        <y>85.01</y>
      </pt>
      <pt>
        <x>530.38</x>
        <y>79.10</y>
      </pt>
      <pt>
        <x>562.89</x>
        <y>101.05</y>
      </pt>
      <pt>
        <x>550.65</x>
        <y>102.32</y>
      </pt>
      <username></username>
    </polygon>
    <attributes></attributes>
  </object>
  <object>
    <name>lane</name>
    <deleted>0</deleted>
    <verified>0</verified>
    <occluded>no</occluded>
    <date></date>
    <id>9</id>
    <parts>
      <hasparts></hasparts>
      <ispartof></ispartof>
    </parts>
    <polygon>
      <pt>
        <x>461.98</x>
        <y>60.09</y>
      </pt>
      <pt>
        <x>467.47</x>
        <y>54.61</y>
      </pt>
      <pt>
        <x>502.09</x>
        <y>66.85</y>
      </pt>
      <pt>
        <x>491.11</x>
        <y>72.76</y>
      </pt>
      <username></username>
    </polygon>
    <attributes></attributes>
  </object>
</annotation>
