<annotation>
  <filename>image_1572.jpg</filename>
  <folder></folder>
  <source>
    <sourceImage></sourceImage>
    <sourceAnnotation>Datumaro</sourceAnnotation>
  </source>
  <imagesize>
    <nrows>1920</nrows>
    <ncols>1080</ncols>
  </imagesize>
  <object>
    <name>lane</name>
    <deleted>0</deleted>
    <verified>0</verified>
    <occluded>no</occluded>
    <date></date>
    <id>0</id>
    <parts>
      <hasparts></hasparts>
      <ispartof></ispartof>
    </parts>
    <polygon>
      <pt>
        <x>462.46</x>
        <y>1215.22</y>
      </pt>
      <pt>
        <x>528.69</x>
        <y>1215.23</y>
      </pt>
      <pt>
        <x>524.28</x>
        <y>1920.00</y>
      </pt>
      <pt>
        <x>520.98</x>
        <y>1920.00</y>
      </pt>
      <pt>
        <x>399.18</x>
        <y>1914.27</y>
      </pt>
      <username></username>
    </polygon>
    <attributes></attributes>
  </object>
  <object>
    <name>lane</name>
    <deleted>0</deleted>
    <verified>0</verified>
    <occluded>no</occluded>
    <date></date>
    <id>1</id>
    <parts>
      <hasparts></hasparts>
      <ispartof></ispartof>
    </parts>
    <type>bounding_box</type>
    <polygon>
      <pt>
        <x>539.37</x>
        <y>368.25</y>
      </pt>
      <pt>
        <x>549.02</x>
        <y>368.25</y>
      </pt>
      <pt>
        <x>549.02</x>
        <y>378.67</y>
      </pt>
      <pt>
        <x>539.37</x>
        <y>378.67</y>
      </pt>
      <username></username>
    </polygon>
    <attributes>rotation=0.0</attributes>
  </object>
  <object>
    <name>lane</name>
    <deleted>0</deleted>
    <verified>0</verified>
    <occluded>no</occluded>
    <date></date>
    <id>2</id>
    <parts>
      <hasparts></hasparts>
      <ispartof></ispartof>
    </parts>
    <type>bounding_box</type>
    <polygon>
      <pt>
        <x>527.40</x>
        <y>481.91</y>
      </pt>
      <pt>
        <x>546.31</x>
        <y>481.91</y>
      </pt>
      <pt>
        <x>546.31</x>
        <y>520.78</y>
      </pt>
      <pt>
        <x>527.40</x>
        <y>520.78</y>
      </pt>
      <username></username>
    </polygon>
    <attributes>rotation=0.0</attributes>
  </object>
  <object>
    <name>lane</name>
    <deleted>0</deleted>
    <verified>0</verified>
    <occluded>no</occluded>
    <date></date>
    <id>3</id>
    <parts>
      <hasparts></hasparts>
      <ispartof></ispartof>
    </parts>
    <type>bounding_box</type>
    <polygon>
      <pt>
        <x>516.90</x>
        <y>571.21</y>
      </pt>
      <pt>
        <x>545.26</x>
        <y>571.21</y>
      </pt>
      <pt>
        <x>545.26</x>
        <y>644.76</y>
      </pt>
      <pt>
        <x>516.90</x>
        <y>644.76</y>
      </pt>
      <username></username>
    </polygon>
    <attributes>rotation=0.0</attributes>
  </object>
  <object>
    <name>lane</name>
    <deleted>0</deleted>
    <verified>0</verified>
    <occluded>no</occluded>
    <date></date>
    <id>4</id>
    <parts>
      <hasparts></hasparts>
      <ispartof></ispartof>
    </parts>
    <type>bounding_box</type>
    <polygon>
      <pt>
        <x>501.14</x>
        <y>742.47</y>
      </pt>
      <pt>
        <x>535.81</x>
        <y>742.47</y>
      </pt>
      <pt>
        <x>535.81</x>
        <y>911.63</y>
      </pt>
      <pt>
        <x>501.14</x>
        <y>911.63</y>
      </pt>
      <username></username>
    </polygon>
    <attributes>rotation=0.0</attributes>
  </object>
  <object>
    <name>lane</name>
    <deleted>0</deleted>
    <verified>0</verified>
    <occluded>no</occluded>
    <date></date>
    <id>5</id>
    <parts>
      <hasparts></hasparts>
      <ispartof></ispartof>
    </parts>
    <type>bounding_box</type>
    <polygon>
      <pt>
        <x>542.84</x>
        <y>333.52</y>
      </pt>
      <pt>
        <x>549.79</x>
        <y>333.52</y>
      </pt>
      <pt>
        <x>549.79</x>
        <y>340.85</y>
      </pt>
      <pt>
        <x>542.84</x>
        <y>340.85</y>
      </pt>
      <username></username>
    </polygon>
    <attributes>rotation=0.0</attributes>
  </object>
  <object>
    <name>lane</name>
    <deleted>0</deleted>
    <verified>0</verified>
    <occluded>no</occluded>
    <date></date>
    <id>6</id>
    <parts>
      <hasparts></hasparts>
      <ispartof></ispartof>
    </parts>
    <type>bounding_box</type>
    <polygon>
      <pt>
        <x>540.53</x>
        <y>349.34</y>
      </pt>
      <pt>
        <x>550.17</x>
        <y>349.34</y>
      </pt>
      <pt>
        <x>550.17</x>
        <y>356.29</y>
      </pt>
      <pt>
        <x>540.53</x>
        <y>356.29</y>
      </pt>
      <username></username>
    </polygon>
    <attributes>rotation=0.0</attributes>
  </object>
  <object>
    <name>lane</name>
    <deleted>0</deleted>
    <verified>0</verified>
    <occluded>no</occluded>
    <date></date>
    <id>7</id>
    <parts>
      <hasparts></hasparts>
      <ispartof></ispartof>
    </parts>
    <type>bounding_box</type>
    <polygon>
      <pt>
        <x>531.60</x>
        <y>429.38</y>
      </pt>
      <pt>
        <x>546.31</x>
        <y>429.38</y>
      </pt>
      <pt>
        <x>546.31</x>
        <y>452.49</y>
      </pt>
      <pt>
        <x>531.60</x>
        <y>452.49</y>
      </pt>
      <username></username>
    </polygon>
    <attributes>rotation=0.0</attributes>
  </object>
  <object>
    <name>lane</name>
    <deleted>0</deleted>
    <verified>0</verified>
    <occluded>no</occluded>
    <date></date>
    <id>8</id>
    <parts>
      <hasparts></hasparts>
      <ispartof></ispartof>
    </parts>
    <type>bounding_box</type>
    <polygon>
      <pt>
        <x>537.82</x>
        <y>392.95</y>
      </pt>
      <pt>
        <x>549.02</x>
        <y>392.95</y>
      </pt>
      <pt>
        <x>549.02</x>
        <y>410.32</y>
      </pt>
      <pt>
        <x>537.82</x>
        <y>410.32</y>
      </pt>
      <username></username>
    </polygon>
    <attributes>rotation=0.0</attributes>
  </object>
</annotation>
