<annotation>
  <filename>image_1581.jpg</filename>
  <folder></folder>
  <source>
    <sourceImage></sourceImage>
    <sourceAnnotation>Datumaro</sourceAnnotation>
  </source>
  <imagesize>
    <nrows>1920</nrows>
    <ncols>1080</ncols>
  </imagesize>
  <object>
    <name>lane</name>
    <deleted>0</deleted>
    <verified>0</verified>
    <occluded>no</occluded>
    <date></date>
    <id>0</id>
    <parts>
      <hasparts></hasparts>
      <ispartof></ispartof>
    </parts>
    <type>bounding_box</type>
    <polygon>
      <pt>
        <x>552.26</x>
        <y>132.15</y>
      </pt>
      <pt>
        <x>561.56</x>
        <y>132.15</y>
      </pt>
      <pt>
        <x>561.56</x>
        <y>138.67</y>
      </pt>
      <pt>
        <x>552.26</x>
        <y>138.67</y>
      </pt>
      <username></username>
    </polygon>
    <attributes>rotation=0.0</attributes>
  </object>
  <object>
    <name>lane</name>
    <deleted>0</deleted>
    <verified>0</verified>
    <occluded>no</occluded>
    <date></date>
    <id>1</id>
    <parts>
      <hasparts></hasparts>
      <ispartof></ispartof>
    </parts>
    <type>bounding_box</type>
    <polygon>
      <pt>
        <x>545.70</x>
        <y>220.91</y>
      </pt>
      <pt>
        <x>559.98</x>
        <y>220.91</y>
      </pt>
      <pt>
        <x>559.98</x>
        <y>242.91</y>
      </pt>
      <pt>
        <x>545.70</x>
        <y>242.91</y>
      </pt>
      <username></username>
    </polygon>
    <attributes>rotation=0.0</attributes>
  </object>
  <object>
    <name>lane</name>
    <deleted>0</deleted>
    <verified>0</verified>
    <occluded>no</occluded>
    <date></date>
    <id>2</id>
    <parts>
      <hasparts></hasparts>
      <ispartof></ispartof>
    </parts>
    <type>bounding_box</type>
    <polygon>
      <pt>
        <x>541.45</x>
        <y>267.99</y>
      </pt>
      <pt>
        <x>560.36</x>
        <y>267.99</y>
      </pt>
      <pt>
        <x>560.36</x>
        <y>301.95</y>
      </pt>
      <pt>
        <x>541.45</x>
        <y>301.95</y>
      </pt>
      <username></username>
    </polygon>
    <attributes>rotation=0.0</attributes>
  </object>
  <object>
    <name>lane</name>
    <deleted>0</deleted>
    <verified>0</verified>
    <occluded>no</occluded>
    <date></date>
    <id>3</id>
    <parts>
      <hasparts></hasparts>
      <ispartof></ispartof>
    </parts>
    <type>bounding_box</type>
    <polygon>
      <pt>
        <x>533.38</x>
        <y>340.57</y>
      </pt>
      <pt>
        <x>556.99</x>
        <y>340.57</y>
      </pt>
      <pt>
        <x>556.99</x>
        <y>395.04</y>
      </pt>
      <pt>
        <x>533.38</x>
        <y>395.04</y>
      </pt>
      <username></username>
    </polygon>
    <attributes>rotation=0.0</attributes>
  </object>
  <object>
    <name>lane</name>
    <deleted>0</deleted>
    <verified>0</verified>
    <occluded>no</occluded>
    <date></date>
    <id>4</id>
    <parts>
      <hasparts></hasparts>
      <ispartof></ispartof>
    </parts>
    <type>bounding_box</type>
    <polygon>
      <pt>
        <x>526.12</x>
        <y>473.11</y>
      </pt>
      <pt>
        <x>556.99</x>
        <y>473.11</y>
      </pt>
      <pt>
        <x>556.99</x>
        <y>596.56</y>
      </pt>
      <pt>
        <x>526.12</x>
        <y>596.56</y>
      </pt>
      <username></username>
    </polygon>
    <attributes>rotation=0.0</attributes>
  </object>
  <object>
    <name>lane</name>
    <deleted>0</deleted>
    <verified>0</verified>
    <occluded>no</occluded>
    <date></date>
    <id>5</id>
    <parts>
      <hasparts></hasparts>
      <ispartof></ispartof>
    </parts>
    <type>bounding_box</type>
    <polygon>
      <pt>
        <x>550.62</x>
        <y>164.70</y>
      </pt>
      <pt>
        <x>561.23</x>
        <y>164.70</y>
      </pt>
      <pt>
        <x>561.23</x>
        <y>174.99</y>
      </pt>
      <pt>
        <x>550.62</x>
        <y>174.99</y>
      </pt>
      <username></username>
    </polygon>
    <attributes>rotation=0.0</attributes>
  </object>
  <object>
    <name>lane</name>
    <deleted>0</deleted>
    <verified>0</verified>
    <occluded>no</occluded>
    <date></date>
    <id>6</id>
    <parts>
      <hasparts></hasparts>
      <ispartof></ispartof>
    </parts>
    <type>bounding_box</type>
    <polygon>
      <pt>
        <x>551.26</x>
        <y>145.73</y>
      </pt>
      <pt>
        <x>560.59</x>
        <y>145.73</y>
      </pt>
      <pt>
        <x>560.59</x>
        <y>156.34</y>
      </pt>
      <pt>
        <x>551.26</x>
        <y>156.34</y>
      </pt>
      <username></username>
    </polygon>
    <attributes>rotation=0.0</attributes>
  </object>
  <object>
    <name>lane</name>
    <deleted>0</deleted>
    <verified>0</verified>
    <occluded>no</occluded>
    <date></date>
    <id>7</id>
    <parts>
      <hasparts></hasparts>
      <ispartof></ispartof>
    </parts>
    <type>bounding_box</type>
    <polygon>
      <pt>
        <x>548.01</x>
        <y>188.88</y>
      </pt>
      <pt>
        <x>560.75</x>
        <y>188.88</y>
      </pt>
      <pt>
        <x>560.75</x>
        <y>205.09</y>
      </pt>
      <pt>
        <x>548.01</x>
        <y>205.09</y>
      </pt>
      <username></username>
    </polygon>
    <attributes>rotation=0.0</attributes>
  </object>
</annotation>
