<annotation>
  <filename>image_2364.jpg</filename>
  <folder></folder>
  <source>
    <sourceImage></sourceImage>
    <sourceAnnotation>Datumaro</sourceAnnotation>
  </source>
  <imagesize>
    <nrows>1920</nrows>
    <ncols>1080</ncols>
  </imagesize>
  <object>
    <name>lane</name>
    <deleted>0</deleted>
    <verified>0</verified>
    <occluded>no</occluded>
    <date></date>
    <id>0</id>
    <parts>
      <hasparts></hasparts>
      <ispartof></ispartof>
    </parts>
    <type>bounding_box</type>
    <polygon>
      <pt>
        <x>487.37</x>
        <y>219.39</y>
      </pt>
      <pt>
        <x>493.44</x>
        <y>219.39</y>
      </pt>
      <pt>
        <x>493.44</x>
        <y>227.98</y>
      </pt>
      <pt>
        <x>487.37</x>
        <y>227.98</y>
      </pt>
      <username></username>
    </polygon>
    <attributes>rotation=0.0</attributes>
  </object>
  <object>
    <name>lane</name>
    <deleted>0</deleted>
    <verified>0</verified>
    <occluded>no</occluded>
    <date></date>
    <id>1</id>
    <parts>
      <hasparts></hasparts>
      <ispartof></ispartof>
    </parts>
    <type>bounding_box</type>
    <polygon>
      <pt>
        <x>487.88</x>
        <y>231.52</y>
      </pt>
      <pt>
        <x>494.96</x>
        <y>231.52</y>
      </pt>
      <pt>
        <x>494.96</x>
        <y>240.12</y>
      </pt>
      <pt>
        <x>487.88</x>
        <y>240.12</y>
      </pt>
      <username></username>
    </polygon>
    <attributes>rotation=0.0</attributes>
  </object>
  <object>
    <name>lane</name>
    <deleted>0</deleted>
    <verified>0</verified>
    <occluded>no</occluded>
    <date></date>
    <id>2</id>
    <parts>
      <hasparts></hasparts>
      <ispartof></ispartof>
    </parts>
    <type>bounding_box</type>
    <polygon>
      <pt>
        <x>486.87</x>
        <y>246.69</y>
      </pt>
      <pt>
        <x>493.44</x>
        <y>246.69</y>
      </pt>
      <pt>
        <x>493.44</x>
        <y>261.85</y>
      </pt>
      <pt>
        <x>486.87</x>
        <y>261.85</y>
      </pt>
      <username></username>
    </polygon>
    <attributes>rotation=0.0</attributes>
  </object>
  <object>
    <name>lane</name>
    <deleted>0</deleted>
    <verified>0</verified>
    <occluded>no</occluded>
    <date></date>
    <id>3</id>
    <parts>
      <hasparts></hasparts>
      <ispartof></ispartof>
    </parts>
    <type>bounding_box</type>
    <polygon>
      <pt>
        <x>486.87</x>
        <y>269.44</y>
      </pt>
      <pt>
        <x>494.96</x>
        <y>269.44</y>
      </pt>
      <pt>
        <x>494.96</x>
        <y>285.62</y>
      </pt>
      <pt>
        <x>486.87</x>
        <y>285.62</y>
      </pt>
      <username></username>
    </polygon>
    <attributes>rotation=0.0</attributes>
  </object>
  <object>
    <name>lane</name>
    <deleted>0</deleted>
    <verified>0</verified>
    <occluded>no</occluded>
    <date></date>
    <id>4</id>
    <parts>
      <hasparts></hasparts>
      <ispartof></ispartof>
    </parts>
    <type>bounding_box</type>
    <polygon>
      <pt>
        <x>484.34</x>
        <y>299.77</y>
      </pt>
      <pt>
        <x>495.97</x>
        <y>299.77</y>
      </pt>
      <pt>
        <x>495.97</x>
        <y>325.00</y>
      </pt>
      <pt>
        <x>484.34</x>
        <y>325.00</y>
      </pt>
      <username></username>
    </polygon>
    <attributes>rotation=0.0</attributes>
  </object>
  <object>
    <name>lane</name>
    <deleted>0</deleted>
    <verified>0</verified>
    <occluded>no</occluded>
    <date></date>
    <id>5</id>
    <parts>
      <hasparts></hasparts>
      <ispartof></ispartof>
    </parts>
    <type>bounding_box</type>
    <polygon>
      <pt>
        <x>482.37</x>
        <y>348.20</y>
      </pt>
      <pt>
        <x>497.03</x>
        <y>348.20</y>
      </pt>
      <pt>
        <x>497.03</x>
        <y>391.68</y>
      </pt>
      <pt>
        <x>482.37</x>
        <y>391.68</y>
      </pt>
      <username></username>
    </polygon>
    <attributes>rotation=0.0</attributes>
  </object>
  <object>
    <name>lane</name>
    <deleted>0</deleted>
    <verified>0</verified>
    <occluded>no</occluded>
    <date></date>
    <id>6</id>
    <parts>
      <hasparts></hasparts>
      <ispartof></ispartof>
    </parts>
    <type>bounding_box</type>
    <polygon>
      <pt>
        <x>475.29</x>
        <y>444.25</y>
      </pt>
      <pt>
        <x>500.57</x>
        <y>444.25</y>
      </pt>
      <pt>
        <x>500.57</x>
        <y>546.37</y>
      </pt>
      <pt>
        <x>475.29</x>
        <y>546.37</y>
      </pt>
      <username></username>
    </polygon>
    <attributes>rotation=0.0</attributes>
  </object>
  <object>
    <name>lane</name>
    <deleted>0</deleted>
    <verified>0</verified>
    <occluded>no</occluded>
    <date></date>
    <id>7</id>
    <parts>
      <hasparts></hasparts>
      <ispartof></ispartof>
    </parts>
    <polygon>
      <pt>
        <x>444.03</x>
        <y>1199.67</y>
      </pt>
      <pt>
        <x>511.96</x>
        <y>1200.93</y>
      </pt>
      <pt>
        <x>504.41</x>
        <y>763.17</y>
      </pt>
      <pt>
        <x>504.41</x>
        <y>719.14</y>
      </pt>
      <pt>
        <x>469.19</x>
        <y>716.63</y>
      </pt>
      <pt>
        <x>464.16</x>
        <y>810.97</y>
      </pt>
      <username></username>
    </polygon>
    <attributes></attributes>
  </object>
</annotation>
