<annotation>
  <filename>image_968.jpg</filename>
  <folder></folder>
  <source>
    <sourceImage></sourceImage>
    <sourceAnnotation>Datumaro</sourceAnnotation>
  </source>
  <imagesize>
    <nrows>1920</nrows>
    <ncols>1080</ncols>
  </imagesize>
  <object>
    <name>lane</name>
    <deleted>0</deleted>
    <verified>0</verified>
    <occluded>no</occluded>
    <date></date>
    <id>0</id>
    <parts>
      <hasparts></hasparts>
      <ispartof></ispartof>
    </parts>
    <polygon>
      <pt>
        <x>446.69</x>
        <y>146.10</y>
      </pt>
      <pt>
        <x>459.36</x>
        <y>145.68</y>
      </pt>
      <pt>
        <x>497.36</x>
        <y>173.97</y>
      </pt>
      <pt>
        <x>481.32</x>
        <y>176.51</y>
      </pt>
      <username></username>
    </polygon>
    <attributes></attributes>
  </object>
  <object>
    <name>lane</name>
    <deleted>0</deleted>
    <verified>0</verified>
    <occluded>no</occluded>
    <date></date>
    <id>1</id>
    <parts>
      <hasparts></hasparts>
      <ispartof></ispartof>
    </parts>
    <polygon>
      <pt>
        <x>382.09</x>
        <y>108.95</y>
      </pt>
      <pt>
        <x>391.80</x>
        <y>107.26</y>
      </pt>
      <pt>
        <x>430.65</x>
        <y>126.68</y>
      </pt>
      <pt>
        <x>416.72</x>
        <y>128.79</y>
      </pt>
      <username></username>
    </polygon>
    <attributes></attributes>
  </object>
  <object>
    <name>lane</name>
    <deleted>0</deleted>
    <verified>0</verified>
    <occluded>no</occluded>
    <date></date>
    <id>2</id>
    <parts>
      <hasparts></hasparts>
      <ispartof></ispartof>
    </parts>
    <polygon>
      <pt>
        <x>319.18</x>
        <y>84.04</y>
      </pt>
      <pt>
        <x>325.93</x>
        <y>81.08</y>
      </pt>
      <pt>
        <x>363.09</x>
        <y>94.59</y>
      </pt>
      <pt>
        <x>350.00</x>
        <y>96.70</y>
      </pt>
      <username></username>
    </polygon>
    <attributes></attributes>
  </object>
  <object>
    <name>lane</name>
    <deleted>0</deleted>
    <verified>0</verified>
    <occluded>no</occluded>
    <date></date>
    <id>3</id>
    <parts>
      <hasparts></hasparts>
      <ispartof></ispartof>
    </parts>
    <polygon>
      <pt>
        <x>265.55</x>
        <y>61.23</y>
      </pt>
      <pt>
        <x>273.58</x>
        <y>58.28</y>
      </pt>
      <pt>
        <x>301.02</x>
        <y>70.52</y>
      </pt>
      <pt>
        <x>288.36</x>
        <y>73.90</y>
      </pt>
      <username></username>
    </polygon>
    <attributes></attributes>
  </object>
  <object>
    <name>lane</name>
    <deleted>0</deleted>
    <verified>0</verified>
    <occluded>no</occluded>
    <date></date>
    <id>4</id>
    <parts>
      <hasparts></hasparts>
      <ispartof></ispartof>
    </parts>
    <polygon>
      <pt>
        <x>196.73</x>
        <y>45.19</y>
      </pt>
      <pt>
        <x>200.95</x>
        <y>43.50</y>
      </pt>
      <pt>
        <x>243.18</x>
        <y>51.52</y>
      </pt>
      <pt>
        <x>236.00</x>
        <y>53.21</y>
      </pt>
      <username></username>
    </polygon>
    <attributes></attributes>
  </object>
  <object>
    <name>lane</name>
    <deleted>0</deleted>
    <verified>0</verified>
    <occluded>no</occluded>
    <date></date>
    <id>5</id>
    <parts>
      <hasparts></hasparts>
      <ispartof></ispartof>
    </parts>
    <polygon>
      <pt>
        <x>414.31</x>
        <y>1901.11</y>
      </pt>
      <pt>
        <x>571.18</x>
        <y>996.54</y>
      </pt>
      <pt>
        <x>633.92</x>
        <y>991.31</y>
      </pt>
      <pt>
        <x>537.40</x>
        <y>1920.00</y>
      </pt>
      <pt>
        <x>525.28</x>
        <y>1920.00</y>
      </pt>
      <username></username>
    </polygon>
    <attributes></attributes>
  </object>
  <object>
    <name>lane</name>
    <deleted>0</deleted>
    <verified>0</verified>
    <occluded>no</occluded>
    <date></date>
    <id>6</id>
    <parts>
      <hasparts></hasparts>
      <ispartof></ispartof>
    </parts>
    <polygon>
      <pt>
        <x>601.26</x>
        <y>477.92</y>
      </pt>
      <pt>
        <x>634.88</x>
        <y>474.76</y>
      </pt>
      <pt>
        <x>647.49</x>
        <y>650.22</y>
      </pt>
      <pt>
        <x>601.26</x>
        <y>651.27</y>
      </pt>
      <username></username>
    </polygon>
    <attributes></attributes>
  </object>
  <object>
    <name>lane</name>
    <deleted>0</deleted>
    <verified>0</verified>
    <occluded>no</occluded>
    <date></date>
    <id>7</id>
    <parts>
      <hasparts></hasparts>
      <ispartof></ispartof>
    </parts>
    <polygon>
      <pt>
        <x>568.30</x>
        <y>300.24</y>
      </pt>
      <pt>
        <x>588.73</x>
        <y>295.86</y>
      </pt>
      <pt>
        <x>615.73</x>
        <y>368.82</y>
      </pt>
      <pt>
        <x>588.00</x>
        <y>371.01</y>
      </pt>
      <username></username>
    </polygon>
    <attributes></attributes>
  </object>
  <object>
    <name>lane</name>
    <deleted>0</deleted>
    <verified>0</verified>
    <occluded>no</occluded>
    <date></date>
    <id>8</id>
    <parts>
      <hasparts></hasparts>
      <ispartof></ispartof>
    </parts>
    <polygon>
      <pt>
        <x>511.30</x>
        <y>206.06</y>
      </pt>
      <pt>
        <x>526.92</x>
        <y>203.53</y>
      </pt>
      <pt>
        <x>561.97</x>
        <y>248.29</y>
      </pt>
      <pt>
        <x>542.54</x>
        <y>247.86</y>
      </pt>
      <username></username>
    </polygon>
    <attributes></attributes>
  </object>
</annotation>
