<annotation>
  <filename>image_2104.jpg</filename>
  <folder></folder>
  <source>
    <sourceImage></sourceImage>
    <sourceAnnotation>Datumaro</sourceAnnotation>
  </source>
  <imagesize>
    <nrows>1920</nrows>
    <ncols>1080</ncols>
  </imagesize>
  <object>
    <name>lane</name>
    <deleted>0</deleted>
    <verified>0</verified>
    <occluded>no</occluded>
    <date></date>
    <id>0</id>
    <parts>
      <hasparts></hasparts>
      <ispartof></ispartof>
    </parts>
    <polygon>
      <pt>
        <x>573.49</x>
        <y>781.86</y>
      </pt>
      <pt>
        <x>588.21</x>
        <y>774.83</y>
      </pt>
      <pt>
        <x>593.82</x>
        <y>775.71</y>
      </pt>
      <pt>
        <x>579.86</x>
        <y>782.96</y>
      </pt>
      <username></username>
    </polygon>
    <attributes></attributes>
  </object>
  <object>
    <name>lane</name>
    <deleted>0</deleted>
    <verified>0</verified>
    <occluded>no</occluded>
    <date></date>
    <id>1</id>
    <parts>
      <hasparts></hasparts>
      <ispartof></ispartof>
    </parts>
    <polygon>
      <pt>
        <x>642.27</x>
        <y>758.35</y>
      </pt>
      <pt>
        <x>659.30</x>
        <y>753.74</y>
      </pt>
      <pt>
        <x>664.46</x>
        <y>755.17</y>
      </pt>
      <pt>
        <x>645.67</x>
        <y>760.22</y>
      </pt>
      <username></username>
    </polygon>
    <attributes></attributes>
  </object>
  <object>
    <name>lane</name>
    <deleted>0</deleted>
    <verified>0</verified>
    <occluded>no</occluded>
    <date></date>
    <id>2</id>
    <parts>
      <hasparts></hasparts>
      <ispartof></ispartof>
    </parts>
    <polygon>
      <pt>
        <x>472.44</x>
        <y>952.78</y>
      </pt>
      <pt>
        <x>461.57</x>
        <y>1055.29</y>
      </pt>
      <pt>
        <x>491.33</x>
        <y>1057.18</y>
      </pt>
      <pt>
        <x>492.28</x>
        <y>954.19</y>
      </pt>
      <username></username>
    </polygon>
    <attributes></attributes>
  </object>
  <object>
    <name>lane</name>
    <deleted>0</deleted>
    <verified>0</verified>
    <occluded>no</occluded>
    <date></date>
    <id>3</id>
    <parts>
      <hasparts></hasparts>
      <ispartof></ispartof>
    </parts>
    <polygon>
      <pt>
        <x>493.73</x>
        <y>859.13</y>
      </pt>
      <pt>
        <x>484.70</x>
        <y>878.54</y>
      </pt>
      <pt>
        <x>481.42</x>
        <y>897.13</y>
      </pt>
      <pt>
        <x>498.10</x>
        <y>897.40</y>
      </pt>
      <pt>
        <x>499.47</x>
        <y>879.36</y>
      </pt>
      <pt>
        <x>505.76</x>
        <y>859.67</y>
      </pt>
      <username></username>
    </polygon>
    <attributes></attributes>
  </object>
  <object>
    <name>lane</name>
    <deleted>0</deleted>
    <verified>0</verified>
    <occluded>no</occluded>
    <date></date>
    <id>4</id>
    <parts>
      <hasparts></hasparts>
      <ispartof></ispartof>
    </parts>
    <polygon>
      <pt>
        <x>524.62</x>
        <y>815.40</y>
      </pt>
      <pt>
        <x>506.74</x>
        <y>834.86</y>
      </pt>
      <pt>
        <x>517.18</x>
        <y>835.34</y>
      </pt>
      <pt>
        <x>533.32</x>
        <y>816.04</y>
      </pt>
      <username></username>
    </polygon>
    <attributes></attributes>
  </object>
  <object>
    <name>lane</name>
    <deleted>0</deleted>
    <verified>0</verified>
    <occluded>no</occluded>
    <date></date>
    <id>5</id>
    <parts>
      <hasparts></hasparts>
      <ispartof></ispartof>
    </parts>
    <polygon>
      <pt>
        <x>556.79</x>
        <y>790.87</y>
      </pt>
      <pt>
        <x>541.08</x>
        <y>801.86</y>
      </pt>
      <pt>
        <x>550.53</x>
        <y>802.63</y>
      </pt>
      <pt>
        <x>564.59</x>
        <y>790.87</y>
      </pt>
      <username></username>
    </polygon>
    <attributes></attributes>
  </object>
  <object>
    <name>lane</name>
    <deleted>0</deleted>
    <verified>0</verified>
    <occluded>no</occluded>
    <date></date>
    <id>6</id>
    <parts>
      <hasparts></hasparts>
      <ispartof></ispartof>
    </parts>
    <polygon>
      <pt>
        <x>605.24</x>
        <y>770.00</y>
      </pt>
      <pt>
        <x>622.93</x>
        <y>763.08</y>
      </pt>
      <pt>
        <x>627.66</x>
        <y>763.08</y>
      </pt>
      <pt>
        <x>610.63</x>
        <y>769.78</y>
      </pt>
      <username></username>
    </polygon>
    <attributes></attributes>
  </object>
  <object>
    <name>lane</name>
    <deleted>0</deleted>
    <verified>0</verified>
    <occluded>no</occluded>
    <date></date>
    <id>7</id>
    <parts>
      <hasparts></hasparts>
      <ispartof></ispartof>
    </parts>
    <polygon>
      <pt>
        <x>458.80</x>
        <y>1284.70</y>
      </pt>
      <pt>
        <x>481.14</x>
        <y>1625.95</y>
      </pt>
      <pt>
        <x>504.98</x>
        <y>1920.00</y>
      </pt>
      <pt>
        <x>594.55</x>
        <y>1920.00</y>
      </pt>
      <pt>
        <x>548.17</x>
        <y>1579.23</y>
      </pt>
      <pt>
        <x>501.45</x>
        <y>1280.64</y>
      </pt>
      <username></username>
    </polygon>
    <attributes></attributes>
  </object>
</annotation>
