<annotation>
  <filename>image_1589.jpg</filename>
  <folder></folder>
  <source>
    <sourceImage></sourceImage>
    <sourceAnnotation>Datumaro</sourceAnnotation>
  </source>
  <imagesize>
    <nrows>1920</nrows>
    <ncols>1080</ncols>
  </imagesize>
  <object>
    <name>lane</name>
    <deleted>0</deleted>
    <verified>0</verified>
    <occluded>no</occluded>
    <date></date>
    <id>0</id>
    <parts>
      <hasparts></hasparts>
      <ispartof></ispartof>
    </parts>
    <type>bounding_box</type>
    <polygon>
      <pt>
        <x>467.95</x>
        <y>228.74</y>
      </pt>
      <pt>
        <x>496.27</x>
        <y>228.74</y>
      </pt>
      <pt>
        <x>496.27</x>
        <y>283.20</y>
      </pt>
      <pt>
        <x>467.95</x>
        <y>283.20</y>
      </pt>
      <username></username>
    </polygon>
    <attributes>rotation=0.0</attributes>
  </object>
  <object>
    <name>lane</name>
    <deleted>0</deleted>
    <verified>0</verified>
    <occluded>no</occluded>
    <date></date>
    <id>1</id>
    <parts>
      <hasparts></hasparts>
      <ispartof></ispartof>
    </parts>
    <type>bounding_box</type>
    <polygon>
      <pt>
        <x>478.12</x>
        <y>90.97</y>
      </pt>
      <pt>
        <x>489.31</x>
        <y>90.97</y>
      </pt>
      <pt>
        <x>489.31</x>
        <y>104.48</y>
      </pt>
      <pt>
        <x>478.12</x>
        <y>104.48</y>
      </pt>
      <username></username>
    </polygon>
    <attributes>rotation=0.0</attributes>
  </object>
  <object>
    <name>lane</name>
    <deleted>0</deleted>
    <verified>0</verified>
    <occluded>no</occluded>
    <date></date>
    <id>2</id>
    <parts>
      <hasparts></hasparts>
      <ispartof></ispartof>
    </parts>
    <type>bounding_box</type>
    <polygon>
      <pt>
        <x>476.97</x>
        <y>119.14</y>
      </pt>
      <pt>
        <x>491.63</x>
        <y>119.14</y>
      </pt>
      <pt>
        <x>491.63</x>
        <y>136.90</y>
      </pt>
      <pt>
        <x>476.97</x>
        <y>136.90</y>
      </pt>
      <username></username>
    </polygon>
    <attributes>rotation=0.0</attributes>
  </object>
  <object>
    <name>lane</name>
    <deleted>0</deleted>
    <verified>0</verified>
    <occluded>no</occluded>
    <date></date>
    <id>3</id>
    <parts>
      <hasparts></hasparts>
      <ispartof></ispartof>
    </parts>
    <type>bounding_box</type>
    <polygon>
      <pt>
        <x>476.97</x>
        <y>162.37</y>
      </pt>
      <pt>
        <x>494.33</x>
        <y>162.37</y>
      </pt>
      <pt>
        <x>494.33</x>
        <y>192.85</y>
      </pt>
      <pt>
        <x>476.97</x>
        <y>192.85</y>
      </pt>
      <username></username>
    </polygon>
    <attributes>rotation=0.0</attributes>
  </object>
  <object>
    <name>lane</name>
    <deleted>0</deleted>
    <verified>0</verified>
    <occluded>no</occluded>
    <date></date>
    <id>4</id>
    <parts>
      <hasparts></hasparts>
      <ispartof></ispartof>
    </parts>
    <type>bounding_box</type>
    <polygon>
      <pt>
        <x>479.28</x>
        <y>67.05</y>
      </pt>
      <pt>
        <x>488.93</x>
        <y>67.05</y>
      </pt>
      <pt>
        <x>488.93</x>
        <y>77.08</y>
      </pt>
      <pt>
        <x>479.28</x>
        <y>77.08</y>
      </pt>
      <username></username>
    </polygon>
    <attributes>rotation=0.0</attributes>
  </object>
  <object>
    <name>lane</name>
    <deleted>0</deleted>
    <verified>0</verified>
    <occluded>no</occluded>
    <date></date>
    <id>5</id>
    <parts>
      <hasparts></hasparts>
      <ispartof></ispartof>
    </parts>
    <type>bounding_box</type>
    <polygon>
      <pt>
        <x>481.21</x>
        <y>25.37</y>
      </pt>
      <pt>
        <x>487.77</x>
        <y>25.37</y>
      </pt>
      <pt>
        <x>487.77</x>
        <y>30.38</y>
      </pt>
      <pt>
        <x>481.21</x>
        <y>30.38</y>
      </pt>
      <username></username>
    </polygon>
    <attributes>rotation=0.0</attributes>
  </object>
  <object>
    <name>lane</name>
    <deleted>0</deleted>
    <verified>0</verified>
    <occluded>no</occluded>
    <date></date>
    <id>6</id>
    <parts>
      <hasparts></hasparts>
      <ispartof></ispartof>
    </parts>
    <type>bounding_box</type>
    <polygon>
      <pt>
        <x>467.95</x>
        <y>346.38</y>
      </pt>
      <pt>
        <x>496.27</x>
        <y>346.38</y>
      </pt>
      <pt>
        <x>496.27</x>
        <y>442.24</y>
      </pt>
      <pt>
        <x>467.95</x>
        <y>442.24</y>
      </pt>
      <username></username>
    </polygon>
    <attributes>rotation=0.0</attributes>
  </object>
  <object>
    <name>lane</name>
    <deleted>0</deleted>
    <verified>0</verified>
    <occluded>no</occluded>
    <date></date>
    <id>7</id>
    <parts>
      <hasparts></hasparts>
      <ispartof></ispartof>
    </parts>
    <type>bounding_box</type>
    <polygon>
      <pt>
        <x>461.42</x>
        <y>596.93</y>
      </pt>
      <pt>
        <x>511.53</x>
        <y>596.93</y>
      </pt>
      <pt>
        <x>511.53</x>
        <y>877.97</y>
      </pt>
      <pt>
        <x>461.42</x>
        <y>877.97</y>
      </pt>
      <username></username>
    </polygon>
    <attributes>rotation=0.0</attributes>
  </object>
  <object>
    <name>lane</name>
    <deleted>0</deleted>
    <verified>0</verified>
    <occluded>no</occluded>
    <date></date>
    <id>8</id>
    <parts>
      <hasparts></hasparts>
      <ispartof></ispartof>
    </parts>
    <type>bounding_box</type>
    <polygon>
      <pt>
        <x>412.95</x>
        <y>1557.72</y>
      </pt>
      <pt>
        <x>543.96</x>
        <y>1557.72</y>
      </pt>
      <pt>
        <x>543.96</x>
        <y>1914.61</y>
      </pt>
      <pt>
        <x>412.95</x>
        <y>1914.61</y>
      </pt>
      <username></username>
    </polygon>
    <attributes>rotation=0.0</attributes>
  </object>
  <object>
    <name>lane</name>
    <deleted>0</deleted>
    <verified>0</verified>
    <occluded>no</occluded>
    <date></date>
    <id>9</id>
    <parts>
      <hasparts></hasparts>
      <ispartof></ispartof>
    </parts>
    <type>bounding_box</type>
    <polygon>
      <pt>
        <x>480.05</x>
        <y>51.61</y>
      </pt>
      <pt>
        <x>487.77</x>
        <y>51.61</y>
      </pt>
      <pt>
        <x>487.77</x>
        <y>58.56</y>
      </pt>
      <pt>
        <x>480.05</x>
        <y>58.56</y>
      </pt>
      <username></username>
    </polygon>
    <attributes>rotation=0.0</attributes>
  </object>
  <object>
    <name>lane</name>
    <deleted>0</deleted>
    <verified>0</verified>
    <occluded>no</occluded>
    <date></date>
    <id>10</id>
    <parts>
      <hasparts></hasparts>
      <ispartof></ispartof>
    </parts>
    <type>bounding_box</type>
    <polygon>
      <pt>
        <x>481.21</x>
        <y>36.56</y>
      </pt>
      <pt>
        <x>488.54</x>
        <y>36.56</y>
      </pt>
      <pt>
        <x>488.54</x>
        <y>42.35</y>
      </pt>
      <pt>
        <x>481.21</x>
        <y>42.35</y>
      </pt>
      <username></username>
    </polygon>
    <attributes>rotation=0.0</attributes>
  </object>
</annotation>
