<annotation>
  <filename>image_627.jpg</filename>
  <folder></folder>
  <source>
    <sourceImage></sourceImage>
    <sourceAnnotation>Datumaro</sourceAnnotation>
  </source>
  <imagesize>
    <nrows>1920</nrows>
    <ncols>1080</ncols>
  </imagesize>
  <object>
    <name>lane</name>
    <deleted>0</deleted>
    <verified>0</verified>
    <occluded>no</occluded>
    <date></date>
    <id>0</id>
    <parts>
      <hasparts></hasparts>
      <ispartof></ispartof>
    </parts>
    <polygon>
      <pt>
        <x>696.50</x>
        <y>147.70</y>
      </pt>
      <pt>
        <x>714.20</x>
        <y>150.20</y>
      </pt>
      <pt>
        <x>681.00</x>
        <y>175.60</y>
      </pt>
      <pt>
        <x>660.10</x>
        <y>176.00</y>
      </pt>
      <username></username>
    </polygon>
    <attributes></attributes>
  </object>
  <object>
    <name>lane</name>
    <deleted>0</deleted>
    <verified>0</verified>
    <occluded>no</occluded>
    <date></date>
    <id>1</id>
    <parts>
      <hasparts></hasparts>
      <ispartof></ispartof>
    </parts>
    <polygon>
      <pt>
        <x>418.80</x>
        <y>383.40</y>
      </pt>
      <pt>
        <x>450.00</x>
        <y>387.90</y>
      </pt>
      <pt>
        <x>346.16</x>
        <y>551.08</y>
      </pt>
      <pt>
        <x>308.30</x>
        <y>540.50</y>
      </pt>
      <username></username>
    </polygon>
    <attributes></attributes>
  </object>
  <object>
    <name>lane</name>
    <deleted>0</deleted>
    <verified>0</verified>
    <occluded>no</occluded>
    <date></date>
    <id>2</id>
    <parts>
      <hasparts></hasparts>
      <ispartof></ispartof>
    </parts>
    <polygon>
      <pt>
        <x>755.50</x>
        <y>93.70</y>
      </pt>
      <pt>
        <x>768.20</x>
        <y>93.70</y>
      </pt>
      <pt>
        <x>747.40</x>
        <y>122.00</y>
      </pt>
      <pt>
        <x>730.10</x>
        <y>121.20</y>
      </pt>
      <username></username>
    </polygon>
    <attributes></attributes>
  </object>
  <object>
    <name>lane</name>
    <deleted>0</deleted>
    <verified>0</verified>
    <occluded>no</occluded>
    <date></date>
    <id>3</id>
    <parts>
      <hasparts></hasparts>
      <ispartof></ispartof>
    </parts>
    <polygon>
      <pt>
        <x>711.17</x>
        <y>15.92</y>
      </pt>
      <pt>
        <x>718.50</x>
        <y>14.45</y>
      </pt>
      <pt>
        <x>741.96</x>
        <y>25.01</y>
      </pt>
      <pt>
        <x>730.53</x>
        <y>26.48</y>
      </pt>
      <username></username>
    </polygon>
    <attributes></attributes>
  </object>
  <object>
    <name>lane</name>
    <deleted>0</deleted>
    <verified>0</verified>
    <occluded>no</occluded>
    <date></date>
    <id>4</id>
    <parts>
      <hasparts></hasparts>
      <ispartof></ispartof>
    </parts>
    <polygon>
      <pt>
        <x>668.40</x>
        <y>4.50</y>
      </pt>
      <pt>
        <x>692.99</x>
        <y>10.93</y>
      </pt>
      <pt>
        <x>700.62</x>
        <y>8.59</y>
      </pt>
      <pt>
        <x>676.28</x>
        <y>1.84</y>
      </pt>
      <username></username>
    </polygon>
    <attributes></attributes>
  </object>
  <object>
    <name>lane</name>
    <deleted>0</deleted>
    <verified>0</verified>
    <occluded>no</occluded>
    <date></date>
    <id>5</id>
    <parts>
      <hasparts></hasparts>
      <ispartof></ispartof>
    </parts>
    <polygon>
      <pt>
        <x>295.12</x>
        <y>1333.43</y>
      </pt>
      <pt>
        <x>384.08</x>
        <y>1324.35</y>
      </pt>
      <pt>
        <x>304.20</x>
        <y>966.69</y>
      </pt>
      <pt>
        <x>296.93</x>
        <y>788.76</y>
      </pt>
      <pt>
        <x>240.65</x>
        <y>790.58</y>
      </pt>
      <pt>
        <x>240.65</x>
        <y>981.21</y>
      </pt>
      <username></username>
    </polygon>
    <attributes></attributes>
  </object>
  <object>
    <name>lane</name>
    <deleted>0</deleted>
    <verified>0</verified>
    <occluded>no</occluded>
    <date></date>
    <id>6</id>
    <parts>
      <hasparts></hasparts>
      <ispartof></ispartof>
    </parts>
    <polygon>
      <pt>
        <x>744.31</x>
        <y>33.81</y>
      </pt>
      <pt>
        <x>753.40</x>
        <y>32.93</y>
      </pt>
      <pt>
        <x>770.40</x>
        <y>47.29</y>
      </pt>
      <pt>
        <x>757.50</x>
        <y>47.29</y>
      </pt>
      <username></username>
    </polygon>
    <attributes></attributes>
  </object>
  <object>
    <name>lane</name>
    <deleted>0</deleted>
    <verified>0</verified>
    <occluded>no</occluded>
    <date></date>
    <id>7</id>
    <parts>
      <hasparts></hasparts>
      <ispartof></ispartof>
    </parts>
    <polygon>
      <pt>
        <x>762.90</x>
        <y>59.40</y>
      </pt>
      <pt>
        <x>760.50</x>
        <y>78.20</y>
      </pt>
      <pt>
        <x>776.00</x>
        <y>76.50</y>
      </pt>
      <pt>
        <x>774.60</x>
        <y>60.00</y>
      </pt>
      <username></username>
    </polygon>
    <attributes></attributes>
  </object>
</annotation>
