<annotation>
  <filename>image_210.jpg</filename>
  <folder></folder>
  <source>
    <sourceImage></sourceImage>
    <sourceAnnotation>Datumaro</sourceAnnotation>
  </source>
  <imagesize>
    <nrows>1920</nrows>
    <ncols>1080</ncols>
  </imagesize>
  <object>
    <name>lane</name>
    <deleted>0</deleted>
    <verified>0</verified>
    <occluded>no</occluded>
    <date></date>
    <id>0</id>
    <parts>
      <hasparts></hasparts>
      <ispartof></ispartof>
    </parts>
    <polygon>
      <pt>
        <x>512.45</x>
        <y>439.41</y>
      </pt>
      <pt>
        <x>525.58</x>
        <y>480.14</y>
      </pt>
      <pt>
        <x>540.88</x>
        <y>479.87</y>
      </pt>
      <pt>
        <x>523.66</x>
        <y>441.05</y>
      </pt>
      <username></username>
    </polygon>
    <attributes></attributes>
  </object>
  <object>
    <name>lane</name>
    <deleted>0</deleted>
    <verified>0</verified>
    <occluded>no</occluded>
    <date></date>
    <id>1</id>
    <parts>
      <hasparts></hasparts>
      <ispartof></ispartof>
    </parts>
    <polygon>
      <pt>
        <x>533.91</x>
        <y>522.98</y>
      </pt>
      <pt>
        <x>545.40</x>
        <y>608.82</y>
      </pt>
      <pt>
        <x>568.91</x>
        <y>608.00</y>
      </pt>
      <pt>
        <x>551.14</x>
        <y>523.80</y>
      </pt>
      <username></username>
    </polygon>
    <attributes></attributes>
  </object>
  <object>
    <name>lane</name>
    <deleted>0</deleted>
    <verified>0</verified>
    <occluded>no</occluded>
    <date></date>
    <id>2</id>
    <parts>
      <hasparts></hasparts>
      <ispartof></ispartof>
    </parts>
    <polygon>
      <pt>
        <x>550.05</x>
        <y>751.67</y>
      </pt>
      <pt>
        <x>554.13</x>
        <y>934.53</y>
      </pt>
      <pt>
        <x>547.60</x>
        <y>1083.10</y>
      </pt>
      <pt>
        <x>602.29</x>
        <y>1086.36</y>
      </pt>
      <pt>
        <x>596.58</x>
        <y>939.43</y>
      </pt>
      <pt>
        <x>579.43</x>
        <y>753.31</y>
      </pt>
      <username></username>
    </polygon>
    <attributes></attributes>
  </object>
  <object>
    <name>lane</name>
    <deleted>0</deleted>
    <verified>0</verified>
    <occluded>no</occluded>
    <date></date>
    <id>3</id>
    <parts>
      <hasparts></hasparts>
      <ispartof></ispartof>
    </parts>
    <polygon>
      <pt>
        <x>484.84</x>
        <y>394.57</y>
      </pt>
      <pt>
        <x>500.42</x>
        <y>417.81</y>
      </pt>
      <pt>
        <x>509.17</x>
        <y>416.71</y>
      </pt>
      <pt>
        <x>494.41</x>
        <y>394.02</y>
      </pt>
      <username></username>
    </polygon>
    <attributes></attributes>
  </object>
</annotation>
