<annotation>
  <filename>image_2359.jpg</filename>
  <folder></folder>
  <source>
    <sourceImage></sourceImage>
    <sourceAnnotation>Datumaro</sourceAnnotation>
  </source>
  <imagesize>
    <nrows>1920</nrows>
    <ncols>1080</ncols>
  </imagesize>
  <object>
    <name>lane</name>
    <deleted>0</deleted>
    <verified>0</verified>
    <occluded>no</occluded>
    <date></date>
    <id>0</id>
    <parts>
      <hasparts></hasparts>
      <ispartof></ispartof>
    </parts>
    <type>bounding_box</type>
    <polygon>
      <pt>
        <x>469.19</x>
        <y>521.87</y>
      </pt>
      <pt>
        <x>490.32</x>
        <y>521.87</y>
      </pt>
      <pt>
        <x>490.32</x>
        <y>689.43</y>
      </pt>
      <pt>
        <x>469.19</x>
        <y>689.43</y>
      </pt>
      <username></username>
    </polygon>
    <attributes>rotation=0.0</attributes>
  </object>
  <object>
    <name>lane</name>
    <deleted>0</deleted>
    <verified>0</verified>
    <occluded>no</occluded>
    <date></date>
    <id>1</id>
    <parts>
      <hasparts></hasparts>
      <ispartof></ispartof>
    </parts>
    <type>bounding_box</type>
    <polygon>
      <pt>
        <x>487.94</x>
        <y>229.19</y>
      </pt>
      <pt>
        <x>493.63</x>
        <y>229.19</y>
      </pt>
      <pt>
        <x>493.63</x>
        <y>235.28</y>
      </pt>
      <pt>
        <x>487.94</x>
        <y>235.28</y>
      </pt>
      <username></username>
    </polygon>
    <attributes>rotation=0.0</attributes>
  </object>
  <object>
    <name>lane</name>
    <deleted>0</deleted>
    <verified>0</verified>
    <occluded>no</occluded>
    <date></date>
    <id>2</id>
    <parts>
      <hasparts></hasparts>
      <ispartof></ispartof>
    </parts>
    <type>bounding_box</type>
    <polygon>
      <pt>
        <x>477.85</x>
        <y>387.00</y>
      </pt>
      <pt>
        <x>493.87</x>
        <y>387.00</y>
      </pt>
      <pt>
        <x>493.87</x>
        <y>442.33</y>
      </pt>
      <pt>
        <x>477.85</x>
        <y>442.33</y>
      </pt>
      <username></username>
    </polygon>
    <attributes>rotation=0.0</attributes>
  </object>
  <object>
    <name>lane</name>
    <deleted>0</deleted>
    <verified>0</verified>
    <occluded>no</occluded>
    <date></date>
    <id>3</id>
    <parts>
      <hasparts></hasparts>
      <ispartof></ispartof>
    </parts>
    <polygon>
      <pt>
        <x>431.70</x>
        <y>1050.20</y>
      </pt>
      <pt>
        <x>388.22</x>
        <y>1920.00</y>
      </pt>
      <pt>
        <x>485.22</x>
        <y>1920.00</y>
      </pt>
      <pt>
        <x>496.80</x>
        <y>1275.70</y>
      </pt>
      <pt>
        <x>490.70</x>
        <y>1065.90</y>
      </pt>
      <pt>
        <x>466.28</x>
        <y>1057.25</y>
      </pt>
      <username></username>
    </polygon>
    <attributes></attributes>
  </object>
  <object>
    <name>lane</name>
    <deleted>0</deleted>
    <verified>0</verified>
    <occluded>no</occluded>
    <date></date>
    <id>4</id>
    <parts>
      <hasparts></hasparts>
      <ispartof></ispartof>
    </parts>
    <type>bounding_box</type>
    <polygon>
      <pt>
        <x>484.41</x>
        <y>323.67</y>
      </pt>
      <pt>
        <x>492.41</x>
        <y>323.67</y>
      </pt>
      <pt>
        <x>492.41</x>
        <y>353.52</y>
      </pt>
      <pt>
        <x>484.41</x>
        <y>353.52</y>
      </pt>
      <username></username>
    </polygon>
    <attributes>rotation=0.0</attributes>
  </object>
  <object>
    <name>lane</name>
    <deleted>0</deleted>
    <verified>0</verified>
    <occluded>no</occluded>
    <date></date>
    <id>5</id>
    <parts>
      <hasparts></hasparts>
      <ispartof></ispartof>
    </parts>
    <type>bounding_box</type>
    <polygon>
      <pt>
        <x>486.21</x>
        <y>291.07</y>
      </pt>
      <pt>
        <x>494.81</x>
        <y>291.07</y>
      </pt>
      <pt>
        <x>494.81</x>
        <y>306.75</y>
      </pt>
      <pt>
        <x>486.21</x>
        <y>306.75</y>
      </pt>
      <username></username>
    </polygon>
    <attributes>rotation=0.0</attributes>
  </object>
  <object>
    <name>lane</name>
    <deleted>0</deleted>
    <verified>0</verified>
    <occluded>no</occluded>
    <date></date>
    <id>6</id>
    <parts>
      <hasparts></hasparts>
      <ispartof></ispartof>
    </parts>
    <type>bounding_box</type>
    <polygon>
      <pt>
        <x>486.72</x>
        <y>265.80</y>
      </pt>
      <pt>
        <x>493.79</x>
        <y>265.80</y>
      </pt>
      <pt>
        <x>493.79</x>
        <y>279.95</y>
      </pt>
      <pt>
        <x>486.72</x>
        <y>279.95</y>
      </pt>
      <username></username>
    </polygon>
    <attributes>rotation=0.0</attributes>
  </object>
  <object>
    <name>lane</name>
    <deleted>0</deleted>
    <verified>0</verified>
    <occluded>no</occluded>
    <date></date>
    <id>7</id>
    <parts>
      <hasparts></hasparts>
      <ispartof></ispartof>
    </parts>
    <type>bounding_box</type>
    <polygon>
      <pt>
        <x>487.33</x>
        <y>251.54</y>
      </pt>
      <pt>
        <x>494.03</x>
        <y>251.54</y>
      </pt>
      <pt>
        <x>494.03</x>
        <y>261.69</y>
      </pt>
      <pt>
        <x>487.33</x>
        <y>261.69</y>
      </pt>
      <username></username>
    </polygon>
    <attributes>rotation=0.0</attributes>
  </object>
  <object>
    <name>lane</name>
    <deleted>0</deleted>
    <verified>0</verified>
    <occluded>no</occluded>
    <date></date>
    <id>8</id>
    <parts>
      <hasparts></hasparts>
      <ispartof></ispartof>
    </parts>
    <type>bounding_box</type>
    <polygon>
      <pt>
        <x>488.14</x>
        <y>238.94</y>
      </pt>
      <pt>
        <x>494.03</x>
        <y>238.94</y>
      </pt>
      <pt>
        <x>494.03</x>
        <y>245.24</y>
      </pt>
      <pt>
        <x>488.14</x>
        <y>245.24</y>
      </pt>
      <username></username>
    </polygon>
    <attributes>rotation=0.0</attributes>
  </object>
</annotation>
