<annotation>
  <filename>image_1486.jpg</filename>
  <folder></folder>
  <source>
    <sourceImage></sourceImage>
    <sourceAnnotation>Datumaro</sourceAnnotation>
  </source>
  <imagesize>
    <nrows>486</nrows>
    <ncols>1080</ncols>
  </imagesize>
  <object>
    <name>lane</name>
    <deleted>0</deleted>
    <verified>0</verified>
    <occluded>no</occluded>
    <date></date>
    <id>0</id>
    <parts>
      <hasparts></hasparts>
      <ispartof></ispartof>
    </parts>
    <polygon>
      <pt>
        <x>594.73</x>
        <y>222.65</y>
      </pt>
      <pt>
        <x>594.31</x>
        <y>248.38</y>
      </pt>
      <pt>
        <x>1079.80</x>
        <y>250.20</y>
      </pt>
      <pt>
        <x>1080.00</x>
        <y>192.90</y>
      </pt>
      <username></username>
    </polygon>
    <attributes></attributes>
  </object>
  <object>
    <name>lane</name>
    <deleted>0</deleted>
    <verified>0</verified>
    <occluded>no</occluded>
    <date></date>
    <id>1</id>
    <parts>
      <hasparts></hasparts>
      <ispartof></ispartof>
    </parts>
    <type>bounding_box</type>
    <polygon>
      <pt>
        <x>222.12</x>
        <y>242.32</y>
      </pt>
      <pt>
        <x>225.59</x>
        <y>242.32</y>
      </pt>
      <pt>
        <x>225.59</x>
        <y>245.33</y>
      </pt>
      <pt>
        <x>222.12</x>
        <y>245.33</y>
      </pt>
      <username></username>
    </polygon>
    <attributes>rotation=0.0</attributes>
  </object>
  <object>
    <name>lane</name>
    <deleted>0</deleted>
    <verified>0</verified>
    <occluded>no</occluded>
    <date></date>
    <id>2</id>
    <parts>
      <hasparts></hasparts>
      <ispartof></ispartof>
    </parts>
    <type>bounding_box</type>
    <polygon>
      <pt>
        <x>228.30</x>
        <y>242.32</y>
      </pt>
      <pt>
        <x>232.82</x>
        <y>242.32</y>
      </pt>
      <pt>
        <x>232.82</x>
        <y>245.18</y>
      </pt>
      <pt>
        <x>228.30</x>
        <y>245.18</y>
      </pt>
      <username></username>
    </polygon>
    <attributes>rotation=0.0</attributes>
  </object>
  <object>
    <name>lane</name>
    <deleted>0</deleted>
    <verified>0</verified>
    <occluded>no</occluded>
    <date></date>
    <id>3</id>
    <parts>
      <hasparts></hasparts>
      <ispartof></ispartof>
    </parts>
    <type>bounding_box</type>
    <polygon>
      <pt>
        <x>247.14</x>
        <y>241.41</y>
      </pt>
      <pt>
        <x>254.68</x>
        <y>241.41</y>
      </pt>
      <pt>
        <x>254.68</x>
        <y>244.88</y>
      </pt>
      <pt>
        <x>247.14</x>
        <y>244.88</y>
      </pt>
      <username></username>
    </polygon>
    <attributes>rotation=0.0</attributes>
  </object>
  <object>
    <name>lane</name>
    <deleted>0</deleted>
    <verified>0</verified>
    <occluded>no</occluded>
    <date></date>
    <id>4</id>
    <parts>
      <hasparts></hasparts>
      <ispartof></ispartof>
    </parts>
    <type>bounding_box</type>
    <polygon>
      <pt>
        <x>217.75</x>
        <y>242.62</y>
      </pt>
      <pt>
        <x>220.01</x>
        <y>242.62</y>
      </pt>
      <pt>
        <x>220.01</x>
        <y>244.88</y>
      </pt>
      <pt>
        <x>217.75</x>
        <y>244.88</y>
      </pt>
      <username></username>
    </polygon>
    <attributes>rotation=0.0</attributes>
  </object>
  <object>
    <name>lane</name>
    <deleted>0</deleted>
    <verified>0</verified>
    <occluded>no</occluded>
    <date></date>
    <id>5</id>
    <parts>
      <hasparts></hasparts>
      <ispartof></ispartof>
    </parts>
    <type>bounding_box</type>
    <polygon>
      <pt>
        <x>264.15</x>
        <y>239.50</y>
      </pt>
      <pt>
        <x>278.92</x>
        <y>239.50</y>
      </pt>
      <pt>
        <x>278.92</x>
        <y>247.24</y>
      </pt>
      <pt>
        <x>264.15</x>
        <y>247.24</y>
      </pt>
      <username></username>
    </polygon>
    <attributes>rotation=0.0</attributes>
  </object>
  <object>
    <name>lane</name>
    <deleted>0</deleted>
    <verified>0</verified>
    <occluded>no</occluded>
    <date></date>
    <id>6</id>
    <parts>
      <hasparts></hasparts>
      <ispartof></ispartof>
    </parts>
    <type>bounding_box</type>
    <polygon>
      <pt>
        <x>296.06</x>
        <y>237.73</y>
      </pt>
      <pt>
        <x>322.65</x>
        <y>237.73</y>
      </pt>
      <pt>
        <x>322.65</x>
        <y>246.65</y>
      </pt>
      <pt>
        <x>296.06</x>
        <y>246.65</y>
      </pt>
      <username></username>
    </polygon>
    <attributes>rotation=0.0</attributes>
  </object>
  <object>
    <name>lane</name>
    <deleted>0</deleted>
    <verified>0</verified>
    <occluded>no</occluded>
    <date></date>
    <id>7</id>
    <parts>
      <hasparts></hasparts>
      <ispartof></ispartof>
    </parts>
    <type>bounding_box</type>
    <polygon>
      <pt>
        <x>359.30</x>
        <y>231.82</y>
      </pt>
      <pt>
        <x>431.99</x>
        <y>231.82</y>
      </pt>
      <pt>
        <x>431.99</x>
        <y>247.24</y>
      </pt>
      <pt>
        <x>359.30</x>
        <y>247.24</y>
      </pt>
      <username></username>
    </polygon>
    <attributes>rotation=0.0</attributes>
  </object>
  <object>
    <name>lane</name>
    <deleted>0</deleted>
    <verified>0</verified>
    <occluded>no</occluded>
    <date></date>
    <id>8</id>
    <parts>
      <hasparts></hasparts>
      <ispartof></ispartof>
    </parts>
    <type>bounding_box</type>
    <polygon>
      <pt>
        <x>236.29</x>
        <y>241.26</y>
      </pt>
      <pt>
        <x>242.17</x>
        <y>241.26</y>
      </pt>
      <pt>
        <x>242.17</x>
        <y>245.64</y>
      </pt>
      <pt>
        <x>236.29</x>
        <y>245.64</y>
      </pt>
      <username></username>
    </polygon>
    <attributes>rotation=0.0</attributes>
  </object>
</annotation>
