<annotation>
  <filename>image_1110.jpg</filename>
  <folder></folder>
  <source>
    <sourceImage></sourceImage>
    <sourceAnnotation>Datumaro</sourceAnnotation>
  </source>
  <imagesize>
    <nrows>1920</nrows>
    <ncols>1080</ncols>
  </imagesize>
  <object>
    <name>lane</name>
    <deleted>0</deleted>
    <verified>0</verified>
    <occluded>no</occluded>
    <date></date>
    <id>0</id>
    <parts>
      <hasparts></hasparts>
      <ispartof></ispartof>
    </parts>
    <type>bounding_box</type>
    <polygon>
      <pt>
        <x>408.32</x>
        <y>92.43</y>
      </pt>
      <pt>
        <x>415.02</x>
        <y>92.43</y>
      </pt>
      <pt>
        <x>415.02</x>
        <y>96.98</y>
      </pt>
      <pt>
        <x>408.32</x>
        <y>96.98</y>
      </pt>
      <username></username>
    </polygon>
    <attributes>rotation=0.0</attributes>
  </object>
  <object>
    <name>lane</name>
    <deleted>0</deleted>
    <verified>0</verified>
    <occluded>no</occluded>
    <date></date>
    <id>1</id>
    <parts>
      <hasparts></hasparts>
      <ispartof></ispartof>
    </parts>
    <type>bounding_box</type>
    <polygon>
      <pt>
        <x>408.94</x>
        <y>400.74</y>
      </pt>
      <pt>
        <x>440.29</x>
        <y>400.74</y>
      </pt>
      <pt>
        <x>440.29</x>
        <y>490.10</y>
      </pt>
      <pt>
        <x>408.94</x>
        <y>490.10</y>
      </pt>
      <username></username>
    </polygon>
    <attributes>rotation=0.0</attributes>
  </object>
  <object>
    <name>lane</name>
    <deleted>0</deleted>
    <verified>0</verified>
    <occluded>no</occluded>
    <date></date>
    <id>2</id>
    <parts>
      <hasparts></hasparts>
      <ispartof></ispartof>
    </parts>
    <type>bounding_box</type>
    <polygon>
      <pt>
        <x>407.19</x>
        <y>293.69</y>
      </pt>
      <pt>
        <x>429.96</x>
        <y>293.69</y>
      </pt>
      <pt>
        <x>429.96</x>
        <y>338.46</y>
      </pt>
      <pt>
        <x>407.19</x>
        <y>338.46</y>
      </pt>
      <username></username>
    </polygon>
    <attributes>rotation=0.0</attributes>
  </object>
  <object>
    <name>lane</name>
    <deleted>0</deleted>
    <verified>0</verified>
    <occluded>no</occluded>
    <date></date>
    <id>3</id>
    <parts>
      <hasparts></hasparts>
      <ispartof></ispartof>
    </parts>
    <type>bounding_box</type>
    <polygon>
      <pt>
        <x>408.35</x>
        <y>232.72</y>
      </pt>
      <pt>
        <x>424.56</x>
        <y>232.72</y>
      </pt>
      <pt>
        <x>424.56</x>
        <y>258.58</y>
      </pt>
      <pt>
        <x>408.35</x>
        <y>258.58</y>
      </pt>
      <username></username>
    </polygon>
    <attributes>rotation=0.0</attributes>
  </object>
  <object>
    <name>lane</name>
    <deleted>0</deleted>
    <verified>0</verified>
    <occluded>no</occluded>
    <date></date>
    <id>4</id>
    <parts>
      <hasparts></hasparts>
      <ispartof></ispartof>
    </parts>
    <type>bounding_box</type>
    <polygon>
      <pt>
        <x>408.01</x>
        <y>191.84</y>
      </pt>
      <pt>
        <x>420.79</x>
        <y>191.84</y>
      </pt>
      <pt>
        <x>420.79</x>
        <y>211.29</y>
      </pt>
      <pt>
        <x>408.01</x>
        <y>211.29</y>
      </pt>
      <username></username>
    </polygon>
    <attributes>rotation=0.0</attributes>
  </object>
  <object>
    <name>lane</name>
    <deleted>0</deleted>
    <verified>0</verified>
    <occluded>no</occluded>
    <date></date>
    <id>5</id>
    <parts>
      <hasparts></hasparts>
      <ispartof></ispartof>
    </parts>
    <type>bounding_box</type>
    <polygon>
      <pt>
        <x>407.78</x>
        <y>162.11</y>
      </pt>
      <pt>
        <x>419.30</x>
        <y>162.11</y>
      </pt>
      <pt>
        <x>419.30</x>
        <y>180.60</y>
      </pt>
      <pt>
        <x>407.78</x>
        <y>180.60</y>
      </pt>
      <username></username>
    </polygon>
    <attributes>rotation=0.0</attributes>
  </object>
  <object>
    <name>lane</name>
    <deleted>0</deleted>
    <verified>0</verified>
    <occluded>no</occluded>
    <date></date>
    <id>6</id>
    <parts>
      <hasparts></hasparts>
      <ispartof></ispartof>
    </parts>
    <type>bounding_box</type>
    <polygon>
      <pt>
        <x>408.32</x>
        <y>142.81</y>
      </pt>
      <pt>
        <x>417.70</x>
        <y>142.81</y>
      </pt>
      <pt>
        <x>417.70</x>
        <y>151.92</y>
      </pt>
      <pt>
        <x>408.32</x>
        <y>151.92</y>
      </pt>
      <username></username>
    </polygon>
    <attributes>rotation=0.0</attributes>
  </object>
  <object>
    <name>lane</name>
    <deleted>0</deleted>
    <verified>0</verified>
    <occluded>no</occluded>
    <date></date>
    <id>7</id>
    <parts>
      <hasparts></hasparts>
      <ispartof></ispartof>
    </parts>
    <type>bounding_box</type>
    <polygon>
      <pt>
        <x>409.12</x>
        <y>125.39</y>
      </pt>
      <pt>
        <x>416.62</x>
        <y>125.39</y>
      </pt>
      <pt>
        <x>416.62</x>
        <y>135.31</y>
      </pt>
      <pt>
        <x>409.12</x>
        <y>135.31</y>
      </pt>
      <username></username>
    </polygon>
    <attributes>rotation=0.0</attributes>
  </object>
  <object>
    <name>lane</name>
    <deleted>0</deleted>
    <verified>0</verified>
    <occluded>no</occluded>
    <date></date>
    <id>8</id>
    <parts>
      <hasparts></hasparts>
      <ispartof></ispartof>
    </parts>
    <type>bounding_box</type>
    <polygon>
      <pt>
        <x>409.12</x>
        <y>111.19</y>
      </pt>
      <pt>
        <x>415.02</x>
        <y>111.19</y>
      </pt>
      <pt>
        <x>415.02</x>
        <y>118.42</y>
      </pt>
      <pt>
        <x>409.12</x>
        <y>118.42</y>
      </pt>
      <username></username>
    </polygon>
    <attributes>rotation=0.0</attributes>
  </object>
  <object>
    <name>lane</name>
    <deleted>0</deleted>
    <verified>0</verified>
    <occluded>no</occluded>
    <date></date>
    <id>9</id>
    <parts>
      <hasparts></hasparts>
      <ispartof></ispartof>
    </parts>
    <type>bounding_box</type>
    <polygon>
      <pt>
        <x>408.85</x>
        <y>100.47</y>
      </pt>
      <pt>
        <x>414.75</x>
        <y>100.47</y>
      </pt>
      <pt>
        <x>414.75</x>
        <y>105.29</y>
      </pt>
      <pt>
        <x>408.85</x>
        <y>105.29</y>
      </pt>
      <username></username>
    </polygon>
    <attributes>rotation=0.0</attributes>
  </object>
  <object>
    <name>lane</name>
    <deleted>0</deleted>
    <verified>0</verified>
    <occluded>no</occluded>
    <date></date>
    <id>10</id>
    <parts>
      <hasparts></hasparts>
      <ispartof></ispartof>
    </parts>
    <polygon>
      <pt>
        <x>408.78</x>
        <y>100.76</y>
      </pt>
      <pt>
        <x>408.78</x>
        <y>106.47</y>
      </pt>
      <pt>
        <x>415.45</x>
        <y>106.66</y>
      </pt>
      <pt>
        <x>415.07</x>
        <y>102.09</y>
      </pt>
      <username></username>
    </polygon>
    <attributes></attributes>
  </object>
  <object>
    <name>lane</name>
    <deleted>0</deleted>
    <verified>0</verified>
    <occluded>no</occluded>
    <date></date>
    <id>11</id>
    <parts>
      <hasparts></hasparts>
      <ispartof></ispartof>
    </parts>
    <polygon>
      <pt>
        <x>408.46</x>
        <y>111.47</y>
      </pt>
      <pt>
        <x>408.46</x>
        <y>119.14</y>
      </pt>
      <pt>
        <x>416.27</x>
        <y>119.94</y>
      </pt>
      <pt>
        <x>415.87</x>
        <y>112.67</y>
      </pt>
      <username></username>
    </polygon>
    <attributes></attributes>
  </object>
  <object>
    <name>lane</name>
    <deleted>0</deleted>
    <verified>0</verified>
    <occluded>no</occluded>
    <date></date>
    <id>12</id>
    <parts>
      <hasparts></hasparts>
      <ispartof></ispartof>
    </parts>
    <polygon>
      <pt>
        <x>407.93</x>
        <y>124.97</y>
      </pt>
      <pt>
        <x>407.93</x>
        <y>134.23</y>
      </pt>
      <pt>
        <x>417.19</x>
        <y>135.29</y>
      </pt>
      <pt>
        <x>416.40</x>
        <y>124.85</y>
      </pt>
      <username></username>
    </polygon>
    <attributes></attributes>
  </object>
  <object>
    <name>lane</name>
    <deleted>0</deleted>
    <verified>0</verified>
    <occluded>no</occluded>
    <date></date>
    <id>13</id>
    <parts>
      <hasparts></hasparts>
      <ispartof></ispartof>
    </parts>
    <polygon>
      <pt>
        <x>407.80</x>
        <y>143.09</y>
      </pt>
      <pt>
        <x>408.06</x>
        <y>152.36</y>
      </pt>
      <pt>
        <x>417.85</x>
        <y>153.02</y>
      </pt>
      <pt>
        <x>417.19</x>
        <y>143.36</y>
      </pt>
      <username></username>
    </polygon>
    <attributes></attributes>
  </object>
  <object>
    <name>lane</name>
    <deleted>0</deleted>
    <verified>0</verified>
    <occluded>no</occluded>
    <date></date>
    <id>14</id>
    <parts>
      <hasparts></hasparts>
      <ispartof></ispartof>
    </parts>
    <polygon>
      <pt>
        <x>407.93</x>
        <y>163.74</y>
      </pt>
      <pt>
        <x>408.46</x>
        <y>177.76</y>
      </pt>
      <pt>
        <x>419.71</x>
        <y>178.29</y>
      </pt>
      <pt>
        <x>418.91</x>
        <y>164.53</y>
      </pt>
      <username></username>
    </polygon>
    <attributes></attributes>
  </object>
  <object>
    <name>lane</name>
    <deleted>0</deleted>
    <verified>0</verified>
    <occluded>no</occluded>
    <date></date>
    <id>15</id>
    <parts>
      <hasparts></hasparts>
      <ispartof></ispartof>
    </parts>
    <polygon>
      <pt>
        <x>408.27</x>
        <y>192.10</y>
      </pt>
      <pt>
        <x>408.96</x>
        <y>212.45</y>
      </pt>
      <pt>
        <x>422.22</x>
        <y>213.59</y>
      </pt>
      <pt>
        <x>420.16</x>
        <y>193.70</y>
      </pt>
      <username></username>
    </polygon>
    <attributes></attributes>
  </object>
  <object>
    <name>lane</name>
    <deleted>0</deleted>
    <verified>0</verified>
    <occluded>no</occluded>
    <date></date>
    <id>16</id>
    <parts>
      <hasparts></hasparts>
      <ispartof></ispartof>
    </parts>
    <polygon>
      <pt>
        <x>407.59</x>
        <y>233.49</y>
      </pt>
      <pt>
        <x>408.50</x>
        <y>257.27</y>
      </pt>
      <pt>
        <x>425.19</x>
        <y>258.64</y>
      </pt>
      <pt>
        <x>423.59</x>
        <y>234.63</y>
      </pt>
      <username></username>
    </polygon>
    <attributes></attributes>
  </object>
  <object>
    <name>lane</name>
    <deleted>0</deleted>
    <verified>0</verified>
    <occluded>no</occluded>
    <date></date>
    <id>17</id>
    <parts>
      <hasparts></hasparts>
      <ispartof></ispartof>
    </parts>
    <polygon>
      <pt>
        <x>407.45</x>
        <y>291.52</y>
      </pt>
      <pt>
        <x>411.24</x>
        <y>336.56</y>
      </pt>
      <pt>
        <x>433.05</x>
        <y>339.88</y>
      </pt>
      <pt>
        <x>428.31</x>
        <y>292.94</y>
      </pt>
      <username></username>
    </polygon>
    <attributes></attributes>
  </object>
  <object>
    <name>lane</name>
    <deleted>0</deleted>
    <verified>0</verified>
    <occluded>no</occluded>
    <date></date>
    <id>18</id>
    <parts>
      <hasparts></hasparts>
      <ispartof></ispartof>
    </parts>
    <polygon>
      <pt>
        <x>408.40</x>
        <y>399.62</y>
      </pt>
      <pt>
        <x>437.32</x>
        <y>401.52</y>
      </pt>
      <pt>
        <x>443.01</x>
        <y>491.13</y>
      </pt>
      <pt>
        <x>411.71</x>
        <y>489.71</y>
      </pt>
      <username></username>
    </polygon>
    <attributes></attributes>
  </object>
  <object>
    <name>lane</name>
    <deleted>0</deleted>
    <verified>0</verified>
    <occluded>no</occluded>
    <date></date>
    <id>19</id>
    <parts>
      <hasparts></hasparts>
      <ispartof></ispartof>
    </parts>
    <polygon>
      <pt>
        <x>412.30</x>
        <y>622.80</y>
      </pt>
      <pt>
        <x>453.60</x>
        <y>626.74</y>
      </pt>
      <pt>
        <x>469.33</x>
        <y>863.68</y>
      </pt>
      <pt>
        <x>413.29</x>
        <y>857.78</y>
      </pt>
      <username></username>
    </polygon>
    <attributes></attributes>
  </object>
  <object>
    <name>lane</name>
    <deleted>0</deleted>
    <verified>0</verified>
    <occluded>no</occluded>
    <date></date>
    <id>20</id>
    <parts>
      <hasparts></hasparts>
      <ispartof></ispartof>
    </parts>
    <polygon>
      <pt>
        <x>404.91</x>
        <y>1361.28</y>
      </pt>
      <pt>
        <x>504.81</x>
        <y>1367.40</y>
      </pt>
      <pt>
        <x>541.38</x>
        <y>1920.00</y>
      </pt>
      <pt>
        <x>415.07</x>
        <y>1920.00</y>
      </pt>
      <username></username>
    </polygon>
    <attributes></attributes>
  </object>
</annotation>
