<annotation>
  <filename>image_1330.jpg</filename>
  <folder></folder>
  <source>
    <sourceImage></sourceImage>
    <sourceAnnotation>Datumaro</sourceAnnotation>
  </source>
  <imagesize>
    <nrows>1920</nrows>
    <ncols>1080</ncols>
  </imagesize>
  <object>
    <name>lane</name>
    <deleted>0</deleted>
    <verified>0</verified>
    <occluded>no</occluded>
    <date></date>
    <id>0</id>
    <parts>
      <hasparts></hasparts>
      <ispartof></ispartof>
    </parts>
    <type>bounding_box</type>
    <polygon>
      <pt>
        <x>666.13</x>
        <y>269.08</y>
      </pt>
      <pt>
        <x>677.30</x>
        <y>269.08</y>
      </pt>
      <pt>
        <x>677.30</x>
        <y>279.63</y>
      </pt>
      <pt>
        <x>666.13</x>
        <y>279.63</y>
      </pt>
      <username></username>
    </polygon>
    <attributes>rotation=0.0</attributes>
  </object>
  <object>
    <name>lane</name>
    <deleted>0</deleted>
    <verified>0</verified>
    <occluded>no</occluded>
    <date></date>
    <id>1</id>
    <parts>
      <hasparts></hasparts>
      <ispartof></ispartof>
    </parts>
    <type>bounding_box</type>
    <polygon>
      <pt>
        <x>663.37</x>
        <y>293.45</y>
      </pt>
      <pt>
        <x>677.24</x>
        <y>293.45</y>
      </pt>
      <pt>
        <x>677.24</x>
        <y>308.77</y>
      </pt>
      <pt>
        <x>663.37</x>
        <y>308.77</y>
      </pt>
      <username></username>
    </polygon>
    <attributes>rotation=0.0</attributes>
  </object>
  <object>
    <name>lane</name>
    <deleted>0</deleted>
    <verified>0</verified>
    <occluded>no</occluded>
    <date></date>
    <id>2</id>
    <parts>
      <hasparts></hasparts>
      <ispartof></ispartof>
    </parts>
    <type>bounding_box</type>
    <polygon>
      <pt>
        <x>644.83</x>
        <y>452.08</y>
      </pt>
      <pt>
        <x>662.98</x>
        <y>452.08</y>
      </pt>
      <pt>
        <x>662.98</x>
        <y>517.13</y>
      </pt>
      <pt>
        <x>644.83</x>
        <y>517.13</y>
      </pt>
      <username></username>
    </polygon>
    <attributes>rotation=0.0</attributes>
  </object>
  <object>
    <name>lane</name>
    <deleted>0</deleted>
    <verified>0</verified>
    <occluded>no</occluded>
    <date></date>
    <id>3</id>
    <parts>
      <hasparts></hasparts>
      <ispartof></ispartof>
    </parts>
    <type>bounding_box</type>
    <polygon>
      <pt>
        <x>656.93</x>
        <y>324.99</y>
      </pt>
      <pt>
        <x>673.57</x>
        <y>324.99</y>
      </pt>
      <pt>
        <x>673.57</x>
        <y>352.22</y>
      </pt>
      <pt>
        <x>656.93</x>
        <y>352.22</y>
      </pt>
      <username></username>
    </polygon>
    <attributes>rotation=0.0</attributes>
  </object>
  <object>
    <name>lane</name>
    <deleted>0</deleted>
    <verified>0</verified>
    <occluded>no</occluded>
    <date></date>
    <id>4</id>
    <parts>
      <hasparts></hasparts>
      <ispartof></ispartof>
    </parts>
    <type>bounding_box</type>
    <polygon>
      <pt>
        <x>623.65</x>
        <y>600.35</y>
      </pt>
      <pt>
        <x>659.96</x>
        <y>600.35</y>
      </pt>
      <pt>
        <x>659.96</x>
        <y>736.51</y>
      </pt>
      <pt>
        <x>623.65</x>
        <y>736.51</y>
      </pt>
      <username></username>
    </polygon>
    <attributes>rotation=0.0</attributes>
  </object>
  <object>
    <name>lane</name>
    <deleted>0</deleted>
    <verified>0</verified>
    <occluded>no</occluded>
    <date></date>
    <id>5</id>
    <parts>
      <hasparts></hasparts>
      <ispartof></ispartof>
    </parts>
    <type>bounding_box</type>
    <polygon>
      <pt>
        <x>652.39</x>
        <y>376.43</y>
      </pt>
      <pt>
        <x>670.55</x>
        <y>376.43</y>
      </pt>
      <pt>
        <x>670.55</x>
        <y>417.28</y>
      </pt>
      <pt>
        <x>652.39</x>
        <y>417.28</y>
      </pt>
      <username></username>
    </polygon>
    <attributes>rotation=0.0</attributes>
  </object>
  <object>
    <name>lane</name>
    <deleted>0</deleted>
    <verified>0</verified>
    <occluded>no</occluded>
    <date></date>
    <id>6</id>
    <parts>
      <hasparts></hasparts>
      <ispartof></ispartof>
    </parts>
    <type>bounding_box</type>
    <polygon>
      <pt>
        <x>676.97</x>
        <y>206.91</y>
      </pt>
      <pt>
        <x>683.45</x>
        <y>206.91</y>
      </pt>
      <pt>
        <x>683.45</x>
        <y>211.61</y>
      </pt>
      <pt>
        <x>676.97</x>
        <y>211.61</y>
      </pt>
      <username></username>
    </polygon>
    <attributes>rotation=0.0</attributes>
  </object>
  <object>
    <name>lane</name>
    <deleted>0</deleted>
    <verified>0</verified>
    <occluded>no</occluded>
    <date></date>
    <id>7</id>
    <parts>
      <hasparts></hasparts>
      <ispartof></ispartof>
    </parts>
    <type>bounding_box</type>
    <polygon>
      <pt>
        <x>674.04</x>
        <y>225.09</y>
      </pt>
      <pt>
        <x>681.40</x>
        <y>225.09</y>
      </pt>
      <pt>
        <x>681.40</x>
        <y>230.96</y>
      </pt>
      <pt>
        <x>674.04</x>
        <y>230.96</y>
      </pt>
      <username></username>
    </polygon>
    <attributes>rotation=0.0</attributes>
  </object>
  <object>
    <name>lane</name>
    <deleted>0</deleted>
    <verified>0</verified>
    <occluded>no</occluded>
    <date></date>
    <id>8</id>
    <parts>
      <hasparts></hasparts>
      <ispartof></ispartof>
    </parts>
    <type>bounding_box</type>
    <polygon>
      <pt>
        <x>676.09</x>
        <y>215.71</y>
      </pt>
      <pt>
        <x>681.96</x>
        <y>215.71</y>
      </pt>
      <pt>
        <x>681.96</x>
        <y>221.57</y>
      </pt>
      <pt>
        <x>676.09</x>
        <y>221.57</y>
      </pt>
      <username></username>
    </polygon>
    <attributes>rotation=0.0</attributes>
  </object>
  <object>
    <name>lane</name>
    <deleted>0</deleted>
    <verified>0</verified>
    <occluded>no</occluded>
    <date></date>
    <id>9</id>
    <parts>
      <hasparts></hasparts>
      <ispartof></ispartof>
    </parts>
    <type>bounding_box</type>
    <polygon>
      <pt>
        <x>671.40</x>
        <y>235.65</y>
      </pt>
      <pt>
        <x>678.18</x>
        <y>235.65</y>
      </pt>
      <pt>
        <x>678.18</x>
        <y>244.74</y>
      </pt>
      <pt>
        <x>671.40</x>
        <y>244.74</y>
      </pt>
      <username></username>
    </polygon>
    <attributes>rotation=0.0</attributes>
  </object>
  <object>
    <name>lane</name>
    <deleted>0</deleted>
    <verified>0</verified>
    <occluded>no</occluded>
    <date></date>
    <id>10</id>
    <parts>
      <hasparts></hasparts>
      <ispartof></ispartof>
    </parts>
    <type>bounding_box</type>
    <polygon>
      <pt>
        <x>668.18</x>
        <y>251.48</y>
      </pt>
      <pt>
        <x>677.00</x>
        <y>251.48</y>
      </pt>
      <pt>
        <x>677.00</x>
        <y>262.04</y>
      </pt>
      <pt>
        <x>668.18</x>
        <y>262.04</y>
      </pt>
      <username></username>
    </polygon>
    <attributes>rotation=0.0</attributes>
  </object>
  <object>
    <name>lane</name>
    <deleted>0</deleted>
    <verified>0</verified>
    <occluded>no</occluded>
    <date></date>
    <id>11</id>
    <parts>
      <hasparts></hasparts>
      <ispartof></ispartof>
    </parts>
    <polygon>
      <pt>
        <x>589.59</x>
        <y>958.72</y>
      </pt>
      <pt>
        <x>647.55</x>
        <y>960.50</y>
      </pt>
      <pt>
        <x>625.26</x>
        <y>1470.50</y>
      </pt>
      <pt>
        <x>533.42</x>
        <y>1462.48</y>
      </pt>
      <username></username>
    </polygon>
    <attributes></attributes>
  </object>
</annotation>
