<annotation>
  <filename>image_744.jpg</filename>
  <folder></folder>
  <source>
    <sourceImage></sourceImage>
    <sourceAnnotation>Datumaro</sourceAnnotation>
  </source>
  <imagesize>
    <nrows>1920</nrows>
    <ncols>1080</ncols>
  </imagesize>
  <object>
    <name>lane</name>
    <deleted>0</deleted>
    <verified>0</verified>
    <occluded>no</occluded>
    <date></date>
    <id>0</id>
    <parts>
      <hasparts></hasparts>
      <ispartof></ispartof>
    </parts>
    <polygon>
      <pt>
        <x>452.30</x>
        <y>650.00</y>
      </pt>
      <pt>
        <x>495.30</x>
        <y>650.80</y>
      </pt>
      <pt>
        <x>501.19</x>
        <y>762.39</y>
      </pt>
      <pt>
        <x>508.50</x>
        <y>909.70</y>
      </pt>
      <pt>
        <x>450.20</x>
        <y>906.80</y>
      </pt>
      <pt>
        <x>453.76</x>
        <y>734.67</y>
      </pt>
      <username></username>
    </polygon>
    <attributes></attributes>
  </object>
  <object>
    <name>lane</name>
    <deleted>0</deleted>
    <verified>0</verified>
    <occluded>no</occluded>
    <date></date>
    <id>1</id>
    <parts>
      <hasparts></hasparts>
      <ispartof></ispartof>
    </parts>
    <polygon>
      <pt>
        <x>396.70</x>
        <y>1510.50</y>
      </pt>
      <pt>
        <x>495.23</x>
        <y>1523.15</y>
      </pt>
      <pt>
        <x>481.40</x>
        <y>1726.10</y>
      </pt>
      <pt>
        <x>473.20</x>
        <y>1920.00</y>
      </pt>
      <pt>
        <x>421.60</x>
        <y>1920.00</y>
      </pt>
      <pt>
        <x>356.50</x>
        <y>1916.50</y>
      </pt>
      <pt>
        <x>376.70</x>
        <y>1707.20</y>
      </pt>
      <username></username>
    </polygon>
    <attributes></attributes>
  </object>
  <object>
    <name>lane</name>
    <deleted>0</deleted>
    <verified>0</verified>
    <occluded>no</occluded>
    <date></date>
    <id>2</id>
    <parts>
      <hasparts></hasparts>
      <ispartof></ispartof>
    </parts>
    <polygon>
      <pt>
        <x>206.90</x>
        <y>187.60</y>
      </pt>
      <pt>
        <x>217.50</x>
        <y>187.10</y>
      </pt>
      <pt>
        <x>259.04</x>
        <y>210.78</y>
      </pt>
      <pt>
        <x>245.20</x>
        <y>212.20</y>
      </pt>
      <username></username>
    </polygon>
    <attributes></attributes>
  </object>
  <object>
    <name>lane</name>
    <deleted>0</deleted>
    <verified>0</verified>
    <occluded>no</occluded>
    <date></date>
    <id>3</id>
    <parts>
      <hasparts></hasparts>
      <ispartof></ispartof>
    </parts>
    <polygon>
      <pt>
        <x>139.12</x>
        <y>159.07</y>
      </pt>
      <pt>
        <x>142.64</x>
        <y>156.26</y>
      </pt>
      <pt>
        <x>166.92</x>
        <y>167.87</y>
      </pt>
      <pt>
        <x>165.16</x>
        <y>169.28</y>
      </pt>
      <username></username>
    </polygon>
    <attributes></attributes>
  </object>
  <object>
    <name>lane</name>
    <deleted>0</deleted>
    <verified>0</verified>
    <occluded>no</occluded>
    <date></date>
    <id>4</id>
    <parts>
      <hasparts></hasparts>
      <ispartof></ispartof>
    </parts>
    <polygon>
      <pt>
        <x>5.77</x>
        <y>121.42</y>
      </pt>
      <pt>
        <x>8.23</x>
        <y>118.96</y>
      </pt>
      <pt>
        <x>50.10</x>
        <y>129.87</y>
      </pt>
      <pt>
        <x>44.12</x>
        <y>130.92</y>
      </pt>
      <username></username>
    </polygon>
    <attributes></attributes>
  </object>
  <object>
    <name>lane</name>
    <deleted>0</deleted>
    <verified>0</verified>
    <occluded>no</occluded>
    <date></date>
    <id>5</id>
    <parts>
      <hasparts></hasparts>
      <ispartof></ispartof>
    </parts>
    <polygon>
      <pt>
        <x>73.32</x>
        <y>140.78</y>
      </pt>
      <pt>
        <x>81.42</x>
        <y>139.02</y>
      </pt>
      <pt>
        <x>118.71</x>
        <y>149.22</y>
      </pt>
      <pt>
        <x>112.73</x>
        <y>150.63</y>
      </pt>
      <username></username>
    </polygon>
    <attributes></attributes>
  </object>
  <object>
    <name>lane</name>
    <deleted>0</deleted>
    <verified>0</verified>
    <occluded>no</occluded>
    <date></date>
    <id>6</id>
    <parts>
      <hasparts></hasparts>
      <ispartof></ispartof>
    </parts>
    <polygon>
      <pt>
        <x>352.20</x>
        <y>298.40</y>
      </pt>
      <pt>
        <x>368.69</x>
        <y>320.77</y>
      </pt>
      <pt>
        <x>388.54</x>
        <y>344.84</y>
      </pt>
      <pt>
        <x>411.80</x>
        <y>346.50</y>
      </pt>
      <pt>
        <x>370.00</x>
        <y>298.80</y>
      </pt>
      <username></username>
    </polygon>
    <attributes></attributes>
  </object>
  <object>
    <name>lane</name>
    <deleted>0</deleted>
    <verified>0</verified>
    <occluded>no</occluded>
    <date></date>
    <id>7</id>
    <parts>
      <hasparts></hasparts>
      <ispartof></ispartof>
    </parts>
    <polygon>
      <pt>
        <x>276.70</x>
        <y>233.40</y>
      </pt>
      <pt>
        <x>292.30</x>
        <y>233.60</y>
      </pt>
      <pt>
        <x>332.21</x>
        <y>264.87</y>
      </pt>
      <pt>
        <x>314.90</x>
        <y>263.60</y>
      </pt>
      <username></username>
    </polygon>
    <attributes></attributes>
  </object>
  <object>
    <name>lane</name>
    <deleted>0</deleted>
    <verified>0</verified>
    <occluded>no</occluded>
    <date></date>
    <id>8</id>
    <parts>
      <hasparts></hasparts>
      <ispartof></ispartof>
    </parts>
    <polygon>
      <pt>
        <x>415.14</x>
        <y>409.02</y>
      </pt>
      <pt>
        <x>441.70</x>
        <y>409.00</y>
      </pt>
      <pt>
        <x>457.40</x>
        <y>457.20</y>
      </pt>
      <pt>
        <x>468.40</x>
        <y>501.10</y>
      </pt>
      <pt>
        <x>437.94</x>
        <y>501.49</y>
      </pt>
      <pt>
        <x>429.10</x>
        <y>453.80</y>
      </pt>
      <username></username>
    </polygon>
    <attributes></attributes>
  </object>
</annotation>
