<annotation>
  <filename>image_946.jpg</filename>
  <folder></folder>
  <source>
    <sourceImage></sourceImage>
    <sourceAnnotation>Datumaro</sourceAnnotation>
  </source>
  <imagesize>
    <nrows>1920</nrows>
    <ncols>1080</ncols>
  </imagesize>
  <object>
    <name>lane</name>
    <deleted>0</deleted>
    <verified>0</verified>
    <occluded>no</occluded>
    <date></date>
    <id>0</id>
    <parts>
      <hasparts></hasparts>
      <ispartof></ispartof>
    </parts>
    <polygon>
      <pt>
        <x>845.20</x>
        <y>242.60</y>
      </pt>
      <pt>
        <x>937.86</x>
        <y>165.26</y>
      </pt>
      <pt>
        <x>962.66</x>
        <y>165.26</y>
      </pt>
      <pt>
        <x>870.73</x>
        <y>248.43</y>
      </pt>
      <username></username>
    </polygon>
    <attributes></attributes>
  </object>
  <object>
    <name>lane</name>
    <deleted>0</deleted>
    <verified>0</verified>
    <occluded>no</occluded>
    <date></date>
    <id>1</id>
    <parts>
      <hasparts></hasparts>
      <ispartof></ispartof>
    </parts>
    <polygon>
      <pt>
        <x>994.04</x>
        <y>106.16</y>
      </pt>
      <pt>
        <x>1029.79</x>
        <y>59.46</y>
      </pt>
      <pt>
        <x>1048.76</x>
        <y>60.19</y>
      </pt>
      <pt>
        <x>1015.93</x>
        <y>106.16</y>
      </pt>
      <username></username>
    </polygon>
    <attributes></attributes>
  </object>
  <object>
    <name>lane</name>
    <deleted>0</deleted>
    <verified>0</verified>
    <occluded>no</occluded>
    <date></date>
    <id>2</id>
    <parts>
      <hasparts></hasparts>
      <ispartof></ispartof>
    </parts>
    <polygon>
      <pt>
        <x>528.52</x>
        <y>1917.41</y>
      </pt>
      <pt>
        <x>665.77</x>
        <y>1915.23</y>
      </pt>
      <pt>
        <x>548.13</x>
        <y>1220.24</y>
      </pt>
      <pt>
        <x>458.80</x>
        <y>1228.95</y>
      </pt>
      <username></username>
    </polygon>
    <attributes></attributes>
  </object>
  <object>
    <name>lane</name>
    <deleted>0</deleted>
    <verified>0</verified>
    <occluded>no</occluded>
    <date></date>
    <id>3</id>
    <parts>
      <hasparts></hasparts>
      <ispartof></ispartof>
    </parts>
    <polygon>
      <pt>
        <x>423.79</x>
        <y>539.15</y>
      </pt>
      <pt>
        <x>689.81</x>
        <y>355.07</y>
      </pt>
      <pt>
        <x>725.12</x>
        <y>360.12</y>
      </pt>
      <pt>
        <x>460.35</x>
        <y>544.19</y>
      </pt>
      <username></username>
    </polygon>
    <attributes></attributes>
  </object>
  <object>
    <name>lane</name>
    <deleted>0</deleted>
    <verified>0</verified>
    <occluded>no</occluded>
    <date></date>
    <id>4</id>
    <parts>
      <hasparts></hasparts>
      <ispartof></ispartof>
    </parts>
    <polygon>
      <pt>
        <x>528.43</x>
        <y>680.36</y>
      </pt>
      <pt>
        <x>660.82</x>
        <y>435.76</y>
      </pt>
      <pt>
        <x>707.46</x>
        <y>435.76</y>
      </pt>
      <pt>
        <x>581.39</x>
        <y>684.14</y>
      </pt>
      <username></username>
    </polygon>
    <attributes></attributes>
  </object>
  <object>
    <name>lane</name>
    <deleted>0</deleted>
    <verified>0</verified>
    <occluded>no</occluded>
    <date></date>
    <id>5</id>
    <parts>
      <hasparts></hasparts>
      <ispartof></ispartof>
    </parts>
    <polygon>
      <pt>
        <x>1052.41</x>
        <y>1.82</y>
      </pt>
      <pt>
        <x>1062.43</x>
        <y>0.00</y>
      </pt>
      <pt>
        <x>1068.28</x>
        <y>0.00</y>
      </pt>
      <pt>
        <x>1063.35</x>
        <y>30.28</y>
      </pt>
      <pt>
        <x>1048.03</x>
        <y>31.01</y>
      </pt>
      <username></username>
    </polygon>
    <attributes></attributes>
  </object>
</annotation>
