<annotation>
  <filename>image_2373.jpg</filename>
  <folder></folder>
  <source>
    <sourceImage></sourceImage>
    <sourceAnnotation>Datumaro</sourceAnnotation>
  </source>
  <imagesize>
    <nrows>486</nrows>
    <ncols>1080</ncols>
  </imagesize>
  <object>
    <name>lane</name>
    <deleted>0</deleted>
    <verified>0</verified>
    <occluded>no</occluded>
    <date></date>
    <id>0</id>
    <parts>
      <hasparts></hasparts>
      <ispartof></ispartof>
    </parts>
    <type>bounding_box</type>
    <polygon>
      <pt>
        <x>290.66</x>
        <y>236.27</y>
      </pt>
      <pt>
        <x>297.54</x>
        <y>236.27</y>
      </pt>
      <pt>
        <x>297.54</x>
        <y>241.06</y>
      </pt>
      <pt>
        <x>290.66</x>
        <y>241.06</y>
      </pt>
      <username></username>
    </polygon>
    <attributes>rotation=0.0</attributes>
  </object>
  <object>
    <name>lane</name>
    <deleted>0</deleted>
    <verified>0</verified>
    <occluded>no</occluded>
    <date></date>
    <id>1</id>
    <parts>
      <hasparts></hasparts>
      <ispartof></ispartof>
    </parts>
    <type>bounding_box</type>
    <polygon>
      <pt>
        <x>303.23</x>
        <y>237.47</y>
      </pt>
      <pt>
        <x>314.60</x>
        <y>237.47</y>
      </pt>
      <pt>
        <x>314.60</x>
        <y>242.26</y>
      </pt>
      <pt>
        <x>303.23</x>
        <y>242.26</y>
      </pt>
      <username></username>
    </polygon>
    <attributes>rotation=0.0</attributes>
  </object>
  <object>
    <name>lane</name>
    <deleted>0</deleted>
    <verified>0</verified>
    <occluded>no</occluded>
    <date></date>
    <id>2</id>
    <parts>
      <hasparts></hasparts>
      <ispartof></ispartof>
    </parts>
    <type>bounding_box</type>
    <polygon>
      <pt>
        <x>325.68</x>
        <y>236.87</y>
      </pt>
      <pt>
        <x>343.04</x>
        <y>236.87</y>
      </pt>
      <pt>
        <x>343.04</x>
        <y>243.76</y>
      </pt>
      <pt>
        <x>325.68</x>
        <y>243.76</y>
      </pt>
      <username></username>
    </polygon>
    <attributes>rotation=0.0</attributes>
  </object>
  <object>
    <name>lane</name>
    <deleted>0</deleted>
    <verified>0</verified>
    <occluded>no</occluded>
    <date></date>
    <id>3</id>
    <parts>
      <hasparts></hasparts>
      <ispartof></ispartof>
    </parts>
    <type>bounding_box</type>
    <polygon>
      <pt>
        <x>366.09</x>
        <y>237.47</y>
      </pt>
      <pt>
        <x>405.00</x>
        <y>237.47</y>
      </pt>
      <pt>
        <x>405.00</x>
        <y>247.35</y>
      </pt>
      <pt>
        <x>366.09</x>
        <y>247.35</y>
      </pt>
      <username></username>
    </polygon>
    <attributes>rotation=0.0</attributes>
  </object>
  <object>
    <name>lane</name>
    <deleted>0</deleted>
    <verified>0</verified>
    <occluded>no</occluded>
    <date></date>
    <id>4</id>
    <parts>
      <hasparts></hasparts>
      <ispartof></ispartof>
    </parts>
    <polygon>
      <pt>
        <x>473.38</x>
        <y>238.10</y>
      </pt>
      <pt>
        <x>623.89</x>
        <y>234.48</y>
      </pt>
      <pt>
        <x>624.93</x>
        <y>260.86</y>
      </pt>
      <pt>
        <x>473.38</x>
        <y>252.07</y>
      </pt>
      <username></username>
    </polygon>
    <attributes></attributes>
  </object>
</annotation>
