<annotation>
  <filename>image_1756.jpg</filename>
  <folder></folder>
  <source>
    <sourceImage></sourceImage>
    <sourceAnnotation>Datumaro</sourceAnnotation>
  </source>
  <imagesize>
    <nrows>1920</nrows>
    <ncols>1080</ncols>
  </imagesize>
  <object>
    <name>lane</name>
    <deleted>0</deleted>
    <verified>0</verified>
    <occluded>no</occluded>
    <date></date>
    <id>0</id>
    <parts>
      <hasparts></hasparts>
      <ispartof></ispartof>
    </parts>
    <polygon>
      <pt>
        <x>686.31</x>
        <y>361.48</y>
      </pt>
      <pt>
        <x>691.91</x>
        <y>362.51</y>
      </pt>
      <pt>
        <x>721.97</x>
        <y>360.65</y>
      </pt>
      <pt>
        <x>715.55</x>
        <y>358.99</y>
      </pt>
      <username></username>
    </polygon>
    <attributes></attributes>
  </object>
  <object>
    <name>lane</name>
    <deleted>0</deleted>
    <verified>0</verified>
    <occluded>no</occluded>
    <date></date>
    <id>1</id>
    <parts>
      <hasparts></hasparts>
      <ispartof></ispartof>
    </parts>
    <polygon>
      <pt>
        <x>625.23</x>
        <y>364.49</y>
      </pt>
      <pt>
        <x>629.55</x>
        <y>366.07</y>
      </pt>
      <pt>
        <x>660.22</x>
        <y>364.78</y>
      </pt>
      <pt>
        <x>659.07</x>
        <y>362.76</y>
      </pt>
      <username></username>
    </polygon>
    <attributes></attributes>
  </object>
  <object>
    <name>lane</name>
    <deleted>0</deleted>
    <verified>0</verified>
    <occluded>no</occluded>
    <date></date>
    <id>2</id>
    <parts>
      <hasparts></hasparts>
      <ispartof></ispartof>
    </parts>
    <polygon>
      <pt>
        <x>585.49</x>
        <y>373.27</y>
      </pt>
      <pt>
        <x>588.80</x>
        <y>373.85</y>
      </pt>
      <pt>
        <x>600.90</x>
        <y>370.11</y>
      </pt>
      <pt>
        <x>596.86</x>
        <y>369.10</y>
      </pt>
      <username></username>
    </polygon>
    <attributes></attributes>
  </object>
  <object>
    <name>lane</name>
    <deleted>0</deleted>
    <verified>0</verified>
    <occluded>no</occluded>
    <date></date>
    <id>3</id>
    <parts>
      <hasparts></hasparts>
      <ispartof></ispartof>
    </parts>
    <polygon>
      <pt>
        <x>540.90</x>
        <y>713.63</y>
      </pt>
      <pt>
        <x>567.76</x>
        <y>713.63</y>
      </pt>
      <pt>
        <x>573.84</x>
        <y>606.72</y>
      </pt>
      <pt>
        <x>554.08</x>
        <y>604.19</y>
      </pt>
      <username></username>
    </polygon>
    <attributes></attributes>
  </object>
  <object>
    <name>lane</name>
    <deleted>0</deleted>
    <verified>0</verified>
    <occluded>no</occluded>
    <date></date>
    <id>4</id>
    <parts>
      <hasparts></hasparts>
      <ispartof></ispartof>
    </parts>
    <polygon>
      <pt>
        <x>753.84</x>
        <y>355.40</y>
      </pt>
      <pt>
        <x>757.08</x>
        <y>357.19</y>
      </pt>
      <pt>
        <x>784.08</x>
        <y>355.40</y>
      </pt>
      <pt>
        <x>784.08</x>
        <y>354.44</y>
      </pt>
      <username></username>
    </polygon>
    <attributes></attributes>
  </object>
  <object>
    <name>lane</name>
    <deleted>0</deleted>
    <verified>0</verified>
    <occluded>no</occluded>
    <date></date>
    <id>5</id>
    <parts>
      <hasparts></hasparts>
      <ispartof></ispartof>
    </parts>
    <polygon>
      <pt>
        <x>423.18</x>
        <y>1691.52</y>
      </pt>
      <pt>
        <x>515.77</x>
        <y>1702.41</y>
      </pt>
      <pt>
        <x>553.90</x>
        <y>934.44</y>
      </pt>
      <pt>
        <x>508.51</x>
        <y>932.62</y>
      </pt>
      <username></username>
    </polygon>
    <attributes></attributes>
  </object>
  <object>
    <name>lane</name>
    <deleted>0</deleted>
    <verified>0</verified>
    <occluded>no</occluded>
    <date></date>
    <id>6</id>
    <parts>
      <hasparts></hasparts>
      <ispartof></ispartof>
    </parts>
    <type>bounding_box</type>
    <polygon>
      <pt>
        <x>564.21</x>
        <y>499.31</y>
      </pt>
      <pt>
        <x>576.88</x>
        <y>499.31</y>
      </pt>
      <pt>
        <x>576.88</x>
        <y>542.37</y>
      </pt>
      <pt>
        <x>564.21</x>
        <y>542.37</y>
      </pt>
      <username></username>
    </polygon>
    <attributes>rotation=0.0</attributes>
  </object>
  <object>
    <name>lane</name>
    <deleted>0</deleted>
    <verified>0</verified>
    <occluded>no</occluded>
    <date></date>
    <id>7</id>
    <parts>
      <hasparts></hasparts>
      <ispartof></ispartof>
    </parts>
    <polygon>
      <pt>
        <x>576.99</x>
        <y>395.88</y>
      </pt>
      <pt>
        <x>576.70</x>
        <y>405.96</y>
      </pt>
      <pt>
        <x>583.76</x>
        <y>406.39</y>
      </pt>
      <pt>
        <x>583.18</x>
        <y>396.89</y>
      </pt>
      <username></username>
    </polygon>
    <attributes></attributes>
  </object>
  <object>
    <name>lane</name>
    <deleted>0</deleted>
    <verified>0</verified>
    <occluded>no</occluded>
    <date></date>
    <id>8</id>
    <parts>
      <hasparts></hasparts>
      <ispartof></ispartof>
    </parts>
    <type>bounding_box</type>
    <polygon>
      <pt>
        <x>571.31</x>
        <y>445.09</y>
      </pt>
      <pt>
        <x>579.41</x>
        <y>445.09</y>
      </pt>
      <pt>
        <x>579.41</x>
        <y>467.38</y>
      </pt>
      <pt>
        <x>571.31</x>
        <y>467.38</y>
      </pt>
      <username></username>
    </polygon>
    <attributes>rotation=0.0</attributes>
  </object>
  <object>
    <name>lane</name>
    <deleted>0</deleted>
    <verified>0</verified>
    <occluded>no</occluded>
    <date></date>
    <id>9</id>
    <parts>
      <hasparts></hasparts>
      <ispartof></ispartof>
    </parts>
    <type>bounding_box</type>
    <polygon>
      <pt>
        <x>574.35</x>
        <y>416.72</y>
      </pt>
      <pt>
        <x>582.45</x>
        <y>416.72</y>
      </pt>
      <pt>
        <x>582.45</x>
        <y>430.40</y>
      </pt>
      <pt>
        <x>574.35</x>
        <y>430.40</y>
      </pt>
      <username></username>
    </polygon>
    <attributes>rotation=0.0</attributes>
  </object>
  <object>
    <name>lane</name>
    <deleted>0</deleted>
    <verified>0</verified>
    <occluded>no</occluded>
    <date></date>
    <id>10</id>
    <parts>
      <hasparts></hasparts>
      <ispartof></ispartof>
    </parts>
    <polygon>
      <pt>
        <x>573.39</x>
        <y>374.43</y>
      </pt>
      <pt>
        <x>575.55</x>
        <y>371.69</y>
      </pt>
      <pt>
        <x>555.68</x>
        <y>367.80</y>
      </pt>
      <pt>
        <x>551.22</x>
        <y>369.10</y>
      </pt>
      <username></username>
    </polygon>
    <attributes></attributes>
  </object>
  <object>
    <name>lane</name>
    <deleted>0</deleted>
    <verified>0</verified>
    <occluded>no</occluded>
    <date></date>
    <id>11</id>
    <parts>
      <hasparts></hasparts>
      <ispartof></ispartof>
    </parts>
    <polygon>
      <pt>
        <x>578.72</x>
        <y>387.39</y>
      </pt>
      <pt>
        <x>579.30</x>
        <y>380.47</y>
      </pt>
      <pt>
        <x>585.06</x>
        <y>380.33</y>
      </pt>
      <pt>
        <x>585.06</x>
        <y>386.67</y>
      </pt>
      <username></username>
    </polygon>
    <attributes></attributes>
  </object>
</annotation>
