<annotation>
  <filename>image_1725.jpg</filename>
  <folder></folder>
  <source>
    <sourceImage></sourceImage>
    <sourceAnnotation>Datumaro</sourceAnnotation>
  </source>
  <imagesize>
    <nrows>1920</nrows>
    <ncols>1080</ncols>
  </imagesize>
  <object>
    <name>lane</name>
    <deleted>0</deleted>
    <verified>0</verified>
    <occluded>no</occluded>
    <date></date>
    <id>0</id>
    <parts>
      <hasparts></hasparts>
      <ispartof></ispartof>
    </parts>
    <polygon>
      <pt>
        <x>488.09</x>
        <y>1915.86</y>
      </pt>
      <pt>
        <x>537.79</x>
        <y>1920.00</y>
      </pt>
      <pt>
        <x>596.69</x>
        <y>1920.00</y>
      </pt>
      <pt>
        <x>569.79</x>
        <y>1519.46</y>
      </pt>
      <pt>
        <x>482.03</x>
        <y>1525.52</y>
      </pt>
      <username></username>
    </polygon>
    <attributes></attributes>
  </object>
  <object>
    <name>lane</name>
    <deleted>0</deleted>
    <verified>0</verified>
    <occluded>no</occluded>
    <date></date>
    <id>1</id>
    <parts>
      <hasparts></hasparts>
      <ispartof></ispartof>
    </parts>
    <type>bounding_box</type>
    <polygon>
      <pt>
        <x>462.57</x>
        <y>364.22</y>
      </pt>
      <pt>
        <x>472.20</x>
        <y>364.22</y>
      </pt>
      <pt>
        <x>472.20</x>
        <y>381.45</y>
      </pt>
      <pt>
        <x>462.57</x>
        <y>381.45</y>
      </pt>
      <username></username>
    </polygon>
    <attributes>rotation=0.0</attributes>
  </object>
  <object>
    <name>lane</name>
    <deleted>0</deleted>
    <verified>0</verified>
    <occluded>no</occluded>
    <date></date>
    <id>2</id>
    <parts>
      <hasparts></hasparts>
      <ispartof></ispartof>
    </parts>
    <type>bounding_box</type>
    <polygon>
      <pt>
        <x>461.56</x>
        <y>338.38</y>
      </pt>
      <pt>
        <x>470.17</x>
        <y>338.38</y>
      </pt>
      <pt>
        <x>470.17</x>
        <y>350.04</y>
      </pt>
      <pt>
        <x>461.56</x>
        <y>350.04</y>
      </pt>
      <username></username>
    </polygon>
    <attributes>rotation=0.0</attributes>
  </object>
  <object>
    <name>lane</name>
    <deleted>0</deleted>
    <verified>0</verified>
    <occluded>no</occluded>
    <date></date>
    <id>3</id>
    <parts>
      <hasparts></hasparts>
      <ispartof></ispartof>
    </parts>
    <polygon>
      <pt>
        <x>470.31</x>
        <y>854.22</y>
      </pt>
      <pt>
        <x>513.18</x>
        <y>851.70</y>
      </pt>
      <pt>
        <x>495.53</x>
        <y>641.15</y>
      </pt>
      <pt>
        <x>464.01</x>
        <y>639.89</y>
      </pt>
      <username></username>
    </polygon>
    <attributes></attributes>
  </object>
  <object>
    <name>lane</name>
    <deleted>0</deleted>
    <verified>0</verified>
    <occluded>no</occluded>
    <date></date>
    <id>4</id>
    <parts>
      <hasparts></hasparts>
      <ispartof></ispartof>
    </parts>
    <type>bounding_box</type>
    <polygon>
      <pt>
        <x>464.09</x>
        <y>474.68</y>
      </pt>
      <pt>
        <x>482.84</x>
        <y>474.68</y>
      </pt>
      <pt>
        <x>482.84</x>
        <y>540.04</y>
      </pt>
      <pt>
        <x>464.09</x>
        <y>540.04</y>
      </pt>
      <username></username>
    </polygon>
    <attributes>rotation=0.0</attributes>
  </object>
  <object>
    <name>lane</name>
    <deleted>0</deleted>
    <verified>0</verified>
    <occluded>no</occluded>
    <date></date>
    <id>5</id>
    <parts>
      <hasparts></hasparts>
      <ispartof></ispartof>
    </parts>
    <type>bounding_box</type>
    <polygon>
      <pt>
        <x>461.86</x>
        <y>321.89</y>
      </pt>
      <pt>
        <x>467.25</x>
        <y>321.89</y>
      </pt>
      <pt>
        <x>467.25</x>
        <y>330.60</y>
      </pt>
      <pt>
        <x>461.86</x>
        <y>330.60</y>
      </pt>
      <username></username>
    </polygon>
    <attributes>rotation=0.0</attributes>
  </object>
  <object>
    <name>lane</name>
    <deleted>0</deleted>
    <verified>0</verified>
    <occluded>no</occluded>
    <date></date>
    <id>6</id>
    <parts>
      <hasparts></hasparts>
      <ispartof></ispartof>
    </parts>
    <type>bounding_box</type>
    <polygon>
      <pt>
        <x>461.38</x>
        <y>310.34</y>
      </pt>
      <pt>
        <x>466.36</x>
        <y>310.34</y>
      </pt>
      <pt>
        <x>466.36</x>
        <y>315.32</y>
      </pt>
      <pt>
        <x>461.38</x>
        <y>315.32</y>
      </pt>
      <username></username>
    </polygon>
    <attributes>rotation=0.0</attributes>
  </object>
  <object>
    <name>lane</name>
    <deleted>0</deleted>
    <verified>0</verified>
    <occluded>no</occluded>
    <date></date>
    <id>7</id>
    <parts>
      <hasparts></hasparts>
      <ispartof></ispartof>
    </parts>
    <type>bounding_box</type>
    <polygon>
      <pt>
        <x>461.18</x>
        <y>300.18</y>
      </pt>
      <pt>
        <x>464.70</x>
        <y>300.18</y>
      </pt>
      <pt>
        <x>464.70</x>
        <y>306.20</y>
      </pt>
      <pt>
        <x>461.18</x>
        <y>306.20</y>
      </pt>
      <username></username>
    </polygon>
    <attributes>rotation=0.0</attributes>
  </object>
  <object>
    <name>lane</name>
    <deleted>0</deleted>
    <verified>0</verified>
    <occluded>no</occluded>
    <date></date>
    <id>8</id>
    <parts>
      <hasparts></hasparts>
      <ispartof></ispartof>
    </parts>
    <type>bounding_box</type>
    <polygon>
      <pt>
        <x>461.38</x>
        <y>294.17</y>
      </pt>
      <pt>
        <x>464.70</x>
        <y>294.17</y>
      </pt>
      <pt>
        <x>464.70</x>
        <y>297.28</y>
      </pt>
      <pt>
        <x>461.38</x>
        <y>297.28</y>
      </pt>
      <username></username>
    </polygon>
    <attributes>rotation=0.0</attributes>
  </object>
  <object>
    <name>lane</name>
    <deleted>0</deleted>
    <verified>0</verified>
    <occluded>no</occluded>
    <date></date>
    <id>9</id>
    <parts>
      <hasparts></hasparts>
      <ispartof></ispartof>
    </parts>
    <type>bounding_box</type>
    <polygon>
      <pt>
        <x>461.18</x>
        <y>287.74</y>
      </pt>
      <pt>
        <x>464.70</x>
        <y>287.74</y>
      </pt>
      <pt>
        <x>464.70</x>
        <y>290.02</y>
      </pt>
      <pt>
        <x>461.18</x>
        <y>290.02</y>
      </pt>
      <username></username>
    </polygon>
    <attributes>rotation=0.0</attributes>
  </object>
  <object>
    <name>lane</name>
    <deleted>0</deleted>
    <verified>0</verified>
    <occluded>no</occluded>
    <date></date>
    <id>10</id>
    <parts>
      <hasparts></hasparts>
      <ispartof></ispartof>
    </parts>
    <type>bounding_box</type>
    <polygon>
      <pt>
        <x>463.08</x>
        <y>403.75</y>
      </pt>
      <pt>
        <x>476.25</x>
        <y>403.75</y>
      </pt>
      <pt>
        <x>476.25</x>
        <y>431.61</y>
      </pt>
      <pt>
        <x>463.08</x>
        <y>431.61</y>
      </pt>
      <username></username>
    </polygon>
    <attributes>rotation=0.0</attributes>
  </object>
</annotation>
