<annotation>
  <filename>image_869.jpg</filename>
  <folder></folder>
  <source>
    <sourceImage></sourceImage>
    <sourceAnnotation>Datumaro</sourceAnnotation>
  </source>
  <imagesize>
    <nrows>1920</nrows>
    <ncols>1080</ncols>
  </imagesize>
  <object>
    <name>lane</name>
    <deleted>0</deleted>
    <verified>0</verified>
    <occluded>no</occluded>
    <date></date>
    <id>0</id>
    <parts>
      <hasparts></hasparts>
      <ispartof></ispartof>
    </parts>
    <polygon>
      <pt>
        <x>585.13</x>
        <y>97.22</y>
      </pt>
      <pt>
        <x>639.97</x>
        <y>86.32</y>
      </pt>
      <pt>
        <x>650.12</x>
        <y>87.08</y>
      </pt>
      <pt>
        <x>593.77</x>
        <y>99.47</y>
      </pt>
      <username></username>
    </polygon>
    <attributes></attributes>
  </object>
  <object>
    <name>lane</name>
    <deleted>0</deleted>
    <verified>0</verified>
    <occluded>no</occluded>
    <date></date>
    <id>1</id>
    <parts>
      <hasparts></hasparts>
      <ispartof></ispartof>
    </parts>
    <polygon>
      <pt>
        <x>502.89</x>
        <y>1170.00</y>
      </pt>
      <pt>
        <x>586.61</x>
        <y>1170.01</y>
      </pt>
      <pt>
        <x>656.94</x>
        <y>1903.43</y>
      </pt>
      <pt>
        <x>526.33</x>
        <y>1913.48</y>
      </pt>
      <username></username>
    </polygon>
    <attributes></attributes>
  </object>
  <object>
    <name>lane</name>
    <deleted>0</deleted>
    <verified>0</verified>
    <occluded>no</occluded>
    <date></date>
    <id>2</id>
    <parts>
      <hasparts></hasparts>
      <ispartof></ispartof>
    </parts>
    <polygon>
      <pt>
        <x>513.54</x>
        <y>539.78</y>
      </pt>
      <pt>
        <x>549.43</x>
        <y>535.30</y>
      </pt>
      <pt>
        <x>566.25</x>
        <y>748.40</y>
      </pt>
      <pt>
        <x>515.78</x>
        <y>751.76</y>
      </pt>
      <username></username>
    </polygon>
    <attributes></attributes>
  </object>
  <object>
    <name>lane</name>
    <deleted>0</deleted>
    <verified>0</verified>
    <occluded>no</occluded>
    <date></date>
    <id>3</id>
    <parts>
      <hasparts></hasparts>
      <ispartof></ispartof>
    </parts>
    <polygon>
      <pt>
        <x>510.56</x>
        <y>344.40</y>
      </pt>
      <pt>
        <x>534.36</x>
        <y>343.86</y>
      </pt>
      <pt>
        <x>539.23</x>
        <y>425.53</y>
      </pt>
      <pt>
        <x>508.94</x>
        <y>426.67</y>
      </pt>
      <username></username>
    </polygon>
    <attributes></attributes>
  </object>
  <object>
    <name>lane</name>
    <deleted>0</deleted>
    <verified>0</verified>
    <occluded>no</occluded>
    <date></date>
    <id>4</id>
    <parts>
      <hasparts></hasparts>
      <ispartof></ispartof>
    </parts>
    <polygon>
      <pt>
        <x>510.01</x>
        <y>247.84</y>
      </pt>
      <pt>
        <x>528.79</x>
        <y>247.84</y>
      </pt>
      <pt>
        <x>533.68</x>
        <y>294.41</y>
      </pt>
      <pt>
        <x>513.02</x>
        <y>292.91</y>
      </pt>
      <username></username>
    </polygon>
    <attributes></attributes>
  </object>
  <object>
    <name>lane</name>
    <deleted>0</deleted>
    <verified>0</verified>
    <occluded>no</occluded>
    <date></date>
    <id>5</id>
    <parts>
      <hasparts></hasparts>
      <ispartof></ispartof>
    </parts>
    <polygon>
      <pt>
        <x>510.76</x>
        <y>197.13</y>
      </pt>
      <pt>
        <x>526.92</x>
        <y>195.63</y>
      </pt>
      <pt>
        <x>525.04</x>
        <y>222.67</y>
      </pt>
      <pt>
        <x>509.64</x>
        <y>220.04</y>
      </pt>
      <username></username>
    </polygon>
    <attributes></attributes>
  </object>
  <object>
    <name>lane</name>
    <deleted>0</deleted>
    <verified>0</verified>
    <occluded>no</occluded>
    <date></date>
    <id>6</id>
    <parts>
      <hasparts></hasparts>
      <ispartof></ispartof>
    </parts>
    <polygon>
      <pt>
        <x>375.54</x>
        <y>211.78</y>
      </pt>
      <pt>
        <x>386.44</x>
        <y>207.65</y>
      </pt>
      <pt>
        <x>476.21</x>
        <y>239.57</y>
      </pt>
      <pt>
        <x>462.69</x>
        <y>241.45</y>
      </pt>
      <username></username>
    </polygon>
    <attributes></attributes>
  </object>
  <object>
    <name>lane</name>
    <deleted>0</deleted>
    <verified>0</verified>
    <occluded>no</occluded>
    <date></date>
    <id>7</id>
    <parts>
      <hasparts></hasparts>
      <ispartof></ispartof>
    </parts>
    <polygon>
      <pt>
        <x>221.17</x>
        <y>168.21</y>
      </pt>
      <pt>
        <x>234.69</x>
        <y>165.58</y>
      </pt>
      <pt>
        <x>303.43</x>
        <y>186.24</y>
      </pt>
      <pt>
        <x>295.54</x>
        <y>189.62</y>
      </pt>
      <username></username>
    </polygon>
    <attributes></attributes>
  </object>
  <object>
    <name>lane</name>
    <deleted>0</deleted>
    <verified>0</verified>
    <occluded>no</occluded>
    <date></date>
    <id>8</id>
    <parts>
      <hasparts></hasparts>
      <ispartof></ispartof>
    </parts>
    <polygon>
      <pt>
        <x>534.80</x>
        <y>119.75</y>
      </pt>
      <pt>
        <x>549.45</x>
        <y>106.23</y>
      </pt>
      <pt>
        <x>561.85</x>
        <y>108.49</y>
      </pt>
      <pt>
        <x>542.32</x>
        <y>121.26</y>
      </pt>
      <username></username>
    </polygon>
    <attributes></attributes>
  </object>
  <object>
    <name>lane</name>
    <deleted>0</deleted>
    <verified>0</verified>
    <occluded>no</occluded>
    <date></date>
    <id>9</id>
    <parts>
      <hasparts></hasparts>
      <ispartof></ispartof>
    </parts>
    <polygon>
      <pt>
        <x>514.14</x>
        <y>146.42</y>
      </pt>
      <pt>
        <x>523.91</x>
        <y>132.52</y>
      </pt>
      <pt>
        <x>535.93</x>
        <y>132.52</y>
      </pt>
      <pt>
        <x>527.67</x>
        <y>146.80</y>
      </pt>
      <username></username>
    </polygon>
    <attributes></attributes>
  </object>
</annotation>
