<annotation>
  <filename>image_384.jpg</filename>
  <folder></folder>
  <source>
    <sourceImage></sourceImage>
    <sourceAnnotation>Datumaro</sourceAnnotation>
  </source>
  <imagesize>
    <nrows>1920</nrows>
    <ncols>1080</ncols>
  </imagesize>
  <object>
    <name>lane</name>
    <deleted>0</deleted>
    <verified>0</verified>
    <occluded>no</occluded>
    <date></date>
    <id>0</id>
    <parts>
      <hasparts></hasparts>
      <ispartof></ispartof>
    </parts>
    <type>bounding_box</type>
    <polygon>
      <pt>
        <x>667.27</x>
        <y>465.37</y>
      </pt>
      <pt>
        <x>671.75</x>
        <y>465.37</y>
      </pt>
      <pt>
        <x>671.75</x>
        <y>472.83</y>
      </pt>
      <pt>
        <x>667.27</x>
        <y>472.83</y>
      </pt>
      <username></username>
    </polygon>
    <attributes>rotation=0.0</attributes>
  </object>
  <object>
    <name>lane</name>
    <deleted>0</deleted>
    <verified>0</verified>
    <occluded>no</occluded>
    <date></date>
    <id>1</id>
    <parts>
      <hasparts></hasparts>
      <ispartof></ispartof>
    </parts>
    <polygon>
      <pt>
        <x>649.30</x>
        <y>587.50</y>
      </pt>
      <pt>
        <x>653.00</x>
        <y>555.50</y>
      </pt>
      <pt>
        <x>665.63</x>
        <y>554.77</y>
      </pt>
      <pt>
        <x>662.66</x>
        <y>583.01</y>
      </pt>
      <username></username>
    </polygon>
    <attributes></attributes>
  </object>
  <object>
    <name>lane</name>
    <deleted>0</deleted>
    <verified>0</verified>
    <occluded>no</occluded>
    <date></date>
    <id>2</id>
    <parts>
      <hasparts></hasparts>
      <ispartof></ispartof>
    </parts>
    <polygon>
      <pt>
        <x>632.19</x>
        <y>683.31</y>
      </pt>
      <pt>
        <x>642.59</x>
        <y>620.16</y>
      </pt>
      <pt>
        <x>657.45</x>
        <y>620.16</y>
      </pt>
      <pt>
        <x>651.51</x>
        <y>684.05</y>
      </pt>
      <username></username>
    </polygon>
    <attributes></attributes>
  </object>
  <object>
    <name>lane</name>
    <deleted>0</deleted>
    <verified>0</verified>
    <occluded>no</occluded>
    <date></date>
    <id>3</id>
    <parts>
      <hasparts></hasparts>
      <ispartof></ispartof>
    </parts>
    <polygon>
      <pt>
        <x>589.46</x>
        <y>994.75</y>
      </pt>
      <pt>
        <x>620.49</x>
        <y>781.84</y>
      </pt>
      <pt>
        <x>645.10</x>
        <y>778.63</y>
      </pt>
      <pt>
        <x>626.91</x>
        <y>991.54</y>
      </pt>
      <username></username>
    </polygon>
    <attributes></attributes>
  </object>
  <object>
    <name>lane</name>
    <deleted>0</deleted>
    <verified>0</verified>
    <occluded>no</occluded>
    <date></date>
    <id>4</id>
    <parts>
      <hasparts></hasparts>
      <ispartof></ispartof>
    </parts>
    <polygon>
      <pt>
        <x>500.34</x>
        <y>1655.13</y>
      </pt>
      <pt>
        <x>453.99</x>
        <y>1920.00</y>
      </pt>
      <pt>
        <x>560.46</x>
        <y>1920.00</y>
      </pt>
      <pt>
        <x>575.78</x>
        <y>1664.01</y>
      </pt>
      <username></username>
    </polygon>
    <attributes></attributes>
  </object>
  <object>
    <name>lane</name>
    <deleted>0</deleted>
    <verified>0</verified>
    <occluded>no</occluded>
    <date></date>
    <id>5</id>
    <parts>
      <hasparts></hasparts>
      <ispartof></ispartof>
    </parts>
    <type>bounding_box</type>
    <polygon>
      <pt>
        <x>672.20</x>
        <y>429.04</y>
      </pt>
      <pt>
        <x>673.93</x>
        <y>429.04</y>
      </pt>
      <pt>
        <x>673.93</x>
        <y>431.63</y>
      </pt>
      <pt>
        <x>672.20</x>
        <y>431.63</y>
      </pt>
      <username></username>
    </polygon>
    <attributes>rotation=0.0</attributes>
  </object>
  <object>
    <name>lane</name>
    <deleted>0</deleted>
    <verified>0</verified>
    <occluded>no</occluded>
    <date></date>
    <id>6</id>
    <parts>
      <hasparts></hasparts>
      <ispartof></ispartof>
    </parts>
    <type>bounding_box</type>
    <polygon>
      <pt>
        <x>672.03</x>
        <y>433.36</y>
      </pt>
      <pt>
        <x>673.76</x>
        <y>433.36</y>
      </pt>
      <pt>
        <x>673.76</x>
        <y>435.78</y>
      </pt>
      <pt>
        <x>672.03</x>
        <y>435.78</y>
      </pt>
      <username></username>
    </polygon>
    <attributes>rotation=0.0</attributes>
  </object>
  <object>
    <name>lane</name>
    <deleted>0</deleted>
    <verified>0</verified>
    <occluded>no</occluded>
    <date></date>
    <id>7</id>
    <parts>
      <hasparts></hasparts>
      <ispartof></ispartof>
    </parts>
    <type>bounding_box</type>
    <polygon>
      <pt>
        <x>670.82</x>
        <y>438.03</y>
      </pt>
      <pt>
        <x>673.93</x>
        <y>438.03</y>
      </pt>
      <pt>
        <x>673.93</x>
        <y>441.31</y>
      </pt>
      <pt>
        <x>670.82</x>
        <y>441.31</y>
      </pt>
      <username></username>
    </polygon>
    <attributes>rotation=0.0</attributes>
  </object>
  <object>
    <name>lane</name>
    <deleted>0</deleted>
    <verified>0</verified>
    <occluded>no</occluded>
    <date></date>
    <id>8</id>
    <parts>
      <hasparts></hasparts>
      <ispartof></ispartof>
    </parts>
    <type>bounding_box</type>
    <polygon>
      <pt>
        <x>670.30</x>
        <y>443.55</y>
      </pt>
      <pt>
        <x>673.24</x>
        <y>443.55</y>
      </pt>
      <pt>
        <x>673.24</x>
        <y>447.36</y>
      </pt>
      <pt>
        <x>670.30</x>
        <y>447.36</y>
      </pt>
      <username></username>
    </polygon>
    <attributes>rotation=0.0</attributes>
  </object>
  <object>
    <name>lane</name>
    <deleted>0</deleted>
    <verified>0</verified>
    <occluded>no</occluded>
    <date></date>
    <id>9</id>
    <parts>
      <hasparts></hasparts>
      <ispartof></ispartof>
    </parts>
    <type>bounding_box</type>
    <polygon>
      <pt>
        <x>669.61</x>
        <y>449.08</y>
      </pt>
      <pt>
        <x>672.72</x>
        <y>449.08</y>
      </pt>
      <pt>
        <x>672.72</x>
        <y>453.58</y>
      </pt>
      <pt>
        <x>669.61</x>
        <y>453.58</y>
      </pt>
      <username></username>
    </polygon>
    <attributes>rotation=0.0</attributes>
  </object>
  <object>
    <name>lane</name>
    <deleted>0</deleted>
    <verified>0</verified>
    <occluded>no</occluded>
    <date></date>
    <id>10</id>
    <parts>
      <hasparts></hasparts>
      <ispartof></ispartof>
    </parts>
    <type>bounding_box</type>
    <polygon>
      <pt>
        <x>668.76</x>
        <y>457.15</y>
      </pt>
      <pt>
        <x>672.24</x>
        <y>457.15</y>
      </pt>
      <pt>
        <x>672.24</x>
        <y>460.39</y>
      </pt>
      <pt>
        <x>668.76</x>
        <y>460.39</y>
      </pt>
      <username></username>
    </polygon>
    <attributes>rotation=0.0</attributes>
  </object>
  <object>
    <name>lane</name>
    <deleted>0</deleted>
    <verified>0</verified>
    <occluded>no</occluded>
    <date></date>
    <id>11</id>
    <parts>
      <hasparts></hasparts>
      <ispartof></ispartof>
    </parts>
    <type>bounding_box</type>
    <polygon>
      <pt>
        <x>665.28</x>
        <y>478.55</y>
      </pt>
      <pt>
        <x>669.76</x>
        <y>478.55</y>
      </pt>
      <pt>
        <x>669.76</x>
        <y>485.77</y>
      </pt>
      <pt>
        <x>665.28</x>
        <y>485.77</y>
      </pt>
      <username></username>
    </polygon>
    <attributes>rotation=0.0</attributes>
  </object>
  <object>
    <name>lane</name>
    <deleted>0</deleted>
    <verified>0</verified>
    <occluded>no</occluded>
    <date></date>
    <id>12</id>
    <parts>
      <hasparts></hasparts>
      <ispartof></ispartof>
    </parts>
    <type>bounding_box</type>
    <polygon>
      <pt>
        <x>662.54</x>
        <y>492.74</y>
      </pt>
      <pt>
        <x>668.51</x>
        <y>492.74</y>
      </pt>
      <pt>
        <x>668.51</x>
        <y>505.43</y>
      </pt>
      <pt>
        <x>662.54</x>
        <y>505.43</y>
      </pt>
      <username></username>
    </polygon>
    <attributes>rotation=0.0</attributes>
  </object>
  <object>
    <name>lane</name>
    <deleted>0</deleted>
    <verified>0</verified>
    <occluded>no</occluded>
    <date></date>
    <id>13</id>
    <parts>
      <hasparts></hasparts>
      <ispartof></ispartof>
    </parts>
    <type>bounding_box</type>
    <polygon>
      <pt>
        <x>658.59</x>
        <y>515.67</y>
      </pt>
      <pt>
        <x>665.90</x>
        <y>515.67</y>
      </pt>
      <pt>
        <x>665.90</x>
        <y>535.87</y>
      </pt>
      <pt>
        <x>658.59</x>
        <y>535.87</y>
      </pt>
      <username></username>
    </polygon>
    <attributes>rotation=0.0</attributes>
  </object>
</annotation>
