<annotation>
  <filename>image_2418.jpg</filename>
  <folder></folder>
  <source>
    <sourceImage></sourceImage>
    <sourceAnnotation>Datumaro</sourceAnnotation>
  </source>
  <imagesize>
    <nrows>1920</nrows>
    <ncols>1080</ncols>
  </imagesize>
  <object>
    <name>lane</name>
    <deleted>0</deleted>
    <verified>0</verified>
    <occluded>no</occluded>
    <date></date>
    <id>0</id>
    <parts>
      <hasparts></hasparts>
      <ispartof></ispartof>
    </parts>
    <type>bounding_box</type>
    <polygon>
      <pt>
        <x>500.45</x>
        <y>622.13</y>
      </pt>
      <pt>
        <x>537.33</x>
        <y>622.13</y>
      </pt>
      <pt>
        <x>537.33</x>
        <y>784.65</y>
      </pt>
      <pt>
        <x>500.45</x>
        <y>784.65</y>
      </pt>
      <username></username>
    </polygon>
    <attributes>rotation=0.0</attributes>
  </object>
  <object>
    <name>lane</name>
    <deleted>0</deleted>
    <verified>0</verified>
    <occluded>no</occluded>
    <date></date>
    <id>1</id>
    <parts>
      <hasparts></hasparts>
      <ispartof></ispartof>
    </parts>
    <type>bounding_box</type>
    <polygon>
      <pt>
        <x>507.28</x>
        <y>492.39</y>
      </pt>
      <pt>
        <x>526.40</x>
        <y>492.39</y>
      </pt>
      <pt>
        <x>526.40</x>
        <y>545.66</y>
      </pt>
      <pt>
        <x>507.28</x>
        <y>545.66</y>
      </pt>
      <username></username>
    </polygon>
    <attributes>rotation=0.0</attributes>
  </object>
  <object>
    <name>lane</name>
    <deleted>0</deleted>
    <verified>0</verified>
    <occluded>no</occluded>
    <date></date>
    <id>2</id>
    <parts>
      <hasparts></hasparts>
      <ispartof></ispartof>
    </parts>
    <polygon>
      <pt>
        <x>463.83</x>
        <y>1919.09</y>
      </pt>
      <pt>
        <x>495.29</x>
        <y>1140.33</y>
      </pt>
      <pt>
        <x>548.20</x>
        <y>1143.70</y>
      </pt>
      <pt>
        <x>575.92</x>
        <y>1917.12</y>
      </pt>
      <username></username>
    </polygon>
    <attributes></attributes>
  </object>
</annotation>
