<annotation>
  <filename>image_403.jpg</filename>
  <folder></folder>
  <source>
    <sourceImage></sourceImage>
    <sourceAnnotation>Datumaro</sourceAnnotation>
  </source>
  <imagesize>
    <nrows>1920</nrows>
    <ncols>1080</ncols>
  </imagesize>
  <object>
    <name>lane</name>
    <deleted>0</deleted>
    <verified>0</verified>
    <occluded>no</occluded>
    <date></date>
    <id>0</id>
    <parts>
      <hasparts></hasparts>
      <ispartof></ispartof>
    </parts>
    <type>bounding_box</type>
    <polygon>
      <pt>
        <x>513.42</x>
        <y>28.12</y>
      </pt>
      <pt>
        <x>523.95</x>
        <y>28.12</y>
      </pt>
      <pt>
        <x>523.95</x>
        <y>41.74</y>
      </pt>
      <pt>
        <x>513.42</x>
        <y>41.74</y>
      </pt>
      <username></username>
    </polygon>
    <attributes>rotation=0.0</attributes>
  </object>
  <object>
    <name>lane</name>
    <deleted>0</deleted>
    <verified>0</verified>
    <occluded>no</occluded>
    <date></date>
    <id>1</id>
    <parts>
      <hasparts></hasparts>
      <ispartof></ispartof>
    </parts>
    <type>bounding_box</type>
    <polygon>
      <pt>
        <x>515.90</x>
        <y>12.02</y>
      </pt>
      <pt>
        <x>522.71</x>
        <y>12.02</y>
      </pt>
      <pt>
        <x>522.71</x>
        <y>23.78</y>
      </pt>
      <pt>
        <x>515.90</x>
        <y>23.78</y>
      </pt>
      <username></username>
    </polygon>
    <attributes>rotation=0.0</attributes>
  </object>
  <object>
    <name>lane</name>
    <deleted>0</deleted>
    <verified>0</verified>
    <occluded>no</occluded>
    <date></date>
    <id>2</id>
    <parts>
      <hasparts></hasparts>
      <ispartof></ispartof>
    </parts>
    <type>bounding_box</type>
    <polygon>
      <pt>
        <x>512.80</x>
        <y>48.55</y>
      </pt>
      <pt>
        <x>524.57</x>
        <y>48.55</y>
      </pt>
      <pt>
        <x>524.57</x>
        <y>64.03</y>
      </pt>
      <pt>
        <x>512.80</x>
        <y>64.03</y>
      </pt>
      <username></username>
    </polygon>
    <attributes>rotation=0.0</attributes>
  </object>
  <object>
    <name>lane</name>
    <deleted>0</deleted>
    <verified>0</verified>
    <occluded>no</occluded>
    <date></date>
    <id>3</id>
    <parts>
      <hasparts></hasparts>
      <ispartof></ispartof>
    </parts>
    <type>bounding_box</type>
    <polygon>
      <pt>
        <x>511.57</x>
        <y>74.55</y>
      </pt>
      <pt>
        <x>525.19</x>
        <y>74.55</y>
      </pt>
      <pt>
        <x>525.19</x>
        <y>94.99</y>
      </pt>
      <pt>
        <x>511.57</x>
        <y>94.99</y>
      </pt>
      <username></username>
    </polygon>
    <attributes>rotation=0.0</attributes>
  </object>
  <object>
    <name>lane</name>
    <deleted>0</deleted>
    <verified>0</verified>
    <occluded>no</occluded>
    <date></date>
    <id>4</id>
    <parts>
      <hasparts></hasparts>
      <ispartof></ispartof>
    </parts>
    <type>bounding_box</type>
    <polygon>
      <pt>
        <x>511.57</x>
        <y>111.08</y>
      </pt>
      <pt>
        <x>527.66</x>
        <y>111.08</y>
      </pt>
      <pt>
        <x>527.66</x>
        <y>137.71</y>
      </pt>
      <pt>
        <x>511.57</x>
        <y>137.71</y>
      </pt>
      <username></username>
    </polygon>
    <attributes>rotation=0.0</attributes>
  </object>
  <object>
    <name>lane</name>
    <deleted>0</deleted>
    <verified>0</verified>
    <occluded>no</occluded>
    <date></date>
    <id>5</id>
    <parts>
      <hasparts></hasparts>
      <ispartof></ispartof>
    </parts>
    <type>bounding_box</type>
    <polygon>
      <pt>
        <x>506.40</x>
        <y>165.06</y>
      </pt>
      <pt>
        <x>527.95</x>
        <y>165.06</y>
      </pt>
      <pt>
        <x>527.95</x>
        <y>206.67</y>
      </pt>
      <pt>
        <x>506.40</x>
        <y>206.67</y>
      </pt>
      <username></username>
    </polygon>
    <attributes>rotation=0.0</attributes>
  </object>
  <object>
    <name>lane</name>
    <deleted>0</deleted>
    <verified>0</verified>
    <occluded>no</occluded>
    <date></date>
    <id>6</id>
    <parts>
      <hasparts></hasparts>
      <ispartof></ispartof>
    </parts>
    <type>bounding_box</type>
    <polygon>
      <pt>
        <x>501.52</x>
        <y>251.47</y>
      </pt>
      <pt>
        <x>528.26</x>
        <y>251.47</y>
      </pt>
      <pt>
        <x>528.26</x>
        <y>322.09</y>
      </pt>
      <pt>
        <x>501.52</x>
        <y>322.09</y>
      </pt>
      <username></username>
    </polygon>
    <attributes>rotation=0.0</attributes>
  </object>
  <object>
    <name>lane</name>
    <deleted>0</deleted>
    <verified>0</verified>
    <occluded>no</occluded>
    <date></date>
    <id>7</id>
    <parts>
      <hasparts></hasparts>
      <ispartof></ispartof>
    </parts>
    <type>bounding_box</type>
    <polygon>
      <pt>
        <x>492.47</x>
        <y>418.67</y>
      </pt>
      <pt>
        <x>532.53</x>
        <y>418.67</y>
      </pt>
      <pt>
        <x>532.53</x>
        <y>588.15</y>
      </pt>
      <pt>
        <x>492.47</x>
        <y>588.15</y>
      </pt>
      <username></username>
    </polygon>
    <attributes>rotation=0.0</attributes>
  </object>
  <object>
    <name>lane</name>
    <deleted>0</deleted>
    <verified>0</verified>
    <occluded>no</occluded>
    <date></date>
    <id>8</id>
    <parts>
      <hasparts></hasparts>
      <ispartof></ispartof>
    </parts>
    <polygon>
      <pt>
        <x>475.27</x>
        <y>901.43</y>
      </pt>
      <pt>
        <x>436.45</x>
        <y>1714.92</y>
      </pt>
      <pt>
        <x>558.47</x>
        <y>1726.02</y>
      </pt>
      <pt>
        <x>543.68</x>
        <y>901.43</y>
      </pt>
      <username></username>
    </polygon>
    <attributes></attributes>
  </object>
</annotation>
