<annotation>
  <filename>image_447.jpg</filename>
  <folder></folder>
  <source>
    <sourceImage></sourceImage>
    <sourceAnnotation>Datumaro</sourceAnnotation>
  </source>
  <imagesize>
    <nrows>1920</nrows>
    <ncols>1080</ncols>
  </imagesize>
  <object>
    <name>lane</name>
    <deleted>0</deleted>
    <verified>0</verified>
    <occluded>no</occluded>
    <date></date>
    <id>0</id>
    <parts>
      <hasparts></hasparts>
      <ispartof></ispartof>
    </parts>
    <polygon>
      <pt>
        <x>432.80</x>
        <y>1446.26</y>
      </pt>
      <pt>
        <x>524.55</x>
        <y>1448.30</y>
      </pt>
      <pt>
        <x>534.63</x>
        <y>1920.00</y>
      </pt>
      <pt>
        <x>416.68</x>
        <y>1920.00</y>
      </pt>
      <username></username>
    </polygon>
    <attributes></attributes>
  </object>
  <object>
    <name>lane</name>
    <deleted>0</deleted>
    <verified>0</verified>
    <occluded>no</occluded>
    <date></date>
    <id>1</id>
    <parts>
      <hasparts></hasparts>
      <ispartof></ispartof>
    </parts>
    <polygon>
      <pt>
        <x>507.08</x>
        <y>372.52</y>
      </pt>
      <pt>
        <x>519.03</x>
        <y>371.95</y>
      </pt>
      <pt>
        <x>520.73</x>
        <y>391.29</y>
      </pt>
      <pt>
        <x>508.22</x>
        <y>393.00</y>
      </pt>
      <username></username>
    </polygon>
    <attributes></attributes>
  </object>
  <object>
    <name>lane</name>
    <deleted>0</deleted>
    <verified>0</verified>
    <occluded>no</occluded>
    <date></date>
    <id>2</id>
    <parts>
      <hasparts></hasparts>
      <ispartof></ispartof>
    </parts>
    <polygon>
      <pt>
        <x>505.94</x>
        <y>409.50</y>
      </pt>
      <pt>
        <x>519.03</x>
        <y>409.50</y>
      </pt>
      <pt>
        <x>521.87</x>
        <y>436.24</y>
      </pt>
      <pt>
        <x>504.23</x>
        <y>436.24</y>
      </pt>
      <username></username>
    </polygon>
    <attributes></attributes>
  </object>
  <object>
    <name>lane</name>
    <deleted>0</deleted>
    <verified>0</verified>
    <occluded>no</occluded>
    <date></date>
    <id>3</id>
    <parts>
      <hasparts></hasparts>
      <ispartof></ispartof>
    </parts>
    <polygon>
      <pt>
        <x>502.53</x>
        <y>468.10</y>
      </pt>
      <pt>
        <x>521.30</x>
        <y>468.67</y>
      </pt>
      <pt>
        <x>522.44</x>
        <y>518.74</y>
      </pt>
      <pt>
        <x>501.39</x>
        <y>518.74</y>
      </pt>
      <username></username>
    </polygon>
    <attributes></attributes>
  </object>
  <object>
    <name>lane</name>
    <deleted>0</deleted>
    <verified>0</verified>
    <occluded>no</occluded>
    <date></date>
    <id>4</id>
    <parts>
      <hasparts></hasparts>
      <ispartof></ispartof>
    </parts>
    <polygon>
      <pt>
        <x>496.84</x>
        <y>565.40</y>
      </pt>
      <pt>
        <x>519.60</x>
        <y>564.26</y>
      </pt>
      <pt>
        <x>524.15</x>
        <y>653.59</y>
      </pt>
      <pt>
        <x>491.15</x>
        <y>655.87</y>
      </pt>
      <username></username>
    </polygon>
    <attributes></attributes>
  </object>
  <object>
    <name>lane</name>
    <deleted>0</deleted>
    <verified>0</verified>
    <occluded>no</occluded>
    <date></date>
    <id>5</id>
    <parts>
      <hasparts></hasparts>
      <ispartof></ispartof>
    </parts>
    <polygon>
      <pt>
        <x>482.64</x>
        <y>771.86</y>
      </pt>
      <pt>
        <x>521.14</x>
        <y>772.68</y>
      </pt>
      <pt>
        <x>526.06</x>
        <y>984.88</y>
      </pt>
      <pt>
        <x>471.98</x>
        <y>989.80</y>
      </pt>
      <username></username>
    </polygon>
    <attributes></attributes>
  </object>
</annotation>
