<annotation>
  <filename>image_1941.jpg</filename>
  <folder></folder>
  <source>
    <sourceImage></sourceImage>
    <sourceAnnotation>Datumaro</sourceAnnotation>
  </source>
  <imagesize>
    <nrows>1920</nrows>
    <ncols>1080</ncols>
  </imagesize>
  <object>
    <name>lane</name>
    <deleted>0</deleted>
    <verified>0</verified>
    <occluded>no</occluded>
    <date></date>
    <id>0</id>
    <parts>
      <hasparts></hasparts>
      <ispartof></ispartof>
    </parts>
    <polygon>
      <pt>
        <x>485.85</x>
        <y>547.80</y>
      </pt>
      <pt>
        <x>487.99</x>
        <y>485.06</y>
      </pt>
      <pt>
        <x>488.70</x>
        <y>432.31</y>
      </pt>
      <pt>
        <x>509.37</x>
        <y>433.03</y>
      </pt>
      <pt>
        <x>510.09</x>
        <y>476.51</y>
      </pt>
      <pt>
        <x>511.51</x>
        <y>544.94</y>
      </pt>
      <username></username>
    </polygon>
    <attributes></attributes>
  </object>
  <object>
    <name>lane</name>
    <deleted>0</deleted>
    <verified>0</verified>
    <occluded>no</occluded>
    <date></date>
    <id>1</id>
    <parts>
      <hasparts></hasparts>
      <ispartof></ispartof>
    </parts>
    <polygon>
      <pt>
        <x>494.77</x>
        <y>261.76</y>
      </pt>
      <pt>
        <x>504.20</x>
        <y>261.30</y>
      </pt>
      <pt>
        <x>503.70</x>
        <y>275.10</y>
      </pt>
      <pt>
        <x>504.67</x>
        <y>286.01</y>
      </pt>
      <pt>
        <x>495.27</x>
        <y>285.02</y>
      </pt>
      <pt>
        <x>495.27</x>
        <y>271.66</y>
      </pt>
      <username></username>
    </polygon>
    <attributes></attributes>
  </object>
  <object>
    <name>lane</name>
    <deleted>0</deleted>
    <verified>0</verified>
    <occluded>no</occluded>
    <date></date>
    <id>2</id>
    <parts>
      <hasparts></hasparts>
      <ispartof></ispartof>
    </parts>
    <polygon>
      <pt>
        <x>492.79</x>
        <y>363.74</y>
      </pt>
      <pt>
        <x>493.78</x>
        <y>338.98</y>
      </pt>
      <pt>
        <x>493.29</x>
        <y>318.19</y>
      </pt>
      <pt>
        <x>507.15</x>
        <y>318.19</y>
      </pt>
      <pt>
        <x>507.64</x>
        <y>338.49</y>
      </pt>
      <pt>
        <x>507.64</x>
        <y>362.75</y>
      </pt>
      <username></username>
    </polygon>
    <attributes></attributes>
  </object>
  <object>
    <name>lane</name>
    <deleted>0</deleted>
    <verified>0</verified>
    <occluded>no</occluded>
    <date></date>
    <id>3</id>
    <parts>
      <hasparts></hasparts>
      <ispartof></ispartof>
    </parts>
    <polygon>
      <pt>
        <x>448.19</x>
        <y>1505.40</y>
      </pt>
      <pt>
        <x>527.37</x>
        <y>1513.07</y>
      </pt>
      <pt>
        <x>524.81</x>
        <y>1101.83</y>
      </pt>
      <pt>
        <x>519.71</x>
        <y>787.65</y>
      </pt>
      <pt>
        <x>478.84</x>
        <y>790.20</y>
      </pt>
      <pt>
        <x>463.51</x>
        <y>1122.26</y>
      </pt>
      <username></username>
    </polygon>
    <attributes></attributes>
  </object>
  <object>
    <name>lane</name>
    <deleted>0</deleted>
    <verified>0</verified>
    <occluded>no</occluded>
    <date></date>
    <id>4</id>
    <parts>
      <hasparts></hasparts>
      <ispartof></ispartof>
    </parts>
    <type>bounding_box</type>
    <polygon>
      <pt>
        <x>497.22</x>
        <y>203.70</y>
      </pt>
      <pt>
        <x>503.37</x>
        <y>203.70</y>
      </pt>
      <pt>
        <x>503.37</x>
        <y>215.43</y>
      </pt>
      <pt>
        <x>497.22</x>
        <y>215.43</y>
      </pt>
      <username></username>
    </polygon>
    <attributes>rotation=0.0</attributes>
  </object>
  <object>
    <name>lane</name>
    <deleted>0</deleted>
    <verified>0</verified>
    <occluded>no</occluded>
    <date></date>
    <id>5</id>
    <parts>
      <hasparts></hasparts>
      <ispartof></ispartof>
    </parts>
    <type>bounding_box</type>
    <polygon>
      <pt>
        <x>498.18</x>
        <y>166.29</y>
      </pt>
      <pt>
        <x>501.99</x>
        <y>166.29</y>
      </pt>
      <pt>
        <x>501.99</x>
        <y>169.81</y>
      </pt>
      <pt>
        <x>498.18</x>
        <y>169.81</y>
      </pt>
      <username></username>
    </polygon>
    <attributes>rotation=0.0</attributes>
  </object>
  <object>
    <name>lane</name>
    <deleted>0</deleted>
    <verified>0</verified>
    <occluded>no</occluded>
    <date></date>
    <id>6</id>
    <parts>
      <hasparts></hasparts>
      <ispartof></ispartof>
    </parts>
    <type>bounding_box</type>
    <polygon>
      <pt>
        <x>497.89</x>
        <y>175.08</y>
      </pt>
      <pt>
        <x>502.29</x>
        <y>175.08</y>
      </pt>
      <pt>
        <x>502.29</x>
        <y>182.41</y>
      </pt>
      <pt>
        <x>497.89</x>
        <y>182.41</y>
      </pt>
      <username></username>
    </polygon>
    <attributes>rotation=0.0</attributes>
  </object>
  <object>
    <name>lane</name>
    <deleted>0</deleted>
    <verified>0</verified>
    <occluded>no</occluded>
    <date></date>
    <id>7</id>
    <parts>
      <hasparts></hasparts>
      <ispartof></ispartof>
    </parts>
    <type>bounding_box</type>
    <polygon>
      <pt>
        <x>497.60</x>
        <y>187.99</y>
      </pt>
      <pt>
        <x>502.87</x>
        <y>187.99</y>
      </pt>
      <pt>
        <x>502.87</x>
        <y>195.90</y>
      </pt>
      <pt>
        <x>497.60</x>
        <y>195.90</y>
      </pt>
      <username></username>
    </polygon>
    <attributes>rotation=0.0</attributes>
  </object>
  <object>
    <name>lane</name>
    <deleted>0</deleted>
    <verified>0</verified>
    <occluded>no</occluded>
    <date></date>
    <id>8</id>
    <parts>
      <hasparts></hasparts>
      <ispartof></ispartof>
    </parts>
    <type>bounding_box</type>
    <polygon>
      <pt>
        <x>496.48</x>
        <y>226.21</y>
      </pt>
      <pt>
        <x>503.66</x>
        <y>226.21</y>
      </pt>
      <pt>
        <x>503.66</x>
        <y>243.52</y>
      </pt>
      <pt>
        <x>496.48</x>
        <y>243.52</y>
      </pt>
      <username></username>
    </polygon>
    <attributes>rotation=0.0</attributes>
  </object>
</annotation>
