<annotation>
  <filename>image_519.jpg</filename>
  <folder></folder>
  <source>
    <sourceImage></sourceImage>
    <sourceAnnotation>Datumaro</sourceAnnotation>
  </source>
  <imagesize>
    <nrows>1920</nrows>
    <ncols>1080</ncols>
  </imagesize>
  <object>
    <name>lane</name>
    <deleted>0</deleted>
    <verified>0</verified>
    <occluded>no</occluded>
    <date></date>
    <id>0</id>
    <parts>
      <hasparts></hasparts>
      <ispartof></ispartof>
    </parts>
    <type>bounding_box</type>
    <polygon>
      <pt>
        <x>421.90</x>
        <y>144.27</y>
      </pt>
      <pt>
        <x>446.56</x>
        <y>144.27</y>
      </pt>
      <pt>
        <x>446.56</x>
        <y>210.52</y>
      </pt>
      <pt>
        <x>421.90</x>
        <y>210.52</y>
      </pt>
      <username></username>
    </polygon>
    <attributes>rotation=0.0</attributes>
  </object>
  <object>
    <name>lane</name>
    <deleted>0</deleted>
    <verified>0</verified>
    <occluded>no</occluded>
    <date></date>
    <id>1</id>
    <parts>
      <hasparts></hasparts>
      <ispartof></ispartof>
    </parts>
    <type>bounding_box</type>
    <polygon>
      <pt>
        <x>418.69</x>
        <y>55.42</y>
      </pt>
      <pt>
        <x>436.65</x>
        <y>55.42</y>
      </pt>
      <pt>
        <x>436.65</x>
        <y>91.33</y>
      </pt>
      <pt>
        <x>418.69</x>
        <y>91.33</y>
      </pt>
      <username></username>
    </polygon>
    <attributes>rotation=0.0</attributes>
  </object>
  <object>
    <name>lane</name>
    <deleted>0</deleted>
    <verified>0</verified>
    <occluded>no</occluded>
    <date></date>
    <id>2</id>
    <parts>
      <hasparts></hasparts>
      <ispartof></ispartof>
    </parts>
    <type>bounding_box</type>
    <polygon>
      <pt>
        <x>416.83</x>
        <y>8.30</y>
      </pt>
      <pt>
        <x>433.55</x>
        <y>8.30</y>
      </pt>
      <pt>
        <x>433.55</x>
        <y>23.84</y>
      </pt>
      <pt>
        <x>416.83</x>
        <y>23.84</y>
      </pt>
      <username></username>
    </polygon>
    <attributes>rotation=0.0</attributes>
  </object>
  <object>
    <name>lane</name>
    <deleted>0</deleted>
    <verified>0</verified>
    <occluded>no</occluded>
    <date></date>
    <id>3</id>
    <parts>
      <hasparts></hasparts>
      <ispartof></ispartof>
    </parts>
    <polygon>
      <pt>
        <x>426.78</x>
        <y>313.55</y>
      </pt>
      <pt>
        <x>457.10</x>
        <y>310.87</y>
      </pt>
      <pt>
        <x>478.49</x>
        <y>480.28</y>
      </pt>
      <pt>
        <x>432.13</x>
        <y>475.82</y>
      </pt>
      <username></username>
    </polygon>
    <attributes></attributes>
  </object>
  <object>
    <name>lane</name>
    <deleted>0</deleted>
    <verified>0</verified>
    <occluded>no</occluded>
    <date></date>
    <id>4</id>
    <parts>
      <hasparts></hasparts>
      <ispartof></ispartof>
    </parts>
    <polygon>
      <pt>
        <x>435.87</x>
        <y>773.46</y>
      </pt>
      <pt>
        <x>499.77</x>
        <y>765.47</y>
      </pt>
      <pt>
        <x>584.96</x>
        <y>1534.88</y>
      </pt>
      <pt>
        <x>475.81</x>
        <y>1545.53</y>
      </pt>
      <username></username>
    </polygon>
    <attributes></attributes>
  </object>
</annotation>
