<annotation>
  <filename>image_379.jpg</filename>
  <folder></folder>
  <source>
    <sourceImage></sourceImage>
    <sourceAnnotation>Datumaro</sourceAnnotation>
  </source>
  <imagesize>
    <nrows>1920</nrows>
    <ncols>1080</ncols>
  </imagesize>
  <object>
    <name>lane</name>
    <deleted>0</deleted>
    <verified>0</verified>
    <occluded>no</occluded>
    <date></date>
    <id>0</id>
    <parts>
      <hasparts></hasparts>
      <ispartof></ispartof>
    </parts>
    <type>bounding_box</type>
    <polygon>
      <pt>
        <x>470.32</x>
        <y>355.75</y>
      </pt>
      <pt>
        <x>476.75</x>
        <y>355.75</y>
      </pt>
      <pt>
        <x>476.75</x>
        <y>365.50</y>
      </pt>
      <pt>
        <x>470.32</x>
        <y>365.50</y>
      </pt>
      <username></username>
    </polygon>
    <attributes>rotation=0.0</attributes>
  </object>
  <object>
    <name>lane</name>
    <deleted>0</deleted>
    <verified>0</verified>
    <occluded>no</occluded>
    <date></date>
    <id>1</id>
    <parts>
      <hasparts></hasparts>
      <ispartof></ispartof>
    </parts>
    <type>bounding_box</type>
    <polygon>
      <pt>
        <x>469.91</x>
        <y>402.82</y>
      </pt>
      <pt>
        <x>479.77</x>
        <y>402.82</y>
      </pt>
      <pt>
        <x>479.77</x>
        <y>425.21</y>
      </pt>
      <pt>
        <x>469.91</x>
        <y>425.21</y>
      </pt>
      <username></username>
    </polygon>
    <attributes>rotation=0.0</attributes>
  </object>
  <object>
    <name>lane</name>
    <deleted>0</deleted>
    <verified>0</verified>
    <occluded>no</occluded>
    <date></date>
    <id>2</id>
    <parts>
      <hasparts></hasparts>
      <ispartof></ispartof>
    </parts>
    <type>bounding_box</type>
    <polygon>
      <pt>
        <x>470.21</x>
        <y>375.05</y>
      </pt>
      <pt>
        <x>477.98</x>
        <y>375.05</y>
      </pt>
      <pt>
        <x>477.98</x>
        <y>388.19</y>
      </pt>
      <pt>
        <x>470.21</x>
        <y>388.19</y>
      </pt>
      <username></username>
    </polygon>
    <attributes>rotation=0.0</attributes>
  </object>
  <object>
    <name>lane</name>
    <deleted>0</deleted>
    <verified>0</verified>
    <occluded>no</occluded>
    <date></date>
    <id>3</id>
    <parts>
      <hasparts></hasparts>
      <ispartof></ispartof>
    </parts>
    <type>bounding_box</type>
    <polygon>
      <pt>
        <x>471.35</x>
        <y>344.14</y>
      </pt>
      <pt>
        <x>476.12</x>
        <y>344.14</y>
      </pt>
      <pt>
        <x>476.12</x>
        <y>350.98</y>
      </pt>
      <pt>
        <x>471.35</x>
        <y>350.98</y>
      </pt>
      <username></username>
    </polygon>
    <attributes>rotation=0.0</attributes>
  </object>
  <object>
    <name>lane</name>
    <deleted>0</deleted>
    <verified>0</verified>
    <occluded>no</occluded>
    <date></date>
    <id>4</id>
    <parts>
      <hasparts></hasparts>
      <ispartof></ispartof>
    </parts>
    <polygon>
      <pt>
        <x>461.35</x>
        <y>790.13</y>
      </pt>
      <pt>
        <x>492.16</x>
        <y>785.51</y>
      </pt>
      <pt>
        <x>515.27</x>
        <y>1241.56</y>
      </pt>
      <pt>
        <x>450.56</x>
        <y>1247.72</y>
      </pt>
      <username></username>
    </polygon>
    <attributes></attributes>
  </object>
  <object>
    <name>lane</name>
    <deleted>0</deleted>
    <verified>0</verified>
    <occluded>no</occluded>
    <date></date>
    <id>5</id>
    <parts>
      <hasparts></hasparts>
      <ispartof></ispartof>
    </parts>
    <polygon>
      <pt>
        <x>464.05</x>
        <y>538.50</y>
      </pt>
      <pt>
        <x>464.05</x>
        <y>624.69</y>
      </pt>
      <pt>
        <x>489.31</x>
        <y>627.66</y>
      </pt>
      <pt>
        <x>486.34</x>
        <y>534.78</y>
      </pt>
      <username></username>
    </polygon>
    <attributes></attributes>
  </object>
  <object>
    <name>lane</name>
    <deleted>0</deleted>
    <verified>0</verified>
    <occluded>no</occluded>
    <date></date>
    <id>6</id>
    <parts>
      <hasparts></hasparts>
      <ispartof></ispartof>
    </parts>
    <type>bounding_box</type>
    <polygon>
      <pt>
        <x>471.35</x>
        <y>332.94</y>
      </pt>
      <pt>
        <x>475.50</x>
        <y>332.94</y>
      </pt>
      <pt>
        <x>475.50</x>
        <y>339.37</y>
      </pt>
      <pt>
        <x>471.35</x>
        <y>339.37</y>
      </pt>
      <username></username>
    </polygon>
    <attributes>rotation=0.0</attributes>
  </object>
  <object>
    <name>lane</name>
    <deleted>0</deleted>
    <verified>0</verified>
    <occluded>no</occluded>
    <date></date>
    <id>7</id>
    <parts>
      <hasparts></hasparts>
      <ispartof></ispartof>
    </parts>
    <type>bounding_box</type>
    <polygon>
      <pt>
        <x>470.73</x>
        <y>325.27</y>
      </pt>
      <pt>
        <x>475.29</x>
        <y>325.27</y>
      </pt>
      <pt>
        <x>475.29</x>
        <y>330.04</y>
      </pt>
      <pt>
        <x>470.73</x>
        <y>330.04</y>
      </pt>
      <username></username>
    </polygon>
    <attributes>rotation=0.0</attributes>
  </object>
  <object>
    <name>lane</name>
    <deleted>0</deleted>
    <verified>0</verified>
    <occluded>no</occluded>
    <date></date>
    <id>8</id>
    <parts>
      <hasparts></hasparts>
      <ispartof></ispartof>
    </parts>
    <type>bounding_box</type>
    <polygon>
      <pt>
        <x>470.94</x>
        <y>320.09</y>
      </pt>
      <pt>
        <x>475.29</x>
        <y>320.09</y>
      </pt>
      <pt>
        <x>475.29</x>
        <y>322.99</y>
      </pt>
      <pt>
        <x>470.94</x>
        <y>322.99</y>
      </pt>
      <username></username>
    </polygon>
    <attributes>rotation=0.0</attributes>
  </object>
  <object>
    <name>lane</name>
    <deleted>0</deleted>
    <verified>0</verified>
    <occluded>no</occluded>
    <date></date>
    <id>9</id>
    <parts>
      <hasparts></hasparts>
      <ispartof></ispartof>
    </parts>
    <type>bounding_box</type>
    <polygon>
      <pt>
        <x>470.73</x>
        <y>313.86</y>
      </pt>
      <pt>
        <x>474.67</x>
        <y>313.86</y>
      </pt>
      <pt>
        <x>474.67</x>
        <y>317.60</y>
      </pt>
      <pt>
        <x>470.73</x>
        <y>317.60</y>
      </pt>
      <username></username>
    </polygon>
    <attributes>rotation=0.0</attributes>
  </object>
  <object>
    <name>lane</name>
    <deleted>0</deleted>
    <verified>0</verified>
    <occluded>no</occluded>
    <date></date>
    <id>10</id>
    <parts>
      <hasparts></hasparts>
      <ispartof></ispartof>
    </parts>
    <type>bounding_box</type>
    <polygon>
      <pt>
        <x>471.56</x>
        <y>309.51</y>
      </pt>
      <pt>
        <x>474.26</x>
        <y>309.51</y>
      </pt>
      <pt>
        <x>474.26</x>
        <y>313.04</y>
      </pt>
      <pt>
        <x>471.56</x>
        <y>313.04</y>
      </pt>
      <username></username>
    </polygon>
    <attributes>rotation=0.0</attributes>
  </object>
  <object>
    <name>lane</name>
    <deleted>0</deleted>
    <verified>0</verified>
    <occluded>no</occluded>
    <date></date>
    <id>11</id>
    <parts>
      <hasparts></hasparts>
      <ispartof></ispartof>
    </parts>
    <type>bounding_box</type>
    <polygon>
      <pt>
        <x>470.94</x>
        <y>304.74</y>
      </pt>
      <pt>
        <x>473.64</x>
        <y>304.74</y>
      </pt>
      <pt>
        <x>473.64</x>
        <y>307.64</y>
      </pt>
      <pt>
        <x>470.94</x>
        <y>307.64</y>
      </pt>
      <username></username>
    </polygon>
    <attributes>rotation=0.0</attributes>
  </object>
  <object>
    <name>lane</name>
    <deleted>0</deleted>
    <verified>0</verified>
    <occluded>no</occluded>
    <date></date>
    <id>12</id>
    <parts>
      <hasparts></hasparts>
      <ispartof></ispartof>
    </parts>
    <type>bounding_box</type>
    <polygon>
      <pt>
        <x>470.73</x>
        <y>300.80</y>
      </pt>
      <pt>
        <x>473.64</x>
        <y>300.80</y>
      </pt>
      <pt>
        <x>473.64</x>
        <y>303.08</y>
      </pt>
      <pt>
        <x>470.73</x>
        <y>303.08</y>
      </pt>
      <username></username>
    </polygon>
    <attributes>rotation=0.0</attributes>
  </object>
  <object>
    <name>lane</name>
    <deleted>0</deleted>
    <verified>0</verified>
    <occluded>no</occluded>
    <date></date>
    <id>13</id>
    <parts>
      <hasparts></hasparts>
      <ispartof></ispartof>
    </parts>
    <polygon>
      <pt>
        <x>468.51</x>
        <y>448.60</y>
      </pt>
      <pt>
        <x>466.28</x>
        <y>487.23</y>
      </pt>
      <pt>
        <x>482.63</x>
        <y>487.23</y>
      </pt>
      <pt>
        <x>479.65</x>
        <y>447.11</y>
      </pt>
      <username></username>
    </polygon>
    <attributes></attributes>
  </object>
</annotation>
