<annotation>
  <filename>image_2751.jpg</filename>
  <folder></folder>
  <source>
    <sourceImage></sourceImage>
    <sourceAnnotation>Datumaro</sourceAnnotation>
  </source>
  <imagesize>
    <nrows>1920</nrows>
    <ncols>1080</ncols>
  </imagesize>
  <object>
    <name>lane</name>
    <deleted>0</deleted>
    <verified>0</verified>
    <occluded>no</occluded>
    <date></date>
    <id>0</id>
    <parts>
      <hasparts></hasparts>
      <ispartof></ispartof>
    </parts>
    <polygon>
      <pt>
        <x>555.13</x>
        <y>469.59</y>
      </pt>
      <pt>
        <x>569.73</x>
        <y>471.41</y>
      </pt>
      <pt>
        <x>582.50</x>
        <y>430.07</y>
      </pt>
      <pt>
        <x>570.94</x>
        <y>430.07</y>
      </pt>
      <username></username>
    </polygon>
    <attributes></attributes>
  </object>
  <object>
    <name>lane</name>
    <deleted>0</deleted>
    <verified>0</verified>
    <occluded>no</occluded>
    <date></date>
    <id>1</id>
    <parts>
      <hasparts></hasparts>
      <ispartof></ispartof>
    </parts>
    <polygon>
      <pt>
        <x>585.54</x>
        <y>403.31</y>
      </pt>
      <pt>
        <x>598.30</x>
        <y>382.03</y>
      </pt>
      <pt>
        <x>608.03</x>
        <y>382.64</y>
      </pt>
      <pt>
        <x>595.87</x>
        <y>403.92</y>
      </pt>
      <username></username>
    </polygon>
    <attributes></attributes>
  </object>
  <object>
    <name>lane</name>
    <deleted>0</deleted>
    <verified>0</verified>
    <occluded>no</occluded>
    <date></date>
    <id>2</id>
    <parts>
      <hasparts></hasparts>
      <ispartof></ispartof>
    </parts>
    <polygon>
      <pt>
        <x>610.84</x>
        <y>365.88</y>
      </pt>
      <pt>
        <x>622.81</x>
        <y>351.70</y>
      </pt>
      <pt>
        <x>631.36</x>
        <y>351.70</y>
      </pt>
      <pt>
        <x>615.97</x>
        <y>367.83</y>
      </pt>
      <username></username>
    </polygon>
    <attributes></attributes>
  </object>
  <object>
    <name>lane</name>
    <deleted>0</deleted>
    <verified>0</verified>
    <occluded>no</occluded>
    <date></date>
    <id>3</id>
    <parts>
      <hasparts></hasparts>
      <ispartof></ispartof>
    </parts>
    <polygon>
      <pt>
        <x>518.79</x>
        <y>824.35</y>
      </pt>
      <pt>
        <x>558.74</x>
        <y>824.35</y>
      </pt>
      <pt>
        <x>587.78</x>
        <y>1385.35</y>
      </pt>
      <pt>
        <x>513.35</x>
        <y>1390.80</y>
      </pt>
      <username></username>
    </polygon>
    <attributes></attributes>
  </object>
  <object>
    <name>lane</name>
    <deleted>0</deleted>
    <verified>0</verified>
    <occluded>no</occluded>
    <date></date>
    <id>4</id>
    <parts>
      <hasparts></hasparts>
      <ispartof></ispartof>
    </parts>
    <polygon>
      <pt>
        <x>660.93</x>
        <y>325.07</y>
      </pt>
      <pt>
        <x>663.62</x>
        <y>325.80</y>
      </pt>
      <pt>
        <x>672.41</x>
        <y>320.43</y>
      </pt>
      <pt>
        <x>668.50</x>
        <y>319.69</y>
      </pt>
      <username></username>
    </polygon>
    <attributes></attributes>
  </object>
  <object>
    <name>lane</name>
    <deleted>0</deleted>
    <verified>0</verified>
    <occluded>no</occluded>
    <date></date>
    <id>5</id>
    <parts>
      <hasparts></hasparts>
      <ispartof></ispartof>
    </parts>
    <polygon>
      <pt>
        <x>634.78</x>
        <y>340.95</y>
      </pt>
      <pt>
        <x>640.40</x>
        <y>341.44</y>
      </pt>
      <pt>
        <x>651.40</x>
        <y>334.11</y>
      </pt>
      <pt>
        <x>645.54</x>
        <y>331.67</y>
      </pt>
      <username></username>
    </polygon>
    <attributes></attributes>
  </object>
  <object>
    <name>lane</name>
    <deleted>0</deleted>
    <verified>0</verified>
    <occluded>no</occluded>
    <date></date>
    <id>6</id>
    <parts>
      <hasparts></hasparts>
      <ispartof></ispartof>
    </parts>
    <polygon>
      <pt>
        <x>544.19</x>
        <y>529.78</y>
      </pt>
      <pt>
        <x>562.43</x>
        <y>531.60</y>
      </pt>
      <pt>
        <x>552.70</x>
        <y>630.71</y>
      </pt>
      <pt>
        <x>526.56</x>
        <y>630.71</y>
      </pt>
      <username></username>
    </polygon>
    <attributes></attributes>
  </object>
</annotation>
