<annotation>
  <filename>image_1419.jpg</filename>
  <folder></folder>
  <source>
    <sourceImage></sourceImage>
    <sourceAnnotation>Datumaro</sourceAnnotation>
  </source>
  <imagesize>
    <nrows>1920</nrows>
    <ncols>1080</ncols>
  </imagesize>
  <object>
    <name>lane</name>
    <deleted>0</deleted>
    <verified>0</verified>
    <occluded>no</occluded>
    <date></date>
    <id>0</id>
    <parts>
      <hasparts></hasparts>
      <ispartof></ispartof>
    </parts>
    <type>bounding_box</type>
    <polygon>
      <pt>
        <x>569.18</x>
        <y>430.14</y>
      </pt>
      <pt>
        <x>610.03</x>
        <y>430.14</y>
      </pt>
      <pt>
        <x>610.03</x>
        <y>616.23</y>
      </pt>
      <pt>
        <x>569.18</x>
        <y>616.23</y>
      </pt>
      <username></username>
    </polygon>
    <attributes>rotation=0.0</attributes>
  </object>
  <object>
    <name>lane</name>
    <deleted>0</deleted>
    <verified>0</verified>
    <occluded>no</occluded>
    <date></date>
    <id>1</id>
    <parts>
      <hasparts></hasparts>
      <ispartof></ispartof>
    </parts>
    <type>bounding_box</type>
    <polygon>
      <pt>
        <x>594.90</x>
        <y>165.37</y>
      </pt>
      <pt>
        <x>619.11</x>
        <y>165.37</y>
      </pt>
      <pt>
        <x>619.11</x>
        <y>207.74</y>
      </pt>
      <pt>
        <x>594.90</x>
        <y>207.74</y>
      </pt>
      <username></username>
    </polygon>
    <attributes>rotation=0.0</attributes>
  </object>
  <object>
    <name>lane</name>
    <deleted>0</deleted>
    <verified>0</verified>
    <occluded>no</occluded>
    <date></date>
    <id>2</id>
    <parts>
      <hasparts></hasparts>
      <ispartof></ispartof>
    </parts>
    <type>bounding_box</type>
    <polygon>
      <pt>
        <x>611.00</x>
        <y>19.47</y>
      </pt>
      <pt>
        <x>618.74</x>
        <y>19.47</y>
      </pt>
      <pt>
        <x>618.74</x>
        <y>30.87</y>
      </pt>
      <pt>
        <x>611.00</x>
        <y>30.87</y>
      </pt>
      <username></username>
    </polygon>
    <attributes>rotation=0.0</attributes>
  </object>
  <object>
    <name>lane</name>
    <deleted>0</deleted>
    <verified>0</verified>
    <occluded>no</occluded>
    <date></date>
    <id>3</id>
    <parts>
      <hasparts></hasparts>
      <ispartof></ispartof>
    </parts>
    <type>bounding_box</type>
    <polygon>
      <pt>
        <x>610.80</x>
        <y>4.20</y>
      </pt>
      <pt>
        <x>618.54</x>
        <y>4.20</y>
      </pt>
      <pt>
        <x>618.54</x>
        <y>10.92</y>
      </pt>
      <pt>
        <x>610.80</x>
        <y>10.92</y>
      </pt>
      <username></username>
    </polygon>
    <attributes>rotation=0.0</attributes>
  </object>
  <object>
    <name>lane</name>
    <deleted>0</deleted>
    <verified>0</verified>
    <occluded>no</occluded>
    <date></date>
    <id>4</id>
    <parts>
      <hasparts></hasparts>
      <ispartof></ispartof>
    </parts>
    <type>bounding_box</type>
    <polygon>
      <pt>
        <x>609.37</x>
        <y>69.16</y>
      </pt>
      <pt>
        <x>620.17</x>
        <y>69.16</y>
      </pt>
      <pt>
        <x>620.17</x>
        <y>86.26</y>
      </pt>
      <pt>
        <x>609.37</x>
        <y>86.26</y>
      </pt>
      <username></username>
    </polygon>
    <attributes>rotation=0.0</attributes>
  </object>
  <object>
    <name>lane</name>
    <deleted>0</deleted>
    <verified>0</verified>
    <occluded>no</occluded>
    <date></date>
    <id>5</id>
    <parts>
      <hasparts></hasparts>
      <ispartof></ispartof>
    </parts>
    <type>bounding_box</type>
    <polygon>
      <pt>
        <x>611.41</x>
        <y>42.87</y>
      </pt>
      <pt>
        <x>620.60</x>
        <y>42.87</y>
      </pt>
      <pt>
        <x>620.60</x>
        <y>55.31</y>
      </pt>
      <pt>
        <x>611.41</x>
        <y>55.31</y>
      </pt>
      <username></username>
    </polygon>
    <attributes>rotation=0.0</attributes>
  </object>
  <object>
    <name>lane</name>
    <deleted>0</deleted>
    <verified>0</verified>
    <occluded>no</occluded>
    <date></date>
    <id>6</id>
    <parts>
      <hasparts></hasparts>
      <ispartof></ispartof>
    </parts>
    <type>bounding_box</type>
    <polygon>
      <pt>
        <x>604.90</x>
        <y>109.10</y>
      </pt>
      <pt>
        <x>622.13</x>
        <y>109.10</y>
      </pt>
      <pt>
        <x>622.13</x>
        <y>133.60</y>
      </pt>
      <pt>
        <x>604.90</x>
        <y>133.60</y>
      </pt>
      <username></username>
    </polygon>
    <attributes>rotation=0.0</attributes>
  </object>
  <object>
    <name>lane</name>
    <deleted>0</deleted>
    <verified>0</verified>
    <occluded>no</occluded>
    <date></date>
    <id>7</id>
    <parts>
      <hasparts></hasparts>
      <ispartof></ispartof>
    </parts>
    <type>bounding_box</type>
    <polygon>
      <pt>
        <x>585.82</x>
        <y>251.61</y>
      </pt>
      <pt>
        <x>617.59</x>
        <y>251.61</y>
      </pt>
      <pt>
        <x>617.59</x>
        <y>339.36</y>
      </pt>
      <pt>
        <x>585.82</x>
        <y>339.36</y>
      </pt>
      <username></username>
    </polygon>
    <attributes>rotation=0.0</attributes>
  </object>
  <object>
    <name>lane</name>
    <deleted>0</deleted>
    <verified>0</verified>
    <occluded>no</occluded>
    <date></date>
    <id>8</id>
    <parts>
      <hasparts></hasparts>
      <ispartof></ispartof>
    </parts>
    <polygon>
      <pt>
        <x>517.32</x>
        <y>962.35</y>
      </pt>
      <pt>
        <x>588.52</x>
        <y>962.35</y>
      </pt>
      <pt>
        <x>573.26</x>
        <y>1918.54</y>
      </pt>
      <pt>
        <x>535.92</x>
        <y>1920.00</y>
      </pt>
      <pt>
        <x>443.85</x>
        <y>1920.00</y>
      </pt>
      <username></username>
    </polygon>
    <attributes></attributes>
  </object>
</annotation>
