<annotation>
  <filename>image_2193.jpg</filename>
  <folder></folder>
  <source>
    <sourceImage></sourceImage>
    <sourceAnnotation>Datumaro</sourceAnnotation>
  </source>
  <imagesize>
    <nrows>486</nrows>
    <ncols>1080</ncols>
  </imagesize>
  <object>
    <name>lane</name>
    <deleted>0</deleted>
    <verified>0</verified>
    <occluded>no</occluded>
    <date></date>
    <id>0</id>
    <parts>
      <hasparts></hasparts>
      <ispartof></ispartof>
    </parts>
    <polygon>
      <pt>
        <x>408.47</x>
        <y>259.36</y>
      </pt>
      <pt>
        <x>367.20</x>
        <y>258.84</y>
      </pt>
      <pt>
        <x>366.16</x>
        <y>266.58</y>
      </pt>
      <pt>
        <x>410.00</x>
        <y>269.70</y>
      </pt>
      <username></username>
    </polygon>
    <attributes></attributes>
  </object>
  <object>
    <name>lane</name>
    <deleted>0</deleted>
    <verified>0</verified>
    <occluded>no</occluded>
    <date></date>
    <id>1</id>
    <parts>
      <hasparts></hasparts>
      <ispartof></ispartof>
    </parts>
    <polygon>
      <pt>
        <x>644.79</x>
        <y>241.81</y>
      </pt>
      <pt>
        <x>648.40</x>
        <y>274.32</y>
      </pt>
      <pt>
        <x>477.61</x>
        <y>267.61</y>
      </pt>
      <pt>
        <x>478.13</x>
        <y>255.74</y>
      </pt>
      <username></username>
    </polygon>
    <attributes></attributes>
  </object>
</annotation>
