<annotation>
  <filename>image_2463.jpg</filename>
  <folder></folder>
  <source>
    <sourceImage></sourceImage>
    <sourceAnnotation>Datumaro</sourceAnnotation>
  </source>
  <imagesize>
    <nrows>1920</nrows>
    <ncols>1080</ncols>
  </imagesize>
  <object>
    <name>lane</name>
    <deleted>0</deleted>
    <verified>0</verified>
    <occluded>no</occluded>
    <date></date>
    <id>0</id>
    <parts>
      <hasparts></hasparts>
      <ispartof></ispartof>
    </parts>
    <type>bounding_box</type>
    <polygon>
      <pt>
        <x>532.55</x>
        <y>426.77</y>
      </pt>
      <pt>
        <x>543.89</x>
        <y>426.77</y>
      </pt>
      <pt>
        <x>543.89</x>
        <y>454.50</y>
      </pt>
      <pt>
        <x>532.55</x>
        <y>454.50</y>
      </pt>
      <username></username>
    </polygon>
    <attributes>rotation=0.0</attributes>
  </object>
  <object>
    <name>lane</name>
    <deleted>0</deleted>
    <verified>0</verified>
    <occluded>no</occluded>
    <date></date>
    <id>1</id>
    <parts>
      <hasparts></hasparts>
      <ispartof></ispartof>
    </parts>
    <type>bounding_box</type>
    <polygon>
      <pt>
        <x>531.29</x>
        <y>470.89</y>
      </pt>
      <pt>
        <x>546.42</x>
        <y>470.89</y>
      </pt>
      <pt>
        <x>546.42</x>
        <y>511.24</y>
      </pt>
      <pt>
        <x>531.29</x>
        <y>511.24</y>
      </pt>
      <username></username>
    </polygon>
    <attributes>rotation=0.0</attributes>
  </object>
  <object>
    <name>lane</name>
    <deleted>0</deleted>
    <verified>0</verified>
    <occluded>no</occluded>
    <date></date>
    <id>2</id>
    <parts>
      <hasparts></hasparts>
      <ispartof></ispartof>
    </parts>
    <type>bounding_box</type>
    <polygon>
      <pt>
        <x>523.72</x>
        <y>552.85</y>
      </pt>
      <pt>
        <x>548.94</x>
        <y>552.85</y>
      </pt>
      <pt>
        <x>548.94</x>
        <y>646.14</y>
      </pt>
      <pt>
        <x>523.72</x>
        <y>646.14</y>
      </pt>
      <username></username>
    </polygon>
    <attributes>rotation=0.0</attributes>
  </object>
  <object>
    <name>lane</name>
    <deleted>0</deleted>
    <verified>0</verified>
    <occluded>no</occluded>
    <date></date>
    <id>3</id>
    <parts>
      <hasparts></hasparts>
      <ispartof></ispartof>
    </parts>
    <polygon>
      <pt>
        <x>518.43</x>
        <y>1073.12</y>
      </pt>
      <pt>
        <x>566.36</x>
        <y>1081.83</y>
      </pt>
      <pt>
        <x>553.29</x>
        <y>752.85</y>
      </pt>
      <pt>
        <x>522.79</x>
        <y>757.21</y>
      </pt>
      <username></username>
    </polygon>
    <attributes></attributes>
  </object>
  <object>
    <name>lane</name>
    <deleted>0</deleted>
    <verified>0</verified>
    <occluded>no</occluded>
    <date></date>
    <id>4</id>
    <parts>
      <hasparts></hasparts>
      <ispartof></ispartof>
    </parts>
    <type>bounding_box</type>
    <polygon>
      <pt>
        <x>536.54</x>
        <y>383.01</y>
      </pt>
      <pt>
        <x>543.11</x>
        <y>383.01</y>
      </pt>
      <pt>
        <x>543.11</x>
        <y>394.59</y>
      </pt>
      <pt>
        <x>536.54</x>
        <y>394.59</y>
      </pt>
      <username></username>
    </polygon>
    <attributes>rotation=0.0</attributes>
  </object>
  <object>
    <name>lane</name>
    <deleted>0</deleted>
    <verified>0</verified>
    <occluded>no</occluded>
    <date></date>
    <id>5</id>
    <parts>
      <hasparts></hasparts>
      <ispartof></ispartof>
    </parts>
    <type>bounding_box</type>
    <polygon>
      <pt>
        <x>535.60</x>
        <y>402.73</y>
      </pt>
      <pt>
        <x>543.74</x>
        <y>402.73</y>
      </pt>
      <pt>
        <x>543.74</x>
        <y>416.81</y>
      </pt>
      <pt>
        <x>535.60</x>
        <y>416.81</y>
      </pt>
      <username></username>
    </polygon>
    <attributes>rotation=0.0</attributes>
  </object>
</annotation>
