<annotation>
  <filename>image_2768.jpg</filename>
  <folder></folder>
  <source>
    <sourceImage></sourceImage>
    <sourceAnnotation>Datumaro</sourceAnnotation>
  </source>
  <imagesize>
    <nrows>1920</nrows>
    <ncols>1080</ncols>
  </imagesize>
  <object>
    <name>lane</name>
    <deleted>0</deleted>
    <verified>0</verified>
    <occluded>no</occluded>
    <date></date>
    <id>0</id>
    <parts>
      <hasparts></hasparts>
      <ispartof></ispartof>
    </parts>
    <type>bounding_box</type>
    <polygon>
      <pt>
        <x>484.44</x>
        <y>810.15</y>
      </pt>
      <pt>
        <x>489.32</x>
        <y>810.15</y>
      </pt>
      <pt>
        <x>489.32</x>
        <y>815.53</y>
      </pt>
      <pt>
        <x>484.44</x>
        <y>815.53</y>
      </pt>
      <username></username>
    </polygon>
    <attributes>rotation=0.0</attributes>
  </object>
  <object>
    <name>lane</name>
    <deleted>0</deleted>
    <verified>0</verified>
    <occluded>no</occluded>
    <date></date>
    <id>1</id>
    <parts>
      <hasparts></hasparts>
      <ispartof></ispartof>
    </parts>
    <polygon>
      <pt>
        <x>477.20</x>
        <y>1197.99</y>
      </pt>
      <pt>
        <x>508.72</x>
        <y>1199.25</y>
      </pt>
      <pt>
        <x>535.19</x>
        <y>1561.10</y>
      </pt>
      <pt>
        <x>473.42</x>
        <y>1567.41</y>
      </pt>
      <username></username>
    </polygon>
    <attributes></attributes>
  </object>
  <object>
    <name>lane</name>
    <deleted>0</deleted>
    <verified>0</verified>
    <occluded>no</occluded>
    <date></date>
    <id>2</id>
    <parts>
      <hasparts></hasparts>
      <ispartof></ispartof>
    </parts>
    <type>bounding_box</type>
    <polygon>
      <pt>
        <x>482.14</x>
        <y>983.90</y>
      </pt>
      <pt>
        <x>500.38</x>
        <y>983.90</y>
      </pt>
      <pt>
        <x>500.38</x>
        <y>1065.62</y>
      </pt>
      <pt>
        <x>482.14</x>
        <y>1065.62</y>
      </pt>
      <username></username>
    </polygon>
    <attributes>rotation=0.0</attributes>
  </object>
  <object>
    <name>lane</name>
    <deleted>0</deleted>
    <verified>0</verified>
    <occluded>no</occluded>
    <date></date>
    <id>3</id>
    <parts>
      <hasparts></hasparts>
      <ispartof></ispartof>
    </parts>
    <type>bounding_box</type>
    <polygon>
      <pt>
        <x>484.32</x>
        <y>910.21</y>
      </pt>
      <pt>
        <x>495.27</x>
        <y>910.21</y>
      </pt>
      <pt>
        <x>495.27</x>
        <y>944.50</y>
      </pt>
      <pt>
        <x>484.32</x>
        <y>944.50</y>
      </pt>
      <username></username>
    </polygon>
    <attributes>rotation=0.0</attributes>
  </object>
  <object>
    <name>lane</name>
    <deleted>0</deleted>
    <verified>0</verified>
    <occluded>no</occluded>
    <date></date>
    <id>4</id>
    <parts>
      <hasparts></hasparts>
      <ispartof></ispartof>
    </parts>
    <type>bounding_box</type>
    <polygon>
      <pt>
        <x>484.32</x>
        <y>873.73</y>
      </pt>
      <pt>
        <x>493.81</x>
        <y>873.73</y>
      </pt>
      <pt>
        <x>493.81</x>
        <y>891.24</y>
      </pt>
      <pt>
        <x>484.32</x>
        <y>891.24</y>
      </pt>
      <username></username>
    </polygon>
    <attributes>rotation=0.0</attributes>
  </object>
  <object>
    <name>lane</name>
    <deleted>0</deleted>
    <verified>0</verified>
    <occluded>no</occluded>
    <date></date>
    <id>5</id>
    <parts>
      <hasparts></hasparts>
      <ispartof></ispartof>
    </parts>
    <type>bounding_box</type>
    <polygon>
      <pt>
        <x>484.46</x>
        <y>820.17</y>
      </pt>
      <pt>
        <x>490.08</x>
        <y>820.17</y>
      </pt>
      <pt>
        <x>490.08</x>
        <y>827.50</y>
      </pt>
      <pt>
        <x>484.46</x>
        <y>827.50</y>
      </pt>
      <username></username>
    </polygon>
    <attributes>rotation=0.0</attributes>
  </object>
  <object>
    <name>lane</name>
    <deleted>0</deleted>
    <verified>0</verified>
    <occluded>no</occluded>
    <date></date>
    <id>6</id>
    <parts>
      <hasparts></hasparts>
      <ispartof></ispartof>
    </parts>
    <type>bounding_box</type>
    <polygon>
      <pt>
        <x>484.70</x>
        <y>833.86</y>
      </pt>
      <pt>
        <x>491.06</x>
        <y>833.86</y>
      </pt>
      <pt>
        <x>491.06</x>
        <y>842.65</y>
      </pt>
      <pt>
        <x>484.70</x>
        <y>842.65</y>
      </pt>
      <username></username>
    </polygon>
    <attributes>rotation=0.0</attributes>
  </object>
  <object>
    <name>lane</name>
    <deleted>0</deleted>
    <verified>0</verified>
    <occluded>no</occluded>
    <date></date>
    <id>7</id>
    <parts>
      <hasparts></hasparts>
      <ispartof></ispartof>
    </parts>
    <type>bounding_box</type>
    <polygon>
      <pt>
        <x>484.22</x>
        <y>849.25</y>
      </pt>
      <pt>
        <x>491.79</x>
        <y>849.25</y>
      </pt>
      <pt>
        <x>491.79</x>
        <y>862.45</y>
      </pt>
      <pt>
        <x>484.22</x>
        <y>862.45</y>
      </pt>
      <username></username>
    </polygon>
    <attributes>rotation=0.0</attributes>
  </object>
</annotation>
