<annotation>
  <filename>image_2166.jpg</filename>
  <folder></folder>
  <source>
    <sourceImage></sourceImage>
    <sourceAnnotation>Datumaro</sourceAnnotation>
  </source>
  <imagesize>
    <nrows>1920</nrows>
    <ncols>1080</ncols>
  </imagesize>
  <object>
    <name>lane</name>
    <deleted>0</deleted>
    <verified>0</verified>
    <occluded>no</occluded>
    <date></date>
    <id>0</id>
    <parts>
      <hasparts></hasparts>
      <ispartof></ispartof>
    </parts>
    <polygon>
      <pt>
        <x>545.12</x>
        <y>784.84</y>
      </pt>
      <pt>
        <x>525.34</x>
        <y>870.40</y>
      </pt>
      <pt>
        <x>552.86</x>
        <y>871.69</y>
      </pt>
      <pt>
        <x>560.60</x>
        <y>782.69</y>
      </pt>
      <username></username>
    </polygon>
    <attributes></attributes>
  </object>
  <object>
    <name>lane</name>
    <deleted>0</deleted>
    <verified>0</verified>
    <occluded>no</occluded>
    <date></date>
    <id>1</id>
    <parts>
      <hasparts></hasparts>
      <ispartof></ispartof>
    </parts>
    <polygon>
      <pt>
        <x>607.89</x>
        <y>678.36</y>
      </pt>
      <pt>
        <x>629.39</x>
        <y>658.95</y>
      </pt>
      <pt>
        <x>638.05</x>
        <y>659.84</y>
      </pt>
      <pt>
        <x>621.32</x>
        <y>677.76</y>
      </pt>
      <username></username>
    </polygon>
    <attributes></attributes>
  </object>
  <object>
    <name>lane</name>
    <deleted>0</deleted>
    <verified>0</verified>
    <occluded>no</occluded>
    <date></date>
    <id>2</id>
    <parts>
      <hasparts></hasparts>
      <ispartof></ispartof>
    </parts>
    <polygon>
      <pt>
        <x>585.49</x>
        <y>702.24</y>
      </pt>
      <pt>
        <x>564.29</x>
        <y>736.88</y>
      </pt>
      <pt>
        <x>579.22</x>
        <y>735.39</y>
      </pt>
      <pt>
        <x>597.14</x>
        <y>703.14</y>
      </pt>
      <username></username>
    </polygon>
    <attributes></attributes>
  </object>
  <object>
    <name>lane</name>
    <deleted>0</deleted>
    <verified>0</verified>
    <occluded>no</occluded>
    <date></date>
    <id>3</id>
    <parts>
      <hasparts></hasparts>
      <ispartof></ispartof>
    </parts>
    <polygon>
      <pt>
        <x>513.26</x>
        <y>1018.80</y>
      </pt>
      <pt>
        <x>513.26</x>
        <y>1445.70</y>
      </pt>
      <pt>
        <x>583.87</x>
        <y>1445.70</y>
      </pt>
      <pt>
        <x>545.35</x>
        <y>1012.38</y>
      </pt>
      <username></username>
    </polygon>
    <attributes></attributes>
  </object>
  <object>
    <name>lane</name>
    <deleted>0</deleted>
    <verified>0</verified>
    <occluded>no</occluded>
    <date></date>
    <id>4</id>
    <parts>
      <hasparts></hasparts>
      <ispartof></ispartof>
    </parts>
    <polygon>
      <pt>
        <x>702.23</x>
        <y>606.44</y>
      </pt>
      <pt>
        <x>702.80</x>
        <y>611.77</y>
      </pt>
      <pt>
        <x>707.27</x>
        <y>612.34</y>
      </pt>
      <pt>
        <x>706.12</x>
        <y>606.73</y>
      </pt>
      <username></username>
    </polygon>
    <attributes></attributes>
  </object>
  <object>
    <name>lane</name>
    <deleted>0</deleted>
    <verified>0</verified>
    <occluded>no</occluded>
    <date></date>
    <id>5</id>
    <parts>
      <hasparts></hasparts>
      <ispartof></ispartof>
    </parts>
    <polygon>
      <pt>
        <x>650.15</x>
        <y>646.67</y>
      </pt>
      <pt>
        <x>657.87</x>
        <y>646.42</y>
      </pt>
      <pt>
        <x>671.80</x>
        <y>637.46</y>
      </pt>
      <pt>
        <x>665.83</x>
        <y>636.47</y>
      </pt>
      <username></username>
    </polygon>
    <attributes></attributes>
  </object>
  <object>
    <name>lane</name>
    <deleted>0</deleted>
    <verified>0</verified>
    <occluded>no</occluded>
    <date></date>
    <id>6</id>
    <parts>
      <hasparts></hasparts>
      <ispartof></ispartof>
    </parts>
    <polygon>
      <pt>
        <x>635.45</x>
        <y>593.05</y>
      </pt>
      <pt>
        <x>638.66</x>
        <y>592.05</y>
      </pt>
      <pt>
        <x>652.36</x>
        <y>593.35</y>
      </pt>
      <pt>
        <x>651.16</x>
        <y>594.65</y>
      </pt>
      <username></username>
    </polygon>
    <attributes></attributes>
  </object>
  <object>
    <name>lane</name>
    <deleted>0</deleted>
    <verified>0</verified>
    <occluded>no</occluded>
    <date></date>
    <id>7</id>
    <parts>
      <hasparts></hasparts>
      <ispartof></ispartof>
    </parts>
    <polygon>
      <pt>
        <x>674.45</x>
        <y>597.75</y>
      </pt>
      <pt>
        <x>677.75</x>
        <y>596.85</y>
      </pt>
      <pt>
        <x>695.05</x>
        <y>601.05</y>
      </pt>
      <pt>
        <x>692.45</x>
        <y>602.25</y>
      </pt>
      <username></username>
    </polygon>
    <attributes></attributes>
  </object>
</annotation>
