<annotation>
  <filename>image_1958.jpg</filename>
  <folder></folder>
  <source>
    <sourceImage></sourceImage>
    <sourceAnnotation>Datumaro</sourceAnnotation>
  </source>
  <imagesize>
    <nrows>1920</nrows>
    <ncols>1080</ncols>
  </imagesize>
  <object>
    <name>lane</name>
    <deleted>0</deleted>
    <verified>0</verified>
    <occluded>no</occluded>
    <date></date>
    <id>0</id>
    <parts>
      <hasparts></hasparts>
      <ispartof></ispartof>
    </parts>
    <polygon>
      <pt>
        <x>503.06</x>
        <y>521.42</y>
      </pt>
      <pt>
        <x>519.24</x>
        <y>521.42</y>
      </pt>
      <pt>
        <x>520.30</x>
        <y>487.65</y>
      </pt>
      <pt>
        <x>520.30</x>
        <y>461.26</y>
      </pt>
      <pt>
        <x>507.98</x>
        <y>461.96</y>
      </pt>
      <pt>
        <x>506.22</x>
        <y>492.22</y>
      </pt>
      <username></username>
    </polygon>
    <attributes></attributes>
  </object>
  <object>
    <name>lane</name>
    <deleted>0</deleted>
    <verified>0</verified>
    <occluded>no</occluded>
    <date></date>
    <id>1</id>
    <parts>
      <hasparts></hasparts>
      <ispartof></ispartof>
    </parts>
    <polygon>
      <pt>
        <x>429.56</x>
        <y>1907.23</y>
      </pt>
      <pt>
        <x>516.71</x>
        <y>1916.31</y>
      </pt>
      <pt>
        <x>522.16</x>
        <y>1674.84</y>
      </pt>
      <pt>
        <x>522.16</x>
        <y>1393.43</y>
      </pt>
      <pt>
        <x>453.17</x>
        <y>1393.43</y>
      </pt>
      <pt>
        <x>444.09</x>
        <y>1685.74</y>
      </pt>
      <username></username>
    </polygon>
    <attributes></attributes>
  </object>
  <object>
    <name>lane</name>
    <deleted>0</deleted>
    <verified>0</verified>
    <occluded>no</occluded>
    <date></date>
    <id>2</id>
    <parts>
      <hasparts></hasparts>
      <ispartof></ispartof>
    </parts>
    <polygon>
      <pt>
        <x>492.05</x>
        <y>820.56</y>
      </pt>
      <pt>
        <x>521.82</x>
        <y>822.31</y>
      </pt>
      <pt>
        <x>522.69</x>
        <y>711.11</y>
      </pt>
      <pt>
        <x>519.19</x>
        <y>621.81</y>
      </pt>
      <pt>
        <x>496.43</x>
        <y>625.31</y>
      </pt>
      <pt>
        <x>496.43</x>
        <y>711.99</y>
      </pt>
      <username></username>
    </polygon>
    <attributes></attributes>
  </object>
  <object>
    <name>lane</name>
    <deleted>0</deleted>
    <verified>0</verified>
    <occluded>no</occluded>
    <date></date>
    <id>3</id>
    <parts>
      <hasparts></hasparts>
      <ispartof></ispartof>
    </parts>
    <type>bounding_box</type>
    <polygon>
      <pt>
        <x>511.64</x>
        <y>388.52</y>
      </pt>
      <pt>
        <x>521.61</x>
        <y>388.52</y>
      </pt>
      <pt>
        <x>521.61</x>
        <y>420.77</y>
      </pt>
      <pt>
        <x>511.64</x>
        <y>420.77</y>
      </pt>
      <username></username>
    </polygon>
    <attributes>rotation=0.0</attributes>
  </object>
  <object>
    <name>lane</name>
    <deleted>0</deleted>
    <verified>0</verified>
    <occluded>no</occluded>
    <date></date>
    <id>4</id>
    <parts>
      <hasparts></hasparts>
      <ispartof></ispartof>
    </parts>
    <type>bounding_box</type>
    <polygon>
      <pt>
        <x>515.75</x>
        <y>292.93</y>
      </pt>
      <pt>
        <x>520.44</x>
        <y>292.93</y>
      </pt>
      <pt>
        <x>520.44</x>
        <y>297.91</y>
      </pt>
      <pt>
        <x>515.75</x>
        <y>297.91</y>
      </pt>
      <username></username>
    </polygon>
    <attributes>rotation=0.0</attributes>
  </object>
  <object>
    <name>lane</name>
    <deleted>0</deleted>
    <verified>0</verified>
    <occluded>no</occluded>
    <date></date>
    <id>5</id>
    <parts>
      <hasparts></hasparts>
      <ispartof></ispartof>
    </parts>
    <type>bounding_box</type>
    <polygon>
      <pt>
        <x>515.16</x>
        <y>306.71</y>
      </pt>
      <pt>
        <x>521.32</x>
        <y>306.71</y>
      </pt>
      <pt>
        <x>521.32</x>
        <y>314.33</y>
      </pt>
      <pt>
        <x>515.16</x>
        <y>314.33</y>
      </pt>
      <username></username>
    </polygon>
    <attributes>rotation=0.0</attributes>
  </object>
  <object>
    <name>lane</name>
    <deleted>0</deleted>
    <verified>0</verified>
    <occluded>no</occluded>
    <date></date>
    <id>6</id>
    <parts>
      <hasparts></hasparts>
      <ispartof></ispartof>
    </parts>
    <type>bounding_box</type>
    <polygon>
      <pt>
        <x>513.69</x>
        <y>323.72</y>
      </pt>
      <pt>
        <x>520.73</x>
        <y>323.72</y>
      </pt>
      <pt>
        <x>520.73</x>
        <y>335.15</y>
      </pt>
      <pt>
        <x>513.69</x>
        <y>335.15</y>
      </pt>
      <username></username>
    </polygon>
    <attributes>rotation=0.0</attributes>
  </object>
  <object>
    <name>lane</name>
    <deleted>0</deleted>
    <verified>0</verified>
    <occluded>no</occluded>
    <date></date>
    <id>7</id>
    <parts>
      <hasparts></hasparts>
      <ispartof></ispartof>
    </parts>
    <type>bounding_box</type>
    <polygon>
      <pt>
        <x>513.40</x>
        <y>348.64</y>
      </pt>
      <pt>
        <x>521.61</x>
        <y>348.64</y>
      </pt>
      <pt>
        <x>521.61</x>
        <y>366.82</y>
      </pt>
      <pt>
        <x>513.40</x>
        <y>366.82</y>
      </pt>
      <username></username>
    </polygon>
    <attributes>rotation=0.0</attributes>
  </object>
</annotation>
