<annotation>
  <filename>image_2818.jpg</filename>
  <folder></folder>
  <source>
    <sourceImage></sourceImage>
    <sourceAnnotation>Datumaro</sourceAnnotation>
  </source>
  <imagesize>
    <nrows>1920</nrows>
    <ncols>1080</ncols>
  </imagesize>
  <object>
    <name>lane</name>
    <deleted>0</deleted>
    <verified>0</verified>
    <occluded>no</occluded>
    <date></date>
    <id>0</id>
    <parts>
      <hasparts></hasparts>
      <ispartof></ispartof>
    </parts>
    <type>bounding_box</type>
    <polygon>
      <pt>
        <x>429.93</x>
        <y>450.56</y>
      </pt>
      <pt>
        <x>434.42</x>
        <y>450.56</y>
      </pt>
      <pt>
        <x>434.42</x>
        <y>456.61</y>
      </pt>
      <pt>
        <x>429.93</x>
        <y>456.61</y>
      </pt>
      <username></username>
    </polygon>
    <attributes>rotation=0.0</attributes>
  </object>
  <object>
    <name>lane</name>
    <deleted>0</deleted>
    <verified>0</verified>
    <occluded>no</occluded>
    <date></date>
    <id>1</id>
    <parts>
      <hasparts></hasparts>
      <ispartof></ispartof>
    </parts>
    <type>bounding_box</type>
    <polygon>
      <pt>
        <x>428.89</x>
        <y>441.92</y>
      </pt>
      <pt>
        <x>433.04</x>
        <y>441.92</y>
      </pt>
      <pt>
        <x>433.04</x>
        <y>445.55</y>
      </pt>
      <pt>
        <x>428.89</x>
        <y>445.55</y>
      </pt>
      <username></username>
    </polygon>
    <attributes>rotation=0.0</attributes>
  </object>
  <object>
    <name>lane</name>
    <deleted>0</deleted>
    <verified>0</verified>
    <occluded>no</occluded>
    <date></date>
    <id>2</id>
    <parts>
      <hasparts></hasparts>
      <ispartof></ispartof>
    </parts>
    <type>bounding_box</type>
    <polygon>
      <pt>
        <x>429.24</x>
        <y>462.14</y>
      </pt>
      <pt>
        <x>435.11</x>
        <y>462.14</y>
      </pt>
      <pt>
        <x>435.11</x>
        <y>470.78</y>
      </pt>
      <pt>
        <x>429.24</x>
        <y>470.78</y>
      </pt>
      <username></username>
    </polygon>
    <attributes>rotation=0.0</attributes>
  </object>
  <object>
    <name>lane</name>
    <deleted>0</deleted>
    <verified>0</verified>
    <occluded>no</occluded>
    <date></date>
    <id>3</id>
    <parts>
      <hasparts></hasparts>
      <ispartof></ispartof>
    </parts>
    <polygon>
      <pt>
        <x>430.79</x>
        <y>501.83</y>
      </pt>
      <pt>
        <x>439.92</x>
        <y>501.33</y>
      </pt>
      <pt>
        <x>441.44</x>
        <y>519.57</y>
      </pt>
      <pt>
        <x>433.33</x>
        <y>519.57</y>
      </pt>
      <username></username>
    </polygon>
    <attributes></attributes>
  </object>
  <object>
    <name>lane</name>
    <deleted>0</deleted>
    <verified>0</verified>
    <occluded>no</occluded>
    <date></date>
    <id>4</id>
    <parts>
      <hasparts></hasparts>
      <ispartof></ispartof>
    </parts>
    <polygon>
      <pt>
        <x>438.20</x>
        <y>1539.06</y>
      </pt>
      <pt>
        <x>532.31</x>
        <y>1535.92</y>
      </pt>
      <pt>
        <x>548.00</x>
        <y>1918.67</y>
      </pt>
      <pt>
        <x>447.61</x>
        <y>1918.67</y>
      </pt>
      <username></username>
    </polygon>
    <attributes></attributes>
  </object>
  <object>
    <name>lane</name>
    <deleted>0</deleted>
    <verified>0</verified>
    <occluded>no</occluded>
    <date></date>
    <id>5</id>
    <parts>
      <hasparts></hasparts>
      <ispartof></ispartof>
    </parts>
    <polygon>
      <pt>
        <x>429.69</x>
        <y>610.82</y>
      </pt>
      <pt>
        <x>443.35</x>
        <y>610.82</y>
      </pt>
      <pt>
        <x>454.90</x>
        <y>677.01</y>
      </pt>
      <pt>
        <x>437.04</x>
        <y>674.91</y>
      </pt>
      <username></username>
    </polygon>
    <attributes></attributes>
  </object>
  <object>
    <name>lane</name>
    <deleted>0</deleted>
    <verified>0</verified>
    <occluded>no</occluded>
    <date></date>
    <id>6</id>
    <parts>
      <hasparts></hasparts>
      <ispartof></ispartof>
    </parts>
    <polygon>
      <pt>
        <x>435.99</x>
        <y>774.72</y>
      </pt>
      <pt>
        <x>461.21</x>
        <y>772.62</y>
      </pt>
      <pt>
        <x>480.12</x>
        <y>962.79</y>
      </pt>
      <pt>
        <x>440.19</x>
        <y>964.89</y>
      </pt>
      <username></username>
    </polygon>
    <attributes></attributes>
  </object>
  <object>
    <name>lane</name>
    <deleted>0</deleted>
    <verified>0</verified>
    <occluded>no</occluded>
    <date></date>
    <id>7</id>
    <parts>
      <hasparts></hasparts>
      <ispartof></ispartof>
    </parts>
    <polygon>
      <pt>
        <x>431.81</x>
        <y>540.85</y>
      </pt>
      <pt>
        <x>432.82</x>
        <y>568.71</y>
      </pt>
      <pt>
        <x>443.46</x>
        <y>568.71</y>
      </pt>
      <pt>
        <x>443.46</x>
        <y>538.82</y>
      </pt>
      <username></username>
    </polygon>
    <attributes></attributes>
  </object>
  <object>
    <name>lane</name>
    <deleted>0</deleted>
    <verified>0</verified>
    <occluded>no</occluded>
    <date></date>
    <id>8</id>
    <parts>
      <hasparts></hasparts>
      <ispartof></ispartof>
    </parts>
    <polygon>
      <pt>
        <x>430.79</x>
        <y>475.99</y>
      </pt>
      <pt>
        <x>436.87</x>
        <y>475.99</y>
      </pt>
      <pt>
        <x>438.90</x>
        <y>488.15</y>
      </pt>
      <pt>
        <x>431.81</x>
        <y>488.15</y>
      </pt>
      <username></username>
    </polygon>
    <attributes></attributes>
  </object>
</annotation>
