<annotation>
  <filename>image_2508.jpg</filename>
  <folder></folder>
  <source>
    <sourceImage></sourceImage>
    <sourceAnnotation>Datumaro</sourceAnnotation>
  </source>
  <imagesize>
    <nrows>1920</nrows>
    <ncols>1080</ncols>
  </imagesize>
  <object>
    <name>lane</name>
    <deleted>0</deleted>
    <verified>0</verified>
    <occluded>no</occluded>
    <date></date>
    <id>0</id>
    <parts>
      <hasparts></hasparts>
      <ispartof></ispartof>
    </parts>
    <type>bounding_box</type>
    <polygon>
      <pt>
        <x>501.91</x>
        <y>497.17</y>
      </pt>
      <pt>
        <x>523.72</x>
        <y>497.17</y>
      </pt>
      <pt>
        <x>523.72</x>
        <y>592.01</y>
      </pt>
      <pt>
        <x>501.91</x>
        <y>592.01</y>
      </pt>
      <username></username>
    </polygon>
    <attributes>rotation=0.0</attributes>
  </object>
  <object>
    <name>lane</name>
    <deleted>0</deleted>
    <verified>0</verified>
    <occluded>no</occluded>
    <date></date>
    <id>1</id>
    <parts>
      <hasparts></hasparts>
      <ispartof></ispartof>
    </parts>
    <type>bounding_box</type>
    <polygon>
      <pt>
        <x>525.34</x>
        <y>294.21</y>
      </pt>
      <pt>
        <x>533.87</x>
        <y>294.21</y>
      </pt>
      <pt>
        <x>533.87</x>
        <y>303.70</y>
      </pt>
      <pt>
        <x>525.34</x>
        <y>303.70</y>
      </pt>
      <username></username>
    </polygon>
    <attributes>rotation=0.0</attributes>
  </object>
  <object>
    <name>lane</name>
    <deleted>0</deleted>
    <verified>0</verified>
    <occluded>no</occluded>
    <date></date>
    <id>2</id>
    <parts>
      <hasparts></hasparts>
      <ispartof></ispartof>
    </parts>
    <polygon>
      <pt>
        <x>483.40</x>
        <y>778.76</y>
      </pt>
      <pt>
        <x>443.75</x>
        <y>1333.81</y>
      </pt>
      <pt>
        <x>517.38</x>
        <y>1333.81</y>
      </pt>
      <pt>
        <x>525.88</x>
        <y>773.10</y>
      </pt>
      <username></username>
    </polygon>
    <attributes></attributes>
  </object>
  <object>
    <name>lane</name>
    <deleted>0</deleted>
    <verified>0</verified>
    <occluded>no</occluded>
    <date></date>
    <id>3</id>
    <parts>
      <hasparts></hasparts>
      <ispartof></ispartof>
    </parts>
    <type>bounding_box</type>
    <polygon>
      <pt>
        <x>520.59</x>
        <y>309.39</y>
      </pt>
      <pt>
        <x>531.03</x>
        <y>309.39</y>
      </pt>
      <pt>
        <x>531.03</x>
        <y>330.25</y>
      </pt>
      <pt>
        <x>520.59</x>
        <y>330.25</y>
      </pt>
      <username></username>
    </polygon>
    <attributes>rotation=0.0</attributes>
  </object>
  <object>
    <name>lane</name>
    <deleted>0</deleted>
    <verified>0</verified>
    <occluded>no</occluded>
    <date></date>
    <id>4</id>
    <parts>
      <hasparts></hasparts>
      <ispartof></ispartof>
    </parts>
    <type>bounding_box</type>
    <polygon>
      <pt>
        <x>521.54</x>
        <y>344.48</y>
      </pt>
      <pt>
        <x>530.08</x>
        <y>344.48</y>
      </pt>
      <pt>
        <x>530.08</x>
        <y>370.09</y>
      </pt>
      <pt>
        <x>521.54</x>
        <y>370.09</y>
      </pt>
      <username></username>
    </polygon>
    <attributes>rotation=0.0</attributes>
  </object>
  <object>
    <name>lane</name>
    <deleted>0</deleted>
    <verified>0</verified>
    <occluded>no</occluded>
    <date></date>
    <id>5</id>
    <parts>
      <hasparts></hasparts>
      <ispartof></ispartof>
    </parts>
    <type>bounding_box</type>
    <polygon>
      <pt>
        <x>513.96</x>
        <y>397.59</y>
      </pt>
      <pt>
        <x>530.08</x>
        <y>397.59</y>
      </pt>
      <pt>
        <x>530.08</x>
        <y>442.16</y>
      </pt>
      <pt>
        <x>513.96</x>
        <y>442.16</y>
      </pt>
      <username></username>
    </polygon>
    <attributes>rotation=0.0</attributes>
  </object>
  <object>
    <name>lane</name>
    <deleted>0</deleted>
    <verified>0</verified>
    <occluded>no</occluded>
    <date></date>
    <id>6</id>
    <parts>
      <hasparts></hasparts>
      <ispartof></ispartof>
    </parts>
    <type>bounding_box</type>
    <polygon>
      <pt>
        <x>526.25</x>
        <y>278.63</y>
      </pt>
      <pt>
        <x>532.16</x>
        <y>278.63</y>
      </pt>
      <pt>
        <x>532.16</x>
        <y>285.75</y>
      </pt>
      <pt>
        <x>526.25</x>
        <y>285.75</y>
      </pt>
      <username></username>
    </polygon>
    <attributes>rotation=0.0</attributes>
  </object>
  <object>
    <name>lane</name>
    <deleted>0</deleted>
    <verified>0</verified>
    <occluded>no</occluded>
    <date></date>
    <id>7</id>
    <parts>
      <hasparts></hasparts>
      <ispartof></ispartof>
    </parts>
    <type>bounding_box</type>
    <polygon>
      <pt>
        <x>527.07</x>
        <y>266.00</y>
      </pt>
      <pt>
        <x>531.75</x>
        <y>266.00</y>
      </pt>
      <pt>
        <x>531.75</x>
        <y>272.72</y>
      </pt>
      <pt>
        <x>527.07</x>
        <y>272.72</y>
      </pt>
      <username></username>
    </polygon>
    <attributes>rotation=0.0</attributes>
  </object>
</annotation>
