<annotation>
  <filename>image_843.jpg</filename>
  <folder></folder>
  <source>
    <sourceImage></sourceImage>
    <sourceAnnotation>Datumaro</sourceAnnotation>
  </source>
  <imagesize>
    <nrows>1920</nrows>
    <ncols>1080</ncols>
  </imagesize>
  <object>
    <name>lane</name>
    <deleted>0</deleted>
    <verified>0</verified>
    <occluded>no</occluded>
    <date></date>
    <id>0</id>
    <parts>
      <hasparts></hasparts>
      <ispartof></ispartof>
    </parts>
    <polygon>
      <pt>
        <x>393.34</x>
        <y>0.00</y>
      </pt>
      <pt>
        <x>391.62</x>
        <y>8.27</y>
      </pt>
      <pt>
        <x>381.10</x>
        <y>7.15</y>
      </pt>
      <pt>
        <x>381.46</x>
        <y>0.00</y>
      </pt>
      <username></username>
    </polygon>
    <attributes></attributes>
  </object>
  <object>
    <name>lane</name>
    <deleted>0</deleted>
    <verified>0</verified>
    <occluded>no</occluded>
    <date></date>
    <id>1</id>
    <parts>
      <hasparts></hasparts>
      <ispartof></ispartof>
    </parts>
    <polygon>
      <pt>
        <x>302.98</x>
        <y>7.15</y>
      </pt>
      <pt>
        <x>305.61</x>
        <y>3.01</y>
      </pt>
      <pt>
        <x>361.20</x>
        <y>14.66</y>
      </pt>
      <pt>
        <x>352.93</x>
        <y>16.54</y>
      </pt>
      <username></username>
    </polygon>
    <attributes></attributes>
  </object>
  <object>
    <name>lane</name>
    <deleted>0</deleted>
    <verified>0</verified>
    <occluded>no</occluded>
    <date></date>
    <id>2</id>
    <parts>
      <hasparts></hasparts>
      <ispartof></ispartof>
    </parts>
    <polygon>
      <pt>
        <x>381.85</x>
        <y>16.91</y>
      </pt>
      <pt>
        <x>392.70</x>
        <y>16.90</y>
      </pt>
      <pt>
        <x>394.60</x>
        <y>33.10</y>
      </pt>
      <pt>
        <x>382.98</x>
        <y>33.44</y>
      </pt>
      <username></username>
    </polygon>
    <attributes></attributes>
  </object>
  <object>
    <name>lane</name>
    <deleted>0</deleted>
    <verified>0</verified>
    <occluded>no</occluded>
    <date></date>
    <id>3</id>
    <parts>
      <hasparts></hasparts>
      <ispartof></ispartof>
    </parts>
    <polygon>
      <pt>
        <x>381.10</x>
        <y>49.60</y>
      </pt>
      <pt>
        <x>395.00</x>
        <y>48.84</y>
      </pt>
      <pt>
        <x>395.75</x>
        <y>71.75</y>
      </pt>
      <pt>
        <x>381.85</x>
        <y>72.88</y>
      </pt>
      <username></username>
    </polygon>
    <attributes></attributes>
  </object>
  <object>
    <name>lane</name>
    <deleted>0</deleted>
    <verified>0</verified>
    <occluded>no</occluded>
    <date></date>
    <id>4</id>
    <parts>
      <hasparts></hasparts>
      <ispartof></ispartof>
    </parts>
    <polygon>
      <pt>
        <x>382.60</x>
        <y>96.20</y>
      </pt>
      <pt>
        <x>400.64</x>
        <y>95.41</y>
      </pt>
      <pt>
        <x>403.64</x>
        <y>134.85</y>
      </pt>
      <pt>
        <x>384.11</x>
        <y>135.23</y>
      </pt>
      <username></username>
    </polygon>
    <attributes></attributes>
  </object>
  <object>
    <name>lane</name>
    <deleted>0</deleted>
    <verified>0</verified>
    <occluded>no</occluded>
    <date></date>
    <id>5</id>
    <parts>
      <hasparts></hasparts>
      <ispartof></ispartof>
    </parts>
    <polygon>
      <pt>
        <x>382.61</x>
        <y>179.55</y>
      </pt>
      <pt>
        <x>404.77</x>
        <y>176.92</y>
      </pt>
      <pt>
        <x>412.28</x>
        <y>229.51</y>
      </pt>
      <pt>
        <x>385.99</x>
        <y>231.01</y>
      </pt>
      <username></username>
    </polygon>
    <attributes></attributes>
  </object>
  <object>
    <name>lane</name>
    <deleted>0</deleted>
    <verified>0</verified>
    <occluded>no</occluded>
    <date></date>
    <id>6</id>
    <parts>
      <hasparts></hasparts>
      <ispartof></ispartof>
    </parts>
    <polygon>
      <pt>
        <x>388.86</x>
        <y>304.85</y>
      </pt>
      <pt>
        <x>417.71</x>
        <y>302.59</y>
      </pt>
      <pt>
        <x>429.43</x>
        <y>419.78</y>
      </pt>
      <pt>
        <x>391.12</x>
        <y>422.04</y>
      </pt>
      <username></username>
    </polygon>
    <attributes></attributes>
  </object>
  <object>
    <name>lane</name>
    <deleted>0</deleted>
    <verified>0</verified>
    <occluded>no</occluded>
    <date></date>
    <id>7</id>
    <parts>
      <hasparts></hasparts>
      <ispartof></ispartof>
    </parts>
    <polygon>
      <pt>
        <x>392.75</x>
        <y>616.39</y>
      </pt>
      <pt>
        <x>442.10</x>
        <y>614.14</y>
      </pt>
      <pt>
        <x>474.62</x>
        <y>974.17</y>
      </pt>
      <pt>
        <x>402.84</x>
        <y>976.41</y>
      </pt>
      <username></username>
    </polygon>
    <attributes></attributes>
  </object>
</annotation>
