<annotation>
  <filename>image_2696.jpg</filename>
  <folder></folder>
  <source>
    <sourceImage></sourceImage>
    <sourceAnnotation>Datumaro</sourceAnnotation>
  </source>
  <imagesize>
    <nrows>1920</nrows>
    <ncols>1080</ncols>
  </imagesize>
  <object>
    <name>lane</name>
    <deleted>0</deleted>
    <verified>0</verified>
    <occluded>no</occluded>
    <date></date>
    <id>0</id>
    <parts>
      <hasparts></hasparts>
      <ispartof></ispartof>
    </parts>
    <polygon>
      <pt>
        <x>954.18</x>
        <y>285.24</y>
      </pt>
      <pt>
        <x>974.79</x>
        <y>282.04</y>
      </pt>
      <pt>
        <x>975.50</x>
        <y>284.53</y>
      </pt>
      <pt>
        <x>956.31</x>
        <y>287.02</y>
      </pt>
      <username></username>
    </polygon>
    <attributes></attributes>
  </object>
  <object>
    <name>lane</name>
    <deleted>0</deleted>
    <verified>0</verified>
    <occluded>no</occluded>
    <date></date>
    <id>1</id>
    <parts>
      <hasparts></hasparts>
      <ispartof></ispartof>
    </parts>
    <polygon>
      <pt>
        <x>589.25</x>
        <y>906.71</y>
      </pt>
      <pt>
        <x>630.43</x>
        <y>906.71</y>
      </pt>
      <pt>
        <x>690.63</x>
        <y>1822.36</y>
      </pt>
      <pt>
        <x>586.08</x>
        <y>1825.52</y>
      </pt>
      <username></username>
    </polygon>
    <attributes></attributes>
  </object>
  <object>
    <name>lane</name>
    <deleted>0</deleted>
    <verified>0</verified>
    <occluded>no</occluded>
    <date></date>
    <id>2</id>
    <parts>
      <hasparts></hasparts>
      <ispartof></ispartof>
    </parts>
    <polygon>
      <pt>
        <x>915.80</x>
        <y>287.02</y>
      </pt>
      <pt>
        <x>920.07</x>
        <y>288.44</y>
      </pt>
      <pt>
        <x>939.61</x>
        <y>287.02</y>
      </pt>
      <pt>
        <x>939.61</x>
        <y>284.88</y>
      </pt>
      <username></username>
    </polygon>
    <attributes></attributes>
  </object>
  <object>
    <name>lane</name>
    <deleted>0</deleted>
    <verified>0</verified>
    <occluded>no</occluded>
    <date></date>
    <id>3</id>
    <parts>
      <hasparts></hasparts>
      <ispartof></ispartof>
    </parts>
    <polygon>
      <pt>
        <x>878.49</x>
        <y>291.99</y>
      </pt>
      <pt>
        <x>898.04</x>
        <y>289.86</y>
      </pt>
      <pt>
        <x>900.52</x>
        <y>290.57</y>
      </pt>
      <pt>
        <x>880.27</x>
        <y>294.48</y>
      </pt>
      <username></username>
    </polygon>
    <attributes></attributes>
  </object>
  <object>
    <name>lane</name>
    <deleted>0</deleted>
    <verified>0</verified>
    <occluded>no</occluded>
    <date></date>
    <id>4</id>
    <parts>
      <hasparts></hasparts>
      <ispartof></ispartof>
    </parts>
    <polygon>
      <pt>
        <x>834.43</x>
        <y>299.10</y>
      </pt>
      <pt>
        <x>858.95</x>
        <y>294.12</y>
      </pt>
      <pt>
        <x>861.79</x>
        <y>297.32</y>
      </pt>
      <pt>
        <x>837.63</x>
        <y>301.23</y>
      </pt>
      <username></username>
    </polygon>
    <attributes></attributes>
  </object>
  <object>
    <name>lane</name>
    <deleted>0</deleted>
    <verified>0</verified>
    <occluded>no</occluded>
    <date></date>
    <id>5</id>
    <parts>
      <hasparts></hasparts>
      <ispartof></ispartof>
    </parts>
    <polygon>
      <pt>
        <x>792.14</x>
        <y>308.69</y>
      </pt>
      <pt>
        <x>796.76</x>
        <y>310.47</y>
      </pt>
      <pt>
        <x>818.79</x>
        <y>303.72</y>
      </pt>
      <pt>
        <x>814.17</x>
        <y>303.36</y>
      </pt>
      <username></username>
    </polygon>
    <attributes></attributes>
  </object>
  <object>
    <name>lane</name>
    <deleted>0</deleted>
    <verified>0</verified>
    <occluded>no</occluded>
    <date></date>
    <id>6</id>
    <parts>
      <hasparts></hasparts>
      <ispartof></ispartof>
    </parts>
    <polygon>
      <pt>
        <x>743.13</x>
        <y>324.87</y>
      </pt>
      <pt>
        <x>769.23</x>
        <y>315.15</y>
      </pt>
      <pt>
        <x>774.35</x>
        <y>315.15</y>
      </pt>
      <pt>
        <x>747.74</x>
        <y>326.40</y>
      </pt>
      <username></username>
    </polygon>
    <attributes></attributes>
  </object>
  <object>
    <name>lane</name>
    <deleted>0</deleted>
    <verified>0</verified>
    <occluded>no</occluded>
    <date></date>
    <id>7</id>
    <parts>
      <hasparts></hasparts>
      <ispartof></ispartof>
    </parts>
    <polygon>
      <pt>
        <x>710.38</x>
        <y>347.38</y>
      </pt>
      <pt>
        <x>725.22</x>
        <y>332.03</y>
      </pt>
      <pt>
        <x>732.39</x>
        <y>332.03</y>
      </pt>
      <pt>
        <x>720.11</x>
        <y>348.92</y>
      </pt>
      <username></username>
    </polygon>
    <attributes></attributes>
  </object>
  <object>
    <name>lane</name>
    <deleted>0</deleted>
    <verified>0</verified>
    <occluded>no</occluded>
    <date></date>
    <id>8</id>
    <parts>
      <hasparts></hasparts>
      <ispartof></ispartof>
    </parts>
    <polygon>
      <pt>
        <x>681.73</x>
        <y>390.37</y>
      </pt>
      <pt>
        <x>696.57</x>
        <y>364.27</y>
      </pt>
      <pt>
        <x>708.85</x>
        <y>365.29</y>
      </pt>
      <pt>
        <x>695.03</x>
        <y>391.90</y>
      </pt>
      <username></username>
    </polygon>
    <attributes></attributes>
  </object>
  <object>
    <name>lane</name>
    <deleted>0</deleted>
    <verified>0</verified>
    <occluded>no</occluded>
    <date></date>
    <id>9</id>
    <parts>
      <hasparts></hasparts>
      <ispartof></ispartof>
    </parts>
    <polygon>
      <pt>
        <x>646.93</x>
        <y>468.14</y>
      </pt>
      <pt>
        <x>663.82</x>
        <y>418.51</y>
      </pt>
      <pt>
        <x>677.12</x>
        <y>418.51</y>
      </pt>
      <pt>
        <x>663.31</x>
        <y>470.70</y>
      </pt>
      <username></username>
    </polygon>
    <attributes></attributes>
  </object>
  <object>
    <name>lane</name>
    <deleted>0</deleted>
    <verified>0</verified>
    <occluded>no</occluded>
    <date></date>
    <id>10</id>
    <parts>
      <hasparts></hasparts>
      <ispartof></ispartof>
    </parts>
    <polygon>
      <pt>
        <x>624.92</x>
        <y>535.38</y>
      </pt>
      <pt>
        <x>646.31</x>
        <y>535.38</y>
      </pt>
      <pt>
        <x>634.09</x>
        <y>675.95</y>
      </pt>
      <pt>
        <x>611.17</x>
        <y>674.43</y>
      </pt>
      <username></username>
    </polygon>
    <attributes></attributes>
  </object>
</annotation>
