<annotation>
  <filename>image_896.jpg</filename>
  <folder></folder>
  <source>
    <sourceImage></sourceImage>
    <sourceAnnotation>Datumaro</sourceAnnotation>
  </source>
  <imagesize>
    <nrows>1920</nrows>
    <ncols>1080</ncols>
  </imagesize>
  <object>
    <name>lane</name>
    <deleted>0</deleted>
    <verified>0</verified>
    <occluded>no</occluded>
    <date></date>
    <id>0</id>
    <parts>
      <hasparts></hasparts>
      <ispartof></ispartof>
    </parts>
    <polygon>
      <pt>
        <x>143.59</x>
        <y>850.29</y>
      </pt>
      <pt>
        <x>195.03</x>
        <y>844.23</y>
      </pt>
      <pt>
        <x>431.05</x>
        <y>1245.17</y>
      </pt>
      <pt>
        <x>356.91</x>
        <y>1261.81</y>
      </pt>
      <username></username>
    </polygon>
    <attributes></attributes>
  </object>
  <object>
    <name>lane</name>
    <deleted>0</deleted>
    <verified>0</verified>
    <occluded>no</occluded>
    <date></date>
    <id>1</id>
    <parts>
      <hasparts></hasparts>
      <ispartof></ispartof>
    </parts>
    <polygon>
      <pt>
        <x>898.72</x>
        <y>182.53</y>
      </pt>
      <pt>
        <x>1022.73</x>
        <y>170.32</y>
      </pt>
      <pt>
        <x>1025.99</x>
        <y>171.74</y>
      </pt>
      <pt>
        <x>904.43</x>
        <y>184.77</y>
      </pt>
      <username></username>
    </polygon>
    <attributes></attributes>
  </object>
  <object>
    <name>lane</name>
    <deleted>0</deleted>
    <verified>0</verified>
    <occluded>no</occluded>
    <date></date>
    <id>2</id>
    <parts>
      <hasparts></hasparts>
      <ispartof></ispartof>
    </parts>
    <polygon>
      <pt>
        <x>710.99</x>
        <y>224.12</y>
      </pt>
      <pt>
        <x>797.20</x>
        <y>197.03</y>
      </pt>
      <pt>
        <x>807.05</x>
        <y>198.43</y>
      </pt>
      <pt>
        <x>722.25</x>
        <y>225.53</y>
      </pt>
      <username></username>
    </polygon>
    <attributes></attributes>
  </object>
  <object>
    <name>lane</name>
    <deleted>0</deleted>
    <verified>0</verified>
    <occluded>no</occluded>
    <date></date>
    <id>3</id>
    <parts>
      <hasparts></hasparts>
      <ispartof></ispartof>
    </parts>
    <polygon>
      <pt>
        <x>657.86</x>
        <y>252.27</y>
      </pt>
      <pt>
        <x>674.05</x>
        <y>251.92</y>
      </pt>
      <pt>
        <x>649.42</x>
        <y>286.40</y>
      </pt>
      <pt>
        <x>631.12</x>
        <y>284.99</y>
      </pt>
      <username></username>
    </polygon>
    <attributes></attributes>
  </object>
  <object>
    <name>lane</name>
    <deleted>0</deleted>
    <verified>0</verified>
    <occluded>no</occluded>
    <date></date>
    <id>4</id>
    <parts>
      <hasparts></hasparts>
      <ispartof></ispartof>
    </parts>
    <polygon>
      <pt>
        <x>614.94</x>
        <y>328.27</y>
      </pt>
      <pt>
        <x>634.64</x>
        <y>325.81</y>
      </pt>
      <pt>
        <x>623.73</x>
        <y>375.42</y>
      </pt>
      <pt>
        <x>601.56</x>
        <y>374.72</y>
      </pt>
      <username></username>
    </polygon>
    <attributes></attributes>
  </object>
  <object>
    <name>lane</name>
    <deleted>0</deleted>
    <verified>0</verified>
    <occluded>no</occluded>
    <date></date>
    <id>5</id>
    <parts>
      <hasparts></hasparts>
      <ispartof></ispartof>
    </parts>
    <polygon>
      <pt>
        <x>584.51</x>
        <y>1513.05</y>
      </pt>
      <pt>
        <x>678.19</x>
        <y>1508.69</y>
      </pt>
      <pt>
        <x>710.87</x>
        <y>1911.74</y>
      </pt>
      <pt>
        <x>584.51</x>
        <y>1911.74</y>
      </pt>
      <username></username>
    </polygon>
    <attributes></attributes>
  </object>
  <object>
    <name>lane</name>
    <deleted>0</deleted>
    <verified>0</verified>
    <occluded>no</occluded>
    <date></date>
    <id>6</id>
    <parts>
      <hasparts></hasparts>
      <ispartof></ispartof>
    </parts>
    <polygon>
      <pt>
        <x>592.93</x>
        <y>676.30</y>
      </pt>
      <pt>
        <x>633.78</x>
        <y>677.81</y>
      </pt>
      <pt>
        <x>638.32</x>
        <y>928.96</y>
      </pt>
      <pt>
        <x>580.83</x>
        <y>928.96</y>
      </pt>
      <username></username>
    </polygon>
    <attributes></attributes>
  </object>
</annotation>
