<annotation>
  <filename>image_1644.jpg</filename>
  <folder></folder>
  <source>
    <sourceImage></sourceImage>
    <sourceAnnotation>Datumaro</sourceAnnotation>
  </source>
  <imagesize>
    <nrows>1920</nrows>
    <ncols>1080</ncols>
  </imagesize>
  <object>
    <name>lane</name>
    <deleted>0</deleted>
    <verified>0</verified>
    <occluded>no</occluded>
    <date></date>
    <id>0</id>
    <parts>
      <hasparts></hasparts>
      <ispartof></ispartof>
    </parts>
    <polygon>
      <pt>
        <x>546.80</x>
        <y>719.78</y>
      </pt>
      <pt>
        <x>569.30</x>
        <y>721.61</y>
      </pt>
      <pt>
        <x>568.08</x>
        <y>638.92</y>
      </pt>
      <pt>
        <x>549.23</x>
        <y>637.09</y>
      </pt>
      <username></username>
    </polygon>
    <attributes></attributes>
  </object>
  <object>
    <name>lane</name>
    <deleted>0</deleted>
    <verified>0</verified>
    <occluded>no</occluded>
    <date></date>
    <id>1</id>
    <parts>
      <hasparts></hasparts>
      <ispartof></ispartof>
    </parts>
    <type>bounding_box</type>
    <polygon>
      <pt>
        <x>558.78</x>
        <y>509.23</y>
      </pt>
      <pt>
        <x>569.42</x>
        <y>509.23</y>
      </pt>
      <pt>
        <x>569.42</x>
        <y>529.50</y>
      </pt>
      <pt>
        <x>558.78</x>
        <y>529.50</y>
      </pt>
      <username></username>
    </polygon>
    <attributes>rotation=0.0</attributes>
  </object>
  <object>
    <name>lane</name>
    <deleted>0</deleted>
    <verified>0</verified>
    <occluded>no</occluded>
    <date></date>
    <id>2</id>
    <parts>
      <hasparts></hasparts>
      <ispartof></ispartof>
    </parts>
    <type>bounding_box</type>
    <polygon>
      <pt>
        <x>561.82</x>
        <y>481.36</y>
      </pt>
      <pt>
        <x>569.93</x>
        <y>481.36</y>
      </pt>
      <pt>
        <x>569.93</x>
        <y>495.60</y>
      </pt>
      <pt>
        <x>561.82</x>
        <y>495.60</y>
      </pt>
      <username></username>
    </polygon>
    <attributes>rotation=0.0</attributes>
  </object>
  <object>
    <name>lane</name>
    <deleted>0</deleted>
    <verified>0</verified>
    <occluded>no</occluded>
    <date></date>
    <id>3</id>
    <parts>
      <hasparts></hasparts>
      <ispartof></ispartof>
    </parts>
    <type>bounding_box</type>
    <polygon>
      <pt>
        <x>563.85</x>
        <y>463.12</y>
      </pt>
      <pt>
        <x>569.93</x>
        <y>463.12</y>
      </pt>
      <pt>
        <x>569.93</x>
        <y>471.73</y>
      </pt>
      <pt>
        <x>563.85</x>
        <y>471.73</y>
      </pt>
      <username></username>
    </polygon>
    <attributes>rotation=0.0</attributes>
  </object>
  <object>
    <name>lane</name>
    <deleted>0</deleted>
    <verified>0</verified>
    <occluded>no</occluded>
    <date></date>
    <id>4</id>
    <parts>
      <hasparts></hasparts>
      <ispartof></ispartof>
    </parts>
    <polygon>
      <pt>
        <x>511.16</x>
        <y>1175.47</y>
      </pt>
      <pt>
        <x>561.59</x>
        <y>1177.99</y>
      </pt>
      <pt>
        <x>564.11</x>
        <y>852.71</y>
      </pt>
      <pt>
        <x>535.11</x>
        <y>851.45</y>
      </pt>
      <username></username>
    </polygon>
    <attributes></attributes>
  </object>
  <object>
    <name>lane</name>
    <deleted>0</deleted>
    <verified>0</verified>
    <occluded>no</occluded>
    <date></date>
    <id>5</id>
    <parts>
      <hasparts></hasparts>
      <ispartof></ispartof>
    </parts>
    <polygon>
      <pt>
        <x>553.49</x>
        <y>589.06</y>
      </pt>
      <pt>
        <x>568.08</x>
        <y>590.28</y>
      </pt>
      <pt>
        <x>569.30</x>
        <y>554.40</y>
      </pt>
      <pt>
        <x>555.31</x>
        <y>554.40</y>
      </pt>
      <username></username>
    </polygon>
    <attributes></attributes>
  </object>
</annotation>
