<annotation>
  <filename>image_2023.jpg</filename>
  <folder></folder>
  <source>
    <sourceImage></sourceImage>
    <sourceAnnotation>Datumaro</sourceAnnotation>
  </source>
  <imagesize>
    <nrows>1920</nrows>
    <ncols>1080</ncols>
  </imagesize>
  <object>
    <name>lane</name>
    <deleted>0</deleted>
    <verified>0</verified>
    <occluded>no</occluded>
    <date></date>
    <id>0</id>
    <parts>
      <hasparts></hasparts>
      <ispartof></ispartof>
    </parts>
    <polygon>
      <pt>
        <x>509.35</x>
        <y>1919.59</y>
      </pt>
      <pt>
        <x>605.21</x>
        <y>1913.05</y>
      </pt>
      <pt>
        <x>550.74</x>
        <y>1440.28</y>
      </pt>
      <pt>
        <x>526.78</x>
        <y>1154.88</y>
      </pt>
      <pt>
        <x>476.67</x>
        <y>1187.56</y>
      </pt>
      <pt>
        <x>502.81</x>
        <y>1771.44</y>
      </pt>
      <username></username>
    </polygon>
    <attributes></attributes>
  </object>
  <object>
    <name>lane</name>
    <deleted>0</deleted>
    <verified>0</verified>
    <occluded>no</occluded>
    <date></date>
    <id>1</id>
    <parts>
      <hasparts></hasparts>
      <ispartof></ispartof>
    </parts>
    <polygon>
      <pt>
        <x>476.45</x>
        <y>787.55</y>
      </pt>
      <pt>
        <x>501.66</x>
        <y>788.60</y>
      </pt>
      <pt>
        <x>502.71</x>
        <y>744.47</y>
      </pt>
      <pt>
        <x>502.71</x>
        <y>683.53</y>
      </pt>
      <pt>
        <x>481.70</x>
        <y>682.48</y>
      </pt>
      <pt>
        <x>481.70</x>
        <y>723.46</y>
      </pt>
      <username></username>
    </polygon>
    <attributes></attributes>
  </object>
  <object>
    <name>lane</name>
    <deleted>0</deleted>
    <verified>0</verified>
    <occluded>no</occluded>
    <date></date>
    <id>2</id>
    <parts>
      <hasparts></hasparts>
      <ispartof></ispartof>
    </parts>
    <polygon>
      <pt>
        <x>487.28</x>
        <y>626.45</y>
      </pt>
      <pt>
        <x>501.87</x>
        <y>628.28</y>
      </pt>
      <pt>
        <x>503.69</x>
        <y>605.17</y>
      </pt>
      <pt>
        <x>509.17</x>
        <y>586.93</y>
      </pt>
      <pt>
        <x>497.61</x>
        <y>585.72</y>
      </pt>
      <pt>
        <x>495.79</x>
        <y>600.31</y>
      </pt>
      <username></username>
    </polygon>
    <attributes></attributes>
  </object>
  <object>
    <name>lane</name>
    <deleted>0</deleted>
    <verified>0</verified>
    <occluded>no</occluded>
    <date></date>
    <id>3</id>
    <parts>
      <hasparts></hasparts>
      <ispartof></ispartof>
    </parts>
    <polygon>
      <pt>
        <x>462.35</x>
        <y>607.00</y>
      </pt>
      <pt>
        <x>472.68</x>
        <y>603.35</y>
      </pt>
      <pt>
        <x>444.72</x>
        <y>586.93</y>
      </pt>
      <pt>
        <x>410.67</x>
        <y>568.69</y>
      </pt>
      <pt>
        <x>399.72</x>
        <y>571.12</y>
      </pt>
      <pt>
        <x>434.38</x>
        <y>587.54</y>
      </pt>
      <username></username>
    </polygon>
    <attributes></attributes>
  </object>
  <object>
    <name>lane</name>
    <deleted>0</deleted>
    <verified>0</verified>
    <occluded>no</occluded>
    <date></date>
    <id>4</id>
    <parts>
      <hasparts></hasparts>
      <ispartof></ispartof>
    </parts>
    <polygon>
      <pt>
        <x>689.67</x>
        <y>452.85</y>
      </pt>
      <pt>
        <x>690.86</x>
        <y>454.55</y>
      </pt>
      <pt>
        <x>707.15</x>
        <y>453.36</y>
      </pt>
      <pt>
        <x>704.60</x>
        <y>451.84</y>
      </pt>
      <username></username>
    </polygon>
    <attributes></attributes>
  </object>
  <object>
    <name>lane</name>
    <deleted>0</deleted>
    <verified>0</verified>
    <occluded>no</occluded>
    <date></date>
    <id>5</id>
    <parts>
      <hasparts></hasparts>
      <ispartof></ispartof>
    </parts>
    <polygon>
      <pt>
        <x>23.49</x>
        <y>491.93</y>
      </pt>
      <pt>
        <x>26.14</x>
        <y>491.32</y>
      </pt>
      <pt>
        <x>119.60</x>
        <y>508.42</y>
      </pt>
      <pt>
        <x>112.68</x>
        <y>509.24</y>
      </pt>
      <username></username>
    </polygon>
    <attributes></attributes>
  </object>
  <object>
    <name>lane</name>
    <deleted>0</deleted>
    <verified>0</verified>
    <occluded>no</occluded>
    <date></date>
    <id>6</id>
    <parts>
      <hasparts></hasparts>
      <ispartof></ispartof>
    </parts>
    <polygon>
      <pt>
        <x>209.15</x>
        <y>524.36</y>
      </pt>
      <pt>
        <x>220.88</x>
        <y>523.48</y>
      </pt>
      <pt>
        <x>324.09</x>
        <y>544.60</y>
      </pt>
      <pt>
        <x>313.24</x>
        <y>545.47</y>
      </pt>
      <username></username>
    </polygon>
    <attributes></attributes>
  </object>
  <object>
    <name>lane</name>
    <deleted>0</deleted>
    <verified>0</verified>
    <occluded>no</occluded>
    <date></date>
    <id>7</id>
    <parts>
      <hasparts></hasparts>
      <ispartof></ispartof>
    </parts>
    <polygon>
      <pt>
        <x>515.89</x>
        <y>536.38</y>
      </pt>
      <pt>
        <x>524.98</x>
        <y>537.56</y>
      </pt>
      <pt>
        <x>517.06</x>
        <y>558.67</y>
      </pt>
      <pt>
        <x>505.60</x>
        <y>557.80</y>
      </pt>
      <username></username>
    </polygon>
    <attributes></attributes>
  </object>
  <object>
    <name>lane</name>
    <deleted>0</deleted>
    <verified>0</verified>
    <occluded>no</occluded>
    <date></date>
    <id>8</id>
    <parts>
      <hasparts></hasparts>
      <ispartof></ispartof>
    </parts>
    <polygon>
      <pt>
        <x>524.39</x>
        <y>520.22</y>
      </pt>
      <pt>
        <x>532.54</x>
        <y>521.75</y>
      </pt>
      <pt>
        <x>542.55</x>
        <y>506.14</y>
      </pt>
      <pt>
        <x>534.58</x>
        <y>505.12</y>
      </pt>
      <username></username>
    </polygon>
    <attributes></attributes>
  </object>
  <object>
    <name>lane</name>
    <deleted>0</deleted>
    <verified>0</verified>
    <occluded>no</occluded>
    <date></date>
    <id>9</id>
    <parts>
      <hasparts></hasparts>
      <ispartof></ispartof>
    </parts>
    <polygon>
      <pt>
        <x>543.91</x>
        <y>495.79</y>
      </pt>
      <pt>
        <x>548.49</x>
        <y>496.97</y>
      </pt>
      <pt>
        <x>560.54</x>
        <y>488.49</y>
      </pt>
      <pt>
        <x>553.75</x>
        <y>487.30</y>
      </pt>
      <username></username>
    </polygon>
    <attributes></attributes>
  </object>
  <object>
    <name>lane</name>
    <deleted>0</deleted>
    <verified>0</verified>
    <occluded>no</occluded>
    <date></date>
    <id>10</id>
    <parts>
      <hasparts></hasparts>
      <ispartof></ispartof>
    </parts>
    <polygon>
      <pt>
        <x>563.25</x>
        <y>480.68</y>
      </pt>
      <pt>
        <x>567.66</x>
        <y>482.21</y>
      </pt>
      <pt>
        <x>579.37</x>
        <y>475.59</y>
      </pt>
      <pt>
        <x>574.45</x>
        <y>474.57</y>
      </pt>
      <username></username>
    </polygon>
    <attributes></attributes>
  </object>
  <object>
    <name>lane</name>
    <deleted>0</deleted>
    <verified>0</verified>
    <occluded>no</occluded>
    <date></date>
    <id>11</id>
    <parts>
      <hasparts></hasparts>
      <ispartof></ispartof>
    </parts>
    <polygon>
      <pt>
        <x>586.50</x>
        <y>468.80</y>
      </pt>
      <pt>
        <x>590.40</x>
        <y>469.65</y>
      </pt>
      <pt>
        <x>605.34</x>
        <y>465.58</y>
      </pt>
      <pt>
        <x>599.91</x>
        <y>464.05</y>
      </pt>
      <username></username>
    </polygon>
    <attributes></attributes>
  </object>
  <object>
    <name>lane</name>
    <deleted>0</deleted>
    <verified>0</verified>
    <occluded>no</occluded>
    <date></date>
    <id>12</id>
    <parts>
      <hasparts></hasparts>
      <ispartof></ispartof>
    </parts>
    <polygon>
      <pt>
        <x>618.74</x>
        <y>460.66</y>
      </pt>
      <pt>
        <x>619.76</x>
        <y>462.36</y>
      </pt>
      <pt>
        <x>639.10</x>
        <y>461.17</y>
      </pt>
      <pt>
        <x>638.59</x>
        <y>459.81</y>
      </pt>
      <username></username>
    </polygon>
    <attributes></attributes>
  </object>
  <object>
    <name>lane</name>
    <deleted>0</deleted>
    <verified>0</verified>
    <occluded>no</occluded>
    <date></date>
    <id>13</id>
    <parts>
      <hasparts></hasparts>
      <ispartof></ispartof>
    </parts>
    <polygon>
      <pt>
        <x>655.73</x>
        <y>456.25</y>
      </pt>
      <pt>
        <x>657.09</x>
        <y>457.94</y>
      </pt>
      <pt>
        <x>677.28</x>
        <y>456.08</y>
      </pt>
      <pt>
        <x>674.40</x>
        <y>454.89</y>
      </pt>
      <username></username>
    </polygon>
    <attributes></attributes>
  </object>
  <object>
    <name>lane</name>
    <deleted>0</deleted>
    <verified>0</verified>
    <occluded>no</occluded>
    <date></date>
    <id>14</id>
    <parts>
      <hasparts></hasparts>
      <ispartof></ispartof>
    </parts>
    <polygon>
      <pt>
        <x>721.91</x>
        <y>449.97</y>
      </pt>
      <pt>
        <x>722.25</x>
        <y>451.67</y>
      </pt>
      <pt>
        <x>742.61</x>
        <y>451.16</y>
      </pt>
      <pt>
        <x>742.61</x>
        <y>449.80</y>
      </pt>
      <username></username>
    </polygon>
    <attributes></attributes>
  </object>
  <object>
    <name>lane</name>
    <deleted>0</deleted>
    <verified>0</verified>
    <occluded>no</occluded>
    <date></date>
    <id>15</id>
    <parts>
      <hasparts></hasparts>
      <ispartof></ispartof>
    </parts>
    <polygon>
      <pt>
        <x>754.49</x>
        <y>448.10</y>
      </pt>
      <pt>
        <x>754.66</x>
        <y>449.80</y>
      </pt>
      <pt>
        <x>775.53</x>
        <y>450.14</y>
      </pt>
      <pt>
        <x>774.17</x>
        <y>449.46</y>
      </pt>
      <username></username>
    </polygon>
    <attributes></attributes>
  </object>
</annotation>
