<annotation>
  <filename>image_825.jpg</filename>
  <folder></folder>
  <source>
    <sourceImage></sourceImage>
    <sourceAnnotation>Datumaro</sourceAnnotation>
  </source>
  <imagesize>
    <nrows>1920</nrows>
    <ncols>1080</ncols>
  </imagesize>
  <object>
    <name>lane</name>
    <deleted>0</deleted>
    <verified>0</verified>
    <occluded>no</occluded>
    <date></date>
    <id>0</id>
    <parts>
      <hasparts></hasparts>
      <ispartof></ispartof>
    </parts>
    <polygon>
      <pt>
        <x>452.30</x>
        <y>227.76</y>
      </pt>
      <pt>
        <x>475.85</x>
        <y>227.76</y>
      </pt>
      <pt>
        <x>478.10</x>
        <y>300.67</y>
      </pt>
      <pt>
        <x>450.06</x>
        <y>302.91</y>
      </pt>
      <username></username>
    </polygon>
    <attributes></attributes>
  </object>
  <object>
    <name>lane</name>
    <deleted>0</deleted>
    <verified>0</verified>
    <occluded>no</occluded>
    <date></date>
    <id>1</id>
    <parts>
      <hasparts></hasparts>
      <ispartof></ispartof>
    </parts>
    <polygon>
      <pt>
        <x>447.82</x>
        <y>413.94</y>
      </pt>
      <pt>
        <x>482.58</x>
        <y>413.94</y>
      </pt>
      <pt>
        <x>493.80</x>
        <y>586.67</y>
      </pt>
      <pt>
        <x>448.94</x>
        <y>584.42</y>
      </pt>
      <username></username>
    </polygon>
    <attributes></attributes>
  </object>
  <object>
    <name>lane</name>
    <deleted>0</deleted>
    <verified>0</verified>
    <occluded>no</occluded>
    <date></date>
    <id>2</id>
    <parts>
      <hasparts></hasparts>
      <ispartof></ispartof>
    </parts>
    <polygon>
      <pt>
        <x>441.60</x>
        <y>928.60</y>
      </pt>
      <pt>
        <x>511.37</x>
        <y>916.97</y>
      </pt>
      <pt>
        <x>562.54</x>
        <y>1861.20</y>
      </pt>
      <pt>
        <x>439.28</x>
        <y>1872.83</y>
      </pt>
      <username></username>
    </polygon>
    <attributes></attributes>
  </object>
</annotation>
