<annotation>
  <filename>image_986.jpg</filename>
  <folder></folder>
  <source>
    <sourceImage></sourceImage>
    <sourceAnnotation>Datumaro</sourceAnnotation>
  </source>
  <imagesize>
    <nrows>1920</nrows>
    <ncols>1080</ncols>
  </imagesize>
  <object>
    <name>lane</name>
    <deleted>0</deleted>
    <verified>0</verified>
    <occluded>no</occluded>
    <date></date>
    <id>0</id>
    <parts>
      <hasparts></hasparts>
      <ispartof></ispartof>
    </parts>
    <polygon>
      <pt>
        <x>487.78</x>
        <y>356.42</y>
      </pt>
      <pt>
        <x>520.06</x>
        <y>416.60</y>
      </pt>
      <pt>
        <x>542.38</x>
        <y>418.20</y>
      </pt>
      <pt>
        <x>505.31</x>
        <y>356.03</y>
      </pt>
      <username></username>
    </polygon>
    <attributes></attributes>
  </object>
  <object>
    <name>lane</name>
    <deleted>0</deleted>
    <verified>0</verified>
    <occluded>no</occluded>
    <date></date>
    <id>1</id>
    <parts>
      <hasparts></hasparts>
      <ispartof></ispartof>
    </parts>
    <polygon>
      <pt>
        <x>364.65</x>
        <y>241.65</y>
      </pt>
      <pt>
        <x>394.86</x>
        <y>265.18</y>
      </pt>
      <pt>
        <x>409.62</x>
        <y>265.64</y>
      </pt>
      <pt>
        <x>374.10</x>
        <y>240.96</y>
      </pt>
      <username></username>
    </polygon>
    <attributes></attributes>
  </object>
  <object>
    <name>lane</name>
    <deleted>0</deleted>
    <verified>0</verified>
    <occluded>no</occluded>
    <date></date>
    <id>2</id>
    <parts>
      <hasparts></hasparts>
      <ispartof></ispartof>
    </parts>
    <polygon>
      <pt>
        <x>312.76</x>
        <y>209.13</y>
      </pt>
      <pt>
        <x>335.82</x>
        <y>227.35</y>
      </pt>
      <pt>
        <x>348.04</x>
        <y>225.74</y>
      </pt>
      <pt>
        <x>320.60</x>
        <y>207.98</y>
      </pt>
      <username></username>
    </polygon>
    <attributes></attributes>
  </object>
  <object>
    <name>lane</name>
    <deleted>0</deleted>
    <verified>0</verified>
    <occluded>no</occluded>
    <date></date>
    <id>3</id>
    <parts>
      <hasparts></hasparts>
      <ispartof></ispartof>
    </parts>
    <polygon>
      <pt>
        <x>302.15</x>
        <y>198.29</y>
      </pt>
      <pt>
        <x>301.46</x>
        <y>193.68</y>
      </pt>
      <pt>
        <x>308.61</x>
        <y>187.46</y>
      </pt>
      <pt>
        <x>317.60</x>
        <y>187.69</y>
      </pt>
      <pt>
        <x>308.14</x>
        <y>193.45</y>
      </pt>
      <pt>
        <x>310.45</x>
        <y>198.06</y>
      </pt>
      <username></username>
    </polygon>
    <attributes></attributes>
  </object>
  <object>
    <name>lane</name>
    <deleted>0</deleted>
    <verified>0</verified>
    <occluded>no</occluded>
    <date></date>
    <id>4</id>
    <parts>
      <hasparts></hasparts>
      <ispartof></ispartof>
    </parts>
    <polygon>
      <pt>
        <x>241.95</x>
        <y>184.00</y>
      </pt>
      <pt>
        <x>243.80</x>
        <y>183.07</y>
      </pt>
      <pt>
        <x>287.16</x>
        <y>194.84</y>
      </pt>
      <pt>
        <x>280.70</x>
        <y>197.37</y>
      </pt>
      <username></username>
    </polygon>
    <attributes></attributes>
  </object>
  <object>
    <name>lane</name>
    <deleted>0</deleted>
    <verified>0</verified>
    <occluded>no</occluded>
    <date></date>
    <id>5</id>
    <parts>
      <hasparts></hasparts>
      <ispartof></ispartof>
    </parts>
    <polygon>
      <pt>
        <x>162.62</x>
        <y>165.08</y>
      </pt>
      <pt>
        <x>205.74</x>
        <y>176.85</y>
      </pt>
      <pt>
        <x>208.74</x>
        <y>175.46</y>
      </pt>
      <pt>
        <x>167.92</x>
        <y>164.16</y>
      </pt>
      <username></username>
    </polygon>
    <attributes></attributes>
  </object>
  <object>
    <name>lane</name>
    <deleted>0</deleted>
    <verified>0</verified>
    <occluded>no</occluded>
    <date></date>
    <id>6</id>
    <parts>
      <hasparts></hasparts>
      <ispartof></ispartof>
    </parts>
    <polygon>
      <pt>
        <x>589.94</x>
        <y>757.63</y>
      </pt>
      <pt>
        <x>601.84</x>
        <y>940.10</y>
      </pt>
      <pt>
        <x>595.89</x>
        <y>1097.78</y>
      </pt>
      <pt>
        <x>661.34</x>
        <y>1100.75</y>
      </pt>
      <pt>
        <x>653.41</x>
        <y>930.18</y>
      </pt>
      <pt>
        <x>639.53</x>
        <y>760.61</y>
      </pt>
      <username></username>
    </polygon>
    <attributes></attributes>
  </object>
  <object>
    <name>lane</name>
    <deleted>0</deleted>
    <verified>0</verified>
    <occluded>no</occluded>
    <date></date>
    <id>7</id>
    <parts>
      <hasparts></hasparts>
      <ispartof></ispartof>
    </parts>
    <polygon>
      <pt>
        <x>548.36</x>
        <y>482.76</y>
      </pt>
      <pt>
        <x>574.66</x>
        <y>594.74</y>
      </pt>
      <pt>
        <x>610.93</x>
        <y>597.93</y>
      </pt>
      <pt>
        <x>574.66</x>
        <y>481.16</y>
      </pt>
      <username></username>
    </polygon>
    <attributes></attributes>
  </object>
  <object>
    <name>lane</name>
    <deleted>0</deleted>
    <verified>0</verified>
    <occluded>no</occluded>
    <date></date>
    <id>8</id>
    <parts>
      <hasparts></hasparts>
      <ispartof></ispartof>
    </parts>
    <polygon>
      <pt>
        <x>424.20</x>
        <y>286.60</y>
      </pt>
      <pt>
        <x>457.59</x>
        <y>321.91</y>
      </pt>
      <pt>
        <x>473.04</x>
        <y>320.76</y>
      </pt>
      <pt>
        <x>437.30</x>
        <y>285.93</y>
      </pt>
      <username></username>
    </polygon>
    <attributes></attributes>
  </object>
</annotation>
