<annotation>
  <filename>image_1761.jpg</filename>
  <folder></folder>
  <source>
    <sourceImage></sourceImage>
    <sourceAnnotation>Datumaro</sourceAnnotation>
  </source>
  <imagesize>
    <nrows>486</nrows>
    <ncols>1080</ncols>
  </imagesize>
  <object>
    <name>lane</name>
    <deleted>0</deleted>
    <verified>0</verified>
    <occluded>no</occluded>
    <date></date>
    <id>0</id>
    <parts>
      <hasparts></hasparts>
      <ispartof></ispartof>
    </parts>
    <polygon>
      <pt>
        <x>251.20</x>
        <y>263.32</y>
      </pt>
      <pt>
        <x>234.46</x>
        <y>197.82</y>
      </pt>
      <pt>
        <x>231.50</x>
        <y>203.73</y>
      </pt>
      <pt>
        <x>248.74</x>
        <y>271.69</y>
      </pt>
      <username></username>
    </polygon>
    <attributes></attributes>
  </object>
  <object>
    <name>lane</name>
    <deleted>0</deleted>
    <verified>0</verified>
    <occluded>no</occluded>
    <date></date>
    <id>1</id>
    <parts>
      <hasparts></hasparts>
      <ispartof></ispartof>
    </parts>
    <polygon>
      <pt>
        <x>344.08</x>
        <y>382.71</y>
      </pt>
      <pt>
        <x>345.74</x>
        <y>361.35</y>
      </pt>
      <pt>
        <x>306.75</x>
        <y>347.67</y>
      </pt>
      <pt>
        <x>280.42</x>
        <y>324.03</y>
      </pt>
      <pt>
        <x>278.76</x>
        <y>336.05</y>
      </pt>
      <pt>
        <x>302.81</x>
        <y>356.38</y>
      </pt>
      <username></username>
    </polygon>
    <attributes></attributes>
  </object>
</annotation>
