<annotation>
  <filename>image_2773.jpg</filename>
  <folder></folder>
  <source>
    <sourceImage></sourceImage>
    <sourceAnnotation>Datumaro</sourceAnnotation>
  </source>
  <imagesize>
    <nrows>1920</nrows>
    <ncols>1080</ncols>
  </imagesize>
  <object>
    <name>lane</name>
    <deleted>0</deleted>
    <verified>0</verified>
    <occluded>no</occluded>
    <date></date>
    <id>0</id>
    <parts>
      <hasparts></hasparts>
      <ispartof></ispartof>
    </parts>
    <polygon>
      <pt>
        <x>525.95</x>
        <y>801.28</y>
      </pt>
      <pt>
        <x>532.03</x>
        <y>801.28</y>
      </pt>
      <pt>
        <x>532.03</x>
        <y>792.67</y>
      </pt>
      <pt>
        <x>526.96</x>
        <y>792.67</y>
      </pt>
      <username></username>
    </polygon>
    <attributes></attributes>
  </object>
  <object>
    <name>lane</name>
    <deleted>0</deleted>
    <verified>0</verified>
    <occluded>no</occluded>
    <date></date>
    <id>1</id>
    <parts>
      <hasparts></hasparts>
      <ispartof></ispartof>
    </parts>
    <polygon>
      <pt>
        <x>425.66</x>
        <y>1409.32</y>
      </pt>
      <pt>
        <x>481.94</x>
        <y>1412.95</y>
      </pt>
      <pt>
        <x>442.93</x>
        <y>1920.00</y>
      </pt>
      <pt>
        <x>351.67</x>
        <y>1920.00</y>
      </pt>
      <username></username>
    </polygon>
    <attributes></attributes>
  </object>
  <object>
    <name>lane</name>
    <deleted>0</deleted>
    <verified>0</verified>
    <occluded>no</occluded>
    <date></date>
    <id>2</id>
    <parts>
      <hasparts></hasparts>
      <ispartof></ispartof>
    </parts>
    <polygon>
      <pt>
        <x>491.99</x>
        <y>993.89</y>
      </pt>
      <pt>
        <x>475.18</x>
        <y>1122.07</y>
      </pt>
      <pt>
        <x>504.60</x>
        <y>1125.23</y>
      </pt>
      <pt>
        <x>516.16</x>
        <y>994.94</y>
      </pt>
      <username></username>
    </polygon>
    <attributes></attributes>
  </object>
  <object>
    <name>lane</name>
    <deleted>0</deleted>
    <verified>0</verified>
    <occluded>no</occluded>
    <date></date>
    <id>3</id>
    <parts>
      <hasparts></hasparts>
      <ispartof></ispartof>
    </parts>
    <polygon>
      <pt>
        <x>505.68</x>
        <y>928.46</y>
      </pt>
      <pt>
        <x>520.88</x>
        <y>928.46</y>
      </pt>
      <pt>
        <x>525.44</x>
        <y>888.94</y>
      </pt>
      <pt>
        <x>511.76</x>
        <y>888.94</y>
      </pt>
      <username></username>
    </polygon>
    <attributes></attributes>
  </object>
  <object>
    <name>lane</name>
    <deleted>0</deleted>
    <verified>0</verified>
    <occluded>no</occluded>
    <date></date>
    <id>4</id>
    <parts>
      <hasparts></hasparts>
      <ispartof></ispartof>
    </parts>
    <polygon>
      <pt>
        <x>517.34</x>
        <y>860.56</y>
      </pt>
      <pt>
        <x>526.46</x>
        <y>860.06</y>
      </pt>
      <pt>
        <x>528.99</x>
        <y>841.31</y>
      </pt>
      <pt>
        <x>519.36</x>
        <y>840.30</y>
      </pt>
      <username></username>
    </polygon>
    <attributes></attributes>
  </object>
  <object>
    <name>lane</name>
    <deleted>0</deleted>
    <verified>0</verified>
    <occluded>no</occluded>
    <date></date>
    <id>5</id>
    <parts>
      <hasparts></hasparts>
      <ispartof></ispartof>
    </parts>
    <polygon>
      <pt>
        <x>522.91</x>
        <y>823.58</y>
      </pt>
      <pt>
        <x>530.51</x>
        <y>823.58</y>
      </pt>
      <pt>
        <x>531.52</x>
        <y>811.92</y>
      </pt>
      <pt>
        <x>523.92</x>
        <y>810.91</y>
      </pt>
      <username></username>
    </polygon>
    <attributes></attributes>
  </object>
  <object>
    <name>lane</name>
    <deleted>0</deleted>
    <verified>0</verified>
    <occluded>no</occluded>
    <date></date>
    <id>6</id>
    <parts>
      <hasparts></hasparts>
      <ispartof></ispartof>
    </parts>
    <polygon>
      <pt>
        <x>528.48</x>
        <y>783.04</y>
      </pt>
      <pt>
        <x>534.06</x>
        <y>783.55</y>
      </pt>
      <pt>
        <x>534.06</x>
        <y>776.96</y>
      </pt>
      <pt>
        <x>528.99</x>
        <y>776.96</y>
      </pt>
      <username></username>
    </polygon>
    <attributes></attributes>
  </object>
</annotation>
