<annotation>
  <filename>image_555.jpg</filename>
  <folder></folder>
  <source>
    <sourceImage></sourceImage>
    <sourceAnnotation>Datumaro</sourceAnnotation>
  </source>
  <imagesize>
    <nrows>1920</nrows>
    <ncols>1080</ncols>
  </imagesize>
  <object>
    <name>lane</name>
    <deleted>0</deleted>
    <verified>0</verified>
    <occluded>no</occluded>
    <date></date>
    <id>0</id>
    <parts>
      <hasparts></hasparts>
      <ispartof></ispartof>
    </parts>
    <polygon>
      <pt>
        <x>585.08</x>
        <y>179.35</y>
      </pt>
      <pt>
        <x>602.72</x>
        <y>180.49</y>
      </pt>
      <pt>
        <x>603.86</x>
        <y>216.90</y>
      </pt>
      <pt>
        <x>582.24</x>
        <y>215.20</y>
      </pt>
      <username></username>
    </polygon>
    <attributes></attributes>
  </object>
  <object>
    <name>lane</name>
    <deleted>0</deleted>
    <verified>0</verified>
    <occluded>no</occluded>
    <date></date>
    <id>1</id>
    <parts>
      <hasparts></hasparts>
      <ispartof></ispartof>
    </parts>
    <polygon>
      <pt>
        <x>343.69</x>
        <y>17.87</y>
      </pt>
      <pt>
        <x>355.54</x>
        <y>14.32</y>
      </pt>
      <pt>
        <x>419.95</x>
        <y>25.38</y>
      </pt>
      <pt>
        <x>407.70</x>
        <y>28.94</y>
      </pt>
      <username></username>
    </polygon>
    <attributes></attributes>
  </object>
  <object>
    <name>lane</name>
    <deleted>0</deleted>
    <verified>0</verified>
    <occluded>no</occluded>
    <date></date>
    <id>2</id>
    <parts>
      <hasparts></hasparts>
      <ispartof></ispartof>
    </parts>
    <polygon>
      <pt>
        <x>465.39</x>
        <y>38.42</y>
      </pt>
      <pt>
        <x>475.27</x>
        <y>35.65</y>
      </pt>
      <pt>
        <x>530.19</x>
        <y>47.90</y>
      </pt>
      <pt>
        <x>522.28</x>
        <y>50.27</y>
      </pt>
      <username></username>
    </polygon>
    <attributes></attributes>
  </object>
  <object>
    <name>lane</name>
    <deleted>0</deleted>
    <verified>0</verified>
    <occluded>no</occluded>
    <date></date>
    <id>3</id>
    <parts>
      <hasparts></hasparts>
      <ispartof></ispartof>
    </parts>
    <polygon>
      <pt>
        <x>610.79</x>
        <y>46.32</y>
      </pt>
      <pt>
        <x>617.11</x>
        <y>47.90</y>
      </pt>
      <pt>
        <x>657.02</x>
        <y>39.21</y>
      </pt>
      <pt>
        <x>655.05</x>
        <y>36.05</y>
      </pt>
      <username></username>
    </polygon>
    <attributes></attributes>
  </object>
  <object>
    <name>lane</name>
    <deleted>0</deleted>
    <verified>0</verified>
    <occluded>no</occluded>
    <date></date>
    <id>4</id>
    <parts>
      <hasparts></hasparts>
      <ispartof></ispartof>
    </parts>
    <polygon>
      <pt>
        <x>591.83</x>
        <y>66.08</y>
      </pt>
      <pt>
        <x>587.08</x>
        <y>82.67</y>
      </pt>
      <pt>
        <x>600.12</x>
        <y>84.65</y>
      </pt>
      <pt>
        <x>599.73</x>
        <y>68.05</y>
      </pt>
      <username></username>
    </polygon>
    <attributes></attributes>
  </object>
  <object>
    <name>lane</name>
    <deleted>0</deleted>
    <verified>0</verified>
    <occluded>no</occluded>
    <date></date>
    <id>5</id>
    <parts>
      <hasparts></hasparts>
      <ispartof></ispartof>
    </parts>
    <polygon>
      <pt>
        <x>587.20</x>
        <y>114.64</y>
      </pt>
      <pt>
        <x>601.03</x>
        <y>115.82</y>
      </pt>
      <pt>
        <x>603.01</x>
        <y>140.72</y>
      </pt>
      <pt>
        <x>585.23</x>
        <y>139.53</y>
      </pt>
      <username></username>
    </polygon>
    <attributes></attributes>
  </object>
  <object>
    <name>lane</name>
    <deleted>0</deleted>
    <verified>0</verified>
    <occluded>no</occluded>
    <date></date>
    <id>6</id>
    <parts>
      <hasparts></hasparts>
      <ispartof></ispartof>
    </parts>
    <polygon>
      <pt>
        <x>577.97</x>
        <y>266.18</y>
      </pt>
      <pt>
        <x>601.30</x>
        <y>268.45</y>
      </pt>
      <pt>
        <x>601.30</x>
        <y>347.54</y>
      </pt>
      <pt>
        <x>573.99</x>
        <y>346.40</y>
      </pt>
      <username></username>
    </polygon>
    <attributes></attributes>
  </object>
  <object>
    <name>lane</name>
    <deleted>0</deleted>
    <verified>0</verified>
    <occluded>no</occluded>
    <date></date>
    <id>7</id>
    <parts>
      <hasparts></hasparts>
      <ispartof></ispartof>
    </parts>
    <polygon>
      <pt>
        <x>566.62</x>
        <y>452.77</y>
      </pt>
      <pt>
        <x>602.01</x>
        <y>456.31</y>
      </pt>
      <pt>
        <x>604.37</x>
        <y>643.90</y>
      </pt>
      <pt>
        <x>557.18</x>
        <y>642.72</y>
      </pt>
      <username></username>
    </polygon>
    <attributes></attributes>
  </object>
  <object>
    <name>lane</name>
    <deleted>0</deleted>
    <verified>0</verified>
    <occluded>no</occluded>
    <date></date>
    <id>8</id>
    <parts>
      <hasparts></hasparts>
      <ispartof></ispartof>
    </parts>
    <polygon>
      <pt>
        <x>532.78</x>
        <y>967.77</y>
      </pt>
      <pt>
        <x>466.73</x>
        <y>1885.20</y>
      </pt>
      <pt>
        <x>598.84</x>
        <y>1894.98</y>
      </pt>
      <pt>
        <x>601.28</x>
        <y>970.21</y>
      </pt>
      <username></username>
    </polygon>
    <attributes></attributes>
  </object>
</annotation>
