<annotation>
  <filename>image_1536.jpg</filename>
  <folder></folder>
  <source>
    <sourceImage></sourceImage>
    <sourceAnnotation>Datumaro</sourceAnnotation>
  </source>
  <imagesize>
    <nrows>1920</nrows>
    <ncols>1080</ncols>
  </imagesize>
  <object>
    <name>lane</name>
    <deleted>0</deleted>
    <verified>0</verified>
    <occluded>no</occluded>
    <date></date>
    <id>0</id>
    <parts>
      <hasparts></hasparts>
      <ispartof></ispartof>
    </parts>
    <polygon>
      <pt>
        <x>486.32</x>
        <y>129.52</y>
      </pt>
      <pt>
        <x>509.02</x>
        <y>132.04</y>
      </pt>
      <pt>
        <x>511.54</x>
        <y>172.38</y>
      </pt>
      <pt>
        <x>488.84</x>
        <y>173.65</y>
      </pt>
      <username></username>
    </polygon>
    <attributes></attributes>
  </object>
  <object>
    <name>lane</name>
    <deleted>0</deleted>
    <verified>0</verified>
    <occluded>no</occluded>
    <date></date>
    <id>1</id>
    <parts>
      <hasparts></hasparts>
      <ispartof></ispartof>
    </parts>
    <polygon>
      <pt>
        <x>480.27</x>
        <y>237.06</y>
      </pt>
      <pt>
        <x>508.01</x>
        <y>237.06</y>
      </pt>
      <pt>
        <x>510.53</x>
        <y>320.28</y>
      </pt>
      <pt>
        <x>481.53</x>
        <y>317.75</y>
      </pt>
      <username></username>
    </polygon>
    <attributes></attributes>
  </object>
  <object>
    <name>lane</name>
    <deleted>0</deleted>
    <verified>0</verified>
    <occluded>no</occluded>
    <date></date>
    <id>2</id>
    <parts>
      <hasparts></hasparts>
      <ispartof></ispartof>
    </parts>
    <polygon>
      <pt>
        <x>476.49</x>
        <y>458.96</y>
      </pt>
      <pt>
        <x>509.27</x>
        <y>461.48</y>
      </pt>
      <pt>
        <x>524.40</x>
        <y>684.64</y>
      </pt>
      <pt>
        <x>470.18</x>
        <y>682.12</y>
      </pt>
      <username></username>
    </polygon>
    <attributes></attributes>
  </object>
  <object>
    <name>lane</name>
    <deleted>0</deleted>
    <verified>0</verified>
    <occluded>no</occluded>
    <date></date>
    <id>3</id>
    <parts>
      <hasparts></hasparts>
      <ispartof></ispartof>
    </parts>
    <polygon>
      <pt>
        <x>444.86</x>
        <y>1199.33</y>
      </pt>
      <pt>
        <x>540.72</x>
        <y>1199.32</y>
      </pt>
      <pt>
        <x>555.97</x>
        <y>1911.74</y>
      </pt>
      <pt>
        <x>427.43</x>
        <y>1916.10</y>
      </pt>
      <username></username>
    </polygon>
    <attributes></attributes>
  </object>
  <object>
    <name>lane</name>
    <deleted>0</deleted>
    <verified>0</verified>
    <occluded>no</occluded>
    <date></date>
    <id>4</id>
    <parts>
      <hasparts></hasparts>
      <ispartof></ispartof>
    </parts>
    <type>bounding_box</type>
    <polygon>
      <pt>
        <x>492.96</x>
        <y>0.00</y>
      </pt>
      <pt>
        <x>504.21</x>
        <y>0.00</y>
      </pt>
      <pt>
        <x>504.21</x>
        <y>8.57</y>
      </pt>
      <pt>
        <x>492.96</x>
        <y>8.57</y>
      </pt>
      <username></username>
    </polygon>
    <attributes>rotation=0.0</attributes>
  </object>
  <object>
    <name>lane</name>
    <deleted>0</deleted>
    <verified>0</verified>
    <occluded>no</occluded>
    <date></date>
    <id>5</id>
    <parts>
      <hasparts></hasparts>
      <ispartof></ispartof>
    </parts>
    <type>bounding_box</type>
    <polygon>
      <pt>
        <x>492.63</x>
        <y>23.04</y>
      </pt>
      <pt>
        <x>503.57</x>
        <y>23.04</y>
      </pt>
      <pt>
        <x>503.57</x>
        <y>41.37</y>
      </pt>
      <pt>
        <x>492.63</x>
        <y>41.37</y>
      </pt>
      <username></username>
    </polygon>
    <attributes>rotation=0.0</attributes>
  </object>
  <object>
    <name>lane</name>
    <deleted>0</deleted>
    <verified>0</verified>
    <occluded>no</occluded>
    <date></date>
    <id>6</id>
    <parts>
      <hasparts></hasparts>
      <ispartof></ispartof>
    </parts>
    <type>bounding_box</type>
    <polygon>
      <pt>
        <x>489.74</x>
        <y>66.13</y>
      </pt>
      <pt>
        <x>506.14</x>
        <y>66.13</y>
      </pt>
      <pt>
        <x>506.14</x>
        <y>95.40</y>
      </pt>
      <pt>
        <x>489.74</x>
        <y>95.40</y>
      </pt>
      <username></username>
    </polygon>
    <attributes>rotation=0.0</attributes>
  </object>
</annotation>
