<annotation>
  <filename>image_205.jpg</filename>
  <folder></folder>
  <source>
    <sourceImage></sourceImage>
    <sourceAnnotation>Datumaro</sourceAnnotation>
  </source>
  <imagesize>
    <nrows>1920</nrows>
    <ncols>1080</ncols>
  </imagesize>
  <object>
    <name>lane</name>
    <deleted>0</deleted>
    <verified>0</verified>
    <occluded>no</occluded>
    <date></date>
    <id>0</id>
    <parts>
      <hasparts></hasparts>
      <ispartof></ispartof>
    </parts>
    <polygon>
      <pt>
        <x>532.48</x>
        <y>1916.10</y>
      </pt>
      <pt>
        <x>625.07</x>
        <y>1916.10</y>
      </pt>
      <pt>
        <x>612.36</x>
        <y>1402.30</y>
      </pt>
      <pt>
        <x>605.10</x>
        <y>1139.05</y>
      </pt>
      <pt>
        <x>543.37</x>
        <y>1131.79</y>
      </pt>
      <pt>
        <x>539.74</x>
        <y>1623.80</y>
      </pt>
      <username></username>
    </polygon>
    <attributes></attributes>
  </object>
  <object>
    <name>lane</name>
    <deleted>0</deleted>
    <verified>0</verified>
    <occluded>no</occluded>
    <date></date>
    <id>1</id>
    <parts>
      <hasparts></hasparts>
      <ispartof></ispartof>
    </parts>
    <polygon>
      <pt>
        <x>458.64</x>
        <y>371.11</y>
      </pt>
      <pt>
        <x>466.39</x>
        <y>369.56</y>
      </pt>
      <pt>
        <x>482.14</x>
        <y>387.38</y>
      </pt>
      <pt>
        <x>472.84</x>
        <y>387.90</y>
      </pt>
      <username></username>
    </polygon>
    <attributes></attributes>
  </object>
  <object>
    <name>lane</name>
    <deleted>0</deleted>
    <verified>0</verified>
    <occluded>no</occluded>
    <date></date>
    <id>2</id>
    <parts>
      <hasparts></hasparts>
      <ispartof></ispartof>
    </parts>
    <polygon>
      <pt>
        <x>541.69</x>
        <y>765.33</y>
      </pt>
      <pt>
        <x>571.49</x>
        <y>764.72</y>
      </pt>
      <pt>
        <x>565.41</x>
        <y>680.20</y>
      </pt>
      <pt>
        <x>553.86</x>
        <y>609.67</y>
      </pt>
      <pt>
        <x>531.97</x>
        <y>610.28</y>
      </pt>
      <pt>
        <x>540.48</x>
        <y>691.15</y>
      </pt>
      <username></username>
    </polygon>
    <attributes></attributes>
  </object>
  <object>
    <name>lane</name>
    <deleted>0</deleted>
    <verified>0</verified>
    <occluded>no</occluded>
    <date></date>
    <id>3</id>
    <parts>
      <hasparts></hasparts>
      <ispartof></ispartof>
    </parts>
    <polygon>
      <pt>
        <x>524.06</x>
        <y>526.98</y>
      </pt>
      <pt>
        <x>541.09</x>
        <y>526.37</y>
      </pt>
      <pt>
        <x>531.36</x>
        <y>492.93</y>
      </pt>
      <pt>
        <x>524.67</x>
        <y>468.61</y>
      </pt>
      <pt>
        <x>508.86</x>
        <y>466.79</y>
      </pt>
      <pt>
        <x>517.37</x>
        <y>494.15</y>
      </pt>
      <username></username>
    </polygon>
    <attributes></attributes>
  </object>
  <object>
    <name>lane</name>
    <deleted>0</deleted>
    <verified>0</verified>
    <occluded>no</occluded>
    <date></date>
    <id>4</id>
    <parts>
      <hasparts></hasparts>
      <ispartof></ispartof>
    </parts>
    <polygon>
      <pt>
        <x>485.35</x>
        <y>406.82</y>
      </pt>
      <pt>
        <x>495.17</x>
        <y>406.82</y>
      </pt>
      <pt>
        <x>513.46</x>
        <y>436.27</y>
      </pt>
      <pt>
        <x>500.52</x>
        <y>436.27</y>
      </pt>
      <username></username>
    </polygon>
    <attributes></attributes>
  </object>
</annotation>
