<annotation>
  <filename>image_1859.jpg</filename>
  <folder></folder>
  <source>
    <sourceImage></sourceImage>
    <sourceAnnotation>Datumaro</sourceAnnotation>
  </source>
  <imagesize>
    <nrows>1920</nrows>
    <ncols>1080</ncols>
  </imagesize>
  <object>
    <name>lane</name>
    <deleted>0</deleted>
    <verified>0</verified>
    <occluded>no</occluded>
    <date></date>
    <id>0</id>
    <parts>
      <hasparts></hasparts>
      <ispartof></ispartof>
    </parts>
    <polygon>
      <pt>
        <x>204.89</x>
        <y>185.81</y>
      </pt>
      <pt>
        <x>206.61</x>
        <y>185.08</y>
      </pt>
      <pt>
        <x>236.49</x>
        <y>196.35</y>
      </pt>
      <pt>
        <x>233.55</x>
        <y>197.57</y>
      </pt>
      <username></username>
    </polygon>
    <attributes></attributes>
  </object>
  <object>
    <name>lane</name>
    <deleted>0</deleted>
    <verified>0</verified>
    <occluded>no</occluded>
    <date></date>
    <id>1</id>
    <parts>
      <hasparts></hasparts>
      <ispartof></ispartof>
    </parts>
    <polygon>
      <pt>
        <x>866.55</x>
        <y>363.78</y>
      </pt>
      <pt>
        <x>878.74</x>
        <y>370.38</y>
      </pt>
      <pt>
        <x>1064.61</x>
        <y>349.56</y>
      </pt>
      <pt>
        <x>1053.44</x>
        <y>344.99</y>
      </pt>
      <username></username>
    </polygon>
    <attributes></attributes>
  </object>
  <object>
    <name>lane</name>
    <deleted>0</deleted>
    <verified>0</verified>
    <occluded>no</occluded>
    <date></date>
    <id>2</id>
    <parts>
      <hasparts></hasparts>
      <ispartof></ispartof>
    </parts>
    <polygon>
      <pt>
        <x>150.52</x>
        <y>167.20</y>
      </pt>
      <pt>
        <x>155.67</x>
        <y>167.45</y>
      </pt>
      <pt>
        <x>180.89</x>
        <y>176.75</y>
      </pt>
      <pt>
        <x>177.95</x>
        <y>177.73</y>
      </pt>
      <username></username>
    </polygon>
    <attributes></attributes>
  </object>
  <object>
    <name>lane</name>
    <deleted>0</deleted>
    <verified>0</verified>
    <occluded>no</occluded>
    <date></date>
    <id>3</id>
    <parts>
      <hasparts></hasparts>
      <ispartof></ispartof>
    </parts>
    <polygon>
      <pt>
        <x>467.08</x>
        <y>717.62</y>
      </pt>
      <pt>
        <x>504.12</x>
        <y>719.80</y>
      </pt>
      <pt>
        <x>556.41</x>
        <y>1264.47</y>
      </pt>
      <pt>
        <x>493.22</x>
        <y>1279.72</y>
      </pt>
      <pt>
        <x>488.87</x>
        <y>1166.43</y>
      </pt>
      <pt>
        <x>480.15</x>
        <y>1026.99</y>
      </pt>
      <username></username>
    </polygon>
    <attributes></attributes>
  </object>
  <object>
    <name>lane</name>
    <deleted>0</deleted>
    <verified>0</verified>
    <occluded>no</occluded>
    <date></date>
    <id>4</id>
    <parts>
      <hasparts></hasparts>
      <ispartof></ispartof>
    </parts>
    <polygon>
      <pt>
        <x>502.01</x>
        <y>506.61</y>
      </pt>
      <pt>
        <x>577.60</x>
        <y>441.20</y>
      </pt>
      <pt>
        <x>666.30</x>
        <y>401.50</y>
      </pt>
      <pt>
        <x>678.10</x>
        <y>406.10</y>
      </pt>
      <pt>
        <x>591.10</x>
        <y>449.20</y>
      </pt>
      <pt>
        <x>526.90</x>
        <y>508.70</y>
      </pt>
      <username></username>
    </polygon>
    <attributes></attributes>
  </object>
  <object>
    <name>lane</name>
    <deleted>0</deleted>
    <verified>0</verified>
    <occluded>no</occluded>
    <date></date>
    <id>5</id>
    <parts>
      <hasparts></hasparts>
      <ispartof></ispartof>
    </parts>
    <polygon>
      <pt>
        <x>356.74</x>
        <y>298.47</y>
      </pt>
      <pt>
        <x>385.39</x>
        <y>340.60</y>
      </pt>
      <pt>
        <x>401.07</x>
        <y>343.05</y>
      </pt>
      <pt>
        <x>370.45</x>
        <y>297.74</y>
      </pt>
      <username></username>
    </polygon>
    <attributes></attributes>
  </object>
  <object>
    <name>lane</name>
    <deleted>0</deleted>
    <verified>0</verified>
    <occluded>no</occluded>
    <date></date>
    <id>6</id>
    <parts>
      <hasparts></hasparts>
      <ispartof></ispartof>
    </parts>
    <polygon>
      <pt>
        <x>303.84</x>
        <y>241.90</y>
      </pt>
      <pt>
        <x>309.96</x>
        <y>238.96</y>
      </pt>
      <pt>
        <x>340.57</x>
        <y>265.41</y>
      </pt>
      <pt>
        <x>332.74</x>
        <y>266.39</y>
      </pt>
      <username></username>
    </polygon>
    <attributes></attributes>
  </object>
  <object>
    <name>lane</name>
    <deleted>0</deleted>
    <verified>0</verified>
    <occluded>no</occluded>
    <date></date>
    <id>7</id>
    <parts>
      <hasparts></hasparts>
      <ispartof></ispartof>
    </parts>
    <polygon>
      <pt>
        <x>256.08</x>
        <y>209.08</y>
      </pt>
      <pt>
        <x>258.53</x>
        <y>207.86</y>
      </pt>
      <pt>
        <x>283.75</x>
        <y>221.82</y>
      </pt>
      <pt>
        <x>276.90</x>
        <y>222.06</y>
      </pt>
      <username></username>
    </polygon>
    <attributes></attributes>
  </object>
  <object>
    <name>lane</name>
    <deleted>0</deleted>
    <verified>0</verified>
    <occluded>no</occluded>
    <date></date>
    <id>8</id>
    <parts>
      <hasparts></hasparts>
      <ispartof></ispartof>
    </parts>
    <polygon>
      <pt>
        <x>439.55</x>
        <y>511.24</y>
      </pt>
      <pt>
        <x>467.78</x>
        <y>510.38</y>
      </pt>
      <pt>
        <x>454.10</x>
        <y>458.20</y>
      </pt>
      <pt>
        <x>436.13</x>
        <y>402.60</y>
      </pt>
      <pt>
        <x>413.04</x>
        <y>403.45</y>
      </pt>
      <pt>
        <x>430.14</x>
        <y>464.19</y>
      </pt>
      <username></username>
    </polygon>
    <attributes></attributes>
  </object>
</annotation>
