<annotation>
  <filename>image_2805.jpg</filename>
  <folder></folder>
  <source>
    <sourceImage></sourceImage>
    <sourceAnnotation>Datumaro</sourceAnnotation>
  </source>
  <imagesize>
    <nrows>1920</nrows>
    <ncols>1080</ncols>
  </imagesize>
  <object>
    <name>lane</name>
    <deleted>0</deleted>
    <verified>0</verified>
    <occluded>no</occluded>
    <date></date>
    <id>0</id>
    <parts>
      <hasparts></hasparts>
      <ispartof></ispartof>
    </parts>
    <type>bounding_box</type>
    <polygon>
      <pt>
        <x>474.26</x>
        <y>176.51</y>
      </pt>
      <pt>
        <x>478.44</x>
        <y>176.51</y>
      </pt>
      <pt>
        <x>478.44</x>
        <y>181.55</y>
      </pt>
      <pt>
        <x>474.26</x>
        <y>181.55</y>
      </pt>
      <username></username>
    </polygon>
    <attributes>rotation=0.0</attributes>
  </object>
  <object>
    <name>lane</name>
    <deleted>0</deleted>
    <verified>0</verified>
    <occluded>no</occluded>
    <date></date>
    <id>1</id>
    <parts>
      <hasparts></hasparts>
      <ispartof></ispartof>
    </parts>
    <type>bounding_box</type>
    <polygon>
      <pt>
        <x>473.40</x>
        <y>185.00</y>
      </pt>
      <pt>
        <x>480.04</x>
        <y>185.00</y>
      </pt>
      <pt>
        <x>480.04</x>
        <y>192.25</y>
      </pt>
      <pt>
        <x>473.40</x>
        <y>192.25</y>
      </pt>
      <username></username>
    </polygon>
    <attributes>rotation=0.0</attributes>
  </object>
  <object>
    <name>lane</name>
    <deleted>0</deleted>
    <verified>0</verified>
    <occluded>no</occluded>
    <date></date>
    <id>2</id>
    <parts>
      <hasparts></hasparts>
      <ispartof></ispartof>
    </parts>
    <type>bounding_box</type>
    <polygon>
      <pt>
        <x>473.25</x>
        <y>156.64</y>
      </pt>
      <pt>
        <x>475.85</x>
        <y>156.64</y>
      </pt>
      <pt>
        <x>475.85</x>
        <y>159.95</y>
      </pt>
      <pt>
        <x>473.25</x>
        <y>159.95</y>
      </pt>
      <username></username>
    </polygon>
    <attributes>rotation=0.0</attributes>
  </object>
  <object>
    <name>lane</name>
    <deleted>0</deleted>
    <verified>0</verified>
    <occluded>no</occluded>
    <date></date>
    <id>3</id>
    <parts>
      <hasparts></hasparts>
      <ispartof></ispartof>
    </parts>
    <type>bounding_box</type>
    <polygon>
      <pt>
        <x>473.54</x>
        <y>162.83</y>
      </pt>
      <pt>
        <x>477.29</x>
        <y>162.83</y>
      </pt>
      <pt>
        <x>477.29</x>
        <y>166.58</y>
      </pt>
      <pt>
        <x>473.54</x>
        <y>166.58</y>
      </pt>
      <username></username>
    </polygon>
    <attributes>rotation=0.0</attributes>
  </object>
  <object>
    <name>lane</name>
    <deleted>0</deleted>
    <verified>0</verified>
    <occluded>no</occluded>
    <date></date>
    <id>4</id>
    <parts>
      <hasparts></hasparts>
      <ispartof></ispartof>
    </parts>
    <type>bounding_box</type>
    <polygon>
      <pt>
        <x>473.97</x>
        <y>169.03</y>
      </pt>
      <pt>
        <x>478.44</x>
        <y>169.03</y>
      </pt>
      <pt>
        <x>478.44</x>
        <y>172.34</y>
      </pt>
      <pt>
        <x>473.97</x>
        <y>172.34</y>
      </pt>
      <username></username>
    </polygon>
    <attributes>rotation=0.0</attributes>
  </object>
  <object>
    <name>lane</name>
    <deleted>0</deleted>
    <verified>0</verified>
    <occluded>no</occluded>
    <date></date>
    <id>5</id>
    <parts>
      <hasparts></hasparts>
      <ispartof></ispartof>
    </parts>
    <type>bounding_box</type>
    <polygon>
      <pt>
        <x>470.92</x>
        <y>338.68</y>
      </pt>
      <pt>
        <x>489.16</x>
        <y>338.68</y>
      </pt>
      <pt>
        <x>489.16</x>
        <y>392.39</y>
      </pt>
      <pt>
        <x>470.92</x>
        <y>392.39</y>
      </pt>
      <username></username>
    </polygon>
    <attributes>rotation=0.0</attributes>
  </object>
  <object>
    <name>lane</name>
    <deleted>0</deleted>
    <verified>0</verified>
    <occluded>no</occluded>
    <date></date>
    <id>6</id>
    <parts>
      <hasparts></hasparts>
      <ispartof></ispartof>
    </parts>
    <polygon>
      <pt>
        <x>464.61</x>
        <y>971.34</y>
      </pt>
      <pt>
        <x>517.32</x>
        <y>975.11</y>
      </pt>
      <pt>
        <x>566.06</x>
        <y>1920.00</y>
      </pt>
      <pt>
        <x>449.61</x>
        <y>1920.00</y>
      </pt>
      <username></username>
    </polygon>
    <attributes></attributes>
  </object>
  <object>
    <name>lane</name>
    <deleted>0</deleted>
    <verified>0</verified>
    <occluded>no</occluded>
    <date></date>
    <id>7</id>
    <parts>
      <hasparts></hasparts>
      <ispartof></ispartof>
    </parts>
    <type>bounding_box</type>
    <polygon>
      <pt>
        <x>473.46</x>
        <y>196.81</y>
      </pt>
      <pt>
        <x>480.04</x>
        <y>196.81</y>
      </pt>
      <pt>
        <x>480.04</x>
        <y>204.91</y>
      </pt>
      <pt>
        <x>473.46</x>
        <y>204.91</y>
      </pt>
      <username></username>
    </polygon>
    <attributes>rotation=0.0</attributes>
  </object>
  <object>
    <name>lane</name>
    <deleted>0</deleted>
    <verified>0</verified>
    <occluded>no</occluded>
    <date></date>
    <id>8</id>
    <parts>
      <hasparts></hasparts>
      <ispartof></ispartof>
    </parts>
    <type>bounding_box</type>
    <polygon>
      <pt>
        <x>472.95</x>
        <y>213.02</y>
      </pt>
      <pt>
        <x>480.04</x>
        <y>213.02</y>
      </pt>
      <pt>
        <x>480.04</x>
        <y>225.69</y>
      </pt>
      <pt>
        <x>472.95</x>
        <y>225.69</y>
      </pt>
      <username></username>
    </polygon>
    <attributes>rotation=0.0</attributes>
  </object>
  <object>
    <name>lane</name>
    <deleted>0</deleted>
    <verified>0</verified>
    <occluded>no</occluded>
    <date></date>
    <id>9</id>
    <parts>
      <hasparts></hasparts>
      <ispartof></ispartof>
    </parts>
    <type>bounding_box</type>
    <polygon>
      <pt>
        <x>471.94</x>
        <y>238.86</y>
      </pt>
      <pt>
        <x>481.56</x>
        <y>238.86</y>
      </pt>
      <pt>
        <x>481.56</x>
        <y>259.13</y>
      </pt>
      <pt>
        <x>471.94</x>
        <y>259.13</y>
      </pt>
      <username></username>
    </polygon>
    <attributes>rotation=0.0</attributes>
  </object>
  <object>
    <name>lane</name>
    <deleted>0</deleted>
    <verified>0</verified>
    <occluded>no</occluded>
    <date></date>
    <id>10</id>
    <parts>
      <hasparts></hasparts>
      <ispartof></ispartof>
    </parts>
    <type>bounding_box</type>
    <polygon>
      <pt>
        <x>472.95</x>
        <y>276.36</y>
      </pt>
      <pt>
        <x>485.11</x>
        <y>276.36</y>
      </pt>
      <pt>
        <x>485.11</x>
        <y>308.28</y>
      </pt>
      <pt>
        <x>472.95</x>
        <y>308.28</y>
      </pt>
      <username></username>
    </polygon>
    <attributes>rotation=0.0</attributes>
  </object>
  <object>
    <name>lane</name>
    <deleted>0</deleted>
    <verified>0</verified>
    <occluded>no</occluded>
    <date></date>
    <id>11</id>
    <parts>
      <hasparts></hasparts>
      <ispartof></ispartof>
    </parts>
    <type>bounding_box</type>
    <polygon>
      <pt>
        <x>470.92</x>
        <y>470.92</y>
      </pt>
      <pt>
        <x>498.79</x>
        <y>470.92</y>
      </pt>
      <pt>
        <x>498.79</x>
        <y>619.89</y>
      </pt>
      <pt>
        <x>470.92</x>
        <y>619.89</y>
      </pt>
      <username></username>
    </polygon>
    <attributes>rotation=0.0</attributes>
  </object>
</annotation>
