<annotation>
  <filename>image_2041.jpg</filename>
  <folder></folder>
  <source>
    <sourceImage></sourceImage>
    <sourceAnnotation>Datumaro</sourceAnnotation>
  </source>
  <imagesize>
    <nrows>1920</nrows>
    <ncols>1080</ncols>
  </imagesize>
  <object>
    <name>lane</name>
    <deleted>0</deleted>
    <verified>0</verified>
    <occluded>no</occluded>
    <date></date>
    <id>0</id>
    <parts>
      <hasparts></hasparts>
      <ispartof></ispartof>
    </parts>
    <polygon>
      <pt>
        <x>587.16</x>
        <y>317.88</y>
      </pt>
      <pt>
        <x>591.65</x>
        <y>319.79</y>
      </pt>
      <pt>
        <x>614.98</x>
        <y>314.60</y>
      </pt>
      <pt>
        <x>612.04</x>
        <y>313.74</y>
      </pt>
      <username></username>
    </polygon>
    <attributes></attributes>
  </object>
  <object>
    <name>lane</name>
    <deleted>0</deleted>
    <verified>0</verified>
    <occluded>no</occluded>
    <date></date>
    <id>1</id>
    <parts>
      <hasparts></hasparts>
      <ispartof></ispartof>
    </parts>
    <polygon>
      <pt>
        <x>629.39</x>
        <y>308.32</y>
      </pt>
      <pt>
        <x>632.79</x>
        <y>310.12</y>
      </pt>
      <pt>
        <x>653.59</x>
        <y>304.52</y>
      </pt>
      <pt>
        <x>650.39</x>
        <y>304.02</y>
      </pt>
      <username></username>
    </polygon>
    <attributes></attributes>
  </object>
  <object>
    <name>lane</name>
    <deleted>0</deleted>
    <verified>0</verified>
    <occluded>no</occluded>
    <date></date>
    <id>2</id>
    <parts>
      <hasparts></hasparts>
      <ispartof></ispartof>
    </parts>
    <polygon>
      <pt>
        <x>703.39</x>
        <y>294.02</y>
      </pt>
      <pt>
        <x>705.39</x>
        <y>295.02</y>
      </pt>
      <pt>
        <x>723.29</x>
        <y>293.32</y>
      </pt>
      <pt>
        <x>718.79</x>
        <y>293.12</y>
      </pt>
      <username></username>
    </polygon>
    <attributes></attributes>
  </object>
  <object>
    <name>lane</name>
    <deleted>0</deleted>
    <verified>0</verified>
    <occluded>no</occluded>
    <date></date>
    <id>3</id>
    <parts>
      <hasparts></hasparts>
      <ispartof></ispartof>
    </parts>
    <polygon>
      <pt>
        <x>666.79</x>
        <y>300.12</y>
      </pt>
      <pt>
        <x>670.09</x>
        <y>300.92</y>
      </pt>
      <pt>
        <x>687.39</x>
        <y>298.32</y>
      </pt>
      <pt>
        <x>682.99</x>
        <y>297.02</y>
      </pt>
      <username></username>
    </polygon>
    <attributes></attributes>
  </object>
  <object>
    <name>lane</name>
    <deleted>0</deleted>
    <verified>0</verified>
    <occluded>no</occluded>
    <date></date>
    <id>4</id>
    <parts>
      <hasparts></hasparts>
      <ispartof></ispartof>
    </parts>
    <polygon>
      <pt>
        <x>739.09</x>
        <y>290.22</y>
      </pt>
      <pt>
        <x>741.99</x>
        <y>291.52</y>
      </pt>
      <pt>
        <x>758.99</x>
        <y>289.42</y>
      </pt>
      <pt>
        <x>755.89</x>
        <y>288.82</y>
      </pt>
      <username></username>
    </polygon>
    <attributes></attributes>
  </object>
  <object>
    <name>lane</name>
    <deleted>0</deleted>
    <verified>0</verified>
    <occluded>no</occluded>
    <date></date>
    <id>5</id>
    <parts>
      <hasparts></hasparts>
      <ispartof></ispartof>
    </parts>
    <polygon>
      <pt>
        <x>339.90</x>
        <y>344.18</y>
      </pt>
      <pt>
        <x>342.48</x>
        <y>345.47</y>
      </pt>
      <pt>
        <x>466.93</x>
        <y>337.73</y>
      </pt>
      <pt>
        <x>460.73</x>
        <y>336.44</y>
      </pt>
      <username></username>
    </polygon>
    <attributes></attributes>
  </object>
  <object>
    <name>lane</name>
    <deleted>0</deleted>
    <verified>0</verified>
    <occluded>no</occluded>
    <date></date>
    <id>6</id>
    <parts>
      <hasparts></hasparts>
      <ispartof></ispartof>
    </parts>
    <polygon>
      <pt>
        <x>511.10</x>
        <y>331.30</y>
      </pt>
      <pt>
        <x>513.92</x>
        <y>333.08</y>
      </pt>
      <pt>
        <x>558.85</x>
        <y>324.56</y>
      </pt>
      <pt>
        <x>554.20</x>
        <y>324.56</y>
      </pt>
      <username></username>
    </polygon>
    <attributes></attributes>
  </object>
  <object>
    <name>lane</name>
    <deleted>0</deleted>
    <verified>0</verified>
    <occluded>no</occluded>
    <date></date>
    <id>7</id>
    <parts>
      <hasparts></hasparts>
      <ispartof></ispartof>
    </parts>
    <polygon>
      <pt>
        <x>550.07</x>
        <y>334.63</y>
      </pt>
      <pt>
        <x>565.00</x>
        <y>325.30</y>
      </pt>
      <pt>
        <x>573.10</x>
        <y>326.40</y>
      </pt>
      <pt>
        <x>557.30</x>
        <y>335.14</y>
      </pt>
      <username></username>
    </polygon>
    <attributes></attributes>
  </object>
  <object>
    <name>lane</name>
    <deleted>0</deleted>
    <verified>0</verified>
    <occluded>no</occluded>
    <date></date>
    <id>8</id>
    <parts>
      <hasparts></hasparts>
      <ispartof></ispartof>
    </parts>
    <polygon>
      <pt>
        <x>525.03</x>
        <y>359.42</y>
      </pt>
      <pt>
        <x>537.16</x>
        <y>344.96</y>
      </pt>
      <pt>
        <x>546.97</x>
        <y>345.73</y>
      </pt>
      <pt>
        <x>533.29</x>
        <y>360.71</y>
      </pt>
      <username></username>
    </polygon>
    <attributes></attributes>
  </object>
  <object>
    <name>lane</name>
    <deleted>0</deleted>
    <verified>0</verified>
    <occluded>no</occluded>
    <date></date>
    <id>9</id>
    <parts>
      <hasparts></hasparts>
      <ispartof></ispartof>
    </parts>
    <polygon>
      <pt>
        <x>14.04</x>
        <y>355.67</y>
      </pt>
      <pt>
        <x>14.30</x>
        <y>358.25</y>
      </pt>
      <pt>
        <x>195.56</x>
        <y>354.64</y>
      </pt>
      <pt>
        <x>188.33</x>
        <y>352.83</y>
      </pt>
      <username></username>
    </polygon>
    <attributes></attributes>
  </object>
  <object>
    <name>lane</name>
    <deleted>0</deleted>
    <verified>0</verified>
    <occluded>no</occluded>
    <date></date>
    <id>10</id>
    <parts>
      <hasparts></hasparts>
      <ispartof></ispartof>
    </parts>
    <polygon>
      <pt>
        <x>506.07</x>
        <y>398.86</y>
      </pt>
      <pt>
        <x>512.05</x>
        <y>385.84</y>
      </pt>
      <pt>
        <x>514.87</x>
        <y>376.69</y>
      </pt>
      <pt>
        <x>525.77</x>
        <y>377.04</y>
      </pt>
      <pt>
        <x>521.55</x>
        <y>388.65</y>
      </pt>
      <pt>
        <x>515.92</x>
        <y>399.56</y>
      </pt>
      <username></username>
    </polygon>
    <attributes></attributes>
  </object>
  <object>
    <name>lane</name>
    <deleted>0</deleted>
    <verified>0</verified>
    <occluded>no</occluded>
    <date></date>
    <id>11</id>
    <parts>
      <hasparts></hasparts>
      <ispartof></ispartof>
    </parts>
    <polygon>
      <pt>
        <x>490.24</x>
        <y>475.21</y>
      </pt>
      <pt>
        <x>495.86</x>
        <y>446.71</y>
      </pt>
      <pt>
        <x>497.27</x>
        <y>428.76</y>
      </pt>
      <pt>
        <x>510.64</x>
        <y>428.41</y>
      </pt>
      <pt>
        <x>508.88</x>
        <y>444.60</y>
      </pt>
      <pt>
        <x>505.01</x>
        <y>472.75</y>
      </pt>
      <username></username>
    </polygon>
    <attributes></attributes>
  </object>
  <object>
    <name>lane</name>
    <deleted>0</deleted>
    <verified>0</verified>
    <occluded>no</occluded>
    <date></date>
    <id>12</id>
    <parts>
      <hasparts></hasparts>
      <ispartof></ispartof>
    </parts>
    <polygon>
      <pt>
        <x>477.32</x>
        <y>650.91</y>
      </pt>
      <pt>
        <x>502.65</x>
        <y>647.87</y>
      </pt>
      <pt>
        <x>504.17</x>
        <y>594.16</y>
      </pt>
      <pt>
        <x>504.17</x>
        <y>538.42</y>
      </pt>
      <pt>
        <x>483.40</x>
        <y>537.92</y>
      </pt>
      <pt>
        <x>480.86</x>
        <y>596.18</y>
      </pt>
      <username></username>
    </polygon>
    <attributes></attributes>
  </object>
  <object>
    <name>lane</name>
    <deleted>0</deleted>
    <verified>0</verified>
    <occluded>no</occluded>
    <date></date>
    <id>13</id>
    <parts>
      <hasparts></hasparts>
      <ispartof></ispartof>
    </parts>
    <polygon>
      <pt>
        <x>493.80</x>
        <y>1592.39</y>
      </pt>
      <pt>
        <x>577.32</x>
        <y>1583.31</y>
      </pt>
      <pt>
        <x>542.82</x>
        <y>1167.55</y>
      </pt>
      <pt>
        <x>515.59</x>
        <y>873.43</y>
      </pt>
      <pt>
        <x>472.02</x>
        <y>873.43</y>
      </pt>
      <pt>
        <x>486.54</x>
        <y>1256.51</y>
      </pt>
      <username></username>
    </polygon>
    <attributes></attributes>
  </object>
  <object>
    <name>lane</name>
    <deleted>0</deleted>
    <verified>0</verified>
    <occluded>no</occluded>
    <date></date>
    <id>14</id>
    <parts>
      <hasparts></hasparts>
      <ispartof></ispartof>
    </parts>
    <polygon>
      <pt>
        <x>350.38</x>
        <y>1171.18</y>
      </pt>
      <pt>
        <x>412.11</x>
        <y>1158.47</y>
      </pt>
      <pt>
        <x>299.54</x>
        <y>909.75</y>
      </pt>
      <pt>
        <x>214.21</x>
        <y>777.21</y>
      </pt>
      <pt>
        <x>165.19</x>
        <y>777.21</y>
      </pt>
      <pt>
        <x>263.23</x>
        <y>944.24</y>
      </pt>
      <username></username>
    </polygon>
    <attributes></attributes>
  </object>
</annotation>
