<annotation>
  <filename>image_2122.jpg</filename>
  <folder></folder>
  <source>
    <sourceImage></sourceImage>
    <sourceAnnotation>Datumaro</sourceAnnotation>
  </source>
  <imagesize>
    <nrows>1920</nrows>
    <ncols>1080</ncols>
  </imagesize>
  <object>
    <name>lane</name>
    <deleted>0</deleted>
    <verified>0</verified>
    <occluded>no</occluded>
    <date></date>
    <id>0</id>
    <parts>
      <hasparts></hasparts>
      <ispartof></ispartof>
    </parts>
    <polygon>
      <pt>
        <x>548.01</x>
        <y>757.79</y>
      </pt>
      <pt>
        <x>555.76</x>
        <y>758.02</y>
      </pt>
      <pt>
        <x>572.39</x>
        <y>750.50</y>
      </pt>
      <pt>
        <x>565.78</x>
        <y>750.27</y>
      </pt>
      <username></username>
    </polygon>
    <attributes></attributes>
  </object>
  <object>
    <name>lane</name>
    <deleted>0</deleted>
    <verified>0</verified>
    <occluded>no</occluded>
    <date></date>
    <id>1</id>
    <parts>
      <hasparts></hasparts>
      <ispartof></ispartof>
    </parts>
    <polygon>
      <pt>
        <x>512.25</x>
        <y>779.89</y>
      </pt>
      <pt>
        <x>520.68</x>
        <y>780.12</y>
      </pt>
      <pt>
        <x>539.81</x>
        <y>767.36</y>
      </pt>
      <pt>
        <x>532.07</x>
        <y>767.36</y>
      </pt>
      <username></username>
    </polygon>
    <attributes></attributes>
  </object>
  <object>
    <name>lane</name>
    <deleted>0</deleted>
    <verified>0</verified>
    <occluded>no</occluded>
    <date></date>
    <id>2</id>
    <parts>
      <hasparts></hasparts>
      <ispartof></ispartof>
    </parts>
    <polygon>
      <pt>
        <x>388.89</x>
        <y>1525.03</y>
      </pt>
      <pt>
        <x>377.17</x>
        <y>1920.00</y>
      </pt>
      <pt>
        <x>475.16</x>
        <y>1920.00</y>
      </pt>
      <pt>
        <x>454.90</x>
        <y>1531.80</y>
      </pt>
      <username></username>
    </polygon>
    <attributes></attributes>
  </object>
  <object>
    <name>lane</name>
    <deleted>0</deleted>
    <verified>0</verified>
    <occluded>no</occluded>
    <date></date>
    <id>3</id>
    <parts>
      <hasparts></hasparts>
      <ispartof></ispartof>
    </parts>
    <polygon>
      <pt>
        <x>420.17</x>
        <y>967.02</y>
      </pt>
      <pt>
        <x>411.19</x>
        <y>1054.36</y>
      </pt>
      <pt>
        <x>409.56</x>
        <y>1113.14</y>
      </pt>
      <pt>
        <x>438.13</x>
        <y>1110.69</y>
      </pt>
      <pt>
        <x>437.31</x>
        <y>1046.20</y>
      </pt>
      <pt>
        <x>444.66</x>
        <y>965.39</y>
      </pt>
      <username></username>
    </polygon>
    <attributes></attributes>
  </object>
  <object>
    <name>lane</name>
    <deleted>0</deleted>
    <verified>0</verified>
    <occluded>no</occluded>
    <date></date>
    <id>4</id>
    <parts>
      <hasparts></hasparts>
      <ispartof></ispartof>
    </parts>
    <polygon>
      <pt>
        <x>458.85</x>
        <y>844.78</y>
      </pt>
      <pt>
        <x>472.96</x>
        <y>846.09</y>
      </pt>
      <pt>
        <x>456.23</x>
        <y>892.68</y>
      </pt>
      <pt>
        <x>437.53</x>
        <y>891.04</y>
      </pt>
      <username></username>
    </polygon>
    <attributes></attributes>
  </object>
  <object>
    <name>lane</name>
    <deleted>0</deleted>
    <verified>0</verified>
    <occluded>no</occluded>
    <date></date>
    <id>5</id>
    <parts>
      <hasparts></hasparts>
      <ispartof></ispartof>
    </parts>
    <polygon>
      <pt>
        <x>495.62</x>
        <y>793.78</y>
      </pt>
      <pt>
        <x>506.55</x>
        <y>794.24</y>
      </pt>
      <pt>
        <x>489.47</x>
        <y>817.02</y>
      </pt>
      <pt>
        <x>478.76</x>
        <y>816.34</y>
      </pt>
      <username></username>
    </polygon>
    <attributes></attributes>
  </object>
  <object>
    <name>lane</name>
    <deleted>0</deleted>
    <verified>0</verified>
    <occluded>no</occluded>
    <date></date>
    <id>6</id>
    <parts>
      <hasparts></hasparts>
      <ispartof></ispartof>
    </parts>
    <polygon>
      <pt>
        <x>585.43</x>
        <y>742.11</y>
      </pt>
      <pt>
        <x>589.37</x>
        <y>743.77</y>
      </pt>
      <pt>
        <x>610.93</x>
        <y>737.96</y>
      </pt>
      <pt>
        <x>607.82</x>
        <y>736.30</y>
      </pt>
      <username></username>
    </polygon>
    <attributes></attributes>
  </object>
  <object>
    <name>lane</name>
    <deleted>0</deleted>
    <verified>0</verified>
    <occluded>no</occluded>
    <date></date>
    <id>7</id>
    <parts>
      <hasparts></hasparts>
      <ispartof></ispartof>
    </parts>
    <polygon>
      <pt>
        <x>624.00</x>
        <y>730.70</y>
      </pt>
      <pt>
        <x>625.86</x>
        <y>732.36</y>
      </pt>
      <pt>
        <x>647.01</x>
        <y>728.63</y>
      </pt>
      <pt>
        <x>644.73</x>
        <y>727.59</y>
      </pt>
      <username></username>
    </polygon>
    <attributes></attributes>
  </object>
  <object>
    <name>lane</name>
    <deleted>0</deleted>
    <verified>0</verified>
    <occluded>no</occluded>
    <date></date>
    <id>8</id>
    <parts>
      <hasparts></hasparts>
      <ispartof></ispartof>
    </parts>
    <polygon>
      <pt>
        <x>664.22</x>
        <y>723.24</y>
      </pt>
      <pt>
        <x>666.71</x>
        <y>724.48</y>
      </pt>
      <pt>
        <x>682.89</x>
        <y>721.99</y>
      </pt>
      <pt>
        <x>680.40</x>
        <y>720.75</y>
      </pt>
      <username></username>
    </polygon>
    <attributes></attributes>
  </object>
</annotation>
