<annotation>
  <filename>image_887.jpg</filename>
  <folder></folder>
  <source>
    <sourceImage></sourceImage>
    <sourceAnnotation>Datumaro</sourceAnnotation>
  </source>
  <imagesize>
    <nrows>1920</nrows>
    <ncols>1080</ncols>
  </imagesize>
  <object>
    <name>lane</name>
    <deleted>0</deleted>
    <verified>0</verified>
    <occluded>no</occluded>
    <date></date>
    <id>0</id>
    <parts>
      <hasparts></hasparts>
      <ispartof></ispartof>
    </parts>
    <polygon>
      <pt>
        <x>232.97</x>
        <y>486.29</y>
      </pt>
      <pt>
        <x>265.07</x>
        <y>481.19</y>
      </pt>
      <pt>
        <x>428.51</x>
        <y>595.01</y>
      </pt>
      <pt>
        <x>398.59</x>
        <y>603.03</y>
      </pt>
      <username></username>
    </polygon>
    <attributes></attributes>
  </object>
  <object>
    <name>lane</name>
    <deleted>0</deleted>
    <verified>0</verified>
    <occluded>no</occluded>
    <date></date>
    <id>1</id>
    <parts>
      <hasparts></hasparts>
      <ispartof></ispartof>
    </parts>
    <polygon>
      <pt>
        <x>508.38</x>
        <y>655.69</y>
      </pt>
      <pt>
        <x>551.46</x>
        <y>652.54</y>
      </pt>
      <pt>
        <x>581.93</x>
        <y>924.66</y>
      </pt>
      <pt>
        <x>522.04</x>
        <y>929.91</y>
      </pt>
      <username></username>
    </polygon>
    <attributes></attributes>
  </object>
  <object>
    <name>lane</name>
    <deleted>0</deleted>
    <verified>0</verified>
    <occluded>no</occluded>
    <date></date>
    <id>2</id>
    <parts>
      <hasparts></hasparts>
      <ispartof></ispartof>
    </parts>
    <polygon>
      <pt>
        <x>537.01</x>
        <y>1576.78</y>
      </pt>
      <pt>
        <x>642.32</x>
        <y>1571.33</y>
      </pt>
      <pt>
        <x>676.29</x>
        <y>1920.00</y>
      </pt>
      <pt>
        <x>551.47</x>
        <y>1920.00</y>
      </pt>
      <username></username>
    </polygon>
    <attributes></attributes>
  </object>
  <object>
    <name>lane</name>
    <deleted>0</deleted>
    <verified>0</verified>
    <occluded>no</occluded>
    <date></date>
    <id>3</id>
    <parts>
      <hasparts></hasparts>
      <ispartof></ispartof>
    </parts>
    <polygon>
      <pt>
        <x>0.00</x>
        <y>349.58</y>
      </pt>
      <pt>
        <x>19.53</x>
        <y>344.46</y>
      </pt>
      <pt>
        <x>126.44</x>
        <y>400.20</y>
      </pt>
      <pt>
        <x>101.61</x>
        <y>401.72</y>
      </pt>
      <pt>
        <x>0.00</x>
        <y>350.91</y>
      </pt>
      <username></username>
    </polygon>
    <attributes></attributes>
  </object>
  <object>
    <name>lane</name>
    <deleted>0</deleted>
    <verified>0</verified>
    <occluded>no</occluded>
    <date></date>
    <id>4</id>
    <parts>
      <hasparts></hasparts>
      <ispartof></ispartof>
    </parts>
    <polygon>
      <pt>
        <x>594.61</x>
        <y>167.53</y>
      </pt>
      <pt>
        <x>665.57</x>
        <y>147.60</y>
      </pt>
      <pt>
        <x>678.18</x>
        <y>148.77</y>
      </pt>
      <pt>
        <x>604.87</x>
        <y>169.29</y>
      </pt>
      <username></username>
    </polygon>
    <attributes></attributes>
  </object>
  <object>
    <name>lane</name>
    <deleted>0</deleted>
    <verified>0</verified>
    <occluded>no</occluded>
    <date></date>
    <id>5</id>
    <parts>
      <hasparts></hasparts>
      <ispartof></ispartof>
    </parts>
    <polygon>
      <pt>
        <x>527.46</x>
        <y>210.64</y>
      </pt>
      <pt>
        <x>547.99</x>
        <y>186.30</y>
      </pt>
      <pt>
        <x>561.48</x>
        <y>187.77</y>
      </pt>
      <pt>
        <x>538.02</x>
        <y>212.40</y>
      </pt>
      <username></username>
    </polygon>
    <attributes></attributes>
  </object>
  <object>
    <name>lane</name>
    <deleted>0</deleted>
    <verified>0</verified>
    <occluded>no</occluded>
    <date></date>
    <id>6</id>
    <parts>
      <hasparts></hasparts>
      <ispartof></ispartof>
    </parts>
    <polygon>
      <pt>
        <x>513.09</x>
        <y>239.37</y>
      </pt>
      <pt>
        <x>530.39</x>
        <y>237.32</y>
      </pt>
      <pt>
        <x>521.01</x>
        <y>269.57</y>
      </pt>
      <pt>
        <x>502.83</x>
        <y>267.52</y>
      </pt>
      <username></username>
    </polygon>
    <attributes></attributes>
  </object>
  <object>
    <name>lane</name>
    <deleted>0</deleted>
    <verified>0</verified>
    <occluded>no</occluded>
    <date></date>
    <id>7</id>
    <parts>
      <hasparts></hasparts>
      <ispartof></ispartof>
    </parts>
    <polygon>
      <pt>
        <x>501.47</x>
        <y>414.06</y>
      </pt>
      <pt>
        <x>530.65</x>
        <y>414.79</y>
      </pt>
      <pt>
        <x>532.84</x>
        <y>505.26</y>
      </pt>
      <pt>
        <x>500.74</x>
        <y>507.45</y>
      </pt>
      <username></username>
    </polygon>
    <attributes></attributes>
  </object>
</annotation>
