<annotation>
  <filename>image_762.jpg</filename>
  <folder></folder>
  <source>
    <sourceImage></sourceImage>
    <sourceAnnotation>Datumaro</sourceAnnotation>
  </source>
  <imagesize>
    <nrows>1920</nrows>
    <ncols>1080</ncols>
  </imagesize>
  <object>
    <name>lane</name>
    <deleted>0</deleted>
    <verified>0</verified>
    <occluded>no</occluded>
    <date></date>
    <id>0</id>
    <parts>
      <hasparts></hasparts>
      <ispartof></ispartof>
    </parts>
    <polygon>
      <pt>
        <x>473.70</x>
        <y>835.30</y>
      </pt>
      <pt>
        <x>526.67</x>
        <y>836.82</y>
      </pt>
      <pt>
        <x>558.44</x>
        <y>1133.36</y>
      </pt>
      <pt>
        <x>588.70</x>
        <y>1383.00</y>
      </pt>
      <pt>
        <x>500.90</x>
        <y>1384.50</y>
      </pt>
      <pt>
        <x>481.28</x>
        <y>1003.25</y>
      </pt>
      <username></username>
    </polygon>
    <attributes></attributes>
  </object>
  <object>
    <name>lane</name>
    <deleted>0</deleted>
    <verified>0</verified>
    <occluded>no</occluded>
    <date></date>
    <id>1</id>
    <parts>
      <hasparts></hasparts>
      <ispartof></ispartof>
    </parts>
    <polygon>
      <pt>
        <x>269.52</x>
        <y>207.62</y>
      </pt>
      <pt>
        <x>283.80</x>
        <y>221.60</y>
      </pt>
      <pt>
        <x>303.24</x>
        <y>221.11</y>
      </pt>
      <pt>
        <x>285.00</x>
        <y>204.70</y>
      </pt>
      <username></username>
    </polygon>
    <attributes></attributes>
  </object>
  <object>
    <name>lane</name>
    <deleted>0</deleted>
    <verified>0</verified>
    <occluded>no</occluded>
    <date></date>
    <id>2</id>
    <parts>
      <hasparts></hasparts>
      <ispartof></ispartof>
    </parts>
    <polygon>
      <pt>
        <x>145.40</x>
        <y>126.20</y>
      </pt>
      <pt>
        <x>180.30</x>
        <y>144.70</y>
      </pt>
      <pt>
        <x>195.20</x>
        <y>143.20</y>
      </pt>
      <pt>
        <x>158.00</x>
        <y>124.50</y>
      </pt>
      <username></username>
    </polygon>
    <attributes></attributes>
  </object>
  <object>
    <name>lane</name>
    <deleted>0</deleted>
    <verified>0</verified>
    <occluded>no</occluded>
    <date></date>
    <id>3</id>
    <parts>
      <hasparts></hasparts>
      <ispartof></ispartof>
    </parts>
    <polygon>
      <pt>
        <x>81.80</x>
        <y>96.60</y>
      </pt>
      <pt>
        <x>90.60</x>
        <y>95.10</y>
      </pt>
      <pt>
        <x>126.30</x>
        <y>111.90</y>
      </pt>
      <pt>
        <x>114.90</x>
        <y>113.60</y>
      </pt>
      <username></username>
    </polygon>
    <attributes></attributes>
  </object>
  <object>
    <name>lane</name>
    <deleted>0</deleted>
    <verified>0</verified>
    <occluded>no</occluded>
    <date></date>
    <id>4</id>
    <parts>
      <hasparts></hasparts>
      <ispartof></ispartof>
    </parts>
    <polygon>
      <pt>
        <x>207.10</x>
        <y>164.03</y>
      </pt>
      <pt>
        <x>244.20</x>
        <y>190.30</y>
      </pt>
      <pt>
        <x>262.80</x>
        <y>189.60</y>
      </pt>
      <pt>
        <x>219.50</x>
        <y>162.50</y>
      </pt>
      <username></username>
    </polygon>
    <attributes></attributes>
  </object>
  <object>
    <name>lane</name>
    <deleted>0</deleted>
    <verified>0</verified>
    <occluded>no</occluded>
    <date></date>
    <id>5</id>
    <parts>
      <hasparts></hasparts>
      <ispartof></ispartof>
    </parts>
    <polygon>
      <pt>
        <x>339.49</x>
        <y>287.34</y>
      </pt>
      <pt>
        <x>356.80</x>
        <y>316.48</y>
      </pt>
      <pt>
        <x>372.80</x>
        <y>355.30</y>
      </pt>
      <pt>
        <x>399.45</x>
        <y>355.32</y>
      </pt>
      <pt>
        <x>361.90</x>
        <y>289.00</y>
      </pt>
      <username></username>
    </polygon>
    <attributes></attributes>
  </object>
  <object>
    <name>lane</name>
    <deleted>0</deleted>
    <verified>0</verified>
    <occluded>no</occluded>
    <date></date>
    <id>6</id>
    <parts>
      <hasparts></hasparts>
      <ispartof></ispartof>
    </parts>
    <polygon>
      <pt>
        <x>546.38</x>
        <y>272.14</y>
      </pt>
      <pt>
        <x>564.54</x>
        <y>274.68</y>
      </pt>
      <pt>
        <x>622.00</x>
        <y>255.70</y>
      </pt>
      <pt>
        <x>597.50</x>
        <y>256.40</y>
      </pt>
      <username></username>
    </polygon>
    <attributes></attributes>
  </object>
  <object>
    <name>lane</name>
    <deleted>0</deleted>
    <verified>0</verified>
    <occluded>no</occluded>
    <date></date>
    <id>7</id>
    <parts>
      <hasparts></hasparts>
      <ispartof></ispartof>
    </parts>
    <polygon>
      <pt>
        <x>634.77</x>
        <y>244.73</y>
      </pt>
      <pt>
        <x>644.30</x>
        <y>249.60</y>
      </pt>
      <pt>
        <x>702.69</x>
        <y>231.29</y>
      </pt>
      <pt>
        <x>687.80</x>
        <y>229.30</y>
      </pt>
      <username></username>
    </polygon>
    <attributes></attributes>
  </object>
  <object>
    <name>lane</name>
    <deleted>0</deleted>
    <verified>0</verified>
    <occluded>no</occluded>
    <date></date>
    <id>8</id>
    <parts>
      <hasparts></hasparts>
      <ispartof></ispartof>
    </parts>
    <polygon>
      <pt>
        <x>837.16</x>
        <y>201.72</y>
      </pt>
      <pt>
        <x>854.50</x>
        <y>202.60</y>
      </pt>
      <pt>
        <x>1043.59</x>
        <y>187.36</y>
      </pt>
      <pt>
        <x>1030.39</x>
        <y>185.60</y>
      </pt>
      <username></username>
    </polygon>
    <attributes></attributes>
  </object>
  <object>
    <name>lane</name>
    <deleted>0</deleted>
    <verified>0</verified>
    <occluded>no</occluded>
    <date></date>
    <id>9</id>
    <parts>
      <hasparts></hasparts>
      <ispartof></ispartof>
    </parts>
    <polygon>
      <pt>
        <x>404.50</x>
        <y>448.50</y>
      </pt>
      <pt>
        <x>435.88</x>
        <y>590.05</y>
      </pt>
      <pt>
        <x>477.50</x>
        <y>590.10</y>
      </pt>
      <pt>
        <x>434.42</x>
        <y>449.23</y>
      </pt>
      <username></username>
    </polygon>
    <attributes></attributes>
  </object>
</annotation>
