<annotation>
  <filename>image_1198.jpg</filename>
  <folder></folder>
  <source>
    <sourceImage></sourceImage>
    <sourceAnnotation>Datumaro</sourceAnnotation>
  </source>
  <imagesize>
    <nrows>1920</nrows>
    <ncols>1080</ncols>
  </imagesize>
  <object>
    <name>lane</name>
    <deleted>0</deleted>
    <verified>0</verified>
    <occluded>no</occluded>
    <date></date>
    <id>0</id>
    <parts>
      <hasparts></hasparts>
      <ispartof></ispartof>
    </parts>
    <polygon>
      <pt>
        <x>405.05</x>
        <y>1616.92</y>
      </pt>
      <pt>
        <x>498.08</x>
        <y>1613.05</y>
      </pt>
      <pt>
        <x>499.97</x>
        <y>1920.00</y>
      </pt>
      <pt>
        <x>440.90</x>
        <y>1920.00</y>
      </pt>
      <pt>
        <x>385.67</x>
        <y>1913.45</y>
      </pt>
      <username></username>
    </polygon>
    <attributes></attributes>
  </object>
  <object>
    <name>lane</name>
    <deleted>0</deleted>
    <verified>0</verified>
    <occluded>no</occluded>
    <date></date>
    <id>1</id>
    <parts>
      <hasparts></hasparts>
      <ispartof></ispartof>
    </parts>
    <type>bounding_box</type>
    <polygon>
      <pt>
        <x>460.94</x>
        <y>421.77</y>
      </pt>
      <pt>
        <x>478.69</x>
        <y>421.77</y>
      </pt>
      <pt>
        <x>478.69</x>
        <y>452.62</y>
      </pt>
      <pt>
        <x>460.94</x>
        <y>452.62</y>
      </pt>
      <username></username>
    </polygon>
    <attributes>rotation=0.0</attributes>
  </object>
  <object>
    <name>lane</name>
    <deleted>0</deleted>
    <verified>0</verified>
    <occluded>no</occluded>
    <date></date>
    <id>2</id>
    <parts>
      <hasparts></hasparts>
      <ispartof></ispartof>
    </parts>
    <type>bounding_box</type>
    <polygon>
      <pt>
        <x>459.07</x>
        <y>483.46</y>
      </pt>
      <pt>
        <x>478.69</x>
        <y>483.46</y>
      </pt>
      <pt>
        <x>478.69</x>
        <y>531.13</y>
      </pt>
      <pt>
        <x>459.07</x>
        <y>531.13</y>
      </pt>
      <username></username>
    </polygon>
    <attributes>rotation=0.0</attributes>
  </object>
  <object>
    <name>lane</name>
    <deleted>0</deleted>
    <verified>0</verified>
    <occluded>no</occluded>
    <date></date>
    <id>3</id>
    <parts>
      <hasparts></hasparts>
      <ispartof></ispartof>
    </parts>
    <type>bounding_box</type>
    <polygon>
      <pt>
        <x>452.52</x>
        <y>584.40</y>
      </pt>
      <pt>
        <x>482.20</x>
        <y>584.40</y>
      </pt>
      <pt>
        <x>482.20</x>
        <y>678.80</y>
      </pt>
      <pt>
        <x>452.52</x>
        <y>678.80</y>
      </pt>
      <username></username>
    </polygon>
    <attributes>rotation=0.0</attributes>
  </object>
  <object>
    <name>lane</name>
    <deleted>0</deleted>
    <verified>0</verified>
    <occluded>no</occluded>
    <date></date>
    <id>4</id>
    <parts>
      <hasparts></hasparts>
      <ispartof></ispartof>
    </parts>
    <type>bounding_box</type>
    <polygon>
      <pt>
        <x>467.24</x>
        <y>283.22</y>
      </pt>
      <pt>
        <x>473.69</x>
        <y>283.22</y>
      </pt>
      <pt>
        <x>473.69</x>
        <y>288.50</y>
      </pt>
      <pt>
        <x>467.24</x>
        <y>288.50</y>
      </pt>
      <username></username>
    </polygon>
    <attributes>rotation=0.0</attributes>
  </object>
  <object>
    <name>lane</name>
    <deleted>0</deleted>
    <verified>0</verified>
    <occluded>no</occluded>
    <date></date>
    <id>5</id>
    <parts>
      <hasparts></hasparts>
      <ispartof></ispartof>
    </parts>
    <type>bounding_box</type>
    <polygon>
      <pt>
        <x>468.71</x>
        <y>292.89</y>
      </pt>
      <pt>
        <x>474.57</x>
        <y>292.89</y>
      </pt>
      <pt>
        <x>474.57</x>
        <y>298.76</y>
      </pt>
      <pt>
        <x>468.71</x>
        <y>298.76</y>
      </pt>
      <username></username>
    </polygon>
    <attributes>rotation=0.0</attributes>
  </object>
  <object>
    <name>lane</name>
    <deleted>0</deleted>
    <verified>0</verified>
    <occluded>no</occluded>
    <date></date>
    <id>6</id>
    <parts>
      <hasparts></hasparts>
      <ispartof></ispartof>
    </parts>
    <type>bounding_box</type>
    <polygon>
      <pt>
        <x>467.24</x>
        <y>302.86</y>
      </pt>
      <pt>
        <x>473.11</x>
        <y>302.86</y>
      </pt>
      <pt>
        <x>473.11</x>
        <y>309.90</y>
      </pt>
      <pt>
        <x>467.24</x>
        <y>309.90</y>
      </pt>
      <username></username>
    </polygon>
    <attributes>rotation=0.0</attributes>
  </object>
  <object>
    <name>lane</name>
    <deleted>0</deleted>
    <verified>0</verified>
    <occluded>no</occluded>
    <date></date>
    <id>7</id>
    <parts>
      <hasparts></hasparts>
      <ispartof></ispartof>
    </parts>
    <type>bounding_box</type>
    <polygon>
      <pt>
        <x>466.36</x>
        <y>315.18</y>
      </pt>
      <pt>
        <x>474.28</x>
        <y>315.18</y>
      </pt>
      <pt>
        <x>474.28</x>
        <y>324.27</y>
      </pt>
      <pt>
        <x>466.36</x>
        <y>324.27</y>
      </pt>
      <username></username>
    </polygon>
    <attributes>rotation=0.0</attributes>
  </object>
  <object>
    <name>lane</name>
    <deleted>0</deleted>
    <verified>0</verified>
    <occluded>no</occluded>
    <date></date>
    <id>8</id>
    <parts>
      <hasparts></hasparts>
      <ispartof></ispartof>
    </parts>
    <type>bounding_box</type>
    <polygon>
      <pt>
        <x>466.07</x>
        <y>332.48</y>
      </pt>
      <pt>
        <x>476.63</x>
        <y>332.48</y>
      </pt>
      <pt>
        <x>476.63</x>
        <y>343.04</y>
      </pt>
      <pt>
        <x>466.07</x>
        <y>343.04</y>
      </pt>
      <username></username>
    </polygon>
    <attributes>rotation=0.0</attributes>
  </object>
  <object>
    <name>lane</name>
    <deleted>0</deleted>
    <verified>0</verified>
    <occluded>no</occluded>
    <date></date>
    <id>9</id>
    <parts>
      <hasparts></hasparts>
      <ispartof></ispartof>
    </parts>
    <type>bounding_box</type>
    <polygon>
      <pt>
        <x>463.72</x>
        <y>355.35</y>
      </pt>
      <pt>
        <x>474.87</x>
        <y>355.35</y>
      </pt>
      <pt>
        <x>474.87</x>
        <y>367.37</y>
      </pt>
      <pt>
        <x>463.72</x>
        <y>367.37</y>
      </pt>
      <username></username>
    </polygon>
    <attributes>rotation=0.0</attributes>
  </object>
  <object>
    <name>lane</name>
    <deleted>0</deleted>
    <verified>0</verified>
    <occluded>no</occluded>
    <date></date>
    <id>10</id>
    <parts>
      <hasparts></hasparts>
      <ispartof></ispartof>
    </parts>
    <polygon>
      <pt>
        <x>444.70</x>
        <y>818.70</y>
      </pt>
      <pt>
        <x>485.60</x>
        <y>817.36</y>
      </pt>
      <pt>
        <x>489.70</x>
        <y>1057.80</y>
      </pt>
      <pt>
        <x>429.50</x>
        <y>1055.60</y>
      </pt>
      <username></username>
    </polygon>
    <attributes></attributes>
  </object>
  <object>
    <name>lane</name>
    <deleted>0</deleted>
    <verified>0</verified>
    <occluded>no</occluded>
    <date></date>
    <id>11</id>
    <parts>
      <hasparts></hasparts>
      <ispartof></ispartof>
    </parts>
    <type>bounding_box</type>
    <polygon>
      <pt>
        <x>462.81</x>
        <y>379.40</y>
      </pt>
      <pt>
        <x>476.83</x>
        <y>379.40</y>
      </pt>
      <pt>
        <x>476.83</x>
        <y>400.28</y>
      </pt>
      <pt>
        <x>462.81</x>
        <y>400.28</y>
      </pt>
      <username></username>
    </polygon>
    <attributes>rotation=0.0</attributes>
  </object>
</annotation>
