<annotation>
  <filename>image_1347.jpg</filename>
  <folder></folder>
  <source>
    <sourceImage></sourceImage>
    <sourceAnnotation>Datumaro</sourceAnnotation>
  </source>
  <imagesize>
    <nrows>1920</nrows>
    <ncols>1080</ncols>
  </imagesize>
  <object>
    <name>lane</name>
    <deleted>0</deleted>
    <verified>0</verified>
    <occluded>no</occluded>
    <date></date>
    <id>0</id>
    <parts>
      <hasparts></hasparts>
      <ispartof></ispartof>
    </parts>
    <type>bounding_box</type>
    <polygon>
      <pt>
        <x>576.62</x>
        <y>178.24</y>
      </pt>
      <pt>
        <x>586.12</x>
        <y>178.24</y>
      </pt>
      <pt>
        <x>586.12</x>
        <y>188.79</y>
      </pt>
      <pt>
        <x>576.62</x>
        <y>188.79</y>
      </pt>
      <username></username>
    </polygon>
    <attributes>rotation=0.0</attributes>
  </object>
  <object>
    <name>lane</name>
    <deleted>0</deleted>
    <verified>0</verified>
    <occluded>no</occluded>
    <date></date>
    <id>1</id>
    <parts>
      <hasparts></hasparts>
      <ispartof></ispartof>
    </parts>
    <type>bounding_box</type>
    <polygon>
      <pt>
        <x>569.58</x>
        <y>222.57</y>
      </pt>
      <pt>
        <x>580.49</x>
        <y>222.57</y>
      </pt>
      <pt>
        <x>580.49</x>
        <y>239.11</y>
      </pt>
      <pt>
        <x>569.58</x>
        <y>239.11</y>
      </pt>
      <username></username>
    </polygon>
    <attributes>rotation=0.0</attributes>
  </object>
  <object>
    <name>lane</name>
    <deleted>0</deleted>
    <verified>0</verified>
    <occluded>no</occluded>
    <date></date>
    <id>2</id>
    <parts>
      <hasparts></hasparts>
      <ispartof></ispartof>
    </parts>
    <type>bounding_box</type>
    <polygon>
      <pt>
        <x>563.25</x>
        <y>251.78</y>
      </pt>
      <pt>
        <x>577.67</x>
        <y>251.78</y>
      </pt>
      <pt>
        <x>577.67</x>
        <y>280.98</y>
      </pt>
      <pt>
        <x>563.25</x>
        <y>280.98</y>
      </pt>
      <username></username>
    </polygon>
    <attributes>rotation=0.0</attributes>
  </object>
  <object>
    <name>lane</name>
    <deleted>0</deleted>
    <verified>0</verified>
    <occluded>no</occluded>
    <date></date>
    <id>3</id>
    <parts>
      <hasparts></hasparts>
      <ispartof></ispartof>
    </parts>
    <polygon>
      <pt>
        <x>556.80</x>
        <y>305.78</y>
      </pt>
      <pt>
        <x>575.19</x>
        <y>305.78</y>
      </pt>
      <pt>
        <x>576.94</x>
        <y>341.68</y>
      </pt>
      <pt>
        <x>556.80</x>
        <y>340.81</y>
      </pt>
      <username></username>
    </polygon>
    <attributes></attributes>
  </object>
  <object>
    <name>lane</name>
    <deleted>0</deleted>
    <verified>0</verified>
    <occluded>no</occluded>
    <date></date>
    <id>4</id>
    <parts>
      <hasparts></hasparts>
      <ispartof></ispartof>
    </parts>
    <polygon>
      <pt>
        <x>531.41</x>
        <y>534.30</y>
      </pt>
      <pt>
        <x>568.19</x>
        <y>534.30</y>
      </pt>
      <pt>
        <x>566.43</x>
        <y>668.26</y>
      </pt>
      <pt>
        <x>520.91</x>
        <y>671.76</y>
      </pt>
      <username></username>
    </polygon>
    <attributes></attributes>
  </object>
  <object>
    <name>lane</name>
    <deleted>0</deleted>
    <verified>0</verified>
    <occluded>no</occluded>
    <date></date>
    <id>5</id>
    <parts>
      <hasparts></hasparts>
      <ispartof></ispartof>
    </parts>
    <polygon>
      <pt>
        <x>491.26</x>
        <y>918.10</y>
      </pt>
      <pt>
        <x>554.81</x>
        <y>919.91</y>
      </pt>
      <pt>
        <x>534.84</x>
        <y>1513.59</y>
      </pt>
      <pt>
        <x>434.98</x>
        <y>1519.04</y>
      </pt>
      <username></username>
    </polygon>
    <attributes></attributes>
  </object>
  <object>
    <name>lane</name>
    <deleted>0</deleted>
    <verified>0</verified>
    <occluded>no</occluded>
    <date></date>
    <id>6</id>
    <parts>
      <hasparts></hasparts>
      <ispartof></ispartof>
    </parts>
    <polygon>
      <pt>
        <x>547.17</x>
        <y>384.58</y>
      </pt>
      <pt>
        <x>571.69</x>
        <y>385.46</y>
      </pt>
      <pt>
        <x>571.69</x>
        <y>445.87</y>
      </pt>
      <pt>
        <x>546.30</x>
        <y>443.24</y>
      </pt>
      <username></username>
    </polygon>
    <attributes></attributes>
  </object>
  <object>
    <name>lane</name>
    <deleted>0</deleted>
    <verified>0</verified>
    <occluded>no</occluded>
    <date></date>
    <id>7</id>
    <parts>
      <hasparts></hasparts>
      <ispartof></ispartof>
    </parts>
    <type>bounding_box</type>
    <polygon>
      <pt>
        <x>573.45</x>
        <y>197.59</y>
      </pt>
      <pt>
        <x>583.30</x>
        <y>197.59</y>
      </pt>
      <pt>
        <x>583.30</x>
        <y>210.96</y>
      </pt>
      <pt>
        <x>573.45</x>
        <y>210.96</y>
      </pt>
      <username></username>
    </polygon>
    <attributes>rotation=0.0</attributes>
  </object>
</annotation>
