<annotation>
  <filename>image_2571.jpg</filename>
  <folder></folder>
  <source>
    <sourceImage></sourceImage>
    <sourceAnnotation>Datumaro</sourceAnnotation>
  </source>
  <imagesize>
    <nrows>1920</nrows>
    <ncols>1080</ncols>
  </imagesize>
  <object>
    <name>lane</name>
    <deleted>0</deleted>
    <verified>0</verified>
    <occluded>no</occluded>
    <date></date>
    <id>0</id>
    <parts>
      <hasparts></hasparts>
      <ispartof></ispartof>
    </parts>
    <polygon>
      <pt>
        <x>96.16</x>
        <y>288.44</y>
      </pt>
      <pt>
        <x>98.40</x>
        <y>285.79</y>
      </pt>
      <pt>
        <x>124.46</x>
        <y>291.49</y>
      </pt>
      <pt>
        <x>152.56</x>
        <y>297.81</y>
      </pt>
      <pt>
        <x>150.73</x>
        <y>300.05</y>
      </pt>
      <pt>
        <x>106.75</x>
        <y>290.07</y>
      </pt>
      <username></username>
    </polygon>
    <attributes></attributes>
  </object>
  <object>
    <name>lane</name>
    <deleted>0</deleted>
    <verified>0</verified>
    <occluded>no</occluded>
    <date></date>
    <id>1</id>
    <parts>
      <hasparts></hasparts>
      <ispartof></ispartof>
    </parts>
    <type>bounding_box</type>
    <polygon>
      <pt>
        <x>457.91</x>
        <y>428.30</y>
      </pt>
      <pt>
        <x>474.90</x>
        <y>428.30</y>
      </pt>
      <pt>
        <x>474.90</x>
        <y>512.57</y>
      </pt>
      <pt>
        <x>457.91</x>
        <y>512.57</y>
      </pt>
      <username></username>
    </polygon>
    <attributes>rotation=0.0</attributes>
  </object>
  <object>
    <name>lane</name>
    <deleted>0</deleted>
    <verified>0</verified>
    <occluded>no</occluded>
    <date></date>
    <id>2</id>
    <parts>
      <hasparts></hasparts>
      <ispartof></ispartof>
    </parts>
    <polygon>
      <pt>
        <x>5.06</x>
        <y>1223.83</y>
      </pt>
      <pt>
        <x>0.00</x>
        <y>1191.78</y>
      </pt>
      <pt>
        <x>0.00</x>
        <y>1189.34</y>
      </pt>
      <pt>
        <x>1065.34</x>
        <y>1180.26</y>
      </pt>
      <pt>
        <x>1079.86</x>
        <y>1220.20</y>
      </pt>
      <pt>
        <x>840.21</x>
        <y>1207.49</y>
      </pt>
      <pt>
        <x>359.09</x>
        <y>1211.13</y>
      </pt>
      <username></username>
    </polygon>
    <attributes></attributes>
  </object>
  <object>
    <name>lane</name>
    <deleted>0</deleted>
    <verified>0</verified>
    <occluded>no</occluded>
    <date></date>
    <id>3</id>
    <parts>
      <hasparts></hasparts>
      <ispartof></ispartof>
    </parts>
    <polygon>
      <pt>
        <x>585.55</x>
        <y>314.61</y>
      </pt>
      <pt>
        <x>617.22</x>
        <y>307.58</y>
      </pt>
      <pt>
        <x>645.95</x>
        <y>300.54</y>
      </pt>
      <pt>
        <x>648.30</x>
        <y>302.59</y>
      </pt>
      <pt>
        <x>618.39</x>
        <y>310.51</y>
      </pt>
      <pt>
        <x>590.53</x>
        <y>315.79</y>
      </pt>
      <username></username>
    </polygon>
    <attributes></attributes>
  </object>
  <object>
    <name>lane</name>
    <deleted>0</deleted>
    <verified>0</verified>
    <occluded>no</occluded>
    <date></date>
    <id>4</id>
    <parts>
      <hasparts></hasparts>
      <ispartof></ispartof>
    </parts>
    <polygon>
      <pt>
        <x>483.51</x>
        <y>356.84</y>
      </pt>
      <pt>
        <x>489.67</x>
        <y>355.96</y>
      </pt>
      <pt>
        <x>511.95</x>
        <y>340.42</y>
      </pt>
      <pt>
        <x>536.58</x>
        <y>333.38</y>
      </pt>
      <pt>
        <x>525.73</x>
        <y>331.91</y>
      </pt>
      <pt>
        <x>504.91</x>
        <y>339.83</y>
      </pt>
      <username></username>
    </polygon>
    <attributes></attributes>
  </object>
  <object>
    <name>lane</name>
    <deleted>0</deleted>
    <verified>0</verified>
    <occluded>no</occluded>
    <date></date>
    <id>5</id>
    <parts>
      <hasparts></hasparts>
      <ispartof></ispartof>
    </parts>
    <polygon>
      <pt>
        <x>313.15</x>
        <y>351.27</y>
      </pt>
      <pt>
        <x>321.65</x>
        <y>349.21</y>
      </pt>
      <pt>
        <x>348.92</x>
        <y>362.11</y>
      </pt>
      <pt>
        <x>378.54</x>
        <y>378.24</y>
      </pt>
      <pt>
        <x>368.57</x>
        <y>380.59</y>
      </pt>
      <pt>
        <x>347.75</x>
        <y>370.33</y>
      </pt>
      <username></username>
    </polygon>
    <attributes></attributes>
  </object>
  <object>
    <name>lane</name>
    <deleted>0</deleted>
    <verified>0</verified>
    <occluded>no</occluded>
    <date></date>
    <id>6</id>
    <parts>
      <hasparts></hasparts>
      <ispartof></ispartof>
    </parts>
    <polygon>
      <pt>
        <x>201.39</x>
        <y>314.96</y>
      </pt>
      <pt>
        <x>205.78</x>
        <y>312.52</y>
      </pt>
      <pt>
        <x>236.82</x>
        <y>320.34</y>
      </pt>
      <pt>
        <x>265.89</x>
        <y>328.16</y>
      </pt>
      <pt>
        <x>260.03</x>
        <y>331.09</y>
      </pt>
      <pt>
        <x>215.31</x>
        <y>318.14</y>
      </pt>
      <username></username>
    </polygon>
    <attributes></attributes>
  </object>
  <object>
    <name>lane</name>
    <deleted>0</deleted>
    <verified>0</verified>
    <occluded>no</occluded>
    <date></date>
    <id>7</id>
    <parts>
      <hasparts></hasparts>
      <ispartof></ispartof>
    </parts>
    <polygon>
      <pt>
        <x>460.74</x>
        <y>809.91</y>
      </pt>
      <pt>
        <x>500.39</x>
        <y>809.91</y>
      </pt>
      <pt>
        <x>548.53</x>
        <y>1458.41</y>
      </pt>
      <pt>
        <x>472.07</x>
        <y>1461.24</y>
      </pt>
      <username></username>
    </polygon>
    <attributes></attributes>
  </object>
</annotation>
