<annotation>
  <filename>image_120.jpg</filename>
  <folder></folder>
  <source>
    <sourceImage></sourceImage>
    <sourceAnnotation>Datumaro</sourceAnnotation>
  </source>
  <imagesize>
    <nrows>1920</nrows>
    <ncols>1080</ncols>
  </imagesize>
  <object>
    <name>lane</name>
    <deleted>0</deleted>
    <verified>0</verified>
    <occluded>no</occluded>
    <date></date>
    <id>0</id>
    <parts>
      <hasparts></hasparts>
      <ispartof></ispartof>
    </parts>
    <polygon>
      <pt>
        <x>485.34</x>
        <y>670.59</y>
      </pt>
      <pt>
        <x>497.20</x>
        <y>668.90</y>
      </pt>
      <pt>
        <x>529.15</x>
        <y>702.51</y>
      </pt>
      <pt>
        <x>518.34</x>
        <y>704.13</y>
      </pt>
      <username></username>
    </polygon>
    <attributes></attributes>
  </object>
  <object>
    <name>lane</name>
    <deleted>0</deleted>
    <verified>0</verified>
    <occluded>no</occluded>
    <date></date>
    <id>1</id>
    <parts>
      <hasparts></hasparts>
      <ispartof></ispartof>
    </parts>
    <polygon>
      <pt>
        <x>407.08</x>
        <y>607.64</y>
      </pt>
      <pt>
        <x>413.10</x>
        <y>607.20</y>
      </pt>
      <pt>
        <x>432.00</x>
        <y>618.19</y>
      </pt>
      <pt>
        <x>424.08</x>
        <y>619.66</y>
      </pt>
      <username></username>
    </polygon>
    <attributes></attributes>
  </object>
  <object>
    <name>lane</name>
    <deleted>0</deleted>
    <verified>0</verified>
    <occluded>no</occluded>
    <date></date>
    <id>2</id>
    <parts>
      <hasparts></hasparts>
      <ispartof></ispartof>
    </parts>
    <polygon>
      <pt>
        <x>370.51</x>
        <y>591.89</y>
      </pt>
      <pt>
        <x>375.10</x>
        <y>590.80</y>
      </pt>
      <pt>
        <x>397.19</x>
        <y>600.10</y>
      </pt>
      <pt>
        <x>391.92</x>
        <y>600.39</y>
      </pt>
      <username></username>
    </polygon>
    <attributes></attributes>
  </object>
  <object>
    <name>lane</name>
    <deleted>0</deleted>
    <verified>0</verified>
    <occluded>no</occluded>
    <date></date>
    <id>3</id>
    <parts>
      <hasparts></hasparts>
      <ispartof></ispartof>
    </parts>
    <polygon>
      <pt>
        <x>440.45</x>
        <y>631.65</y>
      </pt>
      <pt>
        <x>448.60</x>
        <y>630.70</y>
      </pt>
      <pt>
        <x>473.44</x>
        <y>648.96</y>
      </pt>
      <pt>
        <x>463.71</x>
        <y>650.04</y>
      </pt>
      <username></username>
    </polygon>
    <attributes></attributes>
  </object>
  <object>
    <name>lane</name>
    <deleted>0</deleted>
    <verified>0</verified>
    <occluded>no</occluded>
    <date></date>
    <id>4</id>
    <parts>
      <hasparts></hasparts>
      <ispartof></ispartof>
    </parts>
    <polygon>
      <pt>
        <x>299.88</x>
        <y>570.77</y>
      </pt>
      <pt>
        <x>305.65</x>
        <y>570.09</y>
      </pt>
      <pt>
        <x>324.32</x>
        <y>574.84</y>
      </pt>
      <pt>
        <x>319.22</x>
        <y>575.69</y>
      </pt>
      <username></username>
    </polygon>
    <attributes></attributes>
  </object>
  <object>
    <name>lane</name>
    <deleted>0</deleted>
    <verified>0</verified>
    <occluded>no</occluded>
    <date></date>
    <id>5</id>
    <parts>
      <hasparts></hasparts>
      <ispartof></ispartof>
    </parts>
    <polygon>
      <pt>
        <x>537.40</x>
        <y>744.80</y>
      </pt>
      <pt>
        <x>554.80</x>
        <y>744.10</y>
      </pt>
      <pt>
        <x>567.00</x>
        <y>819.90</y>
      </pt>
      <pt>
        <x>545.70</x>
        <y>818.20</y>
      </pt>
      <username></username>
    </polygon>
    <attributes></attributes>
  </object>
  <object>
    <name>lane</name>
    <deleted>0</deleted>
    <verified>0</verified>
    <occluded>no</occluded>
    <date></date>
    <id>6</id>
    <parts>
      <hasparts></hasparts>
      <ispartof></ispartof>
    </parts>
    <polygon>
      <pt>
        <x>337.04</x>
        <y>580.10</y>
      </pt>
      <pt>
        <x>341.62</x>
        <y>579.25</y>
      </pt>
      <pt>
        <x>360.63</x>
        <y>585.70</y>
      </pt>
      <pt>
        <x>357.07</x>
        <y>586.38</y>
      </pt>
      <username></username>
    </polygon>
    <attributes></attributes>
  </object>
  <object>
    <name>lane</name>
    <deleted>0</deleted>
    <verified>0</verified>
    <occluded>no</occluded>
    <date></date>
    <id>7</id>
    <parts>
      <hasparts></hasparts>
      <ispartof></ispartof>
    </parts>
    <polygon>
      <pt>
        <x>548.60</x>
        <y>935.10</y>
      </pt>
      <pt>
        <x>579.55</x>
        <y>933.78</y>
      </pt>
      <pt>
        <x>590.31</x>
        <y>1241.99</y>
      </pt>
      <pt>
        <x>547.24</x>
        <y>1248.72</y>
      </pt>
      <username></username>
    </polygon>
    <attributes></attributes>
  </object>
</annotation>
