<annotation>
  <filename>image_771.jpg</filename>
  <folder></folder>
  <source>
    <sourceImage></sourceImage>
    <sourceAnnotation>Datumaro</sourceAnnotation>
  </source>
  <imagesize>
    <nrows>1920</nrows>
    <ncols>1080</ncols>
  </imagesize>
  <object>
    <name>lane</name>
    <deleted>0</deleted>
    <verified>0</verified>
    <occluded>no</occluded>
    <date></date>
    <id>0</id>
    <parts>
      <hasparts></hasparts>
      <ispartof></ispartof>
    </parts>
    <polygon>
      <pt>
        <x>606.88</x>
        <y>520.79</y>
      </pt>
      <pt>
        <x>632.72</x>
        <y>523.32</y>
      </pt>
      <pt>
        <x>716.80</x>
        <y>461.00</y>
      </pt>
      <pt>
        <x>793.30</x>
        <y>409.80</y>
      </pt>
      <pt>
        <x>767.50</x>
        <y>409.80</y>
      </pt>
      <username></username>
    </polygon>
    <attributes></attributes>
  </object>
  <object>
    <name>lane</name>
    <deleted>0</deleted>
    <verified>0</verified>
    <occluded>no</occluded>
    <date></date>
    <id>1</id>
    <parts>
      <hasparts></hasparts>
      <ispartof></ispartof>
    </parts>
    <polygon>
      <pt>
        <x>136.10</x>
        <y>368.90</y>
      </pt>
      <pt>
        <x>145.30</x>
        <y>371.10</y>
      </pt>
      <pt>
        <x>489.90</x>
        <y>315.90</y>
      </pt>
      <pt>
        <x>489.00</x>
        <y>312.90</y>
      </pt>
      <username></username>
    </polygon>
    <attributes></attributes>
  </object>
  <object>
    <name>lane</name>
    <deleted>0</deleted>
    <verified>0</verified>
    <occluded>no</occluded>
    <date></date>
    <id>2</id>
    <parts>
      <hasparts></hasparts>
      <ispartof></ispartof>
    </parts>
    <polygon>
      <pt>
        <x>460.70</x>
        <y>663.50</y>
      </pt>
      <pt>
        <x>503.00</x>
        <y>660.60</y>
      </pt>
      <pt>
        <x>436.40</x>
        <y>765.30</y>
      </pt>
      <pt>
        <x>402.31</x>
        <y>887.51</y>
      </pt>
      <pt>
        <x>341.75</x>
        <y>894.08</y>
      </pt>
      <pt>
        <x>396.50</x>
        <y>764.20</y>
      </pt>
      <username></username>
    </polygon>
    <attributes></attributes>
  </object>
  <object>
    <name>lane</name>
    <deleted>0</deleted>
    <verified>0</verified>
    <occluded>no</occluded>
    <date></date>
    <id>3</id>
    <parts>
      <hasparts></hasparts>
      <ispartof></ispartof>
    </parts>
    <polygon>
      <pt>
        <x>425.90</x>
        <y>1375.40</y>
      </pt>
      <pt>
        <x>514.90</x>
        <y>1359.10</y>
      </pt>
      <pt>
        <x>760.00</x>
        <y>1822.10</y>
      </pt>
      <pt>
        <x>620.20</x>
        <y>1765.80</y>
      </pt>
      <username></username>
    </polygon>
    <attributes></attributes>
  </object>
  <object>
    <name>lane</name>
    <deleted>0</deleted>
    <verified>0</verified>
    <occluded>no</occluded>
    <date></date>
    <id>4</id>
    <parts>
      <hasparts></hasparts>
      <ispartof></ispartof>
    </parts>
    <polygon>
      <pt>
        <x>929.80</x>
        <y>334.80</y>
      </pt>
      <pt>
        <x>945.00</x>
        <y>336.40</y>
      </pt>
      <pt>
        <x>1079.12</x>
        <y>286.02</y>
      </pt>
      <pt>
        <x>1080.00</x>
        <y>279.40</y>
      </pt>
      <username></username>
    </polygon>
    <attributes></attributes>
  </object>
</annotation>
