<annotation>
  <filename>image_2001.jpg</filename>
  <folder></folder>
  <source>
    <sourceImage></sourceImage>
    <sourceAnnotation>Datumaro</sourceAnnotation>
  </source>
  <imagesize>
    <nrows>1920</nrows>
    <ncols>1080</ncols>
  </imagesize>
  <object>
    <name>lane</name>
    <deleted>0</deleted>
    <verified>0</verified>
    <occluded>no</occluded>
    <date></date>
    <id>0</id>
    <parts>
      <hasparts></hasparts>
      <ispartof></ispartof>
    </parts>
    <polygon>
      <pt>
        <x>434.66</x>
        <y>585.57</y>
      </pt>
      <pt>
        <x>424.10</x>
        <y>540.81</y>
      </pt>
      <pt>
        <x>413.55</x>
        <y>510.41</y>
      </pt>
      <pt>
        <x>428.33</x>
        <y>508.72</y>
      </pt>
      <pt>
        <x>439.73</x>
        <y>537.01</y>
      </pt>
      <pt>
        <x>456.62</x>
        <y>585.15</y>
      </pt>
      <username></username>
    </polygon>
    <attributes></attributes>
  </object>
  <object>
    <name>lane</name>
    <deleted>0</deleted>
    <verified>0</verified>
    <occluded>no</occluded>
    <date></date>
    <id>1</id>
    <parts>
      <hasparts></hasparts>
      <ispartof></ispartof>
    </parts>
    <polygon>
      <pt>
        <x>449.99</x>
        <y>1017.26</y>
      </pt>
      <pt>
        <x>497.27</x>
        <y>1017.26</y>
      </pt>
      <pt>
        <x>493.76</x>
        <y>864.03</y>
      </pt>
      <pt>
        <x>482.38</x>
        <y>723.07</y>
      </pt>
      <pt>
        <x>449.11</x>
        <y>719.57</y>
      </pt>
      <pt>
        <x>452.61</x>
        <y>867.54</y>
      </pt>
      <username></username>
    </polygon>
    <attributes></attributes>
  </object>
  <object>
    <name>lane</name>
    <deleted>0</deleted>
    <verified>0</verified>
    <occluded>no</occluded>
    <date></date>
    <id>2</id>
    <parts>
      <hasparts></hasparts>
      <ispartof></ispartof>
    </parts>
    <polygon>
      <pt>
        <x>369.55</x>
        <y>424.85</y>
      </pt>
      <pt>
        <x>382.40</x>
        <y>425.30</y>
      </pt>
      <pt>
        <x>405.67</x>
        <y>463.97</y>
      </pt>
      <pt>
        <x>393.20</x>
        <y>463.54</y>
      </pt>
      <username></username>
    </polygon>
    <attributes></attributes>
  </object>
  <object>
    <name>lane</name>
    <deleted>0</deleted>
    <verified>0</verified>
    <occluded>no</occluded>
    <date></date>
    <id>3</id>
    <parts>
      <hasparts></hasparts>
      <ispartof></ispartof>
    </parts>
    <polygon>
      <pt>
        <x>204.49</x>
        <y>379.47</y>
      </pt>
      <pt>
        <x>327.17</x>
        <y>401.62</y>
      </pt>
      <pt>
        <x>332.89</x>
        <y>401.37</y>
      </pt>
      <pt>
        <x>209.72</x>
        <y>377.98</y>
      </pt>
      <username></username>
    </polygon>
    <attributes></attributes>
  </object>
  <object>
    <name>lane</name>
    <deleted>0</deleted>
    <verified>0</verified>
    <occluded>no</occluded>
    <date></date>
    <id>4</id>
    <parts>
      <hasparts></hasparts>
      <ispartof></ispartof>
    </parts>
    <polygon>
      <pt>
        <x>233.73</x>
        <y>378.22</y>
      </pt>
      <pt>
        <x>235.23</x>
        <y>377.33</y>
      </pt>
      <pt>
        <x>387.51</x>
        <y>391.06</y>
      </pt>
      <pt>
        <x>384.23</x>
        <y>392.26</y>
      </pt>
      <username></username>
    </polygon>
    <attributes></attributes>
  </object>
</annotation>
