<annotation>
  <filename>image_2005.jpg</filename>
  <folder></folder>
  <source>
    <sourceImage></sourceImage>
    <sourceAnnotation>Datumaro</sourceAnnotation>
  </source>
  <imagesize>
    <nrows>1920</nrows>
    <ncols>1080</ncols>
  </imagesize>
  <object>
    <name>lane</name>
    <deleted>0</deleted>
    <verified>0</verified>
    <occluded>no</occluded>
    <date></date>
    <id>0</id>
    <parts>
      <hasparts></hasparts>
      <ispartof></ispartof>
    </parts>
    <polygon>
      <pt>
        <x>231.17</x>
        <y>612.30</y>
      </pt>
      <pt>
        <x>250.42</x>
        <y>609.76</y>
      </pt>
      <pt>
        <x>155.17</x>
        <y>560.61</y>
      </pt>
      <pt>
        <x>90.82</x>
        <y>525.65</y>
      </pt>
      <pt>
        <x>81.19</x>
        <y>529.20</y>
      </pt>
      <pt>
        <x>148.58</x>
        <y>568.72</y>
      </pt>
      <username></username>
    </polygon>
    <attributes></attributes>
  </object>
  <object>
    <name>lane</name>
    <deleted>0</deleted>
    <verified>0</verified>
    <occluded>no</occluded>
    <date></date>
    <id>1</id>
    <parts>
      <hasparts></hasparts>
      <ispartof></ispartof>
    </parts>
    <polygon>
      <pt>
        <x>573.02</x>
        <y>1093.47</y>
      </pt>
      <pt>
        <x>550.32</x>
        <y>945.20</y>
      </pt>
      <pt>
        <x>430.80</x>
        <y>756.09</y>
      </pt>
      <pt>
        <x>456.52</x>
        <y>751.55</y>
      </pt>
      <pt>
        <x>574.53</x>
        <y>919.48</y>
      </pt>
      <pt>
        <x>621.43</x>
        <y>1088.93</y>
      </pt>
      <username></username>
    </polygon>
    <attributes></attributes>
  </object>
  <object>
    <name>lane</name>
    <deleted>0</deleted>
    <verified>0</verified>
    <occluded>no</occluded>
    <date></date>
    <id>2</id>
    <parts>
      <hasparts></hasparts>
      <ispartof></ispartof>
    </parts>
    <polygon>
      <pt>
        <x>479.91</x>
        <y>747.93</y>
      </pt>
      <pt>
        <x>497.77</x>
        <y>738.48</y>
      </pt>
      <pt>
        <x>952.71</x>
        <y>963.32</y>
      </pt>
      <pt>
        <x>928.54</x>
        <y>973.83</y>
      </pt>
      <username></username>
    </polygon>
    <attributes></attributes>
  </object>
</annotation>
