<annotation>
  <filename>image_2238.jpg</filename>
  <folder></folder>
  <source>
    <sourceImage></sourceImage>
    <sourceAnnotation>Datumaro</sourceAnnotation>
  </source>
  <imagesize>
    <nrows>1920</nrows>
    <ncols>1080</ncols>
  </imagesize>
  <object>
    <name>lane</name>
    <deleted>0</deleted>
    <verified>0</verified>
    <occluded>no</occluded>
    <date></date>
    <id>0</id>
    <parts>
      <hasparts></hasparts>
      <ispartof></ispartof>
    </parts>
    <type>bounding_box</type>
    <polygon>
      <pt>
        <x>460.72</x>
        <y>442.65</y>
      </pt>
      <pt>
        <x>468.76</x>
        <y>442.65</y>
      </pt>
      <pt>
        <x>468.76</x>
        <y>455.32</y>
      </pt>
      <pt>
        <x>460.72</x>
        <y>455.32</y>
      </pt>
      <username></username>
    </polygon>
    <attributes>rotation=0.0</attributes>
  </object>
  <object>
    <name>lane</name>
    <deleted>0</deleted>
    <verified>0</verified>
    <occluded>no</occluded>
    <date></date>
    <id>1</id>
    <parts>
      <hasparts></hasparts>
      <ispartof></ispartof>
    </parts>
    <type>bounding_box</type>
    <polygon>
      <pt>
        <x>464.13</x>
        <y>394.19</y>
      </pt>
      <pt>
        <x>468.27</x>
        <y>394.19</y>
      </pt>
      <pt>
        <x>468.27</x>
        <y>397.36</y>
      </pt>
      <pt>
        <x>464.13</x>
        <y>397.36</y>
      </pt>
      <username></username>
    </polygon>
    <attributes>rotation=0.0</attributes>
  </object>
  <object>
    <name>lane</name>
    <deleted>0</deleted>
    <verified>0</verified>
    <occluded>no</occluded>
    <date></date>
    <id>2</id>
    <parts>
      <hasparts></hasparts>
      <ispartof></ispartof>
    </parts>
    <type>bounding_box</type>
    <polygon>
      <pt>
        <x>463.40</x>
        <y>412.21</y>
      </pt>
      <pt>
        <x>468.76</x>
        <y>412.21</y>
      </pt>
      <pt>
        <x>468.76</x>
        <y>418.30</y>
      </pt>
      <pt>
        <x>463.40</x>
        <y>418.30</y>
      </pt>
      <username></username>
    </polygon>
    <attributes>rotation=0.0</attributes>
  </object>
  <object>
    <name>lane</name>
    <deleted>0</deleted>
    <verified>0</verified>
    <occluded>no</occluded>
    <date></date>
    <id>3</id>
    <parts>
      <hasparts></hasparts>
      <ispartof></ispartof>
    </parts>
    <type>bounding_box</type>
    <polygon>
      <pt>
        <x>463.65</x>
        <y>401.74</y>
      </pt>
      <pt>
        <x>468.52</x>
        <y>401.74</y>
      </pt>
      <pt>
        <x>468.52</x>
        <y>406.86</y>
      </pt>
      <pt>
        <x>463.65</x>
        <y>406.86</y>
      </pt>
      <username></username>
    </polygon>
    <attributes>rotation=0.0</attributes>
  </object>
  <object>
    <name>lane</name>
    <deleted>0</deleted>
    <verified>0</verified>
    <occluded>no</occluded>
    <date></date>
    <id>4</id>
    <parts>
      <hasparts></hasparts>
      <ispartof></ispartof>
    </parts>
    <type>bounding_box</type>
    <polygon>
      <pt>
        <x>462.92</x>
        <y>425.12</y>
      </pt>
      <pt>
        <x>469.00</x>
        <y>425.12</y>
      </pt>
      <pt>
        <x>469.00</x>
        <y>432.91</y>
      </pt>
      <pt>
        <x>462.92</x>
        <y>432.91</y>
      </pt>
      <username></username>
    </polygon>
    <attributes>rotation=0.0</attributes>
  </object>
  <object>
    <name>lane</name>
    <deleted>0</deleted>
    <verified>0</verified>
    <occluded>no</occluded>
    <date></date>
    <id>5</id>
    <parts>
      <hasparts></hasparts>
      <ispartof></ispartof>
    </parts>
    <polygon>
      <pt>
        <x>430.19</x>
        <y>865.66</y>
      </pt>
      <pt>
        <x>460.51</x>
        <y>864.76</y>
      </pt>
      <pt>
        <x>464.97</x>
        <y>1354.26</y>
      </pt>
      <pt>
        <x>398.99</x>
        <y>1354.26</y>
      </pt>
      <username></username>
    </polygon>
    <attributes></attributes>
  </object>
  <object>
    <name>lane</name>
    <deleted>0</deleted>
    <verified>0</verified>
    <occluded>no</occluded>
    <date></date>
    <id>6</id>
    <parts>
      <hasparts></hasparts>
      <ispartof></ispartof>
    </parts>
    <polygon>
      <pt>
        <x>456.53</x>
        <y>515.45</y>
      </pt>
      <pt>
        <x>454.05</x>
        <y>552.56</y>
      </pt>
      <pt>
        <x>467.32</x>
        <y>554.22</y>
      </pt>
      <pt>
        <x>468.15</x>
        <y>517.10</y>
      </pt>
      <username></username>
    </polygon>
    <attributes></attributes>
  </object>
  <object>
    <name>lane</name>
    <deleted>0</deleted>
    <verified>0</verified>
    <occluded>no</occluded>
    <date></date>
    <id>7</id>
    <parts>
      <hasparts></hasparts>
      <ispartof></ispartof>
    </parts>
    <polygon>
      <pt>
        <x>459.44</x>
        <y>470.03</y>
      </pt>
      <pt>
        <x>457.78</x>
        <y>491.81</y>
      </pt>
      <pt>
        <x>468.98</x>
        <y>492.64</y>
      </pt>
      <pt>
        <x>468.15</x>
        <y>469.83</y>
      </pt>
      <username></username>
    </polygon>
    <attributes></attributes>
  </object>
  <object>
    <name>lane</name>
    <deleted>0</deleted>
    <verified>0</verified>
    <occluded>no</occluded>
    <date></date>
    <id>8</id>
    <parts>
      <hasparts></hasparts>
      <ispartof></ispartof>
    </parts>
    <polygon>
      <pt>
        <x>447.52</x>
        <y>608.67</y>
      </pt>
      <pt>
        <x>466.43</x>
        <y>608.24</y>
      </pt>
      <pt>
        <x>466.43</x>
        <y>675.32</y>
      </pt>
      <pt>
        <x>445.37</x>
        <y>676.61</y>
      </pt>
      <username></username>
    </polygon>
    <attributes></attributes>
  </object>
</annotation>
