<annotation>
  <filename>image_1675.jpg</filename>
  <folder></folder>
  <source>
    <sourceImage></sourceImage>
    <sourceAnnotation>Datumaro</sourceAnnotation>
  </source>
  <imagesize>
    <nrows>1920</nrows>
    <ncols>1080</ncols>
  </imagesize>
  <object>
    <name>lane</name>
    <deleted>0</deleted>
    <verified>0</verified>
    <occluded>no</occluded>
    <date></date>
    <id>0</id>
    <parts>
      <hasparts></hasparts>
      <ispartof></ispartof>
    </parts>
    <type>bounding_box</type>
    <polygon>
      <pt>
        <x>549.53</x>
        <y>569.02</y>
      </pt>
      <pt>
        <x>553.05</x>
        <y>569.02</y>
      </pt>
      <pt>
        <x>553.05</x>
        <y>571.13</y>
      </pt>
      <pt>
        <x>549.53</x>
        <y>571.13</y>
      </pt>
      <username></username>
    </polygon>
    <attributes>rotation=0.0</attributes>
  </object>
  <object>
    <name>lane</name>
    <deleted>0</deleted>
    <verified>0</verified>
    <occluded>no</occluded>
    <date></date>
    <id>1</id>
    <parts>
      <hasparts></hasparts>
      <ispartof></ispartof>
    </parts>
    <type>bounding_box</type>
    <polygon>
      <pt>
        <x>510.33</x>
        <y>929.57</y>
      </pt>
      <pt>
        <x>542.10</x>
        <y>929.57</y>
      </pt>
      <pt>
        <x>542.10</x>
        <y>1174.66</y>
      </pt>
      <pt>
        <x>510.33</x>
        <y>1174.66</y>
      </pt>
      <username></username>
    </polygon>
    <attributes>rotation=0.0</attributes>
  </object>
  <object>
    <name>lane</name>
    <deleted>0</deleted>
    <verified>0</verified>
    <occluded>no</occluded>
    <date></date>
    <id>2</id>
    <parts>
      <hasparts></hasparts>
      <ispartof></ispartof>
    </parts>
    <type>bounding_box</type>
    <polygon>
      <pt>
        <x>538.10</x>
        <y>685.26</y>
      </pt>
      <pt>
        <x>550.50</x>
        <y>685.26</y>
      </pt>
      <pt>
        <x>550.50</x>
        <y>710.07</y>
      </pt>
      <pt>
        <x>538.10</x>
        <y>710.07</y>
      </pt>
      <username></username>
    </polygon>
    <attributes>rotation=0.0</attributes>
  </object>
  <object>
    <name>lane</name>
    <deleted>0</deleted>
    <verified>0</verified>
    <occluded>no</occluded>
    <date></date>
    <id>3</id>
    <parts>
      <hasparts></hasparts>
      <ispartof></ispartof>
    </parts>
    <type>bounding_box</type>
    <polygon>
      <pt>
        <x>530.80</x>
        <y>753.12</y>
      </pt>
      <pt>
        <x>549.77</x>
        <y>753.12</y>
      </pt>
      <pt>
        <x>549.77</x>
        <y>820.97</y>
      </pt>
      <pt>
        <x>530.80</x>
        <y>820.97</y>
      </pt>
      <username></username>
    </polygon>
    <attributes>rotation=0.0</attributes>
  </object>
  <object>
    <name>lane</name>
    <deleted>0</deleted>
    <verified>0</verified>
    <occluded>no</occluded>
    <date></date>
    <id>4</id>
    <parts>
      <hasparts></hasparts>
      <ispartof></ispartof>
    </parts>
    <type>bounding_box</type>
    <polygon>
      <pt>
        <x>542.07</x>
        <y>644.14</y>
      </pt>
      <pt>
        <x>549.50</x>
        <y>644.14</y>
      </pt>
      <pt>
        <x>549.50</x>
        <y>662.38</y>
      </pt>
      <pt>
        <x>542.07</x>
        <y>662.38</y>
      </pt>
      <username></username>
    </polygon>
    <attributes>rotation=0.0</attributes>
  </object>
  <object>
    <name>lane</name>
    <deleted>0</deleted>
    <verified>0</verified>
    <occluded>no</occluded>
    <date></date>
    <id>5</id>
    <parts>
      <hasparts></hasparts>
      <ispartof></ispartof>
    </parts>
    <type>bounding_box</type>
    <polygon>
      <pt>
        <x>549.88</x>
        <y>557.98</y>
      </pt>
      <pt>
        <x>552.46</x>
        <y>557.98</y>
      </pt>
      <pt>
        <x>552.46</x>
        <y>559.27</y>
      </pt>
      <pt>
        <x>549.88</x>
        <y>559.27</y>
      </pt>
      <username></username>
    </polygon>
    <attributes>rotation=0.0</attributes>
  </object>
  <object>
    <name>lane</name>
    <deleted>0</deleted>
    <verified>0</verified>
    <occluded>no</occluded>
    <date></date>
    <id>6</id>
    <parts>
      <hasparts></hasparts>
      <ispartof></ispartof>
    </parts>
    <type>bounding_box</type>
    <polygon>
      <pt>
        <x>549.76</x>
        <y>560.21</y>
      </pt>
      <pt>
        <x>552.46</x>
        <y>560.21</y>
      </pt>
      <pt>
        <x>552.46</x>
        <y>561.86</y>
      </pt>
      <pt>
        <x>549.76</x>
        <y>561.86</y>
      </pt>
      <username></username>
    </polygon>
    <attributes>rotation=0.0</attributes>
  </object>
  <object>
    <name>lane</name>
    <deleted>0</deleted>
    <verified>0</verified>
    <occluded>no</occluded>
    <date></date>
    <id>7</id>
    <parts>
      <hasparts></hasparts>
      <ispartof></ispartof>
    </parts>
    <type>bounding_box</type>
    <polygon>
      <pt>
        <x>549.41</x>
        <y>564.32</y>
      </pt>
      <pt>
        <x>552.81</x>
        <y>564.32</y>
      </pt>
      <pt>
        <x>552.81</x>
        <y>566.55</y>
      </pt>
      <pt>
        <x>549.41</x>
        <y>566.55</y>
      </pt>
      <username></username>
    </polygon>
    <attributes>rotation=0.0</attributes>
  </object>
  <object>
    <name>lane</name>
    <deleted>0</deleted>
    <verified>0</verified>
    <occluded>no</occluded>
    <date></date>
    <id>8</id>
    <parts>
      <hasparts></hasparts>
      <ispartof></ispartof>
    </parts>
    <type>bounding_box</type>
    <polygon>
      <pt>
        <x>548.00</x>
        <y>574.54</y>
      </pt>
      <pt>
        <x>552.81</x>
        <y>574.54</y>
      </pt>
      <pt>
        <x>552.81</x>
        <y>577.95</y>
      </pt>
      <pt>
        <x>548.00</x>
        <y>577.95</y>
      </pt>
      <username></username>
    </polygon>
    <attributes>rotation=0.0</attributes>
  </object>
  <object>
    <name>lane</name>
    <deleted>0</deleted>
    <verified>0</verified>
    <occluded>no</occluded>
    <date></date>
    <id>9</id>
    <parts>
      <hasparts></hasparts>
      <ispartof></ispartof>
    </parts>
    <type>bounding_box</type>
    <polygon>
      <pt>
        <x>547.93</x>
        <y>581.99</y>
      </pt>
      <pt>
        <x>552.39</x>
        <y>581.99</y>
      </pt>
      <pt>
        <x>552.39</x>
        <y>585.98</y>
      </pt>
      <pt>
        <x>547.93</x>
        <y>585.98</y>
      </pt>
      <username></username>
    </polygon>
    <attributes>rotation=0.0</attributes>
  </object>
  <object>
    <name>lane</name>
    <deleted>0</deleted>
    <verified>0</verified>
    <occluded>no</occluded>
    <date></date>
    <id>10</id>
    <parts>
      <hasparts></hasparts>
      <ispartof></ispartof>
    </parts>
    <type>bounding_box</type>
    <polygon>
      <pt>
        <x>547.52</x>
        <y>590.36</y>
      </pt>
      <pt>
        <x>551.75</x>
        <y>590.36</y>
      </pt>
      <pt>
        <x>551.75</x>
        <y>597.63</y>
      </pt>
      <pt>
        <x>547.52</x>
        <y>597.63</y>
      </pt>
      <username></username>
    </polygon>
    <attributes>rotation=0.0</attributes>
  </object>
  <object>
    <name>lane</name>
    <deleted>0</deleted>
    <verified>0</verified>
    <occluded>no</occluded>
    <date></date>
    <id>11</id>
    <parts>
      <hasparts></hasparts>
      <ispartof></ispartof>
    </parts>
    <type>bounding_box</type>
    <polygon>
      <pt>
        <x>546.00</x>
        <y>602.54</y>
      </pt>
      <pt>
        <x>551.41</x>
        <y>602.54</y>
      </pt>
      <pt>
        <x>551.41</x>
        <y>609.30</y>
      </pt>
      <pt>
        <x>546.00</x>
        <y>609.30</y>
      </pt>
      <username></username>
    </polygon>
    <attributes>rotation=0.0</attributes>
  </object>
  <object>
    <name>lane</name>
    <deleted>0</deleted>
    <verified>0</verified>
    <occluded>no</occluded>
    <date></date>
    <id>12</id>
    <parts>
      <hasparts></hasparts>
      <ispartof></ispartof>
    </parts>
    <type>bounding_box</type>
    <polygon>
      <pt>
        <x>544.07</x>
        <y>618.77</y>
      </pt>
      <pt>
        <x>551.79</x>
        <y>618.77</y>
      </pt>
      <pt>
        <x>551.79</x>
        <y>630.69</y>
      </pt>
      <pt>
        <x>544.07</x>
        <y>630.69</y>
      </pt>
      <username></username>
    </polygon>
    <attributes>rotation=0.0</attributes>
  </object>
</annotation>
