<annotation>
  <filename>image_421.jpg</filename>
  <folder></folder>
  <source>
    <sourceImage></sourceImage>
    <sourceAnnotation>Datumaro</sourceAnnotation>
  </source>
  <imagesize>
    <nrows>1920</nrows>
    <ncols>1080</ncols>
  </imagesize>
  <object>
    <name>lane</name>
    <deleted>0</deleted>
    <verified>0</verified>
    <occluded>no</occluded>
    <date></date>
    <id>0</id>
    <parts>
      <hasparts></hasparts>
      <ispartof></ispartof>
    </parts>
    <polygon>
      <pt>
        <x>455.08</x>
        <y>1301.49</y>
      </pt>
      <pt>
        <x>455.08</x>
        <y>742.39</y>
      </pt>
      <pt>
        <x>512.77</x>
        <y>742.39</y>
      </pt>
      <pt>
        <x>550.49</x>
        <y>1301.48</y>
      </pt>
      <username></username>
    </polygon>
    <attributes></attributes>
  </object>
  <object>
    <name>lane</name>
    <deleted>0</deleted>
    <verified>0</verified>
    <occluded>no</occluded>
    <date></date>
    <id>1</id>
    <parts>
      <hasparts></hasparts>
      <ispartof></ispartof>
    </parts>
    <type>bounding_box</type>
    <polygon>
      <pt>
        <x>459.37</x>
        <y>153.75</y>
      </pt>
      <pt>
        <x>476.71</x>
        <y>153.75</y>
      </pt>
      <pt>
        <x>476.71</x>
        <y>187.80</y>
      </pt>
      <pt>
        <x>459.37</x>
        <y>187.80</y>
      </pt>
      <username></username>
    </polygon>
    <attributes>rotation=0.0</attributes>
  </object>
  <object>
    <name>lane</name>
    <deleted>0</deleted>
    <verified>0</verified>
    <occluded>no</occluded>
    <date></date>
    <id>2</id>
    <parts>
      <hasparts></hasparts>
      <ispartof></ispartof>
    </parts>
    <type>bounding_box</type>
    <polygon>
      <pt>
        <x>459.52</x>
        <y>70.24</y>
      </pt>
      <pt>
        <x>472.06</x>
        <y>70.24</y>
      </pt>
      <pt>
        <x>472.06</x>
        <y>89.59</y>
      </pt>
      <pt>
        <x>459.52</x>
        <y>89.59</y>
      </pt>
      <username></username>
    </polygon>
    <attributes>rotation=0.0</attributes>
  </object>
  <object>
    <name>lane</name>
    <deleted>0</deleted>
    <verified>0</verified>
    <occluded>no</occluded>
    <date></date>
    <id>3</id>
    <parts>
      <hasparts></hasparts>
      <ispartof></ispartof>
    </parts>
    <type>bounding_box</type>
    <polygon>
      <pt>
        <x>457.99</x>
        <y>376.94</y>
      </pt>
      <pt>
        <x>494.54</x>
        <y>376.94</y>
      </pt>
      <pt>
        <x>494.54</x>
        <y>515.14</y>
      </pt>
      <pt>
        <x>457.99</x>
        <y>515.14</y>
      </pt>
      <username></username>
    </polygon>
    <attributes>rotation=0.0</attributes>
  </object>
  <object>
    <name>lane</name>
    <deleted>0</deleted>
    <verified>0</verified>
    <occluded>no</occluded>
    <date></date>
    <id>4</id>
    <parts>
      <hasparts></hasparts>
      <ispartof></ispartof>
    </parts>
    <type>bounding_box</type>
    <polygon>
      <pt>
        <x>458.08</x>
        <y>45.16</y>
      </pt>
      <pt>
        <x>469.55</x>
        <y>45.16</y>
      </pt>
      <pt>
        <x>469.55</x>
        <y>58.77</y>
      </pt>
      <pt>
        <x>458.08</x>
        <y>58.77</y>
      </pt>
      <username></username>
    </polygon>
    <attributes>rotation=0.0</attributes>
  </object>
  <object>
    <name>lane</name>
    <deleted>0</deleted>
    <verified>0</verified>
    <occluded>no</occluded>
    <date></date>
    <id>5</id>
    <parts>
      <hasparts></hasparts>
      <ispartof></ispartof>
    </parts>
    <type>bounding_box</type>
    <polygon>
      <pt>
        <x>459.52</x>
        <y>23.66</y>
      </pt>
      <pt>
        <x>467.76</x>
        <y>23.66</y>
      </pt>
      <pt>
        <x>467.76</x>
        <y>35.48</y>
      </pt>
      <pt>
        <x>459.52</x>
        <y>35.48</y>
      </pt>
      <username></username>
    </polygon>
    <attributes>rotation=0.0</attributes>
  </object>
  <object>
    <name>lane</name>
    <deleted>0</deleted>
    <verified>0</verified>
    <occluded>no</occluded>
    <date></date>
    <id>6</id>
    <parts>
      <hasparts></hasparts>
      <ispartof></ispartof>
    </parts>
    <type>bounding_box</type>
    <polygon>
      <pt>
        <x>458.44</x>
        <y>7.89</y>
      </pt>
      <pt>
        <x>465.97</x>
        <y>7.89</y>
      </pt>
      <pt>
        <x>465.97</x>
        <y>17.93</y>
      </pt>
      <pt>
        <x>458.44</x>
        <y>17.93</y>
      </pt>
      <username></username>
    </polygon>
    <attributes>rotation=0.0</attributes>
  </object>
  <object>
    <name>lane</name>
    <deleted>0</deleted>
    <verified>0</verified>
    <occluded>no</occluded>
    <date></date>
    <id>7</id>
    <parts>
      <hasparts></hasparts>
      <ispartof></ispartof>
    </parts>
    <polygon>
      <pt>
        <x>458.03</x>
        <y>230.37</y>
      </pt>
      <pt>
        <x>478.09</x>
        <y>229.62</y>
      </pt>
      <pt>
        <x>484.77</x>
        <y>291.29</y>
      </pt>
      <pt>
        <x>459.51</x>
        <y>292.78</y>
      </pt>
      <username></username>
    </polygon>
    <attributes></attributes>
  </object>
  <object>
    <name>lane</name>
    <deleted>0</deleted>
    <verified>0</verified>
    <occluded>no</occluded>
    <date></date>
    <id>8</id>
    <parts>
      <hasparts></hasparts>
      <ispartof></ispartof>
    </parts>
    <polygon>
      <pt>
        <x>460.36</x>
        <y>103.19</y>
      </pt>
      <pt>
        <x>458.93</x>
        <y>128.63</y>
      </pt>
      <pt>
        <x>474.69</x>
        <y>129.35</y>
      </pt>
      <pt>
        <x>472.90</x>
        <y>103.55</y>
      </pt>
      <username></username>
    </polygon>
    <attributes></attributes>
  </object>
</annotation>
