<annotation>
  <filename>image_2427.jpg</filename>
  <folder></folder>
  <source>
    <sourceImage></sourceImage>
    <sourceAnnotation>Datumaro</sourceAnnotation>
  </source>
  <imagesize>
    <nrows>1920</nrows>
    <ncols>1080</ncols>
  </imagesize>
  <object>
    <name>lane</name>
    <deleted>0</deleted>
    <verified>0</verified>
    <occluded>no</occluded>
    <date></date>
    <id>0</id>
    <parts>
      <hasparts></hasparts>
      <ispartof></ispartof>
    </parts>
    <polygon>
      <pt>
        <x>451.50</x>
        <y>1920.00</y>
      </pt>
      <pt>
        <x>503.80</x>
        <y>1186.26</y>
      </pt>
      <pt>
        <x>568.23</x>
        <y>1187.76</y>
      </pt>
      <pt>
        <x>577.22</x>
        <y>1918.91</y>
      </pt>
      <pt>
        <x>531.47</x>
        <y>1920.00</y>
      </pt>
      <username></username>
    </polygon>
    <attributes></attributes>
  </object>
  <object>
    <name>lane</name>
    <deleted>0</deleted>
    <verified>0</verified>
    <occluded>no</occluded>
    <date></date>
    <id>1</id>
    <parts>
      <hasparts></hasparts>
      <ispartof></ispartof>
    </parts>
    <type>bounding_box</type>
    <polygon>
      <pt>
        <x>533.77</x>
        <y>510.54</y>
      </pt>
      <pt>
        <x>566.73</x>
        <y>510.54</y>
      </pt>
      <pt>
        <x>566.73</x>
        <y>712.81</y>
      </pt>
      <pt>
        <x>533.77</x>
        <y>712.81</y>
      </pt>
      <username></username>
    </polygon>
    <attributes>rotation=0.0</attributes>
  </object>
</annotation>
