<annotation>
  <filename>image_1464.jpg</filename>
  <folder></folder>
  <source>
    <sourceImage></sourceImage>
    <sourceAnnotation>Datumaro</sourceAnnotation>
  </source>
  <imagesize>
    <nrows>1920</nrows>
    <ncols>1080</ncols>
  </imagesize>
  <object>
    <name>lane</name>
    <deleted>0</deleted>
    <verified>0</verified>
    <occluded>no</occluded>
    <date></date>
    <id>0</id>
    <parts>
      <hasparts></hasparts>
      <ispartof></ispartof>
    </parts>
    <type>bounding_box</type>
    <polygon>
      <pt>
        <x>679.82</x>
        <y>71.71</y>
      </pt>
      <pt>
        <x>693.83</x>
        <y>71.71</y>
      </pt>
      <pt>
        <x>693.83</x>
        <y>96.39</y>
      </pt>
      <pt>
        <x>679.82</x>
        <y>96.39</y>
      </pt>
      <username></username>
    </polygon>
    <attributes>rotation=0.0</attributes>
  </object>
  <object>
    <name>lane</name>
    <deleted>0</deleted>
    <verified>0</verified>
    <occluded>no</occluded>
    <date></date>
    <id>1</id>
    <parts>
      <hasparts></hasparts>
      <ispartof></ispartof>
    </parts>
    <type>bounding_box</type>
    <polygon>
      <pt>
        <x>681.82</x>
        <y>35.03</y>
      </pt>
      <pt>
        <x>693.83</x>
        <y>35.03</y>
      </pt>
      <pt>
        <x>693.83</x>
        <y>53.04</y>
      </pt>
      <pt>
        <x>681.82</x>
        <y>53.04</y>
      </pt>
      <username></username>
    </polygon>
    <attributes>rotation=0.0</attributes>
  </object>
  <object>
    <name>lane</name>
    <deleted>0</deleted>
    <verified>0</verified>
    <occluded>no</occluded>
    <date></date>
    <id>2</id>
    <parts>
      <hasparts></hasparts>
      <ispartof></ispartof>
    </parts>
    <type>bounding_box</type>
    <polygon>
      <pt>
        <x>650.75</x>
        <y>372.76</y>
      </pt>
      <pt>
        <x>687.52</x>
        <y>372.76</y>
      </pt>
      <pt>
        <x>687.52</x>
        <y>526.86</y>
      </pt>
      <pt>
        <x>650.75</x>
        <y>526.86</y>
      </pt>
      <username></username>
    </polygon>
    <attributes>rotation=0.0</attributes>
  </object>
  <object>
    <name>lane</name>
    <deleted>0</deleted>
    <verified>0</verified>
    <occluded>no</occluded>
    <date></date>
    <id>3</id>
    <parts>
      <hasparts></hasparts>
      <ispartof></ispartof>
    </parts>
    <type>bounding_box</type>
    <polygon>
      <pt>
        <x>665.63</x>
        <y>209.91</y>
      </pt>
      <pt>
        <x>690.15</x>
        <y>209.91</y>
      </pt>
      <pt>
        <x>690.15</x>
        <y>278.20</y>
      </pt>
      <pt>
        <x>665.63</x>
        <y>278.20</y>
      </pt>
      <username></username>
    </polygon>
    <attributes>rotation=0.0</attributes>
  </object>
  <object>
    <name>lane</name>
    <deleted>0</deleted>
    <verified>0</verified>
    <occluded>no</occluded>
    <date></date>
    <id>4</id>
    <parts>
      <hasparts></hasparts>
      <ispartof></ispartof>
    </parts>
    <type>bounding_box</type>
    <polygon>
      <pt>
        <x>672.64</x>
        <y>122.36</y>
      </pt>
      <pt>
        <x>691.90</x>
        <y>122.36</y>
      </pt>
      <pt>
        <x>691.90</x>
        <y>162.63</y>
      </pt>
      <pt>
        <x>672.64</x>
        <y>162.63</y>
      </pt>
      <username></username>
    </polygon>
    <attributes>rotation=0.0</attributes>
  </object>
  <object>
    <name>lane</name>
    <deleted>0</deleted>
    <verified>0</verified>
    <occluded>no</occluded>
    <date></date>
    <id>5</id>
    <parts>
      <hasparts></hasparts>
      <ispartof></ispartof>
    </parts>
    <type>bounding_box</type>
    <polygon>
      <pt>
        <x>682.49</x>
        <y>4.36</y>
      </pt>
      <pt>
        <x>694.49</x>
        <y>4.36</y>
      </pt>
      <pt>
        <x>694.49</x>
        <y>20.36</y>
      </pt>
      <pt>
        <x>682.49</x>
        <y>20.36</y>
      </pt>
      <username></username>
    </polygon>
    <attributes>rotation=0.0</attributes>
  </object>
  <object>
    <name>lane</name>
    <deleted>0</deleted>
    <verified>0</verified>
    <occluded>no</occluded>
    <date></date>
    <id>6</id>
    <parts>
      <hasparts></hasparts>
      <ispartof></ispartof>
    </parts>
    <polygon>
      <pt>
        <x>622.88</x>
        <y>805.07</y>
      </pt>
      <pt>
        <x>678.80</x>
        <y>803.60</y>
      </pt>
      <pt>
        <x>686.16</x>
        <y>1421.70</y>
      </pt>
      <pt>
        <x>586.09</x>
        <y>1412.87</y>
      </pt>
      <username></username>
    </polygon>
    <attributes></attributes>
  </object>
</annotation>
