<annotation>
  <filename>image_69.jpg</filename>
  <folder></folder>
  <source>
    <sourceImage></sourceImage>
    <sourceAnnotation>Datumaro</sourceAnnotation>
  </source>
  <imagesize>
    <nrows>1920</nrows>
    <ncols>1080</ncols>
  </imagesize>
  <object>
    <name>lane</name>
    <deleted>0</deleted>
    <verified>0</verified>
    <occluded>no</occluded>
    <date></date>
    <id>0</id>
    <parts>
      <hasparts></hasparts>
      <ispartof></ispartof>
    </parts>
    <polygon>
      <pt>
        <x>482.70</x>
        <y>931.20</y>
      </pt>
      <pt>
        <x>513.86</x>
        <y>929.82</y>
      </pt>
      <pt>
        <x>543.60</x>
        <y>1418.30</y>
      </pt>
      <pt>
        <x>478.46</x>
        <y>1425.34</y>
      </pt>
      <username></username>
    </polygon>
    <attributes></attributes>
  </object>
  <object>
    <name>lane</name>
    <deleted>0</deleted>
    <verified>0</verified>
    <occluded>no</occluded>
    <date></date>
    <id>1</id>
    <parts>
      <hasparts></hasparts>
      <ispartof></ispartof>
    </parts>
    <polygon>
      <pt>
        <x>302.38</x>
        <y>475.54</y>
      </pt>
      <pt>
        <x>305.70</x>
        <y>474.60</y>
      </pt>
      <pt>
        <x>324.10</x>
        <y>482.30</y>
      </pt>
      <pt>
        <x>318.52</x>
        <y>483.45</y>
      </pt>
      <username></username>
    </polygon>
    <attributes></attributes>
  </object>
  <object>
    <name>lane</name>
    <deleted>0</deleted>
    <verified>0</verified>
    <occluded>no</occluded>
    <date></date>
    <id>2</id>
    <parts>
      <hasparts></hasparts>
      <ispartof></ispartof>
    </parts>
    <polygon>
      <pt>
        <x>329.10</x>
        <y>489.40</y>
      </pt>
      <pt>
        <x>335.10</x>
        <y>489.20</y>
      </pt>
      <pt>
        <x>351.30</x>
        <y>499.50</y>
      </pt>
      <pt>
        <x>345.06</x>
        <y>499.90</y>
      </pt>
      <username></username>
    </polygon>
    <attributes></attributes>
  </object>
  <object>
    <name>lane</name>
    <deleted>0</deleted>
    <verified>0</verified>
    <occluded>no</occluded>
    <date></date>
    <id>3</id>
    <parts>
      <hasparts></hasparts>
      <ispartof></ispartof>
    </parts>
    <polygon>
      <pt>
        <x>359.50</x>
        <y>509.40</y>
      </pt>
      <pt>
        <x>365.00</x>
        <y>508.60</y>
      </pt>
      <pt>
        <x>383.40</x>
        <y>522.60</y>
      </pt>
      <pt>
        <x>377.50</x>
        <y>524.40</y>
      </pt>
      <username></username>
    </polygon>
    <attributes></attributes>
  </object>
  <object>
    <name>lane</name>
    <deleted>0</deleted>
    <verified>0</verified>
    <occluded>no</occluded>
    <date></date>
    <id>4</id>
    <parts>
      <hasparts></hasparts>
      <ispartof></ispartof>
    </parts>
    <polygon>
      <pt>
        <x>392.90</x>
        <y>538.10</y>
      </pt>
      <pt>
        <x>402.00</x>
        <y>538.50</y>
      </pt>
      <pt>
        <x>426.20</x>
        <y>563.30</y>
      </pt>
      <pt>
        <x>417.90</x>
        <y>564.80</y>
      </pt>
      <pt>
        <x>404.50</x>
        <y>550.90</y>
      </pt>
      <username></username>
    </polygon>
    <attributes></attributes>
  </object>
  <object>
    <name>lane</name>
    <deleted>0</deleted>
    <verified>0</verified>
    <occluded>no</occluded>
    <date></date>
    <id>5</id>
    <parts>
      <hasparts></hasparts>
      <ispartof></ispartof>
    </parts>
    <polygon>
      <pt>
        <x>436.00</x>
        <y>592.90</y>
      </pt>
      <pt>
        <x>448.30</x>
        <y>592.20</y>
      </pt>
      <pt>
        <x>489.80</x>
        <y>642.50</y>
      </pt>
      <pt>
        <x>475.10</x>
        <y>642.90</y>
      </pt>
      <username></username>
    </polygon>
    <attributes></attributes>
  </object>
  <object>
    <name>lane</name>
    <deleted>0</deleted>
    <verified>0</verified>
    <occluded>no</occluded>
    <date></date>
    <id>6</id>
    <parts>
      <hasparts></hasparts>
      <ispartof></ispartof>
    </parts>
    <polygon>
      <pt>
        <x>471.85</x>
        <y>665.01</y>
      </pt>
      <pt>
        <x>490.05</x>
        <y>665.01</y>
      </pt>
      <pt>
        <x>505.50</x>
        <y>778.80</y>
      </pt>
      <pt>
        <x>484.40</x>
        <y>780.50</y>
      </pt>
      <username></username>
    </polygon>
    <attributes></attributes>
  </object>
  <object>
    <name>lane</name>
    <deleted>0</deleted>
    <verified>0</verified>
    <occluded>no</occluded>
    <date></date>
    <id>7</id>
    <parts>
      <hasparts></hasparts>
      <ispartof></ispartof>
    </parts>
    <polygon>
      <pt>
        <x>529.30</x>
        <y>708.30</y>
      </pt>
      <pt>
        <x>544.20</x>
        <y>705.60</y>
      </pt>
      <pt>
        <x>679.47</x>
        <y>832.61</y>
      </pt>
      <pt>
        <x>653.52</x>
        <y>838.76</y>
      </pt>
      <username></username>
    </polygon>
    <attributes></attributes>
  </object>
  <object>
    <name>lane</name>
    <deleted>0</deleted>
    <verified>0</verified>
    <occluded>no</occluded>
    <date></date>
    <id>8</id>
    <parts>
      <hasparts></hasparts>
      <ispartof></ispartof>
    </parts>
    <polygon>
      <pt>
        <x>245.54</x>
        <y>458.73</y>
      </pt>
      <pt>
        <x>247.82</x>
        <y>457.65</y>
      </pt>
      <pt>
        <x>263.90</x>
        <y>461.97</y>
      </pt>
      <pt>
        <x>261.98</x>
        <y>462.93</y>
      </pt>
      <username></username>
    </polygon>
    <attributes></attributes>
  </object>
  <object>
    <name>lane</name>
    <deleted>0</deleted>
    <verified>0</verified>
    <occluded>no</occluded>
    <date></date>
    <id>9</id>
    <parts>
      <hasparts></hasparts>
      <ispartof></ispartof>
    </parts>
    <polygon>
      <pt>
        <x>275.18</x>
        <y>465.93</y>
      </pt>
      <pt>
        <x>277.22</x>
        <y>464.73</y>
      </pt>
      <pt>
        <x>293.90</x>
        <y>470.61</y>
      </pt>
      <pt>
        <x>289.22</x>
        <y>471.21</y>
      </pt>
      <username></username>
    </polygon>
    <attributes></attributes>
  </object>
  <object>
    <name>lane</name>
    <deleted>0</deleted>
    <verified>0</verified>
    <occluded>no</occluded>
    <date></date>
    <id>10</id>
    <parts>
      <hasparts></hasparts>
      <ispartof></ispartof>
    </parts>
    <polygon>
      <pt>
        <x>217.00</x>
        <y>454.12</y>
      </pt>
      <pt>
        <x>220.24</x>
        <y>452.92</y>
      </pt>
      <pt>
        <x>230.92</x>
        <y>454.96</y>
      </pt>
      <pt>
        <x>230.68</x>
        <y>455.80</y>
      </pt>
      <username></username>
    </polygon>
    <attributes></attributes>
  </object>
</annotation>
