<annotation>
  <filename>image_1015.jpg</filename>
  <folder></folder>
  <source>
    <sourceImage></sourceImage>
    <sourceAnnotation>Datumaro</sourceAnnotation>
  </source>
  <imagesize>
    <nrows>1920</nrows>
    <ncols>1080</ncols>
  </imagesize>
  <object>
    <name>lane</name>
    <deleted>0</deleted>
    <verified>0</verified>
    <occluded>no</occluded>
    <date></date>
    <id>0</id>
    <parts>
      <hasparts></hasparts>
      <ispartof></ispartof>
    </parts>
    <polygon>
      <pt>
        <x>259.83</x>
        <y>370.58</y>
      </pt>
      <pt>
        <x>283.17</x>
        <y>331.91</y>
      </pt>
      <pt>
        <x>310.90</x>
        <y>312.21</y>
      </pt>
      <pt>
        <x>332.06</x>
        <y>316.59</y>
      </pt>
      <pt>
        <x>301.41</x>
        <y>335.56</y>
      </pt>
      <pt>
        <x>285.36</x>
        <y>370.58</y>
      </pt>
      <username></username>
    </polygon>
    <attributes></attributes>
  </object>
  <object>
    <name>lane</name>
    <deleted>0</deleted>
    <verified>0</verified>
    <occluded>no</occluded>
    <date></date>
    <id>1</id>
    <parts>
      <hasparts></hasparts>
      <ispartof></ispartof>
    </parts>
    <polygon>
      <pt>
        <x>62.48</x>
        <y>223.69</y>
      </pt>
      <pt>
        <x>75.92</x>
        <y>222.51</y>
      </pt>
      <pt>
        <x>129.26</x>
        <y>260.83</y>
      </pt>
      <pt>
        <x>108.71</x>
        <y>262.41</y>
      </pt>
      <username></username>
    </polygon>
    <attributes></attributes>
  </object>
  <object>
    <name>lane</name>
    <deleted>0</deleted>
    <verified>0</verified>
    <occluded>no</occluded>
    <date></date>
    <id>2</id>
    <parts>
      <hasparts></hasparts>
      <ispartof></ispartof>
    </parts>
    <polygon>
      <pt>
        <x>209.48</x>
        <y>372.77</y>
      </pt>
      <pt>
        <x>235.75</x>
        <y>366.93</y>
      </pt>
      <pt>
        <x>201.46</x>
        <y>320.97</y>
      </pt>
      <pt>
        <x>180.30</x>
        <y>298.35</y>
      </pt>
      <pt>
        <x>160.60</x>
        <y>302.00</y>
      </pt>
      <pt>
        <x>187.59</x>
        <y>334.83</y>
      </pt>
      <username></username>
    </polygon>
    <attributes></attributes>
  </object>
  <object>
    <name>lane</name>
    <deleted>0</deleted>
    <verified>0</verified>
    <occluded>no</occluded>
    <date></date>
    <id>3</id>
    <parts>
      <hasparts></hasparts>
      <ispartof></ispartof>
    </parts>
    <polygon>
      <pt>
        <x>371.15</x>
        <y>285.66</y>
      </pt>
      <pt>
        <x>395.81</x>
        <y>288.51</y>
      </pt>
      <pt>
        <x>472.14</x>
        <y>268.59</y>
      </pt>
      <pt>
        <x>555.12</x>
        <y>254.37</y>
      </pt>
      <pt>
        <x>537.10</x>
        <y>251.05</y>
      </pt>
      <pt>
        <x>453.65</x>
        <y>264.33</y>
      </pt>
      <username></username>
    </polygon>
    <attributes></attributes>
  </object>
  <object>
    <name>lane</name>
    <deleted>0</deleted>
    <verified>0</verified>
    <occluded>no</occluded>
    <date></date>
    <id>4</id>
    <parts>
      <hasparts></hasparts>
      <ispartof></ispartof>
    </parts>
    <polygon>
      <pt>
        <x>261.10</x>
        <y>602.77</y>
      </pt>
      <pt>
        <x>305.23</x>
        <y>602.77</y>
      </pt>
      <pt>
        <x>290.10</x>
        <y>510.73</y>
      </pt>
      <pt>
        <x>281.27</x>
        <y>460.30</y>
      </pt>
      <pt>
        <x>251.01</x>
        <y>456.52</y>
      </pt>
      <pt>
        <x>257.32</x>
        <y>504.43</y>
      </pt>
      <username></username>
    </polygon>
    <attributes></attributes>
  </object>
  <object>
    <name>lane</name>
    <deleted>0</deleted>
    <verified>0</verified>
    <occluded>no</occluded>
    <date></date>
    <id>5</id>
    <parts>
      <hasparts></hasparts>
      <ispartof></ispartof>
    </parts>
    <polygon>
      <pt>
        <x>304.95</x>
        <y>1433.05</y>
      </pt>
      <pt>
        <x>396.45</x>
        <y>1422.16</y>
      </pt>
      <pt>
        <x>363.77</x>
        <y>1080.11</y>
      </pt>
      <pt>
        <x>341.98</x>
        <y>855.71</y>
      </pt>
      <pt>
        <x>283.16</x>
        <y>849.17</y>
      </pt>
      <pt>
        <x>294.05</x>
        <y>1093.18</y>
      </pt>
      <username></username>
    </polygon>
    <attributes></attributes>
  </object>
</annotation>
