<annotation>
  <filename>image_1639.jpg</filename>
  <folder></folder>
  <source>
    <sourceImage></sourceImage>
    <sourceAnnotation>Datumaro</sourceAnnotation>
  </source>
  <imagesize>
    <nrows>1920</nrows>
    <ncols>1080</ncols>
  </imagesize>
  <object>
    <name>lane</name>
    <deleted>0</deleted>
    <verified>0</verified>
    <occluded>no</occluded>
    <date></date>
    <id>0</id>
    <parts>
      <hasparts></hasparts>
      <ispartof></ispartof>
    </parts>
    <polygon>
      <pt>
        <x>522.22</x>
        <y>622.56</y>
      </pt>
      <pt>
        <x>541.48</x>
        <y>622.56</y>
      </pt>
      <pt>
        <x>542.36</x>
        <y>568.27</y>
      </pt>
      <pt>
        <x>526.60</x>
        <y>567.40</y>
      </pt>
      <username></username>
    </polygon>
    <attributes></attributes>
  </object>
  <object>
    <name>lane</name>
    <deleted>0</deleted>
    <verified>0</verified>
    <occluded>no</occluded>
    <date></date>
    <id>1</id>
    <parts>
      <hasparts></hasparts>
      <ispartof></ispartof>
    </parts>
    <polygon>
      <pt>
        <x>503.83</x>
        <y>847.57</y>
      </pt>
      <pt>
        <x>538.85</x>
        <y>850.20</y>
      </pt>
      <pt>
        <x>537.98</x>
        <y>702.23</y>
      </pt>
      <pt>
        <x>516.09</x>
        <y>699.61</y>
      </pt>
      <username></username>
    </polygon>
    <attributes></attributes>
  </object>
  <object>
    <name>lane</name>
    <deleted>0</deleted>
    <verified>0</verified>
    <occluded>no</occluded>
    <date></date>
    <id>2</id>
    <parts>
      <hasparts></hasparts>
      <ispartof></ispartof>
    </parts>
    <polygon>
      <pt>
        <x>411.09</x>
        <y>1915.67</y>
      </pt>
      <pt>
        <x>511.31</x>
        <y>1917.84</y>
      </pt>
      <pt>
        <x>530.92</x>
        <y>1198.89</y>
      </pt>
      <pt>
        <x>467.73</x>
        <y>1192.35</y>
      </pt>
      <username></username>
    </polygon>
    <attributes></attributes>
  </object>
  <object>
    <name>lane</name>
    <deleted>0</deleted>
    <verified>0</verified>
    <occluded>no</occluded>
    <date></date>
    <id>3</id>
    <parts>
      <hasparts></hasparts>
      <ispartof></ispartof>
    </parts>
    <polygon>
      <pt>
        <x>556.16</x>
        <y>423.93</y>
      </pt>
      <pt>
        <x>557.22</x>
        <y>425.69</y>
      </pt>
      <pt>
        <x>593.81</x>
        <y>417.60</y>
      </pt>
      <pt>
        <x>590.64</x>
        <y>416.89</y>
      </pt>
      <username></username>
    </polygon>
    <attributes></attributes>
  </object>
  <object>
    <name>lane</name>
    <deleted>0</deleted>
    <verified>0</verified>
    <occluded>no</occluded>
    <date></date>
    <id>4</id>
    <parts>
      <hasparts></hasparts>
      <ispartof></ispartof>
    </parts>
    <type>bounding_box</type>
    <polygon>
      <pt>
        <x>536.63</x>
        <y>467.65</y>
      </pt>
      <pt>
        <x>544.23</x>
        <y>467.65</y>
      </pt>
      <pt>
        <x>544.23</x>
        <y>485.07</y>
      </pt>
      <pt>
        <x>536.63</x>
        <y>485.07</y>
      </pt>
      <username></username>
    </polygon>
    <attributes>rotation=0.0</attributes>
  </object>
  <object>
    <name>lane</name>
    <deleted>0</deleted>
    <verified>0</verified>
    <occluded>no</occluded>
    <date></date>
    <id>5</id>
    <parts>
      <hasparts></hasparts>
      <ispartof></ispartof>
    </parts>
    <polygon>
      <pt>
        <x>471.01</x>
        <y>419.71</y>
      </pt>
      <pt>
        <x>474.18</x>
        <y>418.30</y>
      </pt>
      <pt>
        <x>518.16</x>
        <y>423.23</y>
      </pt>
      <pt>
        <x>515.70</x>
        <y>425.69</y>
      </pt>
      <username></username>
    </polygon>
    <attributes></attributes>
  </object>
  <object>
    <name>lane</name>
    <deleted>0</deleted>
    <verified>0</verified>
    <occluded>no</occluded>
    <date></date>
    <id>6</id>
    <parts>
      <hasparts></hasparts>
      <ispartof></ispartof>
    </parts>
    <type>bounding_box</type>
    <polygon>
      <pt>
        <x>538.42</x>
        <y>445.31</y>
      </pt>
      <pt>
        <x>545.12</x>
        <y>445.31</y>
      </pt>
      <pt>
        <x>545.12</x>
        <y>455.81</y>
      </pt>
      <pt>
        <x>538.42</x>
        <y>455.81</y>
      </pt>
      <username></username>
    </polygon>
    <attributes>rotation=0.0</attributes>
  </object>
  <object>
    <name>lane</name>
    <deleted>0</deleted>
    <verified>0</verified>
    <occluded>no</occluded>
    <date></date>
    <id>7</id>
    <parts>
      <hasparts></hasparts>
      <ispartof></ispartof>
    </parts>
    <type>bounding_box</type>
    <polygon>
      <pt>
        <x>539.31</x>
        <y>429.23</y>
      </pt>
      <pt>
        <x>546.46</x>
        <y>429.23</y>
      </pt>
      <pt>
        <x>546.46</x>
        <y>437.27</y>
      </pt>
      <pt>
        <x>539.31</x>
        <y>437.27</y>
      </pt>
      <username></username>
    </polygon>
    <attributes>rotation=0.0</attributes>
  </object>
  <object>
    <name>lane</name>
    <deleted>0</deleted>
    <verified>0</verified>
    <occluded>no</occluded>
    <date></date>
    <id>8</id>
    <parts>
      <hasparts></hasparts>
      <ispartof></ispartof>
    </parts>
    <type>bounding_box</type>
    <polygon>
      <pt>
        <x>533.73</x>
        <y>503.83</y>
      </pt>
      <pt>
        <x>543.11</x>
        <y>503.83</y>
      </pt>
      <pt>
        <x>543.11</x>
        <y>532.41</y>
      </pt>
      <pt>
        <x>533.73</x>
        <y>532.41</y>
      </pt>
      <username></username>
    </polygon>
    <attributes>rotation=0.0</attributes>
  </object>
</annotation>
