<annotation>
  <filename>image_2724.jpg</filename>
  <folder></folder>
  <source>
    <sourceImage></sourceImage>
    <sourceAnnotation>Datumaro</sourceAnnotation>
  </source>
  <imagesize>
    <nrows>1920</nrows>
    <ncols>1080</ncols>
  </imagesize>
  <object>
    <name>lane</name>
    <deleted>0</deleted>
    <verified>0</verified>
    <occluded>no</occluded>
    <date></date>
    <id>0</id>
    <parts>
      <hasparts></hasparts>
      <ispartof></ispartof>
    </parts>
    <polygon>
      <pt>
        <x>553.60</x>
        <y>492.88</y>
      </pt>
      <pt>
        <x>590.75</x>
        <y>452.35</y>
      </pt>
      <pt>
        <x>603.42</x>
        <y>452.35</y>
      </pt>
      <pt>
        <x>565.84</x>
        <y>495.41</y>
      </pt>
      <username></username>
    </polygon>
    <attributes></attributes>
  </object>
  <object>
    <name>lane</name>
    <deleted>0</deleted>
    <verified>0</verified>
    <occluded>no</occluded>
    <date></date>
    <id>1</id>
    <parts>
      <hasparts></hasparts>
      <ispartof></ispartof>
    </parts>
    <polygon>
      <pt>
        <x>752.89</x>
        <y>350.16</y>
      </pt>
      <pt>
        <x>757.54</x>
        <y>353.12</y>
      </pt>
      <pt>
        <x>777.38</x>
        <y>345.94</y>
      </pt>
      <pt>
        <x>770.63</x>
        <y>345.10</y>
      </pt>
      <username></username>
    </polygon>
    <attributes></attributes>
  </object>
  <object>
    <name>lane</name>
    <deleted>0</deleted>
    <verified>0</verified>
    <occluded>no</occluded>
    <date></date>
    <id>2</id>
    <parts>
      <hasparts></hasparts>
      <ispartof></ispartof>
    </parts>
    <polygon>
      <pt>
        <x>715.31</x>
        <y>365.79</y>
      </pt>
      <pt>
        <x>718.69</x>
        <y>366.63</y>
      </pt>
      <pt>
        <x>738.12</x>
        <y>359.03</y>
      </pt>
      <pt>
        <x>734.74</x>
        <y>358.61</y>
      </pt>
      <username></username>
    </polygon>
    <attributes></attributes>
  </object>
  <object>
    <name>lane</name>
    <deleted>0</deleted>
    <verified>0</verified>
    <occluded>no</occluded>
    <date></date>
    <id>3</id>
    <parts>
      <hasparts></hasparts>
      <ispartof></ispartof>
    </parts>
    <polygon>
      <pt>
        <x>670.98</x>
        <y>388.17</y>
      </pt>
      <pt>
        <x>676.47</x>
        <y>389.85</y>
      </pt>
      <pt>
        <x>700.54</x>
        <y>376.76</y>
      </pt>
      <pt>
        <x>693.36</x>
        <y>375.50</y>
      </pt>
      <username></username>
    </polygon>
    <attributes></attributes>
  </object>
  <object>
    <name>lane</name>
    <deleted>0</deleted>
    <verified>0</verified>
    <occluded>no</occluded>
    <date></date>
    <id>4</id>
    <parts>
      <hasparts></hasparts>
      <ispartof></ispartof>
    </parts>
    <polygon>
      <pt>
        <x>619.04</x>
        <y>426.17</y>
      </pt>
      <pt>
        <x>628.76</x>
        <y>426.59</y>
      </pt>
      <pt>
        <x>654.09</x>
        <y>405.48</y>
      </pt>
      <pt>
        <x>646.49</x>
        <y>405.05</y>
      </pt>
      <username></username>
    </polygon>
    <attributes></attributes>
  </object>
  <object>
    <name>lane</name>
    <deleted>0</deleted>
    <verified>0</verified>
    <occluded>no</occluded>
    <date></date>
    <id>5</id>
    <parts>
      <hasparts></hasparts>
      <ispartof></ispartof>
    </parts>
    <polygon>
      <pt>
        <x>525.31</x>
        <y>548.62</y>
      </pt>
      <pt>
        <x>546.84</x>
        <y>549.46</y>
      </pt>
      <pt>
        <x>531.64</x>
        <y>652.91</y>
      </pt>
      <pt>
        <x>506.73</x>
        <y>651.64</y>
      </pt>
      <username></username>
    </polygon>
    <attributes></attributes>
  </object>
  <object>
    <name>lane</name>
    <deleted>0</deleted>
    <verified>0</verified>
    <occluded>no</occluded>
    <date></date>
    <id>6</id>
    <parts>
      <hasparts></hasparts>
      <ispartof></ispartof>
    </parts>
    <polygon>
      <pt>
        <x>483.44</x>
        <y>843.34</y>
      </pt>
      <pt>
        <x>524.85</x>
        <y>843.34</y>
      </pt>
      <pt>
        <x>502.26</x>
        <y>1396.75</y>
      </pt>
      <pt>
        <x>430.73</x>
        <y>1396.75</y>
      </pt>
      <username></username>
    </polygon>
    <attributes></attributes>
  </object>
</annotation>
