<annotation>
  <filename>image_2382.jpg</filename>
  <folder></folder>
  <source>
    <sourceImage></sourceImage>
    <sourceAnnotation>Datumaro</sourceAnnotation>
  </source>
  <imagesize>
    <nrows>1920</nrows>
    <ncols>1080</ncols>
  </imagesize>
  <object>
    <name>lane</name>
    <deleted>0</deleted>
    <verified>0</verified>
    <occluded>no</occluded>
    <date></date>
    <id>0</id>
    <parts>
      <hasparts></hasparts>
      <ispartof></ispartof>
    </parts>
    <type>bounding_box</type>
    <polygon>
      <pt>
        <x>626.91</x>
        <y>57.81</y>
      </pt>
      <pt>
        <x>636.03</x>
        <y>57.81</y>
      </pt>
      <pt>
        <x>636.03</x>
        <y>79.69</y>
      </pt>
      <pt>
        <x>626.91</x>
        <y>79.69</y>
      </pt>
      <username></username>
    </polygon>
    <attributes>rotation=0.0</attributes>
  </object>
  <object>
    <name>lane</name>
    <deleted>0</deleted>
    <verified>0</verified>
    <occluded>no</occluded>
    <date></date>
    <id>1</id>
    <parts>
      <hasparts></hasparts>
      <ispartof></ispartof>
    </parts>
    <polygon>
      <pt>
        <x>372.54</x>
        <y>1917.12</y>
      </pt>
      <pt>
        <x>490.00</x>
        <y>950.35</y>
      </pt>
      <pt>
        <x>557.76</x>
        <y>950.35</y>
      </pt>
      <pt>
        <x>486.60</x>
        <y>1920.00</y>
      </pt>
      <pt>
        <x>390.52</x>
        <y>1920.00</y>
      </pt>
      <username></username>
    </polygon>
    <attributes></attributes>
  </object>
  <object>
    <name>lane</name>
    <deleted>0</deleted>
    <verified>0</verified>
    <occluded>no</occluded>
    <date></date>
    <id>2</id>
    <parts>
      <hasparts></hasparts>
      <ispartof></ispartof>
    </parts>
    <polygon>
      <pt>
        <x>585.34</x>
        <y>317.58</y>
      </pt>
      <pt>
        <x>567.91</x>
        <y>511.48</y>
      </pt>
      <pt>
        <x>598.41</x>
        <y>511.48</y>
      </pt>
      <pt>
        <x>622.37</x>
        <y>324.12</y>
      </pt>
      <username></username>
    </polygon>
    <attributes></attributes>
  </object>
  <object>
    <name>lane</name>
    <deleted>0</deleted>
    <verified>0</verified>
    <occluded>no</occluded>
    <date></date>
    <id>3</id>
    <parts>
      <hasparts></hasparts>
      <ispartof></ispartof>
    </parts>
    <polygon>
      <pt>
        <x>612.94</x>
        <y>170.26</y>
      </pt>
      <pt>
        <x>603.31</x>
        <y>232.42</y>
      </pt>
      <pt>
        <x>625.20</x>
        <y>233.30</y>
      </pt>
      <pt>
        <x>632.20</x>
        <y>172.01</y>
      </pt>
      <username></username>
    </polygon>
    <attributes></attributes>
  </object>
  <object>
    <name>lane</name>
    <deleted>0</deleted>
    <verified>0</verified>
    <occluded>no</occluded>
    <date></date>
    <id>4</id>
    <parts>
      <hasparts></hasparts>
      <ispartof></ispartof>
    </parts>
    <type>bounding_box</type>
    <polygon>
      <pt>
        <x>631.23</x>
        <y>10.54</y>
      </pt>
      <pt>
        <x>640.05</x>
        <y>10.54</y>
      </pt>
      <pt>
        <x>640.05</x>
        <y>18.10</y>
      </pt>
      <pt>
        <x>631.23</x>
        <y>18.10</y>
      </pt>
      <username></username>
    </polygon>
    <attributes>rotation=0.0</attributes>
  </object>
  <object>
    <name>lane</name>
    <deleted>0</deleted>
    <verified>0</verified>
    <occluded>no</occluded>
    <date></date>
    <id>5</id>
    <parts>
      <hasparts></hasparts>
      <ispartof></ispartof>
    </parts>
    <type>bounding_box</type>
    <polygon>
      <pt>
        <x>622.23</x>
        <y>104.38</y>
      </pt>
      <pt>
        <x>631.96</x>
        <y>104.38</y>
      </pt>
      <pt>
        <x>631.96</x>
        <y>137.82</y>
      </pt>
      <pt>
        <x>622.23</x>
        <y>137.82</y>
      </pt>
      <username></username>
    </polygon>
    <attributes>rotation=0.0</attributes>
  </object>
  <object>
    <name>lane</name>
    <deleted>0</deleted>
    <verified>0</verified>
    <occluded>no</occluded>
    <date></date>
    <id>6</id>
    <parts>
      <hasparts></hasparts>
      <ispartof></ispartof>
    </parts>
    <type>bounding_box</type>
    <polygon>
      <pt>
        <x>631.85</x>
        <y>29.47</y>
      </pt>
      <pt>
        <x>638.86</x>
        <y>29.47</y>
      </pt>
      <pt>
        <x>638.86</x>
        <y>43.48</y>
      </pt>
      <pt>
        <x>631.85</x>
        <y>43.48</y>
      </pt>
      <username></username>
    </polygon>
    <attributes>rotation=0.0</attributes>
  </object>
</annotation>
