<annotation>
  <filename>image_2409.jpg</filename>
  <folder></folder>
  <source>
    <sourceImage></sourceImage>
    <sourceAnnotation>Datumaro</sourceAnnotation>
  </source>
  <imagesize>
    <nrows>1920</nrows>
    <ncols>1080</ncols>
  </imagesize>
  <object>
    <name>lane</name>
    <deleted>0</deleted>
    <verified>0</verified>
    <occluded>no</occluded>
    <date></date>
    <id>0</id>
    <parts>
      <hasparts></hasparts>
      <ispartof></ispartof>
    </parts>
    <polygon>
      <pt>
        <x>411.00</x>
        <y>1905.90</y>
      </pt>
      <pt>
        <x>462.21</x>
        <y>1214.92</y>
      </pt>
      <pt>
        <x>533.01</x>
        <y>1214.92</y>
      </pt>
      <pt>
        <x>527.35</x>
        <y>1917.22</y>
      </pt>
      <username></username>
    </polygon>
    <attributes></attributes>
  </object>
  <object>
    <name>lane</name>
    <deleted>0</deleted>
    <verified>0</verified>
    <occluded>no</occluded>
    <date></date>
    <id>1</id>
    <parts>
      <hasparts></hasparts>
      <ispartof></ispartof>
    </parts>
    <type>bounding_box</type>
    <polygon>
      <pt>
        <x>525.70</x>
        <y>544.00</y>
      </pt>
      <pt>
        <x>555.20</x>
        <y>544.00</y>
      </pt>
      <pt>
        <x>555.20</x>
        <y>739.70</y>
      </pt>
      <pt>
        <x>525.70</x>
        <y>739.70</y>
      </pt>
      <username></username>
    </polygon>
    <attributes>rotation=0.0</attributes>
  </object>
  <object>
    <name>lane</name>
    <deleted>0</deleted>
    <verified>0</verified>
    <occluded>no</occluded>
    <date></date>
    <id>2</id>
    <parts>
      <hasparts></hasparts>
      <ispartof></ispartof>
    </parts>
    <type>bounding_box</type>
    <polygon>
      <pt>
        <x>550.27</x>
        <y>315.59</y>
      </pt>
      <pt>
        <x>564.00</x>
        <y>315.59</y>
      </pt>
      <pt>
        <x>564.00</x>
        <y>350.17</y>
      </pt>
      <pt>
        <x>550.27</x>
        <y>350.17</y>
      </pt>
      <username></username>
    </polygon>
    <attributes>rotation=0.0</attributes>
  </object>
  <object>
    <name>lane</name>
    <deleted>0</deleted>
    <verified>0</verified>
    <occluded>no</occluded>
    <date></date>
    <id>3</id>
    <parts>
      <hasparts></hasparts>
      <ispartof></ispartof>
    </parts>
    <type>bounding_box</type>
    <polygon>
      <pt>
        <x>545.33</x>
        <y>387.49</y>
      </pt>
      <pt>
        <x>561.25</x>
        <y>387.49</y>
      </pt>
      <pt>
        <x>561.25</x>
        <y>450.61</y>
      </pt>
      <pt>
        <x>545.33</x>
        <y>450.61</y>
      </pt>
      <username></username>
    </polygon>
    <attributes>rotation=0.0</attributes>
  </object>
</annotation>
