<annotation>
  <filename>image_285.jpg</filename>
  <folder></folder>
  <source>
    <sourceImage></sourceImage>
    <sourceAnnotation>Datumaro</sourceAnnotation>
  </source>
  <imagesize>
    <nrows>1920</nrows>
    <ncols>1080</ncols>
  </imagesize>
  <object>
    <name>lane</name>
    <deleted>0</deleted>
    <verified>0</verified>
    <occluded>no</occluded>
    <date></date>
    <id>0</id>
    <parts>
      <hasparts></hasparts>
      <ispartof></ispartof>
    </parts>
    <polygon>
      <pt>
        <x>741.83</x>
        <y>335.64</y>
      </pt>
      <pt>
        <x>747.75</x>
        <y>329.06</y>
      </pt>
      <pt>
        <x>753.02</x>
        <y>329.39</y>
      </pt>
      <pt>
        <x>748.08</x>
        <y>336.63</y>
      </pt>
      <username></username>
    </polygon>
    <attributes></attributes>
  </object>
  <object>
    <name>lane</name>
    <deleted>0</deleted>
    <verified>0</verified>
    <occluded>no</occluded>
    <date></date>
    <id>1</id>
    <parts>
      <hasparts></hasparts>
      <ispartof></ispartof>
    </parts>
    <polygon>
      <pt>
        <x>471.38</x>
        <y>1290.17</y>
      </pt>
      <pt>
        <x>541.68</x>
        <y>1920.00</y>
      </pt>
      <pt>
        <x>586.66</x>
        <y>1920.00</y>
      </pt>
      <pt>
        <x>638.72</x>
        <y>1918.42</y>
      </pt>
      <pt>
        <x>527.16</x>
        <y>1290.17</y>
      </pt>
      <username></username>
    </polygon>
    <attributes></attributes>
  </object>
  <object>
    <name>lane</name>
    <deleted>0</deleted>
    <verified>0</verified>
    <occluded>no</occluded>
    <date></date>
    <id>2</id>
    <parts>
      <hasparts></hasparts>
      <ispartof></ispartof>
    </parts>
    <polygon>
      <pt>
        <x>415.34</x>
        <y>750.88</y>
      </pt>
      <pt>
        <x>440.82</x>
        <y>754.28</y>
      </pt>
      <pt>
        <x>554.65</x>
        <y>601.37</y>
      </pt>
      <pt>
        <x>532.57</x>
        <y>603.07</y>
      </pt>
      <username></username>
    </polygon>
    <attributes></attributes>
  </object>
  <object>
    <name>lane</name>
    <deleted>0</deleted>
    <verified>0</verified>
    <occluded>no</occluded>
    <date></date>
    <id>3</id>
    <parts>
      <hasparts></hasparts>
      <ispartof></ispartof>
    </parts>
    <polygon>
      <pt>
        <x>642.01</x>
        <y>472.51</y>
      </pt>
      <pt>
        <x>630.21</x>
        <y>472.51</y>
      </pt>
      <pt>
        <x>657.74</x>
        <y>434.16</y>
      </pt>
      <pt>
        <x>668.56</x>
        <y>434.16</y>
      </pt>
      <username></username>
    </polygon>
    <attributes></attributes>
  </object>
  <object>
    <name>lane</name>
    <deleted>0</deleted>
    <verified>0</verified>
    <occluded>no</occluded>
    <date></date>
    <id>4</id>
    <parts>
      <hasparts></hasparts>
      <ispartof></ispartof>
    </parts>
    <polygon>
      <pt>
        <x>684.94</x>
        <y>407.28</y>
      </pt>
      <pt>
        <x>692.34</x>
        <y>406.71</y>
      </pt>
      <pt>
        <x>706.56</x>
        <y>389.64</y>
      </pt>
      <pt>
        <x>698.03</x>
        <y>386.80</y>
      </pt>
      <username></username>
    </polygon>
    <attributes></attributes>
  </object>
  <object>
    <name>lane</name>
    <deleted>0</deleted>
    <verified>0</verified>
    <occluded>no</occluded>
    <date></date>
    <id>5</id>
    <parts>
      <hasparts></hasparts>
      <ispartof></ispartof>
    </parts>
    <polygon>
      <pt>
        <x>710.48</x>
        <y>375.42</y>
      </pt>
      <pt>
        <x>719.57</x>
        <y>363.17</y>
      </pt>
      <pt>
        <x>727.47</x>
        <y>361.59</y>
      </pt>
      <pt>
        <x>718.38</x>
        <y>375.81</y>
      </pt>
      <username></username>
    </polygon>
    <attributes></attributes>
  </object>
  <object>
    <name>lane</name>
    <deleted>0</deleted>
    <verified>0</verified>
    <occluded>no</occluded>
    <date></date>
    <id>6</id>
    <parts>
      <hasparts></hasparts>
      <ispartof></ispartof>
    </parts>
    <polygon>
      <pt>
        <x>728.99</x>
        <y>353.75</y>
      </pt>
      <pt>
        <x>735.90</x>
        <y>342.89</y>
      </pt>
      <pt>
        <x>743.47</x>
        <y>343.55</y>
      </pt>
      <pt>
        <x>735.57</x>
        <y>353.75</y>
      </pt>
      <username></username>
    </polygon>
    <attributes></attributes>
  </object>
  <object>
    <name>lane</name>
    <deleted>0</deleted>
    <verified>0</verified>
    <occluded>no</occluded>
    <date></date>
    <id>7</id>
    <parts>
      <hasparts></hasparts>
      <ispartof></ispartof>
    </parts>
    <polygon>
      <pt>
        <x>750.65</x>
        <y>325.30</y>
      </pt>
      <pt>
        <x>755.70</x>
        <y>320.04</y>
      </pt>
      <pt>
        <x>760.25</x>
        <y>320.04</y>
      </pt>
      <pt>
        <x>756.62</x>
        <y>324.39</y>
      </pt>
      <username></username>
    </polygon>
    <attributes></attributes>
  </object>
  <object>
    <name>lane</name>
    <deleted>0</deleted>
    <verified>0</verified>
    <occluded>no</occluded>
    <date></date>
    <id>8</id>
    <parts>
      <hasparts></hasparts>
      <ispartof></ispartof>
    </parts>
    <polygon>
      <pt>
        <x>758.45</x>
        <y>317.53</y>
      </pt>
      <pt>
        <x>761.88</x>
        <y>312.27</y>
      </pt>
      <pt>
        <x>765.31</x>
        <y>312.04</y>
      </pt>
      <pt>
        <x>762.56</x>
        <y>317.30</y>
      </pt>
      <username></username>
    </polygon>
    <attributes></attributes>
  </object>
  <object>
    <name>lane</name>
    <deleted>0</deleted>
    <verified>0</verified>
    <occluded>no</occluded>
    <date></date>
    <id>9</id>
    <parts>
      <hasparts></hasparts>
      <ispartof></ispartof>
    </parts>
    <polygon>
      <pt>
        <x>764.16</x>
        <y>309.75</y>
      </pt>
      <pt>
        <x>768.28</x>
        <y>309.75</y>
      </pt>
      <pt>
        <x>770.11</x>
        <y>305.64</y>
      </pt>
      <pt>
        <x>767.36</x>
        <y>304.72</y>
      </pt>
      <username></username>
    </polygon>
    <attributes></attributes>
  </object>
  <object>
    <name>lane</name>
    <deleted>0</deleted>
    <verified>0</verified>
    <occluded>no</occluded>
    <date></date>
    <id>10</id>
    <parts>
      <hasparts></hasparts>
      <ispartof></ispartof>
    </parts>
    <polygon>
      <pt>
        <x>768.74</x>
        <y>303.81</y>
      </pt>
      <pt>
        <x>771.94</x>
        <y>303.81</y>
      </pt>
      <pt>
        <x>774.20</x>
        <y>300.38</y>
      </pt>
      <pt>
        <x>771.71</x>
        <y>300.38</y>
      </pt>
      <username></username>
    </polygon>
    <attributes></attributes>
  </object>
</annotation>
