<annotation>
  <filename>image_1972.jpg</filename>
  <folder></folder>
  <source>
    <sourceImage></sourceImage>
    <sourceAnnotation>Datumaro</sourceAnnotation>
  </source>
  <imagesize>
    <nrows>1920</nrows>
    <ncols>1080</ncols>
  </imagesize>
  <object>
    <name>lane</name>
    <deleted>0</deleted>
    <verified>0</verified>
    <occluded>no</occluded>
    <date></date>
    <id>0</id>
    <parts>
      <hasparts></hasparts>
      <ispartof></ispartof>
    </parts>
    <polygon>
      <pt>
        <x>405.76</x>
        <y>1900.98</y>
      </pt>
      <pt>
        <x>493.61</x>
        <y>1910.39</y>
      </pt>
      <pt>
        <x>546.94</x>
        <y>1373.92</y>
      </pt>
      <pt>
        <x>581.45</x>
        <y>1063.33</y>
      </pt>
      <pt>
        <x>506.16</x>
        <y>1066.47</y>
      </pt>
      <pt>
        <x>430.86</x>
        <y>1593.53</y>
      </pt>
      <username></username>
    </polygon>
    <attributes></attributes>
  </object>
  <object>
    <name>lane</name>
    <deleted>0</deleted>
    <verified>0</verified>
    <occluded>no</occluded>
    <date></date>
    <id>1</id>
    <parts>
      <hasparts></hasparts>
      <ispartof></ispartof>
    </parts>
    <polygon>
      <pt>
        <x>583.36</x>
        <y>412.77</y>
      </pt>
      <pt>
        <x>613.62</x>
        <y>417.81</y>
      </pt>
      <pt>
        <x>619.92</x>
        <y>364.86</y>
      </pt>
      <pt>
        <x>626.22</x>
        <y>294.26</y>
      </pt>
      <pt>
        <x>599.75</x>
        <y>296.78</y>
      </pt>
      <pt>
        <x>598.49</x>
        <y>348.47</y>
      </pt>
      <username></username>
    </polygon>
    <attributes></attributes>
  </object>
  <object>
    <name>lane</name>
    <deleted>0</deleted>
    <verified>0</verified>
    <occluded>no</occluded>
    <date></date>
    <id>2</id>
    <parts>
      <hasparts></hasparts>
      <ispartof></ispartof>
    </parts>
    <polygon>
      <pt>
        <x>613.62</x>
        <y>207.26</y>
      </pt>
      <pt>
        <x>632.53</x>
        <y>209.78</y>
      </pt>
      <pt>
        <x>635.05</x>
        <y>169.44</y>
      </pt>
      <pt>
        <x>635.05</x>
        <y>154.31</y>
      </pt>
      <pt>
        <x>614.88</x>
        <y>151.79</y>
      </pt>
      <pt>
        <x>616.14</x>
        <y>177.00</y>
      </pt>
      <username></username>
    </polygon>
    <attributes></attributes>
  </object>
  <object>
    <name>lane</name>
    <deleted>0</deleted>
    <verified>0</verified>
    <occluded>no</occluded>
    <date></date>
    <id>3</id>
    <parts>
      <hasparts></hasparts>
      <ispartof></ispartof>
    </parts>
    <type>bounding_box</type>
    <polygon>
      <pt>
        <x>630.71</x>
        <y>63.06</y>
      </pt>
      <pt>
        <x>640.74</x>
        <y>63.06</y>
      </pt>
      <pt>
        <x>640.74</x>
        <y>97.46</y>
      </pt>
      <pt>
        <x>630.71</x>
        <y>97.46</y>
      </pt>
      <username></username>
    </polygon>
    <attributes>rotation=0.0</attributes>
  </object>
</annotation>
