<annotation>
  <filename>image_2795.jpg</filename>
  <folder></folder>
  <source>
    <sourceImage></sourceImage>
    <sourceAnnotation>Datumaro</sourceAnnotation>
  </source>
  <imagesize>
    <nrows>1920</nrows>
    <ncols>1080</ncols>
  </imagesize>
  <object>
    <name>lane</name>
    <deleted>0</deleted>
    <verified>0</verified>
    <occluded>no</occluded>
    <date></date>
    <id>0</id>
    <parts>
      <hasparts></hasparts>
      <ispartof></ispartof>
    </parts>
    <type>bounding_box</type>
    <polygon>
      <pt>
        <x>538.79</x>
        <y>830.25</y>
      </pt>
      <pt>
        <x>548.28</x>
        <y>830.25</y>
      </pt>
      <pt>
        <x>548.28</x>
        <y>847.10</y>
      </pt>
      <pt>
        <x>538.79</x>
        <y>847.10</y>
      </pt>
      <username></username>
    </polygon>
    <attributes>rotation=0.0</attributes>
  </object>
  <object>
    <name>lane</name>
    <deleted>0</deleted>
    <verified>0</verified>
    <occluded>no</occluded>
    <date></date>
    <id>1</id>
    <parts>
      <hasparts></hasparts>
      <ispartof></ispartof>
    </parts>
    <type>bounding_box</type>
    <polygon>
      <pt>
        <x>538.46</x>
        <y>811.42</y>
      </pt>
      <pt>
        <x>546.49</x>
        <y>811.42</y>
      </pt>
      <pt>
        <x>546.49</x>
        <y>820.80</y>
      </pt>
      <pt>
        <x>538.46</x>
        <y>820.80</y>
      </pt>
      <username></username>
    </polygon>
    <attributes>rotation=0.0</attributes>
  </object>
  <object>
    <name>lane</name>
    <deleted>0</deleted>
    <verified>0</verified>
    <occluded>no</occluded>
    <date></date>
    <id>2</id>
    <parts>
      <hasparts></hasparts>
      <ispartof></ispartof>
    </parts>
    <type>bounding_box</type>
    <polygon>
      <pt>
        <x>540.15</x>
        <y>796.70</y>
      </pt>
      <pt>
        <x>545.19</x>
        <y>796.70</y>
      </pt>
      <pt>
        <x>545.19</x>
        <y>803.18</y>
      </pt>
      <pt>
        <x>540.15</x>
        <y>803.18</y>
      </pt>
      <username></username>
    </polygon>
    <attributes>rotation=0.0</attributes>
  </object>
  <object>
    <name>lane</name>
    <deleted>0</deleted>
    <verified>0</verified>
    <occluded>no</occluded>
    <date></date>
    <id>3</id>
    <parts>
      <hasparts></hasparts>
      <ispartof></ispartof>
    </parts>
    <type>bounding_box</type>
    <polygon>
      <pt>
        <x>540.29</x>
        <y>788.06</y>
      </pt>
      <pt>
        <x>544.61</x>
        <y>788.06</y>
      </pt>
      <pt>
        <x>544.61</x>
        <y>791.52</y>
      </pt>
      <pt>
        <x>540.29</x>
        <y>791.52</y>
      </pt>
      <username></username>
    </polygon>
    <attributes>rotation=0.0</attributes>
  </object>
  <object>
    <name>lane</name>
    <deleted>0</deleted>
    <verified>0</verified>
    <occluded>no</occluded>
    <date></date>
    <id>4</id>
    <parts>
      <hasparts></hasparts>
      <ispartof></ispartof>
    </parts>
    <type>bounding_box</type>
    <polygon>
      <pt>
        <x>541.01</x>
        <y>779.71</y>
      </pt>
      <pt>
        <x>544.47</x>
        <y>779.71</y>
      </pt>
      <pt>
        <x>544.47</x>
        <y>782.59</y>
      </pt>
      <pt>
        <x>541.01</x>
        <y>782.59</y>
      </pt>
      <username></username>
    </polygon>
    <attributes>rotation=0.0</attributes>
  </object>
  <object>
    <name>lane</name>
    <deleted>0</deleted>
    <verified>0</verified>
    <occluded>no</occluded>
    <date></date>
    <id>5</id>
    <parts>
      <hasparts></hasparts>
      <ispartof></ispartof>
    </parts>
    <type>bounding_box</type>
    <polygon>
      <pt>
        <x>537.00</x>
        <y>867.60</y>
      </pt>
      <pt>
        <x>548.68</x>
        <y>867.60</y>
      </pt>
      <pt>
        <x>548.68</x>
        <y>894.59</y>
      </pt>
      <pt>
        <x>537.00</x>
        <y>894.59</y>
      </pt>
      <username></username>
    </polygon>
    <attributes>rotation=0.0</attributes>
  </object>
  <object>
    <name>lane</name>
    <deleted>0</deleted>
    <verified>0</verified>
    <occluded>no</occluded>
    <date></date>
    <id>6</id>
    <parts>
      <hasparts></hasparts>
      <ispartof></ispartof>
    </parts>
    <polygon>
      <pt>
        <x>526.87</x>
        <y>1077.13</y>
      </pt>
      <pt>
        <x>557.10</x>
        <y>1075.60</y>
      </pt>
      <pt>
        <x>566.21</x>
        <y>1290.46</y>
      </pt>
      <pt>
        <x>522.33</x>
        <y>1288.95</y>
      </pt>
      <username></username>
    </polygon>
    <attributes></attributes>
  </object>
  <object>
    <name>lane</name>
    <deleted>0</deleted>
    <verified>0</verified>
    <occluded>no</occluded>
    <date></date>
    <id>7</id>
    <parts>
      <hasparts></hasparts>
      <ispartof></ispartof>
    </parts>
    <type>bounding_box</type>
    <polygon>
      <pt>
        <x>535.54</x>
        <y>928.89</y>
      </pt>
      <pt>
        <x>550.14</x>
        <y>928.89</y>
      </pt>
      <pt>
        <x>550.14</x>
        <y>987.26</y>
      </pt>
      <pt>
        <x>535.54</x>
        <y>987.26</y>
      </pt>
      <username></username>
    </polygon>
    <attributes>rotation=0.0</attributes>
  </object>
</annotation>
