<annotation>
  <filename>image_2085.jpg</filename>
  <folder></folder>
  <source>
    <sourceImage></sourceImage>
    <sourceAnnotation>Datumaro</sourceAnnotation>
  </source>
  <imagesize>
    <nrows>1920</nrows>
    <ncols>1080</ncols>
  </imagesize>
  <object>
    <name>lane</name>
    <deleted>0</deleted>
    <verified>0</verified>
    <occluded>no</occluded>
    <date></date>
    <id>0</id>
    <parts>
      <hasparts></hasparts>
      <ispartof></ispartof>
    </parts>
    <polygon>
      <pt>
        <x>570.95</x>
        <y>773.15</y>
      </pt>
      <pt>
        <x>587.07</x>
        <y>766.53</y>
      </pt>
      <pt>
        <x>592.26</x>
        <y>767.25</y>
      </pt>
      <pt>
        <x>575.26</x>
        <y>774.30</y>
      </pt>
      <username></username>
    </polygon>
    <attributes></attributes>
  </object>
  <object>
    <name>lane</name>
    <deleted>0</deleted>
    <verified>0</verified>
    <occluded>no</occluded>
    <date></date>
    <id>1</id>
    <parts>
      <hasparts></hasparts>
      <ispartof></ispartof>
    </parts>
    <polygon>
      <pt>
        <x>444.18</x>
        <y>1040.91</y>
      </pt>
      <pt>
        <x>435.41</x>
        <y>1234.40</y>
      </pt>
      <pt>
        <x>478.75</x>
        <y>1233.37</y>
      </pt>
      <pt>
        <x>468.90</x>
        <y>1047.10</y>
      </pt>
      <username></username>
    </polygon>
    <attributes></attributes>
  </object>
  <object>
    <name>lane</name>
    <deleted>0</deleted>
    <verified>0</verified>
    <occluded>no</occluded>
    <date></date>
    <id>2</id>
    <parts>
      <hasparts></hasparts>
      <ispartof></ispartof>
    </parts>
    <polygon>
      <pt>
        <x>464.86</x>
        <y>894.48</y>
      </pt>
      <pt>
        <x>452.32</x>
        <y>947.51</y>
      </pt>
      <pt>
        <x>473.46</x>
        <y>947.87</y>
      </pt>
      <pt>
        <x>479.19</x>
        <y>893.41</y>
      </pt>
      <username></username>
    </polygon>
    <attributes></attributes>
  </object>
  <object>
    <name>lane</name>
    <deleted>0</deleted>
    <verified>0</verified>
    <occluded>no</occluded>
    <date></date>
    <id>3</id>
    <parts>
      <hasparts></hasparts>
      <ispartof></ispartof>
    </parts>
    <polygon>
      <pt>
        <x>478.66</x>
        <y>858.16</y>
      </pt>
      <pt>
        <x>493.34</x>
        <y>833.52</y>
      </pt>
      <pt>
        <x>503.55</x>
        <y>833.52</y>
      </pt>
      <pt>
        <x>491.10</x>
        <y>859.65</y>
      </pt>
      <username></username>
    </polygon>
    <attributes></attributes>
  </object>
  <object>
    <name>lane</name>
    <deleted>0</deleted>
    <verified>0</verified>
    <occluded>no</occluded>
    <date></date>
    <id>4</id>
    <parts>
      <hasparts></hasparts>
      <ispartof></ispartof>
    </parts>
    <polygon>
      <pt>
        <x>507.03</x>
        <y>813.62</y>
      </pt>
      <pt>
        <x>519.97</x>
        <y>799.93</y>
      </pt>
      <pt>
        <x>527.93</x>
        <y>800.68</y>
      </pt>
      <pt>
        <x>516.98</x>
        <y>814.61</y>
      </pt>
      <username></username>
    </polygon>
    <attributes></attributes>
  </object>
  <object>
    <name>lane</name>
    <deleted>0</deleted>
    <verified>0</verified>
    <occluded>no</occluded>
    <date></date>
    <id>5</id>
    <parts>
      <hasparts></hasparts>
      <ispartof></ispartof>
    </parts>
    <polygon>
      <pt>
        <x>536.64</x>
        <y>789.98</y>
      </pt>
      <pt>
        <x>555.55</x>
        <y>779.77</y>
      </pt>
      <pt>
        <x>560.28</x>
        <y>780.77</y>
      </pt>
      <pt>
        <x>543.36</x>
        <y>790.23</y>
      </pt>
      <username></username>
    </polygon>
    <attributes></attributes>
  </object>
  <object>
    <name>lane</name>
    <deleted>0</deleted>
    <verified>0</verified>
    <occluded>no</occluded>
    <date></date>
    <id>6</id>
    <parts>
      <hasparts></hasparts>
      <ispartof></ispartof>
    </parts>
    <polygon>
      <pt>
        <x>635.06</x>
        <y>753.03</y>
      </pt>
      <pt>
        <x>638.47</x>
        <y>754.97</y>
      </pt>
      <pt>
        <x>657.47</x>
        <y>751.57</y>
      </pt>
      <pt>
        <x>656.25</x>
        <y>749.62</y>
      </pt>
      <username></username>
    </polygon>
    <attributes></attributes>
  </object>
  <object>
    <name>lane</name>
    <deleted>0</deleted>
    <verified>0</verified>
    <occluded>no</occluded>
    <date></date>
    <id>7</id>
    <parts>
      <hasparts></hasparts>
      <ispartof></ispartof>
    </parts>
    <polygon>
      <pt>
        <x>671.83</x>
        <y>745.72</y>
      </pt>
      <pt>
        <x>674.51</x>
        <y>747.91</y>
      </pt>
      <pt>
        <x>691.56</x>
        <y>745.72</y>
      </pt>
      <pt>
        <x>691.80</x>
        <y>744.99</y>
      </pt>
      <username></username>
    </polygon>
    <attributes></attributes>
  </object>
  <object>
    <name>lane</name>
    <deleted>0</deleted>
    <verified>0</verified>
    <occluded>no</occluded>
    <date></date>
    <id>8</id>
    <parts>
      <hasparts></hasparts>
      <ispartof></ispartof>
    </parts>
    <polygon>
      <pt>
        <x>603.89</x>
        <y>762.28</y>
      </pt>
      <pt>
        <x>607.79</x>
        <y>763.01</y>
      </pt>
      <pt>
        <x>622.40</x>
        <y>758.38</y>
      </pt>
      <pt>
        <x>621.18</x>
        <y>757.17</y>
      </pt>
      <username></username>
    </polygon>
    <attributes></attributes>
  </object>
</annotation>
