<annotation>
  <filename>image_1976.jpg</filename>
  <folder></folder>
  <source>
    <sourceImage></sourceImage>
    <sourceAnnotation>Datumaro</sourceAnnotation>
  </source>
  <imagesize>
    <nrows>1920</nrows>
    <ncols>1080</ncols>
  </imagesize>
  <object>
    <name>lane</name>
    <deleted>0</deleted>
    <verified>0</verified>
    <occluded>no</occluded>
    <date></date>
    <id>0</id>
    <parts>
      <hasparts></hasparts>
      <ispartof></ispartof>
    </parts>
    <polygon>
      <pt>
        <x>516.10</x>
        <y>711.43</y>
      </pt>
      <pt>
        <x>543.34</x>
        <y>712.94</y>
      </pt>
      <pt>
        <x>543.34</x>
        <y>672.09</y>
      </pt>
      <pt>
        <x>544.85</x>
        <y>631.24</y>
      </pt>
      <pt>
        <x>519.13</x>
        <y>626.70</y>
      </pt>
      <pt>
        <x>519.13</x>
        <y>659.99</y>
      </pt>
      <username></username>
    </polygon>
    <attributes></attributes>
  </object>
  <object>
    <name>lane</name>
    <deleted>0</deleted>
    <verified>0</verified>
    <occluded>no</occluded>
    <date></date>
    <id>1</id>
    <parts>
      <hasparts></hasparts>
      <ispartof></ispartof>
    </parts>
    <polygon>
      <pt>
        <x>549.39</x>
        <y>939.88</y>
      </pt>
      <pt>
        <x>550.90</x>
        <y>885.42</y>
      </pt>
      <pt>
        <x>511.57</x>
        <y>894.49</y>
      </pt>
      <pt>
        <x>516.10</x>
        <y>982.24</y>
      </pt>
      <pt>
        <x>516.10</x>
        <y>1097.23</y>
      </pt>
      <pt>
        <x>547.90</x>
        <y>1092.70</y>
      </pt>
      <username></username>
    </polygon>
    <attributes></attributes>
  </object>
  <object>
    <name>lane</name>
    <deleted>0</deleted>
    <verified>0</verified>
    <occluded>no</occluded>
    <date></date>
    <id>2</id>
    <parts>
      <hasparts></hasparts>
      <ispartof></ispartof>
    </parts>
    <type>bounding_box</type>
    <polygon>
      <pt>
        <x>529.89</x>
        <y>515.79</y>
      </pt>
      <pt>
        <x>539.78</x>
        <y>515.79</y>
      </pt>
      <pt>
        <x>539.78</x>
        <y>553.19</y>
      </pt>
      <pt>
        <x>529.89</x>
        <y>553.19</y>
      </pt>
      <username></username>
    </polygon>
    <attributes>rotation=0.0</attributes>
  </object>
  <object>
    <name>lane</name>
    <deleted>0</deleted>
    <verified>0</verified>
    <occluded>no</occluded>
    <date></date>
    <id>3</id>
    <parts>
      <hasparts></hasparts>
      <ispartof></ispartof>
    </parts>
    <type>bounding_box</type>
    <polygon>
      <pt>
        <x>533.59</x>
        <y>420.37</y>
      </pt>
      <pt>
        <x>536.90</x>
        <y>420.37</y>
      </pt>
      <pt>
        <x>536.90</x>
        <y>426.80</y>
      </pt>
      <pt>
        <x>533.59</x>
        <y>426.80</y>
      </pt>
      <username></username>
    </polygon>
    <attributes>rotation=0.0</attributes>
  </object>
  <object>
    <name>lane</name>
    <deleted>0</deleted>
    <verified>0</verified>
    <occluded>no</occluded>
    <date></date>
    <id>4</id>
    <parts>
      <hasparts></hasparts>
      <ispartof></ispartof>
    </parts>
    <type>bounding_box</type>
    <polygon>
      <pt>
        <x>533.59</x>
        <y>412.28</y>
      </pt>
      <pt>
        <x>536.28</x>
        <y>412.28</y>
      </pt>
      <pt>
        <x>536.28</x>
        <y>416.43</y>
      </pt>
      <pt>
        <x>533.59</x>
        <y>416.43</y>
      </pt>
      <username></username>
    </polygon>
    <attributes>rotation=0.0</attributes>
  </object>
  <object>
    <name>lane</name>
    <deleted>0</deleted>
    <verified>0</verified>
    <occluded>no</occluded>
    <date></date>
    <id>5</id>
    <parts>
      <hasparts></hasparts>
      <ispartof></ispartof>
    </parts>
    <type>bounding_box</type>
    <polygon>
      <pt>
        <x>532.76</x>
        <y>403.57</y>
      </pt>
      <pt>
        <x>536.70</x>
        <y>403.57</y>
      </pt>
      <pt>
        <x>536.70</x>
        <y>408.34</y>
      </pt>
      <pt>
        <x>532.76</x>
        <y>408.34</y>
      </pt>
      <username></username>
    </polygon>
    <attributes>rotation=0.0</attributes>
  </object>
</annotation>
