<annotation>
  <filename>image_924.jpg</filename>
  <folder></folder>
  <source>
    <sourceImage></sourceImage>
    <sourceAnnotation>Datumaro</sourceAnnotation>
  </source>
  <imagesize>
    <nrows>1920</nrows>
    <ncols>1080</ncols>
  </imagesize>
  <object>
    <name>lane</name>
    <deleted>0</deleted>
    <verified>0</verified>
    <occluded>no</occluded>
    <date></date>
    <id>0</id>
    <parts>
      <hasparts></hasparts>
      <ispartof></ispartof>
    </parts>
    <polygon>
      <pt>
        <x>608.33</x>
        <y>407.15</y>
      </pt>
      <pt>
        <x>686.22</x>
        <y>287.98</y>
      </pt>
      <pt>
        <x>760.21</x>
        <y>216.33</y>
      </pt>
      <pt>
        <x>796.04</x>
        <y>217.11</y>
      </pt>
      <pt>
        <x>725.16</x>
        <y>295.77</y>
      </pt>
      <pt>
        <x>651.95</x>
        <y>407.15</y>
      </pt>
      <username></username>
    </polygon>
    <attributes></attributes>
  </object>
  <object>
    <name>lane</name>
    <deleted>0</deleted>
    <verified>0</verified>
    <occluded>no</occluded>
    <date></date>
    <id>1</id>
    <parts>
      <hasparts></hasparts>
      <ispartof></ispartof>
    </parts>
    <polygon>
      <pt>
        <x>658.49</x>
        <y>46.89</y>
      </pt>
      <pt>
        <x>984.82</x>
        <y>19.40</y>
      </pt>
      <pt>
        <x>988.88</x>
        <y>23.00</y>
      </pt>
      <pt>
        <x>947.41</x>
        <y>27.06</y>
      </pt>
      <pt>
        <x>667.51</x>
        <y>50.95</y>
      </pt>
      <pt>
        <x>663.90</x>
        <y>50.05</y>
      </pt>
      <username></username>
    </polygon>
    <attributes></attributes>
  </object>
  <object>
    <name>lane</name>
    <deleted>0</deleted>
    <verified>0</verified>
    <occluded>no</occluded>
    <date></date>
    <id>2</id>
    <parts>
      <hasparts></hasparts>
      <ispartof></ispartof>
    </parts>
    <polygon>
      <pt>
        <x>949.21</x>
        <y>113.60</y>
      </pt>
      <pt>
        <x>1078.57</x>
        <y>68.98</y>
      </pt>
      <pt>
        <x>1079.93</x>
        <y>82.05</y>
      </pt>
      <pt>
        <x>1028.99</x>
        <y>97.37</y>
      </pt>
      <pt>
        <x>979.41</x>
        <y>115.40</y>
      </pt>
      <pt>
        <x>969.05</x>
        <y>115.40</y>
      </pt>
      <username></username>
    </polygon>
    <attributes></attributes>
  </object>
  <object>
    <name>lane</name>
    <deleted>0</deleted>
    <verified>0</verified>
    <occluded>no</occluded>
    <date></date>
    <id>3</id>
    <parts>
      <hasparts></hasparts>
      <ispartof></ispartof>
    </parts>
    <polygon>
      <pt>
        <x>516.72</x>
        <y>752.55</y>
      </pt>
      <pt>
        <x>595.79</x>
        <y>750.22</y>
      </pt>
      <pt>
        <x>707.43</x>
        <y>1685.14</y>
      </pt>
      <pt>
        <x>577.19</x>
        <y>1699.10</y>
      </pt>
      <pt>
        <x>546.96</x>
        <y>1340.94</y>
      </pt>
      <pt>
        <x>523.70</x>
        <y>924.65</y>
      </pt>
      <username></username>
    </polygon>
    <attributes></attributes>
  </object>
</annotation>
