<annotation>
  <filename>image_2625.jpg</filename>
  <folder></folder>
  <source>
    <sourceImage></sourceImage>
    <sourceAnnotation>Datumaro</sourceAnnotation>
  </source>
  <imagesize>
    <nrows>1920</nrows>
    <ncols>1080</ncols>
  </imagesize>
  <object>
    <name>lane</name>
    <deleted>0</deleted>
    <verified>0</verified>
    <occluded>no</occluded>
    <date></date>
    <id>0</id>
    <parts>
      <hasparts></hasparts>
      <ispartof></ispartof>
    </parts>
    <polygon>
      <pt>
        <x>40.43</x>
        <y>310.04</y>
      </pt>
      <pt>
        <x>47.26</x>
        <y>304.34</y>
      </pt>
      <pt>
        <x>143.99</x>
        <y>335.07</y>
      </pt>
      <pt>
        <x>142.85</x>
        <y>340.76</y>
      </pt>
      <username></username>
    </polygon>
    <attributes></attributes>
  </object>
  <object>
    <name>lane</name>
    <deleted>0</deleted>
    <verified>0</verified>
    <occluded>no</occluded>
    <date></date>
    <id>1</id>
    <parts>
      <hasparts></hasparts>
      <ispartof></ispartof>
    </parts>
    <polygon>
      <pt>
        <x>497.56</x>
        <y>722.12</y>
      </pt>
      <pt>
        <x>520.21</x>
        <y>1166.73</y>
      </pt>
      <pt>
        <x>588.18</x>
        <y>1166.73</y>
      </pt>
      <pt>
        <x>545.70</x>
        <y>727.79</y>
      </pt>
      <username></username>
    </polygon>
    <attributes></attributes>
  </object>
  <object>
    <name>lane</name>
    <deleted>0</deleted>
    <verified>0</verified>
    <occluded>no</occluded>
    <date></date>
    <id>2</id>
    <parts>
      <hasparts></hasparts>
      <ispartof></ispartof>
    </parts>
    <polygon>
      <pt>
        <x>370.47</x>
        <y>458.10</y>
      </pt>
      <pt>
        <x>382.98</x>
        <y>458.10</y>
      </pt>
      <pt>
        <x>463.79</x>
        <y>551.30</y>
      </pt>
      <pt>
        <x>450.13</x>
        <y>556.99</y>
      </pt>
      <username></username>
    </polygon>
    <attributes></attributes>
  </object>
  <object>
    <name>lane</name>
    <deleted>0</deleted>
    <verified>0</verified>
    <occluded>no</occluded>
    <date></date>
    <id>3</id>
    <parts>
      <hasparts></hasparts>
      <ispartof></ispartof>
    </parts>
    <polygon>
      <pt>
        <x>235.04</x>
        <y>365.80</y>
      </pt>
      <pt>
        <x>245.28</x>
        <y>364.66</y>
      </pt>
      <pt>
        <x>321.53</x>
        <y>401.08</y>
      </pt>
      <pt>
        <x>309.01</x>
        <y>406.88</y>
      </pt>
      <username></username>
    </polygon>
    <attributes></attributes>
  </object>
</annotation>
