<annotation>
  <filename>image_1671.jpg</filename>
  <folder></folder>
  <source>
    <sourceImage></sourceImage>
    <sourceAnnotation>Datumaro</sourceAnnotation>
  </source>
  <imagesize>
    <nrows>1920</nrows>
    <ncols>1080</ncols>
  </imagesize>
  <object>
    <name>lane</name>
    <deleted>0</deleted>
    <verified>0</verified>
    <occluded>no</occluded>
    <date></date>
    <id>0</id>
    <parts>
      <hasparts></hasparts>
      <ispartof></ispartof>
    </parts>
    <type>bounding_box</type>
    <polygon>
      <pt>
        <x>509.91</x>
        <y>705.97</y>
      </pt>
      <pt>
        <x>514.80</x>
        <y>705.97</y>
      </pt>
      <pt>
        <x>514.80</x>
        <y>712.50</y>
      </pt>
      <pt>
        <x>509.91</x>
        <y>712.50</y>
      </pt>
      <username></username>
    </polygon>
    <attributes>rotation=0.0</attributes>
  </object>
  <object>
    <name>lane</name>
    <deleted>0</deleted>
    <verified>0</verified>
    <occluded>no</occluded>
    <date></date>
    <id>1</id>
    <parts>
      <hasparts></hasparts>
      <ispartof></ispartof>
    </parts>
    <type>bounding_box</type>
    <polygon>
      <pt>
        <x>510.82</x>
        <y>695.65</y>
      </pt>
      <pt>
        <x>514.80</x>
        <y>695.65</y>
      </pt>
      <pt>
        <x>514.80</x>
        <y>701.08</y>
      </pt>
      <pt>
        <x>510.82</x>
        <y>701.08</y>
      </pt>
      <username></username>
    </polygon>
    <attributes>rotation=0.0</attributes>
  </object>
  <object>
    <name>lane</name>
    <deleted>0</deleted>
    <verified>0</verified>
    <occluded>no</occluded>
    <date></date>
    <id>2</id>
    <parts>
      <hasparts></hasparts>
      <ispartof></ispartof>
    </parts>
    <type>bounding_box</type>
    <polygon>
      <pt>
        <x>510.63</x>
        <y>686.77</y>
      </pt>
      <pt>
        <x>514.44</x>
        <y>686.77</y>
      </pt>
      <pt>
        <x>514.44</x>
        <y>690.76</y>
      </pt>
      <pt>
        <x>510.63</x>
        <y>690.76</y>
      </pt>
      <username></username>
    </polygon>
    <attributes>rotation=0.0</attributes>
  </object>
  <object>
    <name>lane</name>
    <deleted>0</deleted>
    <verified>0</verified>
    <occluded>no</occluded>
    <date></date>
    <id>3</id>
    <parts>
      <hasparts></hasparts>
      <ispartof></ispartof>
    </parts>
    <type>bounding_box</type>
    <polygon>
      <pt>
        <x>510.63</x>
        <y>680.62</y>
      </pt>
      <pt>
        <x>514.80</x>
        <y>680.62</y>
      </pt>
      <pt>
        <x>514.80</x>
        <y>683.15</y>
      </pt>
      <pt>
        <x>510.63</x>
        <y>683.15</y>
      </pt>
      <username></username>
    </polygon>
    <attributes>rotation=0.0</attributes>
  </object>
  <object>
    <name>lane</name>
    <deleted>0</deleted>
    <verified>0</verified>
    <occluded>no</occluded>
    <date></date>
    <id>4</id>
    <parts>
      <hasparts></hasparts>
      <ispartof></ispartof>
    </parts>
    <type>bounding_box</type>
    <polygon>
      <pt>
        <x>512.08</x>
        <y>675.18</y>
      </pt>
      <pt>
        <x>514.80</x>
        <y>675.18</y>
      </pt>
      <pt>
        <x>514.80</x>
        <y>677.35</y>
      </pt>
      <pt>
        <x>512.08</x>
        <y>677.35</y>
      </pt>
      <username></username>
    </polygon>
    <attributes>rotation=0.0</attributes>
  </object>
  <object>
    <name>lane</name>
    <deleted>0</deleted>
    <verified>0</verified>
    <occluded>no</occluded>
    <date></date>
    <id>5</id>
    <parts>
      <hasparts></hasparts>
      <ispartof></ispartof>
    </parts>
    <type>bounding_box</type>
    <polygon>
      <pt>
        <x>511.72</x>
        <y>670.47</y>
      </pt>
      <pt>
        <x>514.80</x>
        <y>670.47</y>
      </pt>
      <pt>
        <x>514.80</x>
        <y>672.10</y>
      </pt>
      <pt>
        <x>511.72</x>
        <y>672.10</y>
      </pt>
      <username></username>
    </polygon>
    <attributes>rotation=0.0</attributes>
  </object>
  <object>
    <name>lane</name>
    <deleted>0</deleted>
    <verified>0</verified>
    <occluded>no</occluded>
    <date></date>
    <id>6</id>
    <parts>
      <hasparts></hasparts>
      <ispartof></ispartof>
    </parts>
    <type>bounding_box</type>
    <polygon>
      <pt>
        <x>509.04</x>
        <y>721.73</y>
      </pt>
      <pt>
        <x>516.34</x>
        <y>721.73</y>
      </pt>
      <pt>
        <x>516.34</x>
        <y>731.46</y>
      </pt>
      <pt>
        <x>509.04</x>
        <y>731.46</y>
      </pt>
      <username></username>
    </polygon>
    <attributes>rotation=0.0</attributes>
  </object>
  <object>
    <name>lane</name>
    <deleted>0</deleted>
    <verified>0</verified>
    <occluded>no</occluded>
    <date></date>
    <id>7</id>
    <parts>
      <hasparts></hasparts>
      <ispartof></ispartof>
    </parts>
    <polygon>
      <pt>
        <x>485.90</x>
        <y>1147.61</y>
      </pt>
      <pt>
        <x>520.57</x>
        <y>1147.61</y>
      </pt>
      <pt>
        <x>520.57</x>
        <y>983.70</y>
      </pt>
      <pt>
        <x>495.36</x>
        <y>982.65</y>
      </pt>
      <username></username>
    </polygon>
    <attributes></attributes>
  </object>
  <object>
    <name>lane</name>
    <deleted>0</deleted>
    <verified>0</verified>
    <occluded>no</occluded>
    <date></date>
    <id>8</id>
    <parts>
      <hasparts></hasparts>
      <ispartof></ispartof>
    </parts>
    <polygon>
      <pt>
        <x>499.32</x>
        <y>893.80</y>
      </pt>
      <pt>
        <x>519.38</x>
        <y>895.02</y>
      </pt>
      <pt>
        <x>518.16</x>
        <y>840.90</y>
      </pt>
      <pt>
        <x>503.57</x>
        <y>840.29</y>
      </pt>
      <username></username>
    </polygon>
    <attributes></attributes>
  </object>
  <object>
    <name>lane</name>
    <deleted>0</deleted>
    <verified>0</verified>
    <occluded>no</occluded>
    <date></date>
    <id>9</id>
    <parts>
      <hasparts></hasparts>
      <ispartof></ispartof>
    </parts>
    <type>bounding_box</type>
    <polygon>
      <pt>
        <x>506.00</x>
        <y>780.71</y>
      </pt>
      <pt>
        <x>516.95</x>
        <y>780.71</y>
      </pt>
      <pt>
        <x>516.95</x>
        <y>802.60</y>
      </pt>
      <pt>
        <x>506.00</x>
        <y>802.60</y>
      </pt>
      <username></username>
    </polygon>
    <attributes>rotation=0.0</attributes>
  </object>
  <object>
    <name>lane</name>
    <deleted>0</deleted>
    <verified>0</verified>
    <occluded>no</occluded>
    <date></date>
    <id>10</id>
    <parts>
      <hasparts></hasparts>
      <ispartof></ispartof>
    </parts>
    <type>bounding_box</type>
    <polygon>
      <pt>
        <x>508.42</x>
        <y>744.43</y>
      </pt>
      <pt>
        <x>516.56</x>
        <y>744.43</y>
      </pt>
      <pt>
        <x>516.56</x>
        <y>760.08</y>
      </pt>
      <pt>
        <x>508.42</x>
        <y>760.08</y>
      </pt>
      <username></username>
    </polygon>
    <attributes>rotation=0.0</attributes>
  </object>
  <object>
    <name>lane</name>
    <deleted>0</deleted>
    <verified>0</verified>
    <occluded>no</occluded>
    <date></date>
    <id>11</id>
    <parts>
      <hasparts></hasparts>
      <ispartof></ispartof>
    </parts>
    <polygon>
      <pt>
        <x>448.34</x>
        <y>1918.06</y>
      </pt>
      <pt>
        <x>529.00</x>
        <y>1920.00</y>
      </pt>
      <pt>
        <x>522.30</x>
        <y>1613.80</y>
      </pt>
      <pt>
        <x>460.00</x>
        <y>1609.50</y>
      </pt>
      <username></username>
    </polygon>
    <attributes></attributes>
  </object>
</annotation>
