<annotation>
  <filename>image_96.jpg</filename>
  <folder></folder>
  <source>
    <sourceImage></sourceImage>
    <sourceAnnotation>Datumaro</sourceAnnotation>
  </source>
  <imagesize>
    <nrows>1920</nrows>
    <ncols>1080</ncols>
  </imagesize>
  <object>
    <name>lane</name>
    <deleted>0</deleted>
    <verified>0</verified>
    <occluded>no</occluded>
    <date></date>
    <id>0</id>
    <parts>
      <hasparts></hasparts>
      <ispartof></ispartof>
    </parts>
    <polygon>
      <pt>
        <x>434.45</x>
        <y>360.12</y>
      </pt>
      <pt>
        <x>444.47</x>
        <y>358.89</y>
      </pt>
      <pt>
        <x>459.62</x>
        <y>384.31</y>
      </pt>
      <pt>
        <x>447.89</x>
        <y>384.31</y>
      </pt>
      <username></username>
    </polygon>
    <attributes></attributes>
  </object>
  <object>
    <name>lane</name>
    <deleted>0</deleted>
    <verified>0</verified>
    <occluded>no</occluded>
    <date></date>
    <id>1</id>
    <parts>
      <hasparts></hasparts>
      <ispartof></ispartof>
    </parts>
    <polygon>
      <pt>
        <x>256.26</x>
        <y>280.78</y>
      </pt>
      <pt>
        <x>257.45</x>
        <y>278.74</y>
      </pt>
      <pt>
        <x>279.34</x>
        <y>282.14</y>
      </pt>
      <pt>
        <x>274.59</x>
        <y>283.67</y>
      </pt>
      <username></username>
    </polygon>
    <attributes></attributes>
  </object>
  <object>
    <name>lane</name>
    <deleted>0</deleted>
    <verified>0</verified>
    <occluded>no</occluded>
    <date></date>
    <id>2</id>
    <parts>
      <hasparts></hasparts>
      <ispartof></ispartof>
    </parts>
    <polygon>
      <pt>
        <x>294.27</x>
        <y>287.74</y>
      </pt>
      <pt>
        <x>296.65</x>
        <y>285.87</y>
      </pt>
      <pt>
        <x>321.59</x>
        <y>291.47</y>
      </pt>
      <pt>
        <x>317.69</x>
        <y>292.83</y>
      </pt>
      <username></username>
    </polygon>
    <attributes></attributes>
  </object>
  <object>
    <name>lane</name>
    <deleted>0</deleted>
    <verified>0</verified>
    <occluded>no</occluded>
    <date></date>
    <id>3</id>
    <parts>
      <hasparts></hasparts>
      <ispartof></ispartof>
    </parts>
    <polygon>
      <pt>
        <x>336.01</x>
        <y>297.75</y>
      </pt>
      <pt>
        <x>339.75</x>
        <y>296.39</y>
      </pt>
      <pt>
        <x>367.75</x>
        <y>303.69</y>
      </pt>
      <pt>
        <x>364.52</x>
        <y>305.05</y>
      </pt>
      <username></username>
    </polygon>
    <attributes></attributes>
  </object>
  <object>
    <name>lane</name>
    <deleted>0</deleted>
    <verified>0</verified>
    <occluded>no</occluded>
    <date></date>
    <id>4</id>
    <parts>
      <hasparts></hasparts>
      <ispartof></ispartof>
    </parts>
    <polygon>
      <pt>
        <x>379.96</x>
        <y>311.16</y>
      </pt>
      <pt>
        <x>385.22</x>
        <y>309.29</y>
      </pt>
      <pt>
        <x>403.04</x>
        <y>321.00</y>
      </pt>
      <pt>
        <x>395.57</x>
        <y>321.85</y>
      </pt>
      <username></username>
    </polygon>
    <attributes></attributes>
  </object>
  <object>
    <name>lane</name>
    <deleted>0</deleted>
    <verified>0</verified>
    <occluded>no</occluded>
    <date></date>
    <id>5</id>
    <parts>
      <hasparts></hasparts>
      <ispartof></ispartof>
    </parts>
    <polygon>
      <pt>
        <x>472.50</x>
        <y>794.00</y>
      </pt>
      <pt>
        <x>510.33</x>
        <y>789.47</y>
      </pt>
      <pt>
        <x>525.46</x>
        <y>1278.15</y>
      </pt>
      <pt>
        <x>464.94</x>
        <y>1279.66</y>
      </pt>
      <username></username>
    </polygon>
    <attributes></attributes>
  </object>
  <object>
    <name>lane</name>
    <deleted>0</deleted>
    <verified>0</verified>
    <occluded>no</occluded>
    <date></date>
    <id>6</id>
    <parts>
      <hasparts></hasparts>
      <ispartof></ispartof>
    </parts>
    <polygon>
      <pt>
        <x>474.63</x>
        <y>515.25</y>
      </pt>
      <pt>
        <x>494.09</x>
        <y>513.42</y>
      </pt>
      <pt>
        <x>503.82</x>
        <y>611.31</y>
      </pt>
      <pt>
        <x>477.67</x>
        <y>612.53</y>
      </pt>
      <username></username>
    </polygon>
    <attributes></attributes>
  </object>
  <object>
    <name>lane</name>
    <deleted>0</deleted>
    <verified>0</verified>
    <occluded>no</occluded>
    <date></date>
    <id>7</id>
    <parts>
      <hasparts></hasparts>
      <ispartof></ispartof>
    </parts>
    <polygon>
      <pt>
        <x>457.90</x>
        <y>413.46</y>
      </pt>
      <pt>
        <x>470.92</x>
        <y>411.00</y>
      </pt>
      <pt>
        <x>482.88</x>
        <y>453.57</y>
      </pt>
      <pt>
        <x>468.10</x>
        <y>453.92</y>
      </pt>
      <username></username>
    </polygon>
    <attributes></attributes>
  </object>
  <object>
    <name>lane</name>
    <deleted>0</deleted>
    <verified>0</verified>
    <occluded>no</occluded>
    <date></date>
    <id>8</id>
    <parts>
      <hasparts></hasparts>
      <ispartof></ispartof>
    </parts>
    <polygon>
      <pt>
        <x>408.79</x>
        <y>330.31</y>
      </pt>
      <pt>
        <x>416.12</x>
        <y>329.08</y>
      </pt>
      <pt>
        <x>432.74</x>
        <y>345.21</y>
      </pt>
      <pt>
        <x>423.45</x>
        <y>346.68</y>
      </pt>
      <username></username>
    </polygon>
    <attributes></attributes>
  </object>
</annotation>
