<annotation>
  <filename>image_1787.jpg</filename>
  <folder></folder>
  <source>
    <sourceImage></sourceImage>
    <sourceAnnotation>Datumaro</sourceAnnotation>
  </source>
  <imagesize>
    <nrows>1920</nrows>
    <ncols>1080</ncols>
  </imagesize>
  <object>
    <name>lane</name>
    <deleted>0</deleted>
    <verified>0</verified>
    <occluded>no</occluded>
    <date></date>
    <id>0</id>
    <parts>
      <hasparts></hasparts>
      <ispartof></ispartof>
    </parts>
    <polygon>
      <pt>
        <x>675.68</x>
        <y>437.88</y>
      </pt>
      <pt>
        <x>681.77</x>
        <y>440.56</y>
      </pt>
      <pt>
        <x>724.39</x>
        <y>432.77</y>
      </pt>
      <pt>
        <x>719.76</x>
        <y>432.04</y>
      </pt>
      <username></username>
    </polygon>
    <attributes></attributes>
  </object>
  <object>
    <name>lane</name>
    <deleted>0</deleted>
    <verified>0</verified>
    <occluded>no</occluded>
    <date></date>
    <id>1</id>
    <parts>
      <hasparts></hasparts>
      <ispartof></ispartof>
    </parts>
    <polygon>
      <pt>
        <x>569.23</x>
        <y>1920.00</y>
      </pt>
      <pt>
        <x>545.73</x>
        <y>1332.58</y>
      </pt>
      <pt>
        <x>480.37</x>
        <y>1330.77</y>
      </pt>
      <pt>
        <x>471.30</x>
        <y>1920.00</y>
      </pt>
      <username></username>
    </polygon>
    <attributes></attributes>
  </object>
  <object>
    <name>lane</name>
    <deleted>0</deleted>
    <verified>0</verified>
    <occluded>no</occluded>
    <date></date>
    <id>2</id>
    <parts>
      <hasparts></hasparts>
      <ispartof></ispartof>
    </parts>
    <polygon>
      <pt>
        <x>500.42</x>
        <y>875.59</y>
      </pt>
      <pt>
        <x>534.56</x>
        <y>877.34</y>
      </pt>
      <pt>
        <x>528.44</x>
        <y>711.86</y>
      </pt>
      <pt>
        <x>503.04</x>
        <y>712.74</y>
      </pt>
      <username></username>
    </polygon>
    <attributes></attributes>
  </object>
  <object>
    <name>lane</name>
    <deleted>0</deleted>
    <verified>0</verified>
    <occluded>no</occluded>
    <date></date>
    <id>3</id>
    <parts>
      <hasparts></hasparts>
      <ispartof></ispartof>
    </parts>
    <polygon>
      <pt>
        <x>508.38</x>
        <y>626.15</y>
      </pt>
      <pt>
        <x>526.62</x>
        <y>626.15</y>
      </pt>
      <pt>
        <x>524.18</x>
        <y>571.43</y>
      </pt>
      <pt>
        <x>510.20</x>
        <y>572.04</y>
      </pt>
      <username></username>
    </polygon>
    <attributes></attributes>
  </object>
  <object>
    <name>lane</name>
    <deleted>0</deleted>
    <verified>0</verified>
    <occluded>no</occluded>
    <date></date>
    <id>4</id>
    <parts>
      <hasparts></hasparts>
      <ispartof></ispartof>
    </parts>
    <polygon>
      <pt>
        <x>512.00</x>
        <y>533.70</y>
      </pt>
      <pt>
        <x>524.20</x>
        <y>533.70</y>
      </pt>
      <pt>
        <x>523.58</x>
        <y>506.98</y>
      </pt>
      <pt>
        <x>513.24</x>
        <y>506.98</y>
      </pt>
      <username></username>
    </polygon>
    <attributes></attributes>
  </object>
  <object>
    <name>lane</name>
    <deleted>0</deleted>
    <verified>0</verified>
    <occluded>no</occluded>
    <date></date>
    <id>5</id>
    <parts>
      <hasparts></hasparts>
      <ispartof></ispartof>
    </parts>
    <polygon>
      <pt>
        <x>762.38</x>
        <y>422.30</y>
      </pt>
      <pt>
        <x>767.25</x>
        <y>423.51</y>
      </pt>
      <pt>
        <x>807.67</x>
        <y>416.94</y>
      </pt>
      <pt>
        <x>805.73</x>
        <y>415.96</y>
      </pt>
      <username></username>
    </polygon>
    <attributes></attributes>
  </object>
  <object>
    <name>lane</name>
    <deleted>0</deleted>
    <verified>0</verified>
    <occluded>no</occluded>
    <date></date>
    <id>6</id>
    <parts>
      <hasparts></hasparts>
      <ispartof></ispartof>
    </parts>
    <polygon>
      <pt>
        <x>587.53</x>
        <y>456.63</y>
      </pt>
      <pt>
        <x>592.88</x>
        <y>457.61</y>
      </pt>
      <pt>
        <x>639.88</x>
        <y>446.89</y>
      </pt>
      <pt>
        <x>632.82</x>
        <y>446.89</y>
      </pt>
      <username></username>
    </polygon>
    <attributes></attributes>
  </object>
  <object>
    <name>lane</name>
    <deleted>0</deleted>
    <verified>0</verified>
    <occluded>no</occluded>
    <date></date>
    <id>7</id>
    <parts>
      <hasparts></hasparts>
      <ispartof></ispartof>
    </parts>
    <polygon>
      <pt>
        <x>523.72</x>
        <y>485.37</y>
      </pt>
      <pt>
        <x>524.45</x>
        <y>481.47</y>
      </pt>
      <pt>
        <x>547.10</x>
        <y>468.57</y>
      </pt>
      <pt>
        <x>553.68</x>
        <y>468.57</y>
      </pt>
      <pt>
        <x>531.52</x>
        <y>482.45</y>
      </pt>
      <pt>
        <x>532.00</x>
        <y>485.61</y>
      </pt>
      <username></username>
    </polygon>
    <attributes></attributes>
  </object>
  <object>
    <name>lane</name>
    <deleted>0</deleted>
    <verified>0</verified>
    <occluded>no</occluded>
    <date></date>
    <id>8</id>
    <parts>
      <hasparts></hasparts>
      <ispartof></ispartof>
    </parts>
    <polygon>
      <pt>
        <x>457.49</x>
        <y>470.27</y>
      </pt>
      <pt>
        <x>499.37</x>
        <y>486.10</y>
      </pt>
      <pt>
        <x>506.68</x>
        <y>485.37</y>
      </pt>
      <pt>
        <x>466.50</x>
        <y>470.76</y>
      </pt>
      <username></username>
    </polygon>
    <attributes></attributes>
  </object>
  <object>
    <name>lane</name>
    <deleted>0</deleted>
    <verified>0</verified>
    <occluded>no</occluded>
    <date></date>
    <id>9</id>
    <parts>
      <hasparts></hasparts>
      <ispartof></ispartof>
    </parts>
    <polygon>
      <pt>
        <x>319.89</x>
        <y>451.28</y>
      </pt>
      <pt>
        <x>331.58</x>
        <y>450.79</y>
      </pt>
      <pt>
        <x>396.85</x>
        <y>458.82</y>
      </pt>
      <pt>
        <x>389.05</x>
        <y>460.29</y>
      </pt>
      <username></username>
    </polygon>
    <attributes></attributes>
  </object>
  <object>
    <name>lane</name>
    <deleted>0</deleted>
    <verified>0</verified>
    <occluded>no</occluded>
    <date></date>
    <id>10</id>
    <parts>
      <hasparts></hasparts>
      <ispartof></ispartof>
    </parts>
    <polygon>
      <pt>
        <x>148.14</x>
        <y>440.32</y>
      </pt>
      <pt>
        <x>154.91</x>
        <y>438.46</y>
      </pt>
      <pt>
        <x>240.82</x>
        <y>444.04</y>
      </pt>
      <pt>
        <x>231.35</x>
        <y>445.57</y>
      </pt>
      <username></username>
    </polygon>
    <attributes></attributes>
  </object>
</annotation>
