<annotation>
  <filename>image_1402.jpg</filename>
  <folder></folder>
  <source>
    <sourceImage></sourceImage>
    <sourceAnnotation>Datumaro</sourceAnnotation>
  </source>
  <imagesize>
    <nrows>1920</nrows>
    <ncols>1080</ncols>
  </imagesize>
  <object>
    <name>lane</name>
    <deleted>0</deleted>
    <verified>0</verified>
    <occluded>no</occluded>
    <date></date>
    <id>0</id>
    <parts>
      <hasparts></hasparts>
      <ispartof></ispartof>
    </parts>
    <type>bounding_box</type>
    <polygon>
      <pt>
        <x>310.28</x>
        <y>0.00</y>
      </pt>
      <pt>
        <x>326.09</x>
        <y>0.00</y>
      </pt>
      <pt>
        <x>326.09</x>
        <y>14.66</y>
      </pt>
      <pt>
        <x>310.28</x>
        <y>14.66</y>
      </pt>
      <username></username>
    </polygon>
    <attributes>rotation=0.0</attributes>
  </object>
  <object>
    <name>lane</name>
    <deleted>0</deleted>
    <verified>0</verified>
    <occluded>no</occluded>
    <date></date>
    <id>1</id>
    <parts>
      <hasparts></hasparts>
      <ispartof></ispartof>
    </parts>
    <type>bounding_box</type>
    <polygon>
      <pt>
        <x>317.58</x>
        <y>45.67</y>
      </pt>
      <pt>
        <x>335.21</x>
        <y>45.67</y>
      </pt>
      <pt>
        <x>335.21</x>
        <y>76.68</y>
      </pt>
      <pt>
        <x>317.58</x>
        <y>76.68</y>
      </pt>
      <username></username>
    </polygon>
    <attributes>rotation=0.0</attributes>
  </object>
  <object>
    <name>lane</name>
    <deleted>0</deleted>
    <verified>0</verified>
    <occluded>no</occluded>
    <date></date>
    <id>2</id>
    <parts>
      <hasparts></hasparts>
      <ispartof></ispartof>
    </parts>
    <polygon>
      <pt>
        <x>370.29</x>
        <y>760.73</y>
      </pt>
      <pt>
        <x>430.63</x>
        <y>757.79</y>
      </pt>
      <pt>
        <x>543.95</x>
        <y>1515.70</y>
      </pt>
      <pt>
        <x>433.58</x>
        <y>1521.58</y>
      </pt>
      <username></username>
    </polygon>
    <attributes></attributes>
  </object>
  <object>
    <name>lane</name>
    <deleted>0</deleted>
    <verified>0</verified>
    <occluded>no</occluded>
    <date></date>
    <id>3</id>
    <parts>
      <hasparts></hasparts>
      <ispartof></ispartof>
    </parts>
    <polygon>
      <pt>
        <x>333.03</x>
        <y>291.46</y>
      </pt>
      <pt>
        <x>369.70</x>
        <y>292.64</y>
      </pt>
      <pt>
        <x>393.36</x>
        <y>455.28</y>
      </pt>
      <pt>
        <x>348.41</x>
        <y>458.83</y>
      </pt>
      <username></username>
    </polygon>
    <attributes></attributes>
  </object>
  <object>
    <name>lane</name>
    <deleted>0</deleted>
    <verified>0</verified>
    <occluded>no</occluded>
    <date></date>
    <id>4</id>
    <parts>
      <hasparts></hasparts>
      <ispartof></ispartof>
    </parts>
    <polygon>
      <pt>
        <x>320.61</x>
        <y>125.85</y>
      </pt>
      <pt>
        <x>343.68</x>
        <y>125.85</y>
      </pt>
      <pt>
        <x>358.46</x>
        <y>198.01</y>
      </pt>
      <pt>
        <x>324.75</x>
        <y>196.83</y>
      </pt>
      <username></username>
    </polygon>
    <attributes></attributes>
  </object>
</annotation>
