<annotation>
  <filename>image_928.jpg</filename>
  <folder></folder>
  <source>
    <sourceImage></sourceImage>
    <sourceAnnotation>Datumaro</sourceAnnotation>
  </source>
  <imagesize>
    <nrows>1920</nrows>
    <ncols>1080</ncols>
  </imagesize>
  <object>
    <name>lane</name>
    <deleted>0</deleted>
    <verified>0</verified>
    <occluded>no</occluded>
    <date></date>
    <id>0</id>
    <parts>
      <hasparts></hasparts>
      <ispartof></ispartof>
    </parts>
    <polygon>
      <pt>
        <x>616.27</x>
        <y>451.40</y>
      </pt>
      <pt>
        <x>726.19</x>
        <y>390.84</y>
      </pt>
      <pt>
        <x>799.09</x>
        <y>351.59</y>
      </pt>
      <pt>
        <x>832.74</x>
        <y>351.59</y>
      </pt>
      <pt>
        <x>743.01</x>
        <y>398.69</y>
      </pt>
      <pt>
        <x>648.80</x>
        <y>455.89</y>
      </pt>
      <username></username>
    </polygon>
    <attributes></attributes>
  </object>
  <object>
    <name>lane</name>
    <deleted>0</deleted>
    <verified>0</verified>
    <occluded>no</occluded>
    <date></date>
    <id>1</id>
    <parts>
      <hasparts></hasparts>
      <ispartof></ispartof>
    </parts>
    <polygon>
      <pt>
        <x>986.35</x>
        <y>284.29</y>
      </pt>
      <pt>
        <x>1033.23</x>
        <y>269.42</y>
      </pt>
      <pt>
        <x>1080.00</x>
        <y>255.93</y>
      </pt>
      <pt>
        <x>1080.00</x>
        <y>264.17</y>
      </pt>
      <pt>
        <x>1040.44</x>
        <y>275.28</y>
      </pt>
      <pt>
        <x>1006.64</x>
        <y>286.55</y>
      </pt>
      <username></username>
    </polygon>
    <attributes></attributes>
  </object>
  <object>
    <name>lane</name>
    <deleted>0</deleted>
    <verified>0</verified>
    <occluded>no</occluded>
    <date></date>
    <id>2</id>
    <parts>
      <hasparts></hasparts>
      <ispartof></ispartof>
    </parts>
    <polygon>
      <pt>
        <x>1000.33</x>
        <y>256.80</y>
      </pt>
      <pt>
        <x>1079.66</x>
        <y>239.22</y>
      </pt>
      <pt>
        <x>1080.00</x>
        <y>241.45</y>
      </pt>
      <pt>
        <x>1080.00</x>
        <y>245.17</y>
      </pt>
      <pt>
        <x>1064.33</x>
        <y>247.78</y>
      </pt>
      <pt>
        <x>1018.81</x>
        <y>258.15</y>
      </pt>
      <pt>
        <x>1011.60</x>
        <y>258.15</y>
      </pt>
      <username></username>
    </polygon>
    <attributes></attributes>
  </object>
  <object>
    <name>lane</name>
    <deleted>0</deleted>
    <verified>0</verified>
    <occluded>no</occluded>
    <date></date>
    <id>3</id>
    <parts>
      <hasparts></hasparts>
      <ispartof></ispartof>
    </parts>
    <polygon>
      <pt>
        <x>250.02</x>
        <y>381.94</y>
      </pt>
      <pt>
        <x>439.33</x>
        <y>353.27</y>
      </pt>
      <pt>
        <x>599.97</x>
        <y>327.85</y>
      </pt>
      <pt>
        <x>609.16</x>
        <y>333.26</y>
      </pt>
      <pt>
        <x>439.33</x>
        <y>357.06</y>
      </pt>
      <pt>
        <x>258.13</x>
        <y>384.10</y>
      </pt>
      <username></username>
    </polygon>
    <attributes></attributes>
  </object>
  <object>
    <name>lane</name>
    <deleted>0</deleted>
    <verified>0</verified>
    <occluded>no</occluded>
    <date></date>
    <id>4</id>
    <parts>
      <hasparts></hasparts>
      <ispartof></ispartof>
    </parts>
    <polygon>
      <pt>
        <x>372.76</x>
        <y>1798.40</y>
      </pt>
      <pt>
        <x>505.33</x>
        <y>1770.50</y>
      </pt>
      <pt>
        <x>514.63</x>
        <y>1847.24</y>
      </pt>
      <pt>
        <x>533.23</x>
        <y>1912.36</y>
      </pt>
      <pt>
        <x>422.49</x>
        <y>1920.00</y>
      </pt>
      <pt>
        <x>397.93</x>
        <y>1920.00</y>
      </pt>
      <pt>
        <x>391.37</x>
        <y>1893.76</y>
      </pt>
      <username></username>
    </polygon>
    <attributes></attributes>
  </object>
  <object>
    <name>lane</name>
    <deleted>0</deleted>
    <verified>0</verified>
    <occluded>no</occluded>
    <date></date>
    <id>5</id>
    <parts>
      <hasparts></hasparts>
      <ispartof></ispartof>
    </parts>
    <polygon>
      <pt>
        <x>439.07</x>
        <y>617.40</y>
      </pt>
      <pt>
        <x>385.23</x>
        <y>738.53</y>
      </pt>
      <pt>
        <x>326.91</x>
        <y>948.26</y>
      </pt>
      <pt>
        <x>396.45</x>
        <y>951.62</y>
      </pt>
      <pt>
        <x>420.00</x>
        <y>796.85</y>
      </pt>
      <pt>
        <x>486.17</x>
        <y>614.03</y>
      </pt>
      <username></username>
    </polygon>
    <attributes></attributes>
  </object>
</annotation>
