<annotation>
  <filename>image_1918.jpg</filename>
  <folder></folder>
  <source>
    <sourceImage></sourceImage>
    <sourceAnnotation>Datumaro</sourceAnnotation>
  </source>
  <imagesize>
    <nrows>1920</nrows>
    <ncols>1080</ncols>
  </imagesize>
  <object>
    <name>lane</name>
    <deleted>0</deleted>
    <verified>0</verified>
    <occluded>no</occluded>
    <date></date>
    <id>0</id>
    <parts>
      <hasparts></hasparts>
      <ispartof></ispartof>
    </parts>
    <polygon>
      <pt>
        <x>540.46</x>
        <y>894.98</y>
      </pt>
      <pt>
        <x>583.58</x>
        <y>702.81</y>
      </pt>
      <pt>
        <x>610.68</x>
        <y>552.53</y>
      </pt>
      <pt>
        <x>645.17</x>
        <y>556.23</y>
      </pt>
      <pt>
        <x>622.99</x>
        <y>704.05</y>
      </pt>
      <pt>
        <x>593.43</x>
        <y>891.28</y>
      </pt>
      <username></username>
    </polygon>
    <attributes></attributes>
  </object>
  <object>
    <name>lane</name>
    <deleted>0</deleted>
    <verified>0</verified>
    <occluded>no</occluded>
    <date></date>
    <id>1</id>
    <parts>
      <hasparts></hasparts>
      <ispartof></ispartof>
    </parts>
    <polygon>
      <pt>
        <x>666.85</x>
        <y>248.17</y>
      </pt>
      <pt>
        <x>673.04</x>
        <y>226.51</y>
      </pt>
      <pt>
        <x>675.79</x>
        <y>208.64</y>
      </pt>
      <pt>
        <x>686.45</x>
        <y>210.01</y>
      </pt>
      <pt>
        <x>686.45</x>
        <y>226.17</y>
      </pt>
      <pt>
        <x>681.29</x>
        <y>248.86</y>
      </pt>
      <username></username>
    </polygon>
    <attributes></attributes>
  </object>
  <object>
    <name>lane</name>
    <deleted>0</deleted>
    <verified>0</verified>
    <occluded>no</occluded>
    <date></date>
    <id>2</id>
    <parts>
      <hasparts></hasparts>
      <ispartof></ispartof>
    </parts>
    <polygon>
      <pt>
        <x>638.93</x>
        <y>391.51</y>
      </pt>
      <pt>
        <x>650.81</x>
        <y>344.48</y>
      </pt>
      <pt>
        <x>657.24</x>
        <y>301.41</y>
      </pt>
      <pt>
        <x>677.54</x>
        <y>301.91</y>
      </pt>
      <pt>
        <x>669.62</x>
        <y>345.47</y>
      </pt>
      <pt>
        <x>663.68</x>
        <y>392.00</y>
      </pt>
      <username></username>
    </polygon>
    <attributes></attributes>
  </object>
  <object>
    <name>lane</name>
    <deleted>0</deleted>
    <verified>0</verified>
    <occluded>no</occluded>
    <date></date>
    <id>3</id>
    <parts>
      <hasparts></hasparts>
      <ispartof></ispartof>
    </parts>
    <type>bounding_box</type>
    <polygon>
      <pt>
        <x>694.55</x>
        <y>94.12</y>
      </pt>
      <pt>
        <x>699.11</x>
        <y>94.12</y>
      </pt>
      <pt>
        <x>699.11</x>
        <y>102.54</y>
      </pt>
      <pt>
        <x>694.55</x>
        <y>102.54</y>
      </pt>
      <username></username>
    </polygon>
    <attributes>rotation=0.0</attributes>
  </object>
  <object>
    <name>lane</name>
    <deleted>0</deleted>
    <verified>0</verified>
    <occluded>no</occluded>
    <date></date>
    <id>4</id>
    <parts>
      <hasparts></hasparts>
      <ispartof></ispartof>
    </parts>
    <type>bounding_box</type>
    <polygon>
      <pt>
        <x>698.80</x>
        <y>66.46</y>
      </pt>
      <pt>
        <x>702.01</x>
        <y>66.46</y>
      </pt>
      <pt>
        <x>702.01</x>
        <y>70.35</y>
      </pt>
      <pt>
        <x>698.80</x>
        <y>70.35</y>
      </pt>
      <username></username>
    </polygon>
    <attributes>rotation=0.0</attributes>
  </object>
  <object>
    <name>lane</name>
    <deleted>0</deleted>
    <verified>0</verified>
    <occluded>no</occluded>
    <date></date>
    <id>5</id>
    <parts>
      <hasparts></hasparts>
      <ispartof></ispartof>
    </parts>
    <type>bounding_box</type>
    <polygon>
      <pt>
        <x>697.28</x>
        <y>73.23</y>
      </pt>
      <pt>
        <x>701.00</x>
        <y>73.23</y>
      </pt>
      <pt>
        <x>701.00</x>
        <y>78.81</y>
      </pt>
      <pt>
        <x>697.28</x>
        <y>78.81</y>
      </pt>
      <username></username>
    </polygon>
    <attributes>rotation=0.0</attributes>
  </object>
  <object>
    <name>lane</name>
    <deleted>0</deleted>
    <verified>0</verified>
    <occluded>no</occluded>
    <date></date>
    <id>6</id>
    <parts>
      <hasparts></hasparts>
      <ispartof></ispartof>
    </parts>
    <type>bounding_box</type>
    <polygon>
      <pt>
        <x>695.75</x>
        <y>81.85</y>
      </pt>
      <pt>
        <x>700.83</x>
        <y>81.85</y>
      </pt>
      <pt>
        <x>700.83</x>
        <y>87.94</y>
      </pt>
      <pt>
        <x>695.75</x>
        <y>87.94</y>
      </pt>
      <username></username>
    </polygon>
    <attributes>rotation=0.0</attributes>
  </object>
  <object>
    <name>lane</name>
    <deleted>0</deleted>
    <verified>0</verified>
    <occluded>no</occluded>
    <date></date>
    <id>7</id>
    <parts>
      <hasparts></hasparts>
      <ispartof></ispartof>
    </parts>
    <type>bounding_box</type>
    <polygon>
      <pt>
        <x>690.69</x>
        <y>109.55</y>
      </pt>
      <pt>
        <x>697.35</x>
        <y>109.55</y>
      </pt>
      <pt>
        <x>697.35</x>
        <y>120.07</y>
      </pt>
      <pt>
        <x>690.69</x>
        <y>120.07</y>
      </pt>
      <username></username>
    </polygon>
    <attributes>rotation=0.0</attributes>
  </object>
  <object>
    <name>lane</name>
    <deleted>0</deleted>
    <verified>0</verified>
    <occluded>no</occluded>
    <date></date>
    <id>8</id>
    <parts>
      <hasparts></hasparts>
      <ispartof></ispartof>
    </parts>
    <type>bounding_box</type>
    <polygon>
      <pt>
        <x>687.18</x>
        <y>128.84</y>
      </pt>
      <pt>
        <x>694.90</x>
        <y>128.84</y>
      </pt>
      <pt>
        <x>694.90</x>
        <y>143.57</y>
      </pt>
      <pt>
        <x>687.18</x>
        <y>143.57</y>
      </pt>
      <username></username>
    </polygon>
    <attributes>rotation=0.0</attributes>
  </object>
  <object>
    <name>lane</name>
    <deleted>0</deleted>
    <verified>0</verified>
    <occluded>no</occluded>
    <date></date>
    <id>9</id>
    <parts>
      <hasparts></hasparts>
      <ispartof></ispartof>
    </parts>
    <type>bounding_box</type>
    <polygon>
      <pt>
        <x>683.33</x>
        <y>161.45</y>
      </pt>
      <pt>
        <x>691.39</x>
        <y>161.45</y>
      </pt>
      <pt>
        <x>691.39</x>
        <y>182.14</y>
      </pt>
      <pt>
        <x>683.33</x>
        <y>182.14</y>
      </pt>
      <username></username>
    </polygon>
    <attributes>rotation=0.0</attributes>
  </object>
</annotation>
