<annotation>
  <filename>image_2742.jpg</filename>
  <folder></folder>
  <source>
    <sourceImage></sourceImage>
    <sourceAnnotation>Datumaro</sourceAnnotation>
  </source>
  <imagesize>
    <nrows>1920</nrows>
    <ncols>1080</ncols>
  </imagesize>
  <object>
    <name>lane</name>
    <deleted>0</deleted>
    <verified>0</verified>
    <occluded>no</occluded>
    <date></date>
    <id>0</id>
    <parts>
      <hasparts></hasparts>
      <ispartof></ispartof>
    </parts>
    <polygon>
      <pt>
        <x>461.25</x>
        <y>474.67</y>
      </pt>
      <pt>
        <x>480.50</x>
        <y>474.17</y>
      </pt>
      <pt>
        <x>466.82</x>
        <y>575.50</y>
      </pt>
      <pt>
        <x>444.02</x>
        <y>576.01</y>
      </pt>
      <username></username>
    </polygon>
    <attributes></attributes>
  </object>
  <object>
    <name>lane</name>
    <deleted>0</deleted>
    <verified>0</verified>
    <occluded>no</occluded>
    <date></date>
    <id>1</id>
    <parts>
      <hasparts></hasparts>
      <ispartof></ispartof>
    </parts>
    <polygon>
      <pt>
        <x>625.58</x>
        <y>257.00</y>
      </pt>
      <pt>
        <x>628.81</x>
        <y>257.88</y>
      </pt>
      <pt>
        <x>637.60</x>
        <y>252.90</y>
      </pt>
      <pt>
        <x>634.67</x>
        <y>251.43</y>
      </pt>
      <username></username>
    </polygon>
    <attributes></attributes>
  </object>
  <object>
    <name>lane</name>
    <deleted>0</deleted>
    <verified>0</verified>
    <occluded>no</occluded>
    <date></date>
    <id>2</id>
    <parts>
      <hasparts></hasparts>
      <ispartof></ispartof>
    </parts>
    <polygon>
      <pt>
        <x>598.31</x>
        <y>268.15</y>
      </pt>
      <pt>
        <x>604.18</x>
        <y>269.32</y>
      </pt>
      <pt>
        <x>614.15</x>
        <y>262.87</y>
      </pt>
      <pt>
        <x>611.80</x>
        <y>260.82</y>
      </pt>
      <username></username>
    </polygon>
    <attributes></attributes>
  </object>
  <object>
    <name>lane</name>
    <deleted>0</deleted>
    <verified>0</verified>
    <occluded>no</occluded>
    <date></date>
    <id>3</id>
    <parts>
      <hasparts></hasparts>
      <ispartof></ispartof>
    </parts>
    <polygon>
      <pt>
        <x>585.70</x>
        <y>276.06</y>
      </pt>
      <pt>
        <x>590.10</x>
        <y>276.36</y>
      </pt>
      <pt>
        <x>578.08</x>
        <y>286.33</y>
      </pt>
      <pt>
        <x>572.80</x>
        <y>286.33</y>
      </pt>
      <username></username>
    </polygon>
    <attributes></attributes>
  </object>
  <object>
    <name>lane</name>
    <deleted>0</deleted>
    <verified>0</verified>
    <occluded>no</occluded>
    <date></date>
    <id>4</id>
    <parts>
      <hasparts></hasparts>
      <ispartof></ispartof>
    </parts>
    <polygon>
      <pt>
        <x>559.61</x>
        <y>295.71</y>
      </pt>
      <pt>
        <x>566.65</x>
        <y>297.18</y>
      </pt>
      <pt>
        <x>551.10</x>
        <y>311.25</y>
      </pt>
      <pt>
        <x>542.89</x>
        <y>310.08</y>
      </pt>
      <username></username>
    </polygon>
    <attributes></attributes>
  </object>
  <object>
    <name>lane</name>
    <deleted>0</deleted>
    <verified>0</verified>
    <occluded>no</occluded>
    <date></date>
    <id>5</id>
    <parts>
      <hasparts></hasparts>
      <ispartof></ispartof>
    </parts>
    <polygon>
      <pt>
        <x>528.13</x>
        <y>324.19</y>
      </pt>
      <pt>
        <x>537.76</x>
        <y>324.70</y>
      </pt>
      <pt>
        <x>523.06</x>
        <y>347.50</y>
      </pt>
      <pt>
        <x>512.93</x>
        <y>347.50</y>
      </pt>
      <username></username>
    </polygon>
    <attributes></attributes>
  </object>
  <object>
    <name>lane</name>
    <deleted>0</deleted>
    <verified>0</verified>
    <occluded>no</occluded>
    <date></date>
    <id>6</id>
    <parts>
      <hasparts></hasparts>
      <ispartof></ispartof>
    </parts>
    <polygon>
      <pt>
        <x>494.69</x>
        <y>374.86</y>
      </pt>
      <pt>
        <x>507.86</x>
        <y>374.86</y>
      </pt>
      <pt>
        <x>491.65</x>
        <y>414.88</y>
      </pt>
      <pt>
        <x>478.98</x>
        <y>414.88</y>
      </pt>
      <username></username>
    </polygon>
    <attributes></attributes>
  </object>
  <object>
    <name>lane</name>
    <deleted>0</deleted>
    <verified>0</verified>
    <occluded>no</occluded>
    <date></date>
    <id>7</id>
    <parts>
      <hasparts></hasparts>
      <ispartof></ispartof>
    </parts>
    <polygon>
      <pt>
        <x>421.48</x>
        <y>755.90</y>
      </pt>
      <pt>
        <x>455.98</x>
        <y>754.09</y>
      </pt>
      <pt>
        <x>455.98</x>
        <y>1251.55</y>
      </pt>
      <pt>
        <x>386.99</x>
        <y>1253.36</y>
      </pt>
      <username></username>
    </polygon>
    <attributes></attributes>
  </object>
</annotation>
