<annotation>
  <filename>image_2184.jpg</filename>
  <folder></folder>
  <source>
    <sourceImage></sourceImage>
    <sourceAnnotation>Datumaro</sourceAnnotation>
  </source>
  <imagesize>
    <nrows>486</nrows>
    <ncols>1080</ncols>
  </imagesize>
  <object>
    <name>lane</name>
    <deleted>0</deleted>
    <verified>0</verified>
    <occluded>no</occluded>
    <date></date>
    <id>0</id>
    <parts>
      <hasparts></hasparts>
      <ispartof></ispartof>
    </parts>
    <polygon>
      <pt>
        <x>637.51</x>
        <y>243.22</y>
      </pt>
      <pt>
        <x>636.65</x>
        <y>270.74</y>
      </pt>
      <pt>
        <x>1079.54</x>
        <y>321.91</y>
      </pt>
      <pt>
        <x>1079.54</x>
        <y>278.91</y>
      </pt>
      <username></username>
    </polygon>
    <attributes></attributes>
  </object>
  <object>
    <name>lane</name>
    <deleted>0</deleted>
    <verified>0</verified>
    <occluded>no</occluded>
    <date></date>
    <id>1</id>
    <parts>
      <hasparts></hasparts>
      <ispartof></ispartof>
    </parts>
    <polygon>
      <pt>
        <x>635.13</x>
        <y>270.11</y>
      </pt>
      <pt>
        <x>635.13</x>
        <y>243.95</y>
      </pt>
      <pt>
        <x>347.40</x>
        <y>228.55</y>
      </pt>
      <pt>
        <x>252.09</x>
        <y>223.17</y>
      </pt>
      <pt>
        <x>254.24</x>
        <y>225.68</y>
      </pt>
      <pt>
        <x>457.40</x>
        <y>250.05</y>
      </pt>
      <username></username>
    </polygon>
    <attributes></attributes>
  </object>
</annotation>
