<annotation>
  <filename>image_2481.jpg</filename>
  <folder></folder>
  <source>
    <sourceImage></sourceImage>
    <sourceAnnotation>Datumaro</sourceAnnotation>
  </source>
  <imagesize>
    <nrows>1920</nrows>
    <ncols>1080</ncols>
  </imagesize>
  <object>
    <name>lane</name>
    <deleted>0</deleted>
    <verified>0</verified>
    <occluded>no</occluded>
    <date></date>
    <id>0</id>
    <parts>
      <hasparts></hasparts>
      <ispartof></ispartof>
    </parts>
    <type>bounding_box</type>
    <polygon>
      <pt>
        <x>532.80</x>
        <y>285.01</y>
      </pt>
      <pt>
        <x>538.74</x>
        <y>285.01</y>
      </pt>
      <pt>
        <x>538.74</x>
        <y>289.96</y>
      </pt>
      <pt>
        <x>532.80</x>
        <y>289.96</y>
      </pt>
      <username></username>
    </polygon>
    <attributes>rotation=0.0</attributes>
  </object>
  <object>
    <name>lane</name>
    <deleted>0</deleted>
    <verified>0</verified>
    <occluded>no</occluded>
    <date></date>
    <id>1</id>
    <parts>
      <hasparts></hasparts>
      <ispartof></ispartof>
    </parts>
    <type>bounding_box</type>
    <polygon>
      <pt>
        <x>532.09</x>
        <y>295.20</y>
      </pt>
      <pt>
        <x>537.89</x>
        <y>295.20</y>
      </pt>
      <pt>
        <x>537.89</x>
        <y>301.28</y>
      </pt>
      <pt>
        <x>532.09</x>
        <y>301.28</y>
      </pt>
      <username></username>
    </polygon>
    <attributes>rotation=0.0</attributes>
  </object>
  <object>
    <name>lane</name>
    <deleted>0</deleted>
    <verified>0</verified>
    <occluded>no</occluded>
    <date></date>
    <id>2</id>
    <parts>
      <hasparts></hasparts>
      <ispartof></ispartof>
    </parts>
    <type>bounding_box</type>
    <polygon>
      <pt>
        <x>497.07</x>
        <y>571.35</y>
      </pt>
      <pt>
        <x>525.81</x>
        <y>571.35</y>
      </pt>
      <pt>
        <x>525.81</x>
        <y>730.21</y>
      </pt>
      <pt>
        <x>497.07</x>
        <y>730.21</y>
      </pt>
      <username></username>
    </polygon>
    <attributes>rotation=0.0</attributes>
  </object>
  <object>
    <name>lane</name>
    <deleted>0</deleted>
    <verified>0</verified>
    <occluded>no</occluded>
    <date></date>
    <id>3</id>
    <parts>
      <hasparts></hasparts>
      <ispartof></ispartof>
    </parts>
    <polygon>
      <pt>
        <x>447.45</x>
        <y>1063.92</y>
      </pt>
      <pt>
        <x>371.63</x>
        <y>1916.21</y>
      </pt>
      <pt>
        <x>449.34</x>
        <y>1920.00</y>
      </pt>
      <pt>
        <x>478.88</x>
        <y>1920.00</y>
      </pt>
      <pt>
        <x>510.20</x>
        <y>1069.15</y>
      </pt>
      <username></username>
    </polygon>
    <attributes></attributes>
  </object>
  <object>
    <name>lane</name>
    <deleted>0</deleted>
    <verified>0</verified>
    <occluded>no</occluded>
    <date></date>
    <id>4</id>
    <parts>
      <hasparts></hasparts>
      <ispartof></ispartof>
    </parts>
    <type>bounding_box</type>
    <polygon>
      <pt>
        <x>518.84</x>
        <y>444.78</y>
      </pt>
      <pt>
        <x>531.97</x>
        <y>444.78</y>
      </pt>
      <pt>
        <x>531.97</x>
        <y>500.23</y>
      </pt>
      <pt>
        <x>518.84</x>
        <y>500.23</y>
      </pt>
      <username></username>
    </polygon>
    <attributes>rotation=0.0</attributes>
  </object>
  <object>
    <name>lane</name>
    <deleted>0</deleted>
    <verified>0</verified>
    <occluded>no</occluded>
    <date></date>
    <id>5</id>
    <parts>
      <hasparts></hasparts>
      <ispartof></ispartof>
    </parts>
    <type>bounding_box</type>
    <polygon>
      <pt>
        <x>523.94</x>
        <y>384.22</y>
      </pt>
      <pt>
        <x>531.97</x>
        <y>384.22</y>
      </pt>
      <pt>
        <x>531.97</x>
        <y>411.22</y>
      </pt>
      <pt>
        <x>523.94</x>
        <y>411.22</y>
      </pt>
      <username></username>
    </polygon>
    <attributes>rotation=0.0</attributes>
  </object>
  <object>
    <name>lane</name>
    <deleted>0</deleted>
    <verified>0</verified>
    <occluded>no</occluded>
    <date></date>
    <id>6</id>
    <parts>
      <hasparts></hasparts>
      <ispartof></ispartof>
    </parts>
    <type>bounding_box</type>
    <polygon>
      <pt>
        <x>526.86</x>
        <y>347.01</y>
      </pt>
      <pt>
        <x>534.16</x>
        <y>347.01</y>
      </pt>
      <pt>
        <x>534.16</x>
        <y>364.52</y>
      </pt>
      <pt>
        <x>526.86</x>
        <y>364.52</y>
      </pt>
      <username></username>
    </polygon>
    <attributes>rotation=0.0</attributes>
  </object>
  <object>
    <name>lane</name>
    <deleted>0</deleted>
    <verified>0</verified>
    <occluded>no</occluded>
    <date></date>
    <id>7</id>
    <parts>
      <hasparts></hasparts>
      <ispartof></ispartof>
    </parts>
    <type>bounding_box</type>
    <polygon>
      <pt>
        <x>531.24</x>
        <y>324.39</y>
      </pt>
      <pt>
        <x>537.81</x>
        <y>324.39</y>
      </pt>
      <pt>
        <x>537.81</x>
        <y>336.79</y>
      </pt>
      <pt>
        <x>531.24</x>
        <y>336.79</y>
      </pt>
      <username></username>
    </polygon>
    <attributes>rotation=0.0</attributes>
  </object>
  <object>
    <name>lane</name>
    <deleted>0</deleted>
    <verified>0</verified>
    <occluded>no</occluded>
    <date></date>
    <id>8</id>
    <parts>
      <hasparts></hasparts>
      <ispartof></ispartof>
    </parts>
    <type>bounding_box</type>
    <polygon>
      <pt>
        <x>531.97</x>
        <y>305.42</y>
      </pt>
      <pt>
        <x>537.81</x>
        <y>305.42</y>
      </pt>
      <pt>
        <x>537.81</x>
        <y>318.55</y>
      </pt>
      <pt>
        <x>531.97</x>
        <y>318.55</y>
      </pt>
      <username></username>
    </polygon>
    <attributes>rotation=0.0</attributes>
  </object>
</annotation>
