<annotation>
  <filename>image_1950.jpg</filename>
  <folder></folder>
  <source>
    <sourceImage></sourceImage>
    <sourceAnnotation>Datumaro</sourceAnnotation>
  </source>
  <imagesize>
    <nrows>1920</nrows>
    <ncols>1080</ncols>
  </imagesize>
  <object>
    <name>lane</name>
    <deleted>0</deleted>
    <verified>0</verified>
    <occluded>no</occluded>
    <date></date>
    <id>0</id>
    <parts>
      <hasparts></hasparts>
      <ispartof></ispartof>
    </parts>
    <polygon>
      <pt>
        <x>426.15</x>
        <y>1084.23</y>
      </pt>
      <pt>
        <x>482.32</x>
        <y>1084.23</y>
      </pt>
      <pt>
        <x>485.28</x>
        <y>908.33</y>
      </pt>
      <pt>
        <x>486.76</x>
        <y>750.17</y>
      </pt>
      <pt>
        <x>461.63</x>
        <y>756.08</y>
      </pt>
      <pt>
        <x>446.85</x>
        <y>903.90</y>
      </pt>
      <username></username>
    </polygon>
    <attributes></attributes>
  </object>
  <object>
    <name>lane</name>
    <deleted>0</deleted>
    <verified>0</verified>
    <occluded>no</occluded>
    <date></date>
    <id>1</id>
    <parts>
      <hasparts></hasparts>
      <ispartof></ispartof>
    </parts>
    <type>bounding_box</type>
    <polygon>
      <pt>
        <x>479.59</x>
        <y>432.23</y>
      </pt>
      <pt>
        <x>490.14</x>
        <y>432.23</y>
      </pt>
      <pt>
        <x>490.14</x>
        <y>467.41</y>
      </pt>
      <pt>
        <x>479.59</x>
        <y>467.41</y>
      </pt>
      <username></username>
    </polygon>
    <attributes>rotation=0.0</attributes>
  </object>
  <object>
    <name>lane</name>
    <deleted>0</deleted>
    <verified>0</verified>
    <occluded>no</occluded>
    <date></date>
    <id>2</id>
    <parts>
      <hasparts></hasparts>
      <ispartof></ispartof>
    </parts>
    <polygon>
      <pt>
        <x>468.83</x>
        <y>602.19</y>
      </pt>
      <pt>
        <x>489.40</x>
        <y>604.80</y>
      </pt>
      <pt>
        <x>489.20</x>
        <y>555.70</y>
      </pt>
      <pt>
        <x>489.00</x>
        <y>520.00</y>
      </pt>
      <pt>
        <x>472.90</x>
        <y>520.50</y>
      </pt>
      <pt>
        <x>471.39</x>
        <y>558.56</y>
      </pt>
      <username></username>
    </polygon>
    <attributes></attributes>
  </object>
  <object>
    <name>lane</name>
    <deleted>0</deleted>
    <verified>0</verified>
    <occluded>no</occluded>
    <date></date>
    <id>3</id>
    <parts>
      <hasparts></hasparts>
      <ispartof></ispartof>
    </parts>
    <type>bounding_box</type>
    <polygon>
      <pt>
        <x>482.04</x>
        <y>383.32</y>
      </pt>
      <pt>
        <x>492.60</x>
        <y>383.32</y>
      </pt>
      <pt>
        <x>492.60</x>
        <y>406.12</y>
      </pt>
      <pt>
        <x>482.04</x>
        <y>406.12</y>
      </pt>
      <username></username>
    </polygon>
    <attributes>rotation=0.0</attributes>
  </object>
  <object>
    <name>lane</name>
    <deleted>0</deleted>
    <verified>0</verified>
    <occluded>no</occluded>
    <date></date>
    <id>4</id>
    <parts>
      <hasparts></hasparts>
      <ispartof></ispartof>
    </parts>
    <type>bounding_box</type>
    <polygon>
      <pt>
        <x>484.55</x>
        <y>354.57</y>
      </pt>
      <pt>
        <x>492.49</x>
        <y>354.57</y>
      </pt>
      <pt>
        <x>492.49</x>
        <y>368.82</y>
      </pt>
      <pt>
        <x>484.55</x>
        <y>368.82</y>
      </pt>
      <username></username>
    </polygon>
    <attributes>rotation=0.0</attributes>
  </object>
  <object>
    <name>lane</name>
    <deleted>0</deleted>
    <verified>0</verified>
    <occluded>no</occluded>
    <date></date>
    <id>5</id>
    <parts>
      <hasparts></hasparts>
      <ispartof></ispartof>
    </parts>
    <type>bounding_box</type>
    <polygon>
      <pt>
        <x>486.38</x>
        <y>336.24</y>
      </pt>
      <pt>
        <x>492.28</x>
        <y>336.24</y>
      </pt>
      <pt>
        <x>492.28</x>
        <y>345.41</y>
      </pt>
      <pt>
        <x>486.38</x>
        <y>345.41</y>
      </pt>
      <username></username>
    </polygon>
    <attributes>rotation=0.0</attributes>
  </object>
  <object>
    <name>lane</name>
    <deleted>0</deleted>
    <verified>0</verified>
    <occluded>no</occluded>
    <date></date>
    <id>6</id>
    <parts>
      <hasparts></hasparts>
      <ispartof></ispartof>
    </parts>
    <type>bounding_box</type>
    <polygon>
      <pt>
        <x>487.40</x>
        <y>321.18</y>
      </pt>
      <pt>
        <x>492.89</x>
        <y>321.18</y>
      </pt>
      <pt>
        <x>492.89</x>
        <y>327.49</y>
      </pt>
      <pt>
        <x>487.40</x>
        <y>327.49</y>
      </pt>
      <username></username>
    </polygon>
    <attributes>rotation=0.0</attributes>
  </object>
  <object>
    <name>lane</name>
    <deleted>0</deleted>
    <verified>0</verified>
    <occluded>no</occluded>
    <date></date>
    <id>7</id>
    <parts>
      <hasparts></hasparts>
      <ispartof></ispartof>
    </parts>
    <type>bounding_box</type>
    <polygon>
      <pt>
        <x>488.21</x>
        <y>310.79</y>
      </pt>
      <pt>
        <x>491.88</x>
        <y>310.79</y>
      </pt>
      <pt>
        <x>491.88</x>
        <y>316.09</y>
      </pt>
      <pt>
        <x>488.21</x>
        <y>316.09</y>
      </pt>
      <username></username>
    </polygon>
    <attributes>rotation=0.0</attributes>
  </object>
</annotation>
