<annotation>
  <filename>image_375.jpg</filename>
  <folder></folder>
  <source>
    <sourceImage></sourceImage>
    <sourceAnnotation>Datumaro</sourceAnnotation>
  </source>
  <imagesize>
    <nrows>1920</nrows>
    <ncols>1080</ncols>
  </imagesize>
  <object>
    <name>lane</name>
    <deleted>0</deleted>
    <verified>0</verified>
    <occluded>no</occluded>
    <date></date>
    <id>0</id>
    <parts>
      <hasparts></hasparts>
      <ispartof></ispartof>
    </parts>
    <type>bounding_box</type>
    <polygon>
      <pt>
        <x>485.50</x>
        <y>379.27</y>
      </pt>
      <pt>
        <x>492.55</x>
        <y>379.27</y>
      </pt>
      <pt>
        <x>492.55</x>
        <y>391.71</y>
      </pt>
      <pt>
        <x>485.50</x>
        <y>391.71</y>
      </pt>
      <username></username>
    </polygon>
    <attributes>rotation=0.0</attributes>
  </object>
  <object>
    <name>lane</name>
    <deleted>0</deleted>
    <verified>0</verified>
    <occluded>no</occluded>
    <date></date>
    <id>1</id>
    <parts>
      <hasparts></hasparts>
      <ispartof></ispartof>
    </parts>
    <polygon>
      <pt>
        <x>443.99</x>
        <y>1378.25</y>
      </pt>
      <pt>
        <x>528.30</x>
        <y>1369.37</y>
      </pt>
      <pt>
        <x>541.60</x>
        <y>1915.20</y>
      </pt>
      <pt>
        <x>429.58</x>
        <y>1920.00</y>
      </pt>
      <pt>
        <x>428.51</x>
        <y>1920.00</y>
      </pt>
      <username></username>
    </polygon>
    <attributes></attributes>
  </object>
  <object>
    <name>lane</name>
    <deleted>0</deleted>
    <verified>0</verified>
    <occluded>no</occluded>
    <date></date>
    <id>2</id>
    <parts>
      <hasparts></hasparts>
      <ispartof></ispartof>
    </parts>
    <polygon>
      <pt>
        <x>472.82</x>
        <y>648.61</y>
      </pt>
      <pt>
        <x>501.05</x>
        <y>649.36</y>
      </pt>
      <pt>
        <x>508.48</x>
        <y>840.31</y>
      </pt>
      <pt>
        <x>472.82</x>
        <y>841.05</y>
      </pt>
      <username></username>
    </polygon>
    <attributes></attributes>
  </object>
  <object>
    <name>lane</name>
    <deleted>0</deleted>
    <verified>0</verified>
    <occluded>no</occluded>
    <date></date>
    <id>3</id>
    <parts>
      <hasparts></hasparts>
      <ispartof></ispartof>
    </parts>
    <polygon>
      <pt>
        <x>482.35</x>
        <y>502.42</y>
      </pt>
      <pt>
        <x>495.77</x>
        <y>502.42</y>
      </pt>
      <pt>
        <x>498.86</x>
        <y>560.73</y>
      </pt>
      <pt>
        <x>478.22</x>
        <y>559.18</y>
      </pt>
      <username></username>
    </polygon>
    <attributes></attributes>
  </object>
  <object>
    <name>lane</name>
    <deleted>0</deleted>
    <verified>0</verified>
    <occluded>no</occluded>
    <date></date>
    <id>4</id>
    <parts>
      <hasparts></hasparts>
      <ispartof></ispartof>
    </parts>
    <type>bounding_box</type>
    <polygon>
      <pt>
        <x>485.30</x>
        <y>401.94</y>
      </pt>
      <pt>
        <x>495.16</x>
        <y>401.94</y>
      </pt>
      <pt>
        <x>495.16</x>
        <y>419.13</y>
      </pt>
      <pt>
        <x>485.30</x>
        <y>419.13</y>
      </pt>
      <username></username>
    </polygon>
    <attributes>rotation=0.0</attributes>
  </object>
  <object>
    <name>lane</name>
    <deleted>0</deleted>
    <verified>0</verified>
    <occluded>no</occluded>
    <date></date>
    <id>5</id>
    <parts>
      <hasparts></hasparts>
      <ispartof></ispartof>
    </parts>
    <type>bounding_box</type>
    <polygon>
      <pt>
        <x>488.33</x>
        <y>325.15</y>
      </pt>
      <pt>
        <x>491.36</x>
        <y>325.15</y>
      </pt>
      <pt>
        <x>491.36</x>
        <y>327.89</y>
      </pt>
      <pt>
        <x>488.33</x>
        <y>327.89</y>
      </pt>
      <username></username>
    </polygon>
    <attributes>rotation=0.0</attributes>
  </object>
  <object>
    <name>lane</name>
    <deleted>0</deleted>
    <verified>0</verified>
    <occluded>no</occluded>
    <date></date>
    <id>6</id>
    <parts>
      <hasparts></hasparts>
      <ispartof></ispartof>
    </parts>
    <type>bounding_box</type>
    <polygon>
      <pt>
        <x>488.19</x>
        <y>329.76</y>
      </pt>
      <pt>
        <x>491.64</x>
        <y>329.76</y>
      </pt>
      <pt>
        <x>491.64</x>
        <y>332.93</y>
      </pt>
      <pt>
        <x>488.19</x>
        <y>332.93</y>
      </pt>
      <username></username>
    </polygon>
    <attributes>rotation=0.0</attributes>
  </object>
  <object>
    <name>lane</name>
    <deleted>0</deleted>
    <verified>0</verified>
    <occluded>no</occluded>
    <date></date>
    <id>7</id>
    <parts>
      <hasparts></hasparts>
      <ispartof></ispartof>
    </parts>
    <type>bounding_box</type>
    <polygon>
      <pt>
        <x>488.04</x>
        <y>335.23</y>
      </pt>
      <pt>
        <x>491.79</x>
        <y>335.23</y>
      </pt>
      <pt>
        <x>491.79</x>
        <y>339.12</y>
      </pt>
      <pt>
        <x>488.04</x>
        <y>339.12</y>
      </pt>
      <username></username>
    </polygon>
    <attributes>rotation=0.0</attributes>
  </object>
  <object>
    <name>lane</name>
    <deleted>0</deleted>
    <verified>0</verified>
    <occluded>no</occluded>
    <date></date>
    <id>8</id>
    <parts>
      <hasparts></hasparts>
      <ispartof></ispartof>
    </parts>
    <type>bounding_box</type>
    <polygon>
      <pt>
        <x>487.90</x>
        <y>342.14</y>
      </pt>
      <pt>
        <x>491.64</x>
        <y>342.14</y>
      </pt>
      <pt>
        <x>491.64</x>
        <y>347.47</y>
      </pt>
      <pt>
        <x>487.90</x>
        <y>347.47</y>
      </pt>
      <username></username>
    </polygon>
    <attributes>rotation=0.0</attributes>
  </object>
  <object>
    <name>lane</name>
    <deleted>0</deleted>
    <verified>0</verified>
    <occluded>no</occluded>
    <date></date>
    <id>9</id>
    <parts>
      <hasparts></hasparts>
      <ispartof></ispartof>
    </parts>
    <type>bounding_box</type>
    <polygon>
      <pt>
        <x>487.16</x>
        <y>352.10</y>
      </pt>
      <pt>
        <x>492.13</x>
        <y>352.10</y>
      </pt>
      <pt>
        <x>492.13</x>
        <y>358.32</y>
      </pt>
      <pt>
        <x>487.16</x>
        <y>358.32</y>
      </pt>
      <username></username>
    </polygon>
    <attributes>rotation=0.0</attributes>
  </object>
  <object>
    <name>lane</name>
    <deleted>0</deleted>
    <verified>0</verified>
    <occluded>no</occluded>
    <date></date>
    <id>10</id>
    <parts>
      <hasparts></hasparts>
      <ispartof></ispartof>
    </parts>
    <type>bounding_box</type>
    <polygon>
      <pt>
        <x>486.53</x>
        <y>362.10</y>
      </pt>
      <pt>
        <x>493.20</x>
        <y>362.10</y>
      </pt>
      <pt>
        <x>493.20</x>
        <y>371.39</y>
      </pt>
      <pt>
        <x>486.53</x>
        <y>371.39</y>
      </pt>
      <username></username>
    </polygon>
    <attributes>rotation=0.0</attributes>
  </object>
  <object>
    <name>lane</name>
    <deleted>0</deleted>
    <verified>0</verified>
    <occluded>no</occluded>
    <date></date>
    <id>11</id>
    <parts>
      <hasparts></hasparts>
      <ispartof></ispartof>
    </parts>
    <polygon>
      <pt>
        <x>482.59</x>
        <y>436.73</y>
      </pt>
      <pt>
        <x>495.85</x>
        <y>437.09</y>
      </pt>
      <pt>
        <x>496.21</x>
        <y>465.75</y>
      </pt>
      <pt>
        <x>485.46</x>
        <y>466.83</y>
      </pt>
      <username></username>
    </polygon>
    <attributes></attributes>
  </object>
</annotation>
