<annotation>
  <filename>image_1473.jpg</filename>
  <folder></folder>
  <source>
    <sourceImage></sourceImage>
    <sourceAnnotation>Datumaro</sourceAnnotation>
  </source>
  <imagesize>
    <nrows>1920</nrows>
    <ncols>1080</ncols>
  </imagesize>
  <object>
    <name>lane</name>
    <deleted>0</deleted>
    <verified>0</verified>
    <occluded>no</occluded>
    <date></date>
    <id>0</id>
    <parts>
      <hasparts></hasparts>
      <ispartof></ispartof>
    </parts>
    <type>bounding_box</type>
    <polygon>
      <pt>
        <x>538.09</x>
        <y>30.35</y>
      </pt>
      <pt>
        <x>546.97</x>
        <y>30.35</y>
      </pt>
      <pt>
        <x>546.97</x>
        <y>36.91</y>
      </pt>
      <pt>
        <x>538.09</x>
        <y>36.91</y>
      </pt>
      <username></username>
    </polygon>
    <attributes>rotation=0.0</attributes>
  </object>
  <object>
    <name>lane</name>
    <deleted>0</deleted>
    <verified>0</verified>
    <occluded>no</occluded>
    <date></date>
    <id>1</id>
    <parts>
      <hasparts></hasparts>
      <ispartof></ispartof>
    </parts>
    <type>bounding_box</type>
    <polygon>
      <pt>
        <x>526.21</x>
        <y>155.84</y>
      </pt>
      <pt>
        <x>544.37</x>
        <y>155.84</y>
      </pt>
      <pt>
        <x>544.37</x>
        <y>184.59</y>
      </pt>
      <pt>
        <x>526.21</x>
        <y>184.59</y>
      </pt>
      <username></username>
    </polygon>
    <attributes>rotation=0.0</attributes>
  </object>
  <object>
    <name>lane</name>
    <deleted>0</deleted>
    <verified>0</verified>
    <occluded>no</occluded>
    <date></date>
    <id>2</id>
    <parts>
      <hasparts></hasparts>
      <ispartof></ispartof>
    </parts>
    <type>bounding_box</type>
    <polygon>
      <pt>
        <x>521.67</x>
        <y>217.87</y>
      </pt>
      <pt>
        <x>539.83</x>
        <y>217.87</y>
      </pt>
      <pt>
        <x>539.83</x>
        <y>257.21</y>
      </pt>
      <pt>
        <x>521.67</x>
        <y>257.21</y>
      </pt>
      <username></username>
    </polygon>
    <attributes>rotation=0.0</attributes>
  </object>
  <object>
    <name>lane</name>
    <deleted>0</deleted>
    <verified>0</verified>
    <occluded>no</occluded>
    <date></date>
    <id>3</id>
    <parts>
      <hasparts></hasparts>
      <ispartof></ispartof>
    </parts>
    <type>bounding_box</type>
    <polygon>
      <pt>
        <x>512.60</x>
        <y>319.24</y>
      </pt>
      <pt>
        <x>541.34</x>
        <y>319.24</y>
      </pt>
      <pt>
        <x>541.34</x>
        <y>400.94</y>
      </pt>
      <pt>
        <x>512.60</x>
        <y>400.94</y>
      </pt>
      <username></username>
    </polygon>
    <attributes>rotation=0.0</attributes>
  </object>
  <object>
    <name>lane</name>
    <deleted>0</deleted>
    <verified>0</verified>
    <occluded>no</occluded>
    <date></date>
    <id>4</id>
    <parts>
      <hasparts></hasparts>
      <ispartof></ispartof>
    </parts>
    <type>bounding_box</type>
    <polygon>
      <pt>
        <x>492.93</x>
        <y>515.92</y>
      </pt>
      <pt>
        <x>536.80</x>
        <y>515.92</y>
      </pt>
      <pt>
        <x>536.80</x>
        <y>718.66</y>
      </pt>
      <pt>
        <x>492.93</x>
        <y>718.66</y>
      </pt>
      <username></username>
    </polygon>
    <attributes>rotation=0.0</attributes>
  </object>
  <object>
    <name>lane</name>
    <deleted>0</deleted>
    <verified>0</verified>
    <occluded>no</occluded>
    <date></date>
    <id>5</id>
    <parts>
      <hasparts></hasparts>
      <ispartof></ispartof>
    </parts>
    <type>bounding_box</type>
    <polygon>
      <pt>
        <x>531.53</x>
        <y>113.32</y>
      </pt>
      <pt>
        <x>545.43</x>
        <y>113.32</y>
      </pt>
      <pt>
        <x>545.43</x>
        <y>133.39</y>
      </pt>
      <pt>
        <x>531.53</x>
        <y>133.39</y>
      </pt>
      <username></username>
    </polygon>
    <attributes>rotation=0.0</attributes>
  </object>
  <object>
    <name>lane</name>
    <deleted>0</deleted>
    <verified>0</verified>
    <occluded>no</occluded>
    <date></date>
    <id>6</id>
    <parts>
      <hasparts></hasparts>
      <ispartof></ispartof>
    </parts>
    <type>bounding_box</type>
    <polygon>
      <pt>
        <x>533.85</x>
        <y>81.67</y>
      </pt>
      <pt>
        <x>544.66</x>
        <y>81.67</y>
      </pt>
      <pt>
        <x>544.66</x>
        <y>96.72</y>
      </pt>
      <pt>
        <x>533.85</x>
        <y>96.72</y>
      </pt>
      <username></username>
    </polygon>
    <attributes>rotation=0.0</attributes>
  </object>
  <object>
    <name>lane</name>
    <deleted>0</deleted>
    <verified>0</verified>
    <occluded>no</occluded>
    <date></date>
    <id>7</id>
    <parts>
      <hasparts></hasparts>
      <ispartof></ispartof>
    </parts>
    <type>bounding_box</type>
    <polygon>
      <pt>
        <x>536.16</x>
        <y>60.06</y>
      </pt>
      <pt>
        <x>546.97</x>
        <y>60.06</y>
      </pt>
      <pt>
        <x>546.97</x>
        <y>70.48</y>
      </pt>
      <pt>
        <x>536.16</x>
        <y>70.48</y>
      </pt>
      <username></username>
    </polygon>
    <attributes>rotation=0.0</attributes>
  </object>
  <object>
    <name>lane</name>
    <deleted>0</deleted>
    <verified>0</verified>
    <occluded>no</occluded>
    <date></date>
    <id>8</id>
    <parts>
      <hasparts></hasparts>
      <ispartof></ispartof>
    </parts>
    <type>bounding_box</type>
    <polygon>
      <pt>
        <x>537.32</x>
        <y>45.01</y>
      </pt>
      <pt>
        <x>545.04</x>
        <y>45.01</y>
      </pt>
      <pt>
        <x>545.04</x>
        <y>51.96</y>
      </pt>
      <pt>
        <x>537.32</x>
        <y>51.96</y>
      </pt>
      <username></username>
    </polygon>
    <attributes>rotation=0.0</attributes>
  </object>
  <object>
    <name>lane</name>
    <deleted>0</deleted>
    <verified>0</verified>
    <occluded>no</occluded>
    <date></date>
    <id>9</id>
    <parts>
      <hasparts></hasparts>
      <ispartof></ispartof>
    </parts>
    <type>bounding_box</type>
    <polygon>
      <pt>
        <x>538.09</x>
        <y>18.77</y>
      </pt>
      <pt>
        <x>545.04</x>
        <y>18.77</y>
      </pt>
      <pt>
        <x>545.04</x>
        <y>24.17</y>
      </pt>
      <pt>
        <x>538.09</x>
        <y>24.17</y>
      </pt>
      <username></username>
    </polygon>
    <attributes>rotation=0.0</attributes>
  </object>
  <object>
    <name>lane</name>
    <deleted>0</deleted>
    <verified>0</verified>
    <occluded>no</occluded>
    <date></date>
    <id>10</id>
    <parts>
      <hasparts></hasparts>
      <ispartof></ispartof>
    </parts>
    <polygon>
      <pt>
        <x>443.42</x>
        <y>1110.09</y>
      </pt>
      <pt>
        <x>521.12</x>
        <y>1108.32</y>
      </pt>
      <pt>
        <x>510.67</x>
        <y>1920.00</y>
      </pt>
      <pt>
        <x>427.06</x>
        <y>1920.00</y>
      </pt>
      <pt>
        <x>379.84</x>
        <y>1913.62</y>
      </pt>
      <username></username>
    </polygon>
    <attributes></attributes>
  </object>
</annotation>
