<annotation>
  <filename>image_1815.jpg</filename>
  <folder></folder>
  <source>
    <sourceImage></sourceImage>
    <sourceAnnotation>Datumaro</sourceAnnotation>
  </source>
  <imagesize>
    <nrows>1920</nrows>
    <ncols>1080</ncols>
  </imagesize>
  <object>
    <name>lane</name>
    <deleted>0</deleted>
    <verified>0</verified>
    <occluded>no</occluded>
    <date></date>
    <id>0</id>
    <parts>
      <hasparts></hasparts>
      <ispartof></ispartof>
    </parts>
    <polygon>
      <pt>
        <x>510.66</x>
        <y>1676.23</y>
      </pt>
      <pt>
        <x>602.90</x>
        <y>1665.58</y>
      </pt>
      <pt>
        <x>533.72</x>
        <y>1280.67</y>
      </pt>
      <pt>
        <x>494.69</x>
        <y>888.66</y>
      </pt>
      <pt>
        <x>443.25</x>
        <y>890.43</y>
      </pt>
      <pt>
        <x>459.22</x>
        <y>1278.89</y>
      </pt>
      <username></username>
    </polygon>
    <attributes></attributes>
  </object>
  <object>
    <name>lane</name>
    <deleted>0</deleted>
    <verified>0</verified>
    <occluded>no</occluded>
    <date></date>
    <id>1</id>
    <parts>
      <hasparts></hasparts>
      <ispartof></ispartof>
    </parts>
    <polygon>
      <pt>
        <x>722.59</x>
        <y>398.93</y>
      </pt>
      <pt>
        <x>747.34</x>
        <y>381.11</y>
      </pt>
      <pt>
        <x>765.66</x>
        <y>372.70</y>
      </pt>
      <pt>
        <x>774.07</x>
        <y>373.69</y>
      </pt>
      <pt>
        <x>754.76</x>
        <y>385.57</y>
      </pt>
      <pt>
        <x>733.48</x>
        <y>400.91</y>
      </pt>
      <username></username>
    </polygon>
    <attributes></attributes>
  </object>
  <object>
    <name>lane</name>
    <deleted>0</deleted>
    <verified>0</verified>
    <occluded>no</occluded>
    <date></date>
    <id>2</id>
    <parts>
      <hasparts></hasparts>
      <ispartof></ispartof>
    </parts>
    <polygon>
      <pt>
        <x>630.10</x>
        <y>486.53</y>
      </pt>
      <pt>
        <x>655.05</x>
        <y>458.02</y>
      </pt>
      <pt>
        <x>679.29</x>
        <y>437.34</y>
      </pt>
      <pt>
        <x>697.11</x>
        <y>437.34</y>
      </pt>
      <pt>
        <x>669.31</x>
        <y>461.58</y>
      </pt>
      <pt>
        <x>645.07</x>
        <y>488.67</y>
      </pt>
      <username></username>
    </polygon>
    <attributes></attributes>
  </object>
  <object>
    <name>lane</name>
    <deleted>0</deleted>
    <verified>0</verified>
    <occluded>no</occluded>
    <date></date>
    <id>3</id>
    <parts>
      <hasparts></hasparts>
      <ispartof></ispartof>
    </parts>
    <polygon>
      <pt>
        <x>513.90</x>
        <y>663.32</y>
      </pt>
      <pt>
        <x>547.41</x>
        <y>595.60</y>
      </pt>
      <pt>
        <x>579.49</x>
        <y>548.55</y>
      </pt>
      <pt>
        <x>600.16</x>
        <y>552.11</y>
      </pt>
      <pt>
        <x>567.37</x>
        <y>605.58</y>
      </pt>
      <pt>
        <x>538.14</x>
        <y>663.32</y>
      </pt>
      <username></username>
    </polygon>
    <attributes></attributes>
  </object>
  <object>
    <name>lane</name>
    <deleted>0</deleted>
    <verified>0</verified>
    <occluded>no</occluded>
    <date></date>
    <id>4</id>
    <parts>
      <hasparts></hasparts>
      <ispartof></ispartof>
    </parts>
    <polygon>
      <pt>
        <x>246.36</x>
        <y>1741.86</y>
      </pt>
      <pt>
        <x>349.24</x>
        <y>1713.48</y>
      </pt>
      <pt>
        <x>147.03</x>
        <y>1239.87</y>
      </pt>
      <pt>
        <x>0.00</x>
        <y>1016.67</y>
      </pt>
      <pt>
        <x>0.00</x>
        <y>1118.64</y>
      </pt>
      <pt>
        <x>92.04</x>
        <y>1285.99</y>
      </pt>
      <username></username>
    </polygon>
    <attributes></attributes>
  </object>
</annotation>
