<annotation>
  <filename>image_1765.jpg</filename>
  <folder></folder>
  <source>
    <sourceImage></sourceImage>
    <sourceAnnotation>Datumaro</sourceAnnotation>
  </source>
  <imagesize>
    <nrows>1920</nrows>
    <ncols>1080</ncols>
  </imagesize>
  <object>
    <name>lane</name>
    <deleted>0</deleted>
    <verified>0</verified>
    <occluded>no</occluded>
    <date></date>
    <id>0</id>
    <parts>
      <hasparts></hasparts>
      <ispartof></ispartof>
    </parts>
    <type>bounding_box</type>
    <polygon>
      <pt>
        <x>431.36</x>
        <y>349.58</y>
      </pt>
      <pt>
        <x>438.45</x>
        <y>349.58</y>
      </pt>
      <pt>
        <x>438.45</x>
        <y>359.21</y>
      </pt>
      <pt>
        <x>431.36</x>
        <y>359.21</y>
      </pt>
      <username></username>
    </polygon>
    <attributes>rotation=0.0</attributes>
  </object>
  <object>
    <name>lane</name>
    <deleted>0</deleted>
    <verified>0</verified>
    <occluded>no</occluded>
    <date></date>
    <id>1</id>
    <parts>
      <hasparts></hasparts>
      <ispartof></ispartof>
    </parts>
    <polygon>
      <pt>
        <x>394.39</x>
        <y>334.02</y>
      </pt>
      <pt>
        <x>399.78</x>
        <y>332.99</y>
      </pt>
      <pt>
        <x>427.56</x>
        <y>340.45</y>
      </pt>
      <pt>
        <x>424.45</x>
        <y>341.49</y>
      </pt>
      <username></username>
    </polygon>
    <attributes></attributes>
  </object>
  <object>
    <name>lane</name>
    <deleted>0</deleted>
    <verified>0</verified>
    <occluded>no</occluded>
    <date></date>
    <id>2</id>
    <parts>
      <hasparts></hasparts>
      <ispartof></ispartof>
    </parts>
    <polygon>
      <pt>
        <x>548.46</x>
        <y>325.52</y>
      </pt>
      <pt>
        <x>551.36</x>
        <y>326.97</y>
      </pt>
      <pt>
        <x>586.40</x>
        <y>323.03</y>
      </pt>
      <pt>
        <x>581.22</x>
        <y>322.83</y>
      </pt>
      <username></username>
    </polygon>
    <attributes></attributes>
  </object>
  <object>
    <name>lane</name>
    <deleted>0</deleted>
    <verified>0</verified>
    <occluded>no</occluded>
    <date></date>
    <id>3</id>
    <parts>
      <hasparts></hasparts>
      <ispartof></ispartof>
    </parts>
    <polygon>
      <pt>
        <x>482.10</x>
        <y>331.74</y>
      </pt>
      <pt>
        <x>485.83</x>
        <y>332.16</y>
      </pt>
      <pt>
        <x>517.77</x>
        <y>329.46</y>
      </pt>
      <pt>
        <x>514.03</x>
        <y>328.63</y>
      </pt>
      <username></username>
    </polygon>
    <attributes></attributes>
  </object>
  <object>
    <name>lane</name>
    <deleted>0</deleted>
    <verified>0</verified>
    <occluded>no</occluded>
    <date></date>
    <id>4</id>
    <parts>
      <hasparts></hasparts>
      <ispartof></ispartof>
    </parts>
    <polygon>
      <pt>
        <x>438.14</x>
        <y>342.11</y>
      </pt>
      <pt>
        <x>441.66</x>
        <y>342.73</y>
      </pt>
      <pt>
        <x>456.39</x>
        <y>335.68</y>
      </pt>
      <pt>
        <x>452.03</x>
        <y>335.68</y>
      </pt>
      <username></username>
    </polygon>
    <attributes></attributes>
  </object>
  <object>
    <name>lane</name>
    <deleted>0</deleted>
    <verified>0</verified>
    <occluded>no</occluded>
    <date></date>
    <id>5</id>
    <parts>
      <hasparts></hasparts>
      <ispartof></ispartof>
    </parts>
    <polygon>
      <pt>
        <x>435.44</x>
        <y>1171.79</y>
      </pt>
      <pt>
        <x>494.44</x>
        <y>1168.76</y>
      </pt>
      <pt>
        <x>468.72</x>
        <y>773.88</y>
      </pt>
      <pt>
        <x>435.44</x>
        <y>773.88</y>
      </pt>
      <username></username>
    </polygon>
    <attributes></attributes>
  </object>
  <object>
    <name>lane</name>
    <deleted>0</deleted>
    <verified>0</verified>
    <occluded>no</occluded>
    <date></date>
    <id>6</id>
    <parts>
      <hasparts></hasparts>
      <ispartof></ispartof>
    </parts>
    <type>bounding_box</type>
    <polygon>
      <pt>
        <x>433.89</x>
        <y>533.51</y>
      </pt>
      <pt>
        <x>456.19</x>
        <y>533.51</y>
      </pt>
      <pt>
        <x>456.19</x>
        <y>621.16</y>
      </pt>
      <pt>
        <x>433.89</x>
        <y>621.16</y>
      </pt>
      <username></username>
    </polygon>
    <attributes>rotation=0.0</attributes>
  </object>
  <object>
    <name>lane</name>
    <deleted>0</deleted>
    <verified>0</verified>
    <occluded>no</occluded>
    <date></date>
    <id>7</id>
    <parts>
      <hasparts></hasparts>
      <ispartof></ispartof>
    </parts>
    <type>bounding_box</type>
    <polygon>
      <pt>
        <x>433.39</x>
        <y>444.84</y>
      </pt>
      <pt>
        <x>447.57</x>
        <y>444.84</y>
      </pt>
      <pt>
        <x>447.57</x>
        <y>480.31</y>
      </pt>
      <pt>
        <x>433.39</x>
        <y>480.31</y>
      </pt>
      <username></username>
    </polygon>
    <attributes>rotation=0.0</attributes>
  </object>
  <object>
    <name>lane</name>
    <deleted>0</deleted>
    <verified>0</verified>
    <occluded>no</occluded>
    <date></date>
    <id>8</id>
    <parts>
      <hasparts></hasparts>
      <ispartof></ispartof>
    </parts>
    <type>bounding_box</type>
    <polygon>
      <pt>
        <x>431.36</x>
        <y>398.73</y>
      </pt>
      <pt>
        <x>442.00</x>
        <y>398.73</y>
      </pt>
      <pt>
        <x>442.00</x>
        <y>418.49</y>
      </pt>
      <pt>
        <x>431.36</x>
        <y>418.49</y>
      </pt>
      <username></username>
    </polygon>
    <attributes>rotation=0.0</attributes>
  </object>
  <object>
    <name>lane</name>
    <deleted>0</deleted>
    <verified>0</verified>
    <occluded>no</occluded>
    <date></date>
    <id>9</id>
    <parts>
      <hasparts></hasparts>
      <ispartof></ispartof>
    </parts>
    <type>bounding_box</type>
    <polygon>
      <pt>
        <x>432.88</x>
        <y>371.37</y>
      </pt>
      <pt>
        <x>439.47</x>
        <y>371.37</y>
      </pt>
      <pt>
        <x>439.47</x>
        <y>383.02</y>
      </pt>
      <pt>
        <x>432.88</x>
        <y>383.02</y>
      </pt>
      <username></username>
    </polygon>
    <attributes>rotation=0.0</attributes>
  </object>
</annotation>
