<annotation>
  <filename>image_2737.jpg</filename>
  <folder></folder>
  <source>
    <sourceImage></sourceImage>
    <sourceAnnotation>Datumaro</sourceAnnotation>
  </source>
  <imagesize>
    <nrows>1920</nrows>
    <ncols>1080</ncols>
  </imagesize>
  <object>
    <name>lane</name>
    <deleted>0</deleted>
    <verified>0</verified>
    <occluded>no</occluded>
    <date></date>
    <id>0</id>
    <parts>
      <hasparts></hasparts>
      <ispartof></ispartof>
    </parts>
    <polygon>
      <pt>
        <x>436.97</x>
        <y>542.11</y>
      </pt>
      <pt>
        <x>458.13</x>
        <y>539.92</y>
      </pt>
      <pt>
        <x>442.08</x>
        <y>717.22</y>
      </pt>
      <pt>
        <x>407.79</x>
        <y>716.49</y>
      </pt>
      <username></username>
    </polygon>
    <attributes></attributes>
  </object>
  <object>
    <name>lane</name>
    <deleted>0</deleted>
    <verified>0</verified>
    <occluded>no</occluded>
    <date></date>
    <id>1</id>
    <parts>
      <hasparts></hasparts>
      <ispartof></ispartof>
    </parts>
    <polygon>
      <pt>
        <x>567.17</x>
        <y>272.28</y>
      </pt>
      <pt>
        <x>587.85</x>
        <y>260.12</y>
      </pt>
      <pt>
        <x>592.10</x>
        <y>262.56</y>
      </pt>
      <pt>
        <x>573.86</x>
        <y>273.50</y>
      </pt>
      <username></username>
    </polygon>
    <attributes></attributes>
  </object>
  <object>
    <name>lane</name>
    <deleted>0</deleted>
    <verified>0</verified>
    <occluded>no</occluded>
    <date></date>
    <id>2</id>
    <parts>
      <hasparts></hasparts>
      <ispartof></ispartof>
    </parts>
    <polygon>
      <pt>
        <x>548.93</x>
        <y>285.05</y>
      </pt>
      <pt>
        <x>559.27</x>
        <y>285.66</y>
      </pt>
      <pt>
        <x>543.46</x>
        <y>304.51</y>
      </pt>
      <pt>
        <x>534.95</x>
        <y>303.90</y>
      </pt>
      <username></username>
    </polygon>
    <attributes></attributes>
  </object>
  <object>
    <name>lane</name>
    <deleted>0</deleted>
    <verified>0</verified>
    <occluded>no</occluded>
    <date></date>
    <id>3</id>
    <parts>
      <hasparts></hasparts>
      <ispartof></ispartof>
    </parts>
    <polygon>
      <pt>
        <x>514.88</x>
        <y>323.36</y>
      </pt>
      <pt>
        <x>525.83</x>
        <y>324.57</y>
      </pt>
      <pt>
        <x>510.63</x>
        <y>352.54</y>
      </pt>
      <pt>
        <x>499.08</x>
        <y>352.54</y>
      </pt>
      <username></username>
    </polygon>
    <attributes></attributes>
  </object>
  <object>
    <name>lane</name>
    <deleted>0</deleted>
    <verified>0</verified>
    <occluded>no</occluded>
    <date></date>
    <id>4</id>
    <parts>
      <hasparts></hasparts>
      <ispartof></ispartof>
    </parts>
    <polygon>
      <pt>
        <x>478.65</x>
        <y>391.03</y>
      </pt>
      <pt>
        <x>493.24</x>
        <y>391.03</y>
      </pt>
      <pt>
        <x>473.78</x>
        <y>452.44</y>
      </pt>
      <pt>
        <x>457.37</x>
        <y>452.44</y>
      </pt>
      <username></username>
    </polygon>
    <attributes></attributes>
  </object>
  <object>
    <name>lane</name>
    <deleted>0</deleted>
    <verified>0</verified>
    <occluded>no</occluded>
    <date></date>
    <id>5</id>
    <parts>
      <hasparts></hasparts>
      <ispartof></ispartof>
    </parts>
    <polygon>
      <pt>
        <x>414.25</x>
        <y>1133.46</y>
      </pt>
      <pt>
        <x>474.38</x>
        <y>1125.62</y>
      </pt>
      <pt>
        <x>610.33</x>
        <y>1915.16</y>
      </pt>
      <pt>
        <x>503.14</x>
        <y>1917.78</y>
      </pt>
      <username></username>
    </polygon>
    <attributes></attributes>
  </object>
</annotation>
