<annotation>
  <filename>image_2098.jpg</filename>
  <folder></folder>
  <source>
    <sourceImage></sourceImage>
    <sourceAnnotation>Datumaro</sourceAnnotation>
  </source>
  <imagesize>
    <nrows>1920</nrows>
    <ncols>1080</ncols>
  </imagesize>
  <object>
    <name>lane</name>
    <deleted>0</deleted>
    <verified>0</verified>
    <occluded>no</occluded>
    <date></date>
    <id>0</id>
    <parts>
      <hasparts></hasparts>
      <ispartof></ispartof>
    </parts>
    <polygon>
      <pt>
        <x>441.45</x>
        <y>839.06</y>
      </pt>
      <pt>
        <x>454.42</x>
        <y>812.48</y>
      </pt>
      <pt>
        <x>465.50</x>
        <y>811.53</y>
      </pt>
      <pt>
        <x>453.79</x>
        <y>838.26</y>
      </pt>
      <username></username>
    </polygon>
    <attributes></attributes>
  </object>
  <object>
    <name>lane</name>
    <deleted>0</deleted>
    <verified>0</verified>
    <occluded>no</occluded>
    <date></date>
    <id>1</id>
    <parts>
      <hasparts></hasparts>
      <ispartof></ispartof>
    </parts>
    <polygon>
      <pt>
        <x>467.24</x>
        <y>792.70</y>
      </pt>
      <pt>
        <x>486.06</x>
        <y>778.15</y>
      </pt>
      <pt>
        <x>493.66</x>
        <y>778.30</y>
      </pt>
      <pt>
        <x>477.20</x>
        <y>793.81</y>
      </pt>
      <username></username>
    </polygon>
    <attributes></attributes>
  </object>
  <object>
    <name>lane</name>
    <deleted>0</deleted>
    <verified>0</verified>
    <occluded>no</occluded>
    <date></date>
    <id>2</id>
    <parts>
      <hasparts></hasparts>
      <ispartof></ispartof>
    </parts>
    <polygon>
      <pt>
        <x>429.99</x>
        <y>877.03</y>
      </pt>
      <pt>
        <x>446.06</x>
        <y>878.01</y>
      </pt>
      <pt>
        <x>438.51</x>
        <y>936.41</y>
      </pt>
      <pt>
        <x>418.18</x>
        <y>934.11</y>
      </pt>
      <username></username>
    </polygon>
    <attributes></attributes>
  </object>
  <object>
    <name>lane</name>
    <deleted>0</deleted>
    <verified>0</verified>
    <occluded>no</occluded>
    <date></date>
    <id>3</id>
    <parts>
      <hasparts></hasparts>
      <ispartof></ispartof>
    </parts>
    <polygon>
      <pt>
        <x>412.58</x>
        <y>1046.94</y>
      </pt>
      <pt>
        <x>440.33</x>
        <y>1042.85</y>
      </pt>
      <pt>
        <x>467.27</x>
        <y>1278.77</y>
      </pt>
      <pt>
        <x>422.37</x>
        <y>1284.48</y>
      </pt>
      <username></username>
    </polygon>
    <attributes></attributes>
  </object>
  <object>
    <name>lane</name>
    <deleted>0</deleted>
    <verified>0</verified>
    <occluded>no</occluded>
    <date></date>
    <id>4</id>
    <parts>
      <hasparts></hasparts>
      <ispartof></ispartof>
    </parts>
    <polygon>
      <pt>
        <x>502.20</x>
        <y>766.91</y>
      </pt>
      <pt>
        <x>517.39</x>
        <y>757.90</y>
      </pt>
      <pt>
        <x>523.72</x>
        <y>757.26</y>
      </pt>
      <pt>
        <x>509.00</x>
        <y>767.86</y>
      </pt>
      <username></username>
    </polygon>
    <attributes></attributes>
  </object>
  <object>
    <name>lane</name>
    <deleted>0</deleted>
    <verified>0</verified>
    <occluded>no</occluded>
    <date></date>
    <id>5</id>
    <parts>
      <hasparts></hasparts>
      <ispartof></ispartof>
    </parts>
    <polygon>
      <pt>
        <x>535.11</x>
        <y>749.51</y>
      </pt>
      <pt>
        <x>549.66</x>
        <y>744.76</y>
      </pt>
      <pt>
        <x>552.83</x>
        <y>744.76</y>
      </pt>
      <pt>
        <x>539.38</x>
        <y>750.14</y>
      </pt>
      <username></username>
    </polygon>
    <attributes></attributes>
  </object>
</annotation>
