<annotation>
  <filename>image_294.jpg</filename>
  <folder></folder>
  <source>
    <sourceImage></sourceImage>
    <sourceAnnotation>Datumaro</sourceAnnotation>
  </source>
  <imagesize>
    <nrows>1920</nrows>
    <ncols>1080</ncols>
  </imagesize>
  <object>
    <name>lane</name>
    <deleted>0</deleted>
    <verified>0</verified>
    <occluded>no</occluded>
    <date></date>
    <id>0</id>
    <parts>
      <hasparts></hasparts>
      <ispartof></ispartof>
    </parts>
    <type>bounding_box</type>
    <polygon>
      <pt>
        <x>410.20</x>
        <y>371.69</y>
      </pt>
      <pt>
        <x>415.81</x>
        <y>371.69</y>
      </pt>
      <pt>
        <x>415.81</x>
        <y>377.74</y>
      </pt>
      <pt>
        <x>410.20</x>
        <y>377.74</y>
      </pt>
      <username></username>
    </polygon>
    <attributes>rotation=0.0</attributes>
  </object>
  <object>
    <name>lane</name>
    <deleted>0</deleted>
    <verified>0</verified>
    <occluded>no</occluded>
    <date></date>
    <id>1</id>
    <parts>
      <hasparts></hasparts>
      <ispartof></ispartof>
    </parts>
    <type>bounding_box</type>
    <polygon>
      <pt>
        <x>408.61</x>
        <y>360.46</y>
      </pt>
      <pt>
        <x>413.94</x>
        <y>360.46</y>
      </pt>
      <pt>
        <x>413.94</x>
        <y>366.65</y>
      </pt>
      <pt>
        <x>408.61</x>
        <y>366.65</y>
      </pt>
      <username></username>
    </polygon>
    <attributes>rotation=0.0</attributes>
  </object>
  <object>
    <name>lane</name>
    <deleted>0</deleted>
    <verified>0</verified>
    <occluded>no</occluded>
    <date></date>
    <id>2</id>
    <parts>
      <hasparts></hasparts>
      <ispartof></ispartof>
    </parts>
    <type>bounding_box</type>
    <polygon>
      <pt>
        <x>408.47</x>
        <y>352.11</y>
      </pt>
      <pt>
        <x>412.79</x>
        <y>352.11</y>
      </pt>
      <pt>
        <x>412.79</x>
        <y>356.00</y>
      </pt>
      <pt>
        <x>408.47</x>
        <y>356.00</y>
      </pt>
      <username></username>
    </polygon>
    <attributes>rotation=0.0</attributes>
  </object>
  <object>
    <name>lane</name>
    <deleted>0</deleted>
    <verified>0</verified>
    <occluded>no</occluded>
    <date></date>
    <id>3</id>
    <parts>
      <hasparts></hasparts>
      <ispartof></ispartof>
    </parts>
    <type>bounding_box</type>
    <polygon>
      <pt>
        <x>408.18</x>
        <y>344.48</y>
      </pt>
      <pt>
        <x>411.78</x>
        <y>344.48</y>
      </pt>
      <pt>
        <x>411.78</x>
        <y>348.51</y>
      </pt>
      <pt>
        <x>408.18</x>
        <y>348.51</y>
      </pt>
      <username></username>
    </polygon>
    <attributes>rotation=0.0</attributes>
  </object>
  <object>
    <name>lane</name>
    <deleted>0</deleted>
    <verified>0</verified>
    <occluded>no</occluded>
    <date></date>
    <id>4</id>
    <parts>
      <hasparts></hasparts>
      <ispartof></ispartof>
    </parts>
    <type>bounding_box</type>
    <polygon>
      <pt>
        <x>412.36</x>
        <y>404.53</y>
      </pt>
      <pt>
        <x>420.82</x>
        <y>404.53</y>
      </pt>
      <pt>
        <x>420.82</x>
        <y>421.45</y>
      </pt>
      <pt>
        <x>412.36</x>
        <y>421.45</y>
      </pt>
      <username></username>
    </polygon>
    <attributes>rotation=0.0</attributes>
  </object>
  <object>
    <name>lane</name>
    <deleted>0</deleted>
    <verified>0</verified>
    <occluded>no</occluded>
    <date></date>
    <id>5</id>
    <parts>
      <hasparts></hasparts>
      <ispartof></ispartof>
    </parts>
    <type>bounding_box</type>
    <polygon>
      <pt>
        <x>415.16</x>
        <y>437.02</y>
      </pt>
      <pt>
        <x>424.45</x>
        <y>437.02</y>
      </pt>
      <pt>
        <x>424.45</x>
        <y>461.17</y>
      </pt>
      <pt>
        <x>415.16</x>
        <y>461.17</y>
      </pt>
      <username></username>
    </polygon>
    <attributes>rotation=0.0</attributes>
  </object>
  <object>
    <name>lane</name>
    <deleted>0</deleted>
    <verified>0</verified>
    <occluded>no</occluded>
    <date></date>
    <id>6</id>
    <parts>
      <hasparts></hasparts>
      <ispartof></ispartof>
    </parts>
    <type>bounding_box</type>
    <polygon>
      <pt>
        <x>415.16</x>
        <y>488.41</y>
      </pt>
      <pt>
        <x>434.35</x>
        <y>488.41</y>
      </pt>
      <pt>
        <x>434.35</x>
        <y>526.80</y>
      </pt>
      <pt>
        <x>415.16</x>
        <y>526.80</y>
      </pt>
      <username></username>
    </polygon>
    <attributes>rotation=0.0</attributes>
  </object>
  <object>
    <name>lane</name>
    <deleted>0</deleted>
    <verified>0</verified>
    <occluded>no</occluded>
    <date></date>
    <id>7</id>
    <parts>
      <hasparts></hasparts>
      <ispartof></ispartof>
    </parts>
    <polygon>
      <pt>
        <x>423.15</x>
        <y>603.08</y>
      </pt>
      <pt>
        <x>444.78</x>
        <y>603.08</y>
      </pt>
      <pt>
        <x>459.53</x>
        <y>723.03</y>
      </pt>
      <pt>
        <x>431.02</x>
        <y>725.97</y>
      </pt>
      <username></username>
    </polygon>
    <attributes></attributes>
  </object>
  <object>
    <name>lane</name>
    <deleted>0</deleted>
    <verified>0</verified>
    <occluded>no</occluded>
    <date></date>
    <id>8</id>
    <parts>
      <hasparts></hasparts>
      <ispartof></ispartof>
    </parts>
    <type>bounding_box</type>
    <polygon>
      <pt>
        <x>406.31</x>
        <y>330.08</y>
      </pt>
      <pt>
        <x>409.05</x>
        <y>330.08</y>
      </pt>
      <pt>
        <x>409.05</x>
        <y>331.95</y>
      </pt>
      <pt>
        <x>406.31</x>
        <y>331.95</y>
      </pt>
      <username></username>
    </polygon>
    <attributes>rotation=0.0</attributes>
  </object>
  <object>
    <name>lane</name>
    <deleted>0</deleted>
    <verified>0</verified>
    <occluded>no</occluded>
    <date></date>
    <id>9</id>
    <parts>
      <hasparts></hasparts>
      <ispartof></ispartof>
    </parts>
    <type>bounding_box</type>
    <polygon>
      <pt>
        <x>406.02</x>
        <y>327.34</y>
      </pt>
      <pt>
        <x>408.76</x>
        <y>327.34</y>
      </pt>
      <pt>
        <x>408.76</x>
        <y>328.78</y>
      </pt>
      <pt>
        <x>406.02</x>
        <y>328.78</y>
      </pt>
      <username></username>
    </polygon>
    <attributes>rotation=0.0</attributes>
  </object>
  <object>
    <name>lane</name>
    <deleted>0</deleted>
    <verified>0</verified>
    <occluded>no</occluded>
    <date></date>
    <id>10</id>
    <parts>
      <hasparts></hasparts>
      <ispartof></ispartof>
    </parts>
    <type>bounding_box</type>
    <polygon>
      <pt>
        <x>410.37</x>
        <y>383.85</y>
      </pt>
      <pt>
        <x>418.09</x>
        <y>383.85</y>
      </pt>
      <pt>
        <x>418.09</x>
        <y>396.31</y>
      </pt>
      <pt>
        <x>410.37</x>
        <y>396.31</y>
      </pt>
      <username></username>
    </polygon>
    <attributes>rotation=0.0</attributes>
  </object>
  <object>
    <name>lane</name>
    <deleted>0</deleted>
    <verified>0</verified>
    <occluded>no</occluded>
    <date></date>
    <id>11</id>
    <parts>
      <hasparts></hasparts>
      <ispartof></ispartof>
    </parts>
    <type>bounding_box</type>
    <polygon>
      <pt>
        <x>407.17</x>
        <y>338.72</y>
      </pt>
      <pt>
        <x>410.77</x>
        <y>338.72</y>
      </pt>
      <pt>
        <x>410.77</x>
        <y>342.03</y>
      </pt>
      <pt>
        <x>407.17</x>
        <y>342.03</y>
      </pt>
      <username></username>
    </polygon>
    <attributes>rotation=0.0</attributes>
  </object>
  <object>
    <name>lane</name>
    <deleted>0</deleted>
    <verified>0</verified>
    <occluded>no</occluded>
    <date></date>
    <id>12</id>
    <parts>
      <hasparts></hasparts>
      <ispartof></ispartof>
    </parts>
    <type>bounding_box</type>
    <polygon>
      <pt>
        <x>406.89</x>
        <y>333.96</y>
      </pt>
      <pt>
        <x>409.48</x>
        <y>333.96</y>
      </pt>
      <pt>
        <x>409.48</x>
        <y>336.27</y>
      </pt>
      <pt>
        <x>406.89</x>
        <y>336.27</y>
      </pt>
      <username></username>
    </polygon>
    <attributes>rotation=0.0</attributes>
  </object>
</annotation>
