<annotation>
  <filename>image_1132.jpg</filename>
  <folder></folder>
  <source>
    <sourceImage></sourceImage>
    <sourceAnnotation>Datumaro</sourceAnnotation>
  </source>
  <imagesize>
    <nrows>1920</nrows>
    <ncols>1080</ncols>
  </imagesize>
  <object>
    <name>lane</name>
    <deleted>0</deleted>
    <verified>0</verified>
    <occluded>no</occluded>
    <date></date>
    <id>0</id>
    <parts>
      <hasparts></hasparts>
      <ispartof></ispartof>
    </parts>
    <type>bounding_box</type>
    <polygon>
      <pt>
        <x>439.33</x>
        <y>6.86</y>
      </pt>
      <pt>
        <x>447.76</x>
        <y>6.86</y>
      </pt>
      <pt>
        <x>447.76</x>
        <y>21.79</y>
      </pt>
      <pt>
        <x>439.33</x>
        <y>21.79</y>
      </pt>
      <username></username>
    </polygon>
    <attributes>rotation=0.0</attributes>
  </object>
  <object>
    <name>lane</name>
    <deleted>0</deleted>
    <verified>0</verified>
    <occluded>no</occluded>
    <date></date>
    <id>1</id>
    <parts>
      <hasparts></hasparts>
      <ispartof></ispartof>
    </parts>
    <type>bounding_box</type>
    <polygon>
      <pt>
        <x>438.68</x>
        <y>143.81</y>
      </pt>
      <pt>
        <x>457.50</x>
        <y>143.81</y>
      </pt>
      <pt>
        <x>457.50</x>
        <y>190.54</y>
      </pt>
      <pt>
        <x>438.68</x>
        <y>190.54</y>
      </pt>
      <username></username>
    </polygon>
    <attributes>rotation=0.0</attributes>
  </object>
  <object>
    <name>lane</name>
    <deleted>0</deleted>
    <verified>0</verified>
    <occluded>no</occluded>
    <date></date>
    <id>2</id>
    <parts>
      <hasparts></hasparts>
      <ispartof></ispartof>
    </parts>
    <type>bounding_box</type>
    <polygon>
      <pt>
        <x>438.68</x>
        <y>81.50</y>
      </pt>
      <pt>
        <x>451.66</x>
        <y>81.50</y>
      </pt>
      <pt>
        <x>451.66</x>
        <y>106.17</y>
      </pt>
      <pt>
        <x>438.68</x>
        <y>106.17</y>
      </pt>
      <username></username>
    </polygon>
    <attributes>rotation=0.0</attributes>
  </object>
  <object>
    <name>lane</name>
    <deleted>0</deleted>
    <verified>0</verified>
    <occluded>no</occluded>
    <date></date>
    <id>3</id>
    <parts>
      <hasparts></hasparts>
      <ispartof></ispartof>
    </parts>
    <type>bounding_box</type>
    <polygon>
      <pt>
        <x>436.73</x>
        <y>35.42</y>
      </pt>
      <pt>
        <x>451.01</x>
        <y>35.42</y>
      </pt>
      <pt>
        <x>451.01</x>
        <y>60.73</y>
      </pt>
      <pt>
        <x>436.73</x>
        <y>60.73</y>
      </pt>
      <username></username>
    </polygon>
    <attributes>rotation=0.0</attributes>
  </object>
  <object>
    <name>lane</name>
    <deleted>0</deleted>
    <verified>0</verified>
    <occluded>no</occluded>
    <date></date>
    <id>4</id>
    <parts>
      <hasparts></hasparts>
      <ispartof></ispartof>
    </parts>
    <type>bounding_box</type>
    <polygon>
      <pt>
        <x>439.04</x>
        <y>248.40</y>
      </pt>
      <pt>
        <x>462.80</x>
        <y>248.40</y>
      </pt>
      <pt>
        <x>462.80</x>
        <y>345.23</y>
      </pt>
      <pt>
        <x>439.04</x>
        <y>345.23</y>
      </pt>
      <username></username>
    </polygon>
    <attributes>rotation=0.0</attributes>
  </object>
  <object>
    <name>lane</name>
    <deleted>0</deleted>
    <verified>0</verified>
    <occluded>no</occluded>
    <date></date>
    <id>5</id>
    <parts>
      <hasparts></hasparts>
      <ispartof></ispartof>
    </parts>
    <type>bounding_box</type>
    <polygon>
      <pt>
        <x>441.73</x>
        <y>472.90</y>
      </pt>
      <pt>
        <x>481.20</x>
        <y>472.90</y>
      </pt>
      <pt>
        <x>481.20</x>
        <y>695.16</y>
      </pt>
      <pt>
        <x>441.73</x>
        <y>695.16</y>
      </pt>
      <username></username>
    </polygon>
    <attributes>rotation=0.0</attributes>
  </object>
</annotation>
