<annotation>
  <filename>image_753.jpg</filename>
  <folder></folder>
  <source>
    <sourceImage></sourceImage>
    <sourceAnnotation>Datumaro</sourceAnnotation>
  </source>
  <imagesize>
    <nrows>1920</nrows>
    <ncols>1080</ncols>
  </imagesize>
  <object>
    <name>lane</name>
    <deleted>0</deleted>
    <verified>0</verified>
    <occluded>no</occluded>
    <date></date>
    <id>0</id>
    <parts>
      <hasparts></hasparts>
      <ispartof></ispartof>
    </parts>
    <polygon>
      <pt>
        <x>369.05</x>
        <y>91.67</y>
      </pt>
      <pt>
        <x>378.70</x>
        <y>93.50</y>
      </pt>
      <pt>
        <x>415.93</x>
        <y>86.64</y>
      </pt>
      <pt>
        <x>403.12</x>
        <y>85.49</y>
      </pt>
      <username></username>
    </polygon>
    <attributes></attributes>
  </object>
  <object>
    <name>lane</name>
    <deleted>0</deleted>
    <verified>0</verified>
    <occluded>no</occluded>
    <date></date>
    <id>1</id>
    <parts>
      <hasparts></hasparts>
      <ispartof></ispartof>
    </parts>
    <polygon>
      <pt>
        <x>304.90</x>
        <y>289.20</y>
      </pt>
      <pt>
        <x>343.00</x>
        <y>381.90</y>
      </pt>
      <pt>
        <x>375.50</x>
        <y>385.40</y>
      </pt>
      <pt>
        <x>331.70</x>
        <y>291.50</y>
      </pt>
      <username></username>
    </polygon>
    <attributes></attributes>
  </object>
  <object>
    <name>lane</name>
    <deleted>0</deleted>
    <verified>0</verified>
    <occluded>no</occluded>
    <date></date>
    <id>2</id>
    <parts>
      <hasparts></hasparts>
      <ispartof></ispartof>
    </parts>
    <polygon>
      <pt>
        <x>366.00</x>
        <y>532.10</y>
      </pt>
      <pt>
        <x>374.98</x>
        <y>649.29</y>
      </pt>
      <pt>
        <x>379.10</x>
        <y>792.70</y>
      </pt>
      <pt>
        <x>434.00</x>
        <y>798.40</y>
      </pt>
      <pt>
        <x>409.50</x>
        <y>533.70</y>
      </pt>
      <username></username>
    </polygon>
    <attributes></attributes>
  </object>
  <object>
    <name>lane</name>
    <deleted>0</deleted>
    <verified>0</verified>
    <occluded>no</occluded>
    <date></date>
    <id>3</id>
    <parts>
      <hasparts></hasparts>
      <ispartof></ispartof>
    </parts>
    <polygon>
      <pt>
        <x>353.82</x>
        <y>1441.65</y>
      </pt>
      <pt>
        <x>455.80</x>
        <y>1453.50</y>
      </pt>
      <pt>
        <x>452.36</x>
        <y>1919.06</y>
      </pt>
      <pt>
        <x>319.84</x>
        <y>1917.36</y>
      </pt>
      <username></username>
    </polygon>
    <attributes></attributes>
  </object>
  <object>
    <name>lane</name>
    <deleted>0</deleted>
    <verified>0</verified>
    <occluded>no</occluded>
    <date></date>
    <id>4</id>
    <parts>
      <hasparts></hasparts>
      <ispartof></ispartof>
    </parts>
    <polygon>
      <pt>
        <x>161.27</x>
        <y>103.76</y>
      </pt>
      <pt>
        <x>176.40</x>
        <y>101.90</y>
      </pt>
      <pt>
        <x>215.33</x>
        <y>136.95</y>
      </pt>
      <pt>
        <x>198.70</x>
        <y>137.40</y>
      </pt>
      <username></username>
    </polygon>
    <attributes></attributes>
  </object>
  <object>
    <name>lane</name>
    <deleted>0</deleted>
    <verified>0</verified>
    <occluded>no</occluded>
    <date></date>
    <id>5</id>
    <parts>
      <hasparts></hasparts>
      <ispartof></ispartof>
    </parts>
    <polygon>
      <pt>
        <x>305.00</x>
        <y>102.10</y>
      </pt>
      <pt>
        <x>317.50</x>
        <y>104.00</y>
      </pt>
      <pt>
        <x>359.10</x>
        <y>96.80</y>
      </pt>
      <pt>
        <x>340.50</x>
        <y>95.90</y>
      </pt>
      <username></username>
    </polygon>
    <attributes></attributes>
  </object>
  <object>
    <name>lane</name>
    <deleted>0</deleted>
    <verified>0</verified>
    <occluded>no</occluded>
    <date></date>
    <id>6</id>
    <parts>
      <hasparts></hasparts>
      <ispartof></ispartof>
    </parts>
    <polygon>
      <pt>
        <x>232.40</x>
        <y>176.60</y>
      </pt>
      <pt>
        <x>267.10</x>
        <y>225.50</y>
      </pt>
      <pt>
        <x>289.40</x>
        <y>226.60</y>
      </pt>
      <pt>
        <x>252.40</x>
        <y>177.10</y>
      </pt>
      <username></username>
    </polygon>
    <attributes></attributes>
  </object>
  <object>
    <name>lane</name>
    <deleted>0</deleted>
    <verified>0</verified>
    <occluded>no</occluded>
    <date></date>
    <id>7</id>
    <parts>
      <hasparts></hasparts>
      <ispartof></ispartof>
    </parts>
    <polygon>
      <pt>
        <x>24.83</x>
        <y>31.72</y>
      </pt>
      <pt>
        <x>33.72</x>
        <y>29.82</y>
      </pt>
      <pt>
        <x>77.24</x>
        <y>47.60</y>
      </pt>
      <pt>
        <x>63.58</x>
        <y>49.19</y>
      </pt>
      <username></username>
    </polygon>
    <attributes></attributes>
  </object>
  <object>
    <name>lane</name>
    <deleted>0</deleted>
    <verified>0</verified>
    <occluded>no</occluded>
    <date></date>
    <id>8</id>
    <parts>
      <hasparts></hasparts>
      <ispartof></ispartof>
    </parts>
    <polygon>
      <pt>
        <x>88.99</x>
        <y>57.13</y>
      </pt>
      <pt>
        <x>99.15</x>
        <y>57.13</y>
      </pt>
      <pt>
        <x>116.94</x>
        <y>66.34</y>
      </pt>
      <pt>
        <x>106.46</x>
        <y>66.34</y>
      </pt>
      <username></username>
    </polygon>
    <attributes></attributes>
  </object>
</annotation>
