<annotation>
  <filename>image_2500.jpg</filename>
  <folder></folder>
  <source>
    <sourceImage></sourceImage>
    <sourceAnnotation>Datumaro</sourceAnnotation>
  </source>
  <imagesize>
    <nrows>1920</nrows>
    <ncols>1080</ncols>
  </imagesize>
  <object>
    <name>lane</name>
    <deleted>0</deleted>
    <verified>0</verified>
    <occluded>no</occluded>
    <date></date>
    <id>0</id>
    <parts>
      <hasparts></hasparts>
      <ispartof></ispartof>
    </parts>
    <type>bounding_box</type>
    <polygon>
      <pt>
        <x>466.55</x>
        <y>302.03</y>
      </pt>
      <pt>
        <x>472.59</x>
        <y>302.03</y>
      </pt>
      <pt>
        <x>472.59</x>
        <y>310.29</y>
      </pt>
      <pt>
        <x>466.55</x>
        <y>310.29</y>
      </pt>
      <username></username>
    </polygon>
    <attributes>rotation=0.0</attributes>
  </object>
  <object>
    <name>lane</name>
    <deleted>0</deleted>
    <verified>0</verified>
    <occluded>no</occluded>
    <date></date>
    <id>1</id>
    <parts>
      <hasparts></hasparts>
      <ispartof></ispartof>
    </parts>
    <type>bounding_box</type>
    <polygon>
      <pt>
        <x>464.52</x>
        <y>319.15</y>
      </pt>
      <pt>
        <x>472.78</x>
        <y>319.15</y>
      </pt>
      <pt>
        <x>472.78</x>
        <y>332.17</y>
      </pt>
      <pt>
        <x>464.52</x>
        <y>332.17</y>
      </pt>
      <username></username>
    </polygon>
    <attributes>rotation=0.0</attributes>
  </object>
  <object>
    <name>lane</name>
    <deleted>0</deleted>
    <verified>0</verified>
    <occluded>no</occluded>
    <date></date>
    <id>2</id>
    <parts>
      <hasparts></hasparts>
      <ispartof></ispartof>
    </parts>
    <type>bounding_box</type>
    <polygon>
      <pt>
        <x>462.27</x>
        <y>379.85</y>
      </pt>
      <pt>
        <x>475.55</x>
        <y>379.85</y>
      </pt>
      <pt>
        <x>475.55</x>
        <y>410.20</y>
      </pt>
      <pt>
        <x>462.27</x>
        <y>410.20</y>
      </pt>
      <username></username>
    </polygon>
    <attributes>rotation=0.0</attributes>
  </object>
  <object>
    <name>lane</name>
    <deleted>0</deleted>
    <verified>0</verified>
    <occluded>no</occluded>
    <date></date>
    <id>3</id>
    <parts>
      <hasparts></hasparts>
      <ispartof></ispartof>
    </parts>
    <type>bounding_box</type>
    <polygon>
      <pt>
        <x>458.47</x>
        <y>443.40</y>
      </pt>
      <pt>
        <x>478.39</x>
        <y>443.40</y>
      </pt>
      <pt>
        <x>478.39</x>
        <y>505.04</y>
      </pt>
      <pt>
        <x>458.47</x>
        <y>505.04</y>
      </pt>
      <username></username>
    </polygon>
    <attributes>rotation=0.0</attributes>
  </object>
  <object>
    <name>lane</name>
    <deleted>0</deleted>
    <verified>0</verified>
    <occluded>no</occluded>
    <date></date>
    <id>4</id>
    <parts>
      <hasparts></hasparts>
      <ispartof></ispartof>
    </parts>
    <type>bounding_box</type>
    <polygon>
      <pt>
        <x>451.84</x>
        <y>588.50</y>
      </pt>
      <pt>
        <x>483.13</x>
        <y>588.50</y>
      </pt>
      <pt>
        <x>483.13</x>
        <y>761.10</y>
      </pt>
      <pt>
        <x>451.84</x>
        <y>761.10</y>
      </pt>
      <username></username>
    </polygon>
    <attributes>rotation=0.0</attributes>
  </object>
  <object>
    <name>lane</name>
    <deleted>0</deleted>
    <verified>0</verified>
    <occluded>no</occluded>
    <date></date>
    <id>5</id>
    <parts>
      <hasparts></hasparts>
      <ispartof></ispartof>
    </parts>
    <polygon>
      <pt>
        <x>429.59</x>
        <y>1155.40</y>
      </pt>
      <pt>
        <x>406.94</x>
        <y>1914.34</y>
      </pt>
      <pt>
        <x>508.88</x>
        <y>1911.50</y>
      </pt>
      <pt>
        <x>489.06</x>
        <y>1161.06</y>
      </pt>
      <username></username>
    </polygon>
    <attributes></attributes>
  </object>
  <object>
    <name>lane</name>
    <deleted>0</deleted>
    <verified>0</verified>
    <occluded>no</occluded>
    <date></date>
    <id>6</id>
    <parts>
      <hasparts></hasparts>
      <ispartof></ispartof>
    </parts>
    <type>bounding_box</type>
    <polygon>
      <pt>
        <x>466.06</x>
        <y>341.92</y>
      </pt>
      <pt>
        <x>473.65</x>
        <y>341.92</y>
      </pt>
      <pt>
        <x>473.65</x>
        <y>363.73</y>
      </pt>
      <pt>
        <x>466.06</x>
        <y>363.73</y>
      </pt>
      <username></username>
    </polygon>
    <attributes>rotation=0.0</attributes>
  </object>
  <object>
    <name>lane</name>
    <deleted>0</deleted>
    <verified>0</verified>
    <occluded>no</occluded>
    <date></date>
    <id>7</id>
    <parts>
      <hasparts></hasparts>
      <ispartof></ispartof>
    </parts>
    <type>bounding_box</type>
    <polygon>
      <pt>
        <x>467.25</x>
        <y>289.52</y>
      </pt>
      <pt>
        <x>472.34</x>
        <y>289.52</y>
      </pt>
      <pt>
        <x>472.34</x>
        <y>295.46</y>
      </pt>
      <pt>
        <x>467.25</x>
        <y>295.46</y>
      </pt>
      <username></username>
    </polygon>
    <attributes>rotation=0.0</attributes>
  </object>
  <object>
    <name>lane</name>
    <deleted>0</deleted>
    <verified>0</verified>
    <occluded>no</occluded>
    <date></date>
    <id>8</id>
    <parts>
      <hasparts></hasparts>
      <ispartof></ispartof>
    </parts>
    <type>bounding_box</type>
    <polygon>
      <pt>
        <x>468.10</x>
        <y>279.68</y>
      </pt>
      <pt>
        <x>472.51</x>
        <y>279.68</y>
      </pt>
      <pt>
        <x>472.51</x>
        <y>284.60</y>
      </pt>
      <pt>
        <x>468.10</x>
        <y>284.60</y>
      </pt>
      <username></username>
    </polygon>
    <attributes>rotation=0.0</attributes>
  </object>
</annotation>
