<annotation>
  <filename>image_2113.jpg</filename>
  <folder></folder>
  <source>
    <sourceImage></sourceImage>
    <sourceAnnotation>Datumaro</sourceAnnotation>
  </source>
  <imagesize>
    <nrows>486</nrows>
    <ncols>1080</ncols>
  </imagesize>
  <object>
    <name>lane</name>
    <deleted>0</deleted>
    <verified>0</verified>
    <occluded>no</occluded>
    <date></date>
    <id>0</id>
    <parts>
      <hasparts></hasparts>
      <ispartof></ispartof>
    </parts>
    <polygon>
      <pt>
        <x>601.42</x>
        <y>232.47</y>
      </pt>
      <pt>
        <x>601.42</x>
        <y>255.95</y>
      </pt>
      <pt>
        <x>1072.10</x>
        <y>297.30</y>
      </pt>
      <pt>
        <x>1076.10</x>
        <y>244.40</y>
      </pt>
      <username></username>
    </polygon>
    <attributes></attributes>
  </object>
  <object>
    <name>lane</name>
    <deleted>0</deleted>
    <verified>0</verified>
    <occluded>no</occluded>
    <date></date>
    <id>1</id>
    <parts>
      <hasparts></hasparts>
      <ispartof></ispartof>
    </parts>
    <polygon>
      <pt>
        <x>227.36</x>
        <y>220.28</y>
      </pt>
      <pt>
        <x>231.26</x>
        <y>220.48</y>
      </pt>
      <pt>
        <x>231.76</x>
        <y>223.08</y>
      </pt>
      <pt>
        <x>227.26</x>
        <y>222.98</y>
      </pt>
      <username></username>
    </polygon>
    <attributes></attributes>
  </object>
  <object>
    <name>lane</name>
    <deleted>0</deleted>
    <verified>0</verified>
    <occluded>no</occluded>
    <date></date>
    <id>2</id>
    <parts>
      <hasparts></hasparts>
      <ispartof></ispartof>
    </parts>
    <polygon>
      <pt>
        <x>248.00</x>
        <y>220.70</y>
      </pt>
      <pt>
        <x>247.60</x>
        <y>224.40</y>
      </pt>
      <pt>
        <x>255.70</x>
        <y>225.40</y>
      </pt>
      <pt>
        <x>255.90</x>
        <y>221.50</y>
      </pt>
      <username></username>
    </polygon>
    <attributes></attributes>
  </object>
  <object>
    <name>lane</name>
    <deleted>0</deleted>
    <verified>0</verified>
    <occluded>no</occluded>
    <date></date>
    <id>3</id>
    <parts>
      <hasparts></hasparts>
      <ispartof></ispartof>
    </parts>
    <polygon>
      <pt>
        <x>235.20</x>
        <y>219.80</y>
      </pt>
      <pt>
        <x>235.10</x>
        <y>223.80</y>
      </pt>
      <pt>
        <x>242.70</x>
        <y>224.40</y>
      </pt>
      <pt>
        <x>242.60</x>
        <y>220.00</y>
      </pt>
      <username></username>
    </polygon>
    <attributes></attributes>
  </object>
  <object>
    <name>lane</name>
    <deleted>0</deleted>
    <verified>0</verified>
    <occluded>no</occluded>
    <date></date>
    <id>4</id>
    <parts>
      <hasparts></hasparts>
      <ispartof></ispartof>
    </parts>
    <polygon>
      <pt>
        <x>359.54</x>
        <y>224.22</y>
      </pt>
      <pt>
        <x>359.92</x>
        <y>234.41</y>
      </pt>
      <pt>
        <x>435.04</x>
        <y>241.77</y>
      </pt>
      <pt>
        <x>434.28</x>
        <y>228.75</y>
      </pt>
      <username></username>
    </polygon>
    <attributes></attributes>
  </object>
  <object>
    <name>lane</name>
    <deleted>0</deleted>
    <verified>0</verified>
    <occluded>no</occluded>
    <date></date>
    <id>5</id>
    <parts>
      <hasparts></hasparts>
      <ispartof></ispartof>
    </parts>
    <polygon>
      <pt>
        <x>295.88</x>
        <y>222.13</y>
      </pt>
      <pt>
        <x>295.55</x>
        <y>229.67</y>
      </pt>
      <pt>
        <x>323.07</x>
        <y>231.74</y>
      </pt>
      <pt>
        <x>322.20</x>
        <y>223.44</y>
      </pt>
      <username></username>
    </polygon>
    <attributes></attributes>
  </object>
  <object>
    <name>lane</name>
    <deleted>0</deleted>
    <verified>0</verified>
    <occluded>no</occluded>
    <date></date>
    <id>6</id>
    <parts>
      <hasparts></hasparts>
      <ispartof></ispartof>
    </parts>
    <polygon>
      <pt>
        <x>265.37</x>
        <y>221.43</y>
      </pt>
      <pt>
        <x>265.27</x>
        <y>226.23</y>
      </pt>
      <pt>
        <x>279.87</x>
        <y>226.82</y>
      </pt>
      <pt>
        <x>279.97</x>
        <y>220.82</y>
      </pt>
      <username></username>
    </polygon>
    <attributes></attributes>
  </object>
</annotation>
