<annotation>
  <filename>image_2319.jpg</filename>
  <folder></folder>
  <source>
    <sourceImage></sourceImage>
    <sourceAnnotation>Datumaro</sourceAnnotation>
  </source>
  <imagesize>
    <nrows>1920</nrows>
    <ncols>1080</ncols>
  </imagesize>
  <object>
    <name>lane</name>
    <deleted>0</deleted>
    <verified>0</verified>
    <occluded>no</occluded>
    <date></date>
    <id>0</id>
    <parts>
      <hasparts></hasparts>
      <ispartof></ispartof>
    </parts>
    <type>bounding_box</type>
    <polygon>
      <pt>
        <x>507.94</x>
        <y>293.13</y>
      </pt>
      <pt>
        <x>510.54</x>
        <y>293.13</y>
      </pt>
      <pt>
        <x>510.54</x>
        <y>294.63</y>
      </pt>
      <pt>
        <x>507.94</x>
        <y>294.63</y>
      </pt>
      <username></username>
    </polygon>
    <attributes>rotation=0.0</attributes>
  </object>
  <object>
    <name>lane</name>
    <deleted>0</deleted>
    <verified>0</verified>
    <occluded>no</occluded>
    <date></date>
    <id>1</id>
    <parts>
      <hasparts></hasparts>
      <ispartof></ispartof>
    </parts>
    <type>bounding_box</type>
    <polygon>
      <pt>
        <x>507.74</x>
        <y>300.83</y>
      </pt>
      <pt>
        <x>510.64</x>
        <y>300.83</y>
      </pt>
      <pt>
        <x>510.64</x>
        <y>303.53</y>
      </pt>
      <pt>
        <x>507.74</x>
        <y>303.53</y>
      </pt>
      <username></username>
    </polygon>
    <attributes>rotation=0.0</attributes>
  </object>
  <object>
    <name>lane</name>
    <deleted>0</deleted>
    <verified>0</verified>
    <occluded>no</occluded>
    <date></date>
    <id>2</id>
    <parts>
      <hasparts></hasparts>
      <ispartof></ispartof>
    </parts>
    <type>bounding_box</type>
    <polygon>
      <pt>
        <x>508.04</x>
        <y>306.13</y>
      </pt>
      <pt>
        <x>511.34</x>
        <y>306.13</y>
      </pt>
      <pt>
        <x>511.34</x>
        <y>308.73</y>
      </pt>
      <pt>
        <x>508.04</x>
        <y>308.73</y>
      </pt>
      <username></username>
    </polygon>
    <attributes>rotation=0.0</attributes>
  </object>
  <object>
    <name>lane</name>
    <deleted>0</deleted>
    <verified>0</verified>
    <occluded>no</occluded>
    <date></date>
    <id>3</id>
    <parts>
      <hasparts></hasparts>
      <ispartof></ispartof>
    </parts>
    <type>bounding_box</type>
    <polygon>
      <pt>
        <x>508.44</x>
        <y>310.93</y>
      </pt>
      <pt>
        <x>511.54</x>
        <y>310.93</y>
      </pt>
      <pt>
        <x>511.54</x>
        <y>314.73</y>
      </pt>
      <pt>
        <x>508.44</x>
        <y>314.73</y>
      </pt>
      <username></username>
    </polygon>
    <attributes>rotation=0.0</attributes>
  </object>
  <object>
    <name>lane</name>
    <deleted>0</deleted>
    <verified>0</verified>
    <occluded>no</occluded>
    <date></date>
    <id>4</id>
    <parts>
      <hasparts></hasparts>
      <ispartof></ispartof>
    </parts>
    <type>bounding_box</type>
    <polygon>
      <pt>
        <x>507.64</x>
        <y>296.73</y>
      </pt>
      <pt>
        <x>510.94</x>
        <y>296.73</y>
      </pt>
      <pt>
        <x>510.94</x>
        <y>298.43</y>
      </pt>
      <pt>
        <x>507.64</x>
        <y>298.43</y>
      </pt>
      <username></username>
    </polygon>
    <attributes>rotation=0.0</attributes>
  </object>
  <object>
    <name>lane</name>
    <deleted>0</deleted>
    <verified>0</verified>
    <occluded>no</occluded>
    <date></date>
    <id>5</id>
    <parts>
      <hasparts></hasparts>
      <ispartof></ispartof>
    </parts>
    <type>bounding_box</type>
    <polygon>
      <pt>
        <x>507.28</x>
        <y>333.85</y>
      </pt>
      <pt>
        <x>511.86</x>
        <y>333.85</y>
      </pt>
      <pt>
        <x>511.86</x>
        <y>341.01</y>
      </pt>
      <pt>
        <x>507.28</x>
        <y>341.01</y>
      </pt>
      <username></username>
    </polygon>
    <attributes>rotation=0.0</attributes>
  </object>
  <object>
    <name>lane</name>
    <deleted>0</deleted>
    <verified>0</verified>
    <occluded>no</occluded>
    <date></date>
    <id>6</id>
    <parts>
      <hasparts></hasparts>
      <ispartof></ispartof>
    </parts>
    <type>bounding_box</type>
    <polygon>
      <pt>
        <x>507.57</x>
        <y>324.68</y>
      </pt>
      <pt>
        <x>511.58</x>
        <y>324.68</y>
      </pt>
      <pt>
        <x>511.58</x>
        <y>330.98</y>
      </pt>
      <pt>
        <x>507.57</x>
        <y>330.98</y>
      </pt>
      <username></username>
    </polygon>
    <attributes>rotation=0.0</attributes>
  </object>
  <object>
    <name>lane</name>
    <deleted>0</deleted>
    <verified>0</verified>
    <occluded>no</occluded>
    <date></date>
    <id>7</id>
    <parts>
      <hasparts></hasparts>
      <ispartof></ispartof>
    </parts>
    <type>bounding_box</type>
    <polygon>
      <pt>
        <x>507.85</x>
        <y>316.37</y>
      </pt>
      <pt>
        <x>511.58</x>
        <y>316.37</y>
      </pt>
      <pt>
        <x>511.58</x>
        <y>321.81</y>
      </pt>
      <pt>
        <x>507.85</x>
        <y>321.81</y>
      </pt>
      <username></username>
    </polygon>
    <attributes>rotation=0.0</attributes>
  </object>
  <object>
    <name>lane</name>
    <deleted>0</deleted>
    <verified>0</verified>
    <occluded>no</occluded>
    <date></date>
    <id>8</id>
    <parts>
      <hasparts></hasparts>
      <ispartof></ispartof>
    </parts>
    <polygon>
      <pt>
        <x>491.99</x>
        <y>697.39</y>
      </pt>
      <pt>
        <x>521.76</x>
        <y>697.39</y>
      </pt>
      <pt>
        <x>526.93</x>
        <y>856.59</y>
      </pt>
      <pt>
        <x>533.41</x>
        <y>987.31</y>
      </pt>
      <pt>
        <x>485.52</x>
        <y>983.43</y>
      </pt>
      <pt>
        <x>493.28</x>
        <y>797.05</y>
      </pt>
      <username></username>
    </polygon>
    <attributes></attributes>
  </object>
  <object>
    <name>lane</name>
    <deleted>0</deleted>
    <verified>0</verified>
    <occluded>no</occluded>
    <date></date>
    <id>9</id>
    <parts>
      <hasparts></hasparts>
      <ispartof></ispartof>
    </parts>
    <type>bounding_box</type>
    <polygon>
      <pt>
        <x>498.18</x>
        <y>504.82</y>
      </pt>
      <pt>
        <x>518.48</x>
        <y>504.82</y>
      </pt>
      <pt>
        <x>518.48</x>
        <y>578.08</y>
      </pt>
      <pt>
        <x>498.18</x>
        <y>578.08</y>
      </pt>
      <username></username>
    </polygon>
    <attributes>rotation=0.0</attributes>
  </object>
  <object>
    <name>lane</name>
    <deleted>0</deleted>
    <verified>0</verified>
    <occluded>no</occluded>
    <date></date>
    <id>10</id>
    <parts>
      <hasparts></hasparts>
      <ispartof></ispartof>
    </parts>
    <type>bounding_box</type>
    <polygon>
      <pt>
        <x>501.15</x>
        <y>431.06</y>
      </pt>
      <pt>
        <x>515.51</x>
        <y>431.06</y>
      </pt>
      <pt>
        <x>515.51</x>
        <y>462.24</y>
      </pt>
      <pt>
        <x>501.15</x>
        <y>462.24</y>
      </pt>
      <username></username>
    </polygon>
    <attributes>rotation=0.0</attributes>
  </object>
  <object>
    <name>lane</name>
    <deleted>0</deleted>
    <verified>0</verified>
    <occluded>no</occluded>
    <date></date>
    <id>11</id>
    <parts>
      <hasparts></hasparts>
      <ispartof></ispartof>
    </parts>
    <type>bounding_box</type>
    <polygon>
      <pt>
        <x>504.99</x>
        <y>387.70</y>
      </pt>
      <pt>
        <x>514.16</x>
        <y>387.70</y>
      </pt>
      <pt>
        <x>514.16</x>
        <y>410.34</y>
      </pt>
      <pt>
        <x>504.99</x>
        <y>410.34</y>
      </pt>
      <username></username>
    </polygon>
    <attributes>rotation=0.0</attributes>
  </object>
  <object>
    <name>lane</name>
    <deleted>0</deleted>
    <verified>0</verified>
    <occluded>no</occluded>
    <date></date>
    <id>12</id>
    <parts>
      <hasparts></hasparts>
      <ispartof></ispartof>
    </parts>
    <type>bounding_box</type>
    <polygon>
      <pt>
        <x>505.56</x>
        <y>363.64</y>
      </pt>
      <pt>
        <x>512.44</x>
        <y>363.64</y>
      </pt>
      <pt>
        <x>512.44</x>
        <y>377.39</y>
      </pt>
      <pt>
        <x>505.56</x>
        <y>377.39</y>
      </pt>
      <username></username>
    </polygon>
    <attributes>rotation=0.0</attributes>
  </object>
  <object>
    <name>lane</name>
    <deleted>0</deleted>
    <verified>0</verified>
    <occluded>no</occluded>
    <date></date>
    <id>13</id>
    <parts>
      <hasparts></hasparts>
      <ispartof></ispartof>
    </parts>
    <type>bounding_box</type>
    <polygon>
      <pt>
        <x>505.56</x>
        <y>345.31</y>
      </pt>
      <pt>
        <x>513.30</x>
        <y>345.31</y>
      </pt>
      <pt>
        <x>513.30</x>
        <y>355.90</y>
      </pt>
      <pt>
        <x>505.56</x>
        <y>355.90</y>
      </pt>
      <username></username>
    </polygon>
    <attributes>rotation=0.0</attributes>
  </object>
</annotation>
