<annotation>
  <filename>image_520.jpg</filename>
  <folder></folder>
  <source>
    <sourceImage></sourceImage>
    <sourceAnnotation>Datumaro</sourceAnnotation>
  </source>
  <imagesize>
    <nrows>1920</nrows>
    <ncols>1080</ncols>
  </imagesize>
  <object>
    <name>lane</name>
    <deleted>0</deleted>
    <verified>0</verified>
    <occluded>no</occluded>
    <date></date>
    <id>0</id>
    <parts>
      <hasparts></hasparts>
      <ispartof></ispartof>
    </parts>
    <polygon>
      <pt>
        <x>435.29</x>
        <y>315.08</y>
      </pt>
      <pt>
        <x>449.41</x>
        <y>315.08</y>
      </pt>
      <pt>
        <x>449.41</x>
        <y>341.82</y>
      </pt>
      <pt>
        <x>430.84</x>
        <y>338.85</y>
      </pt>
      <username></username>
    </polygon>
    <attributes></attributes>
  </object>
  <object>
    <name>lane</name>
    <deleted>0</deleted>
    <verified>0</verified>
    <occluded>no</occluded>
    <date></date>
    <id>1</id>
    <parts>
      <hasparts></hasparts>
      <ispartof></ispartof>
    </parts>
    <polygon>
      <pt>
        <x>420.12</x>
        <y>465.12</y>
      </pt>
      <pt>
        <x>446.96</x>
        <y>464.60</y>
      </pt>
      <pt>
        <x>450.05</x>
        <y>547.67</y>
      </pt>
      <pt>
        <x>421.67</x>
        <y>546.64</y>
      </pt>
      <username></username>
    </polygon>
    <attributes></attributes>
  </object>
  <object>
    <name>lane</name>
    <deleted>0</deleted>
    <verified>0</verified>
    <occluded>no</occluded>
    <date></date>
    <id>2</id>
    <parts>
      <hasparts></hasparts>
      <ispartof></ispartof>
    </parts>
    <polygon>
      <pt>
        <x>411.09</x>
        <y>651.02</y>
      </pt>
      <pt>
        <x>399.50</x>
        <y>847.18</y>
      </pt>
      <pt>
        <x>449.43</x>
        <y>846.28</y>
      </pt>
      <pt>
        <x>446.80</x>
        <y>651.00</y>
      </pt>
      <username></username>
    </polygon>
    <attributes></attributes>
  </object>
  <object>
    <name>lane</name>
    <deleted>0</deleted>
    <verified>0</verified>
    <occluded>no</occluded>
    <date></date>
    <id>3</id>
    <parts>
      <hasparts></hasparts>
      <ispartof></ispartof>
    </parts>
    <polygon>
      <pt>
        <x>365.59</x>
        <y>1237.77</y>
      </pt>
      <pt>
        <x>322.99</x>
        <y>1919.32</y>
      </pt>
      <pt>
        <x>453.44</x>
        <y>1919.32</y>
      </pt>
      <pt>
        <x>448.12</x>
        <y>1237.77</y>
      </pt>
      <username></username>
    </polygon>
    <attributes></attributes>
  </object>
  <object>
    <name>lane</name>
    <deleted>0</deleted>
    <verified>0</verified>
    <occluded>no</occluded>
    <date></date>
    <id>4</id>
    <parts>
      <hasparts></hasparts>
      <ispartof></ispartof>
    </parts>
    <polygon>
      <pt>
        <x>431.58</x>
        <y>370.80</y>
      </pt>
      <pt>
        <x>446.44</x>
        <y>370.80</y>
      </pt>
      <pt>
        <x>449.41</x>
        <y>420.58</y>
      </pt>
      <pt>
        <x>430.09</x>
        <y>420.58</y>
      </pt>
      <username></username>
    </polygon>
    <attributes></attributes>
  </object>
  <object>
    <name>lane</name>
    <deleted>0</deleted>
    <verified>0</verified>
    <occluded>no</occluded>
    <date></date>
    <id>5</id>
    <parts>
      <hasparts></hasparts>
      <ispartof></ispartof>
    </parts>
    <polygon>
      <pt>
        <x>443.00</x>
        <y>230.54</y>
      </pt>
      <pt>
        <x>442.00</x>
        <y>240.99</y>
      </pt>
      <pt>
        <x>450.46</x>
        <y>240.50</y>
      </pt>
      <pt>
        <x>450.46</x>
        <y>231.79</y>
      </pt>
      <username></username>
    </polygon>
    <attributes></attributes>
  </object>
  <object>
    <name>lane</name>
    <deleted>0</deleted>
    <verified>0</verified>
    <occluded>no</occluded>
    <date></date>
    <id>6</id>
    <parts>
      <hasparts></hasparts>
      <ispartof></ispartof>
    </parts>
    <polygon>
      <pt>
        <x>441.00</x>
        <y>250.20</y>
      </pt>
      <pt>
        <x>439.01</x>
        <y>263.89</y>
      </pt>
      <pt>
        <x>451.21</x>
        <y>265.38</y>
      </pt>
      <pt>
        <x>451.21</x>
        <y>252.19</y>
      </pt>
      <username></username>
    </polygon>
    <attributes></attributes>
  </object>
  <object>
    <name>lane</name>
    <deleted>0</deleted>
    <verified>0</verified>
    <occluded>no</occluded>
    <date></date>
    <id>7</id>
    <parts>
      <hasparts></hasparts>
      <ispartof></ispartof>
    </parts>
    <polygon>
      <pt>
        <x>438.02</x>
        <y>277.82</y>
      </pt>
      <pt>
        <x>449.22</x>
        <y>277.57</y>
      </pt>
      <pt>
        <x>450.96</x>
        <y>295.49</y>
      </pt>
      <pt>
        <x>436.28</x>
        <y>293.50</y>
      </pt>
      <username></username>
    </polygon>
    <attributes></attributes>
  </object>
</annotation>
