<annotation>
  <filename>image_2588.jpg</filename>
  <folder></folder>
  <source>
    <sourceImage></sourceImage>
    <sourceAnnotation>Datumaro</sourceAnnotation>
  </source>
  <imagesize>
    <nrows>1920</nrows>
    <ncols>1080</ncols>
  </imagesize>
  <object>
    <name>lane</name>
    <deleted>0</deleted>
    <verified>0</verified>
    <occluded>no</occluded>
    <date></date>
    <id>0</id>
    <parts>
      <hasparts></hasparts>
      <ispartof></ispartof>
    </parts>
    <polygon>
      <pt>
        <x>287.13</x>
        <y>487.88</y>
      </pt>
      <pt>
        <x>350.28</x>
        <y>532.16</y>
      </pt>
      <pt>
        <x>364.23</x>
        <y>530.25</y>
      </pt>
      <pt>
        <x>298.61</x>
        <y>486.51</y>
      </pt>
      <username></username>
    </polygon>
    <attributes></attributes>
  </object>
  <object>
    <name>lane</name>
    <deleted>0</deleted>
    <verified>0</verified>
    <occluded>no</occluded>
    <date></date>
    <id>1</id>
    <parts>
      <hasparts></hasparts>
      <ispartof></ispartof>
    </parts>
    <polygon>
      <pt>
        <x>616.50</x>
        <y>1010.97</y>
      </pt>
      <pt>
        <x>551.36</x>
        <y>1863.36</y>
      </pt>
      <pt>
        <x>650.48</x>
        <y>1871.86</y>
      </pt>
      <pt>
        <x>673.13</x>
        <y>1016.64</y>
      </pt>
      <username></username>
    </polygon>
    <attributes></attributes>
  </object>
  <object>
    <name>lane</name>
    <deleted>0</deleted>
    <verified>0</verified>
    <occluded>no</occluded>
    <date></date>
    <id>2</id>
    <parts>
      <hasparts></hasparts>
      <ispartof></ispartof>
    </parts>
    <polygon>
      <pt>
        <x>401.27</x>
        <y>594.69</y>
      </pt>
      <pt>
        <x>418.27</x>
        <y>580.53</y>
      </pt>
      <pt>
        <x>421.10</x>
        <y>580.53</y>
      </pt>
      <pt>
        <x>491.89</x>
        <y>693.81</y>
      </pt>
      <username></username>
    </polygon>
    <attributes></attributes>
  </object>
  <object>
    <name>lane</name>
    <deleted>0</deleted>
    <verified>0</verified>
    <occluded>no</occluded>
    <date></date>
    <id>3</id>
    <parts>
      <hasparts></hasparts>
      <ispartof></ispartof>
    </parts>
    <polygon>
      <pt>
        <x>68.80</x>
        <y>400.05</y>
      </pt>
      <pt>
        <x>74.04</x>
        <y>398.68</y>
      </pt>
      <pt>
        <x>139.88</x>
        <y>413.49</y>
      </pt>
      <pt>
        <x>131.68</x>
        <y>414.17</y>
      </pt>
      <username></username>
    </polygon>
    <attributes></attributes>
  </object>
  <object>
    <name>lane</name>
    <deleted>0</deleted>
    <verified>0</verified>
    <occluded>no</occluded>
    <date></date>
    <id>4</id>
    <parts>
      <hasparts></hasparts>
      <ispartof></ispartof>
    </parts>
    <polygon>
      <pt>
        <x>182.43</x>
        <y>432.38</y>
      </pt>
      <pt>
        <x>192.00</x>
        <y>431.29</y>
      </pt>
      <pt>
        <x>251.32</x>
        <y>456.98</y>
      </pt>
      <pt>
        <x>240.66</x>
        <y>458.35</y>
      </pt>
      <username></username>
    </polygon>
    <attributes></attributes>
  </object>
  <object>
    <name>lane</name>
    <deleted>0</deleted>
    <verified>0</verified>
    <occluded>no</occluded>
    <date></date>
    <id>5</id>
    <parts>
      <hasparts></hasparts>
      <ispartof></ispartof>
    </parts>
    <polygon>
      <pt>
        <x>875.73</x>
        <y>507.49</y>
      </pt>
      <pt>
        <x>901.24</x>
        <y>494.74</y>
      </pt>
      <pt>
        <x>931.94</x>
        <y>482.45</y>
      </pt>
      <pt>
        <x>961.71</x>
        <y>471.59</y>
      </pt>
      <pt>
        <x>976.82</x>
        <y>471.59</y>
      </pt>
      <pt>
        <x>956.98</x>
        <y>480.09</y>
      </pt>
      <pt>
        <x>926.75</x>
        <y>490.48</y>
      </pt>
      <pt>
        <x>889.90</x>
        <y>506.55</y>
      </pt>
      <username></username>
    </polygon>
    <attributes></attributes>
  </object>
  <object>
    <name>lane</name>
    <deleted>0</deleted>
    <verified>0</verified>
    <occluded>no</occluded>
    <date></date>
    <id>6</id>
    <parts>
      <hasparts></hasparts>
      <ispartof></ispartof>
    </parts>
    <polygon>
      <pt>
        <x>705.19</x>
        <y>624.17</y>
      </pt>
      <pt>
        <x>737.31</x>
        <y>580.24</y>
      </pt>
      <pt>
        <x>772.27</x>
        <y>551.90</y>
      </pt>
      <pt>
        <x>783.61</x>
        <y>546.70</y>
      </pt>
      <pt>
        <x>802.51</x>
        <y>546.70</y>
      </pt>
      <pt>
        <x>784.55</x>
        <y>554.73</y>
      </pt>
      <pt>
        <x>756.68</x>
        <y>575.99</y>
      </pt>
      <pt>
        <x>740.62</x>
        <y>596.30</y>
      </pt>
      <pt>
        <x>724.09</x>
        <y>622.28</y>
      </pt>
      <username></username>
    </polygon>
    <attributes></attributes>
  </object>
</annotation>
