<annotation>
  <filename>image_1594.jpg</filename>
  <folder></folder>
  <source>
    <sourceImage></sourceImage>
    <sourceAnnotation>Datumaro</sourceAnnotation>
  </source>
  <imagesize>
    <nrows>1920</nrows>
    <ncols>1080</ncols>
  </imagesize>
  <object>
    <name>lane</name>
    <deleted>0</deleted>
    <verified>0</verified>
    <occluded>no</occluded>
    <date></date>
    <id>0</id>
    <parts>
      <hasparts></hasparts>
      <ispartof></ispartof>
    </parts>
    <type>bounding_box</type>
    <polygon>
      <pt>
        <x>405.73</x>
        <y>256.69</y>
      </pt>
      <pt>
        <x>415.18</x>
        <y>256.69</y>
      </pt>
      <pt>
        <x>415.18</x>
        <y>262.24</y>
      </pt>
      <pt>
        <x>405.73</x>
        <y>262.24</y>
      </pt>
      <username></username>
    </polygon>
    <attributes>rotation=0.0</attributes>
  </object>
  <object>
    <name>lane</name>
    <deleted>0</deleted>
    <verified>0</verified>
    <occluded>no</occluded>
    <date></date>
    <id>1</id>
    <parts>
      <hasparts></hasparts>
      <ispartof></ispartof>
    </parts>
    <type>bounding_box</type>
    <polygon>
      <pt>
        <x>406.29</x>
        <y>267.80</y>
      </pt>
      <pt>
        <x>415.73</x>
        <y>267.80</y>
      </pt>
      <pt>
        <x>415.73</x>
        <y>277.25</y>
      </pt>
      <pt>
        <x>406.29</x>
        <y>277.25</y>
      </pt>
      <username></username>
    </polygon>
    <attributes>rotation=0.0</attributes>
  </object>
  <object>
    <name>lane</name>
    <deleted>0</deleted>
    <verified>0</verified>
    <occluded>no</occluded>
    <date></date>
    <id>2</id>
    <parts>
      <hasparts></hasparts>
      <ispartof></ispartof>
    </parts>
    <type>bounding_box</type>
    <polygon>
      <pt>
        <x>405.18</x>
        <y>286.14</y>
      </pt>
      <pt>
        <x>414.62</x>
        <y>286.14</y>
      </pt>
      <pt>
        <x>414.62</x>
        <y>294.48</y>
      </pt>
      <pt>
        <x>405.18</x>
        <y>294.48</y>
      </pt>
      <username></username>
    </polygon>
    <attributes>rotation=0.0</attributes>
  </object>
  <object>
    <name>lane</name>
    <deleted>0</deleted>
    <verified>0</verified>
    <occluded>no</occluded>
    <date></date>
    <id>3</id>
    <parts>
      <hasparts></hasparts>
      <ispartof></ispartof>
    </parts>
    <type>bounding_box</type>
    <polygon>
      <pt>
        <x>404.06</x>
        <y>303.37</y>
      </pt>
      <pt>
        <x>414.07</x>
        <y>303.37</y>
      </pt>
      <pt>
        <x>414.07</x>
        <y>316.71</y>
      </pt>
      <pt>
        <x>404.06</x>
        <y>316.71</y>
      </pt>
      <username></username>
    </polygon>
    <attributes>rotation=0.0</attributes>
  </object>
  <object>
    <name>lane</name>
    <deleted>0</deleted>
    <verified>0</verified>
    <occluded>no</occluded>
    <date></date>
    <id>4</id>
    <parts>
      <hasparts></hasparts>
      <ispartof></ispartof>
    </parts>
    <type>bounding_box</type>
    <polygon>
      <pt>
        <x>404.06</x>
        <y>330.60</y>
      </pt>
      <pt>
        <x>415.18</x>
        <y>330.60</y>
      </pt>
      <pt>
        <x>415.18</x>
        <y>345.60</y>
      </pt>
      <pt>
        <x>404.06</x>
        <y>345.60</y>
      </pt>
      <username></username>
    </polygon>
    <attributes>rotation=0.0</attributes>
  </object>
  <object>
    <name>lane</name>
    <deleted>0</deleted>
    <verified>0</verified>
    <occluded>no</occluded>
    <date></date>
    <id>5</id>
    <parts>
      <hasparts></hasparts>
      <ispartof></ispartof>
    </parts>
    <type>bounding_box</type>
    <polygon>
      <pt>
        <x>401.84</x>
        <y>366.72</y>
      </pt>
      <pt>
        <x>417.40</x>
        <y>366.72</y>
      </pt>
      <pt>
        <x>417.40</x>
        <y>387.84</y>
      </pt>
      <pt>
        <x>401.84</x>
        <y>387.84</y>
      </pt>
      <username></username>
    </polygon>
    <attributes>rotation=0.0</attributes>
  </object>
  <object>
    <name>lane</name>
    <deleted>0</deleted>
    <verified>0</verified>
    <occluded>no</occluded>
    <date></date>
    <id>6</id>
    <parts>
      <hasparts></hasparts>
      <ispartof></ispartof>
    </parts>
    <type>bounding_box</type>
    <polygon>
      <pt>
        <x>399.06</x>
        <y>420.62</y>
      </pt>
      <pt>
        <x>417.96</x>
        <y>420.62</y>
      </pt>
      <pt>
        <x>417.96</x>
        <y>456.19</y>
      </pt>
      <pt>
        <x>399.06</x>
        <y>456.19</y>
      </pt>
      <username></username>
    </polygon>
    <attributes>rotation=0.0</attributes>
  </object>
  <object>
    <name>lane</name>
    <deleted>0</deleted>
    <verified>0</verified>
    <occluded>no</occluded>
    <date></date>
    <id>7</id>
    <parts>
      <hasparts></hasparts>
      <ispartof></ispartof>
    </parts>
    <polygon>
      <pt>
        <x>385.84</x>
        <y>679.10</y>
      </pt>
      <pt>
        <x>424.92</x>
        <y>679.10</y>
      </pt>
      <pt>
        <x>431.23</x>
        <y>849.30</y>
      </pt>
      <pt>
        <x>384.58</x>
        <y>848.04</y>
      </pt>
      <username></username>
    </polygon>
    <attributes></attributes>
  </object>
  <object>
    <name>lane</name>
    <deleted>0</deleted>
    <verified>0</verified>
    <occluded>no</occluded>
    <date></date>
    <id>8</id>
    <parts>
      <hasparts></hasparts>
      <ispartof></ispartof>
    </parts>
    <polygon>
      <pt>
        <x>393.40</x>
        <y>508.89</y>
      </pt>
      <pt>
        <x>422.40</x>
        <y>506.37</y>
      </pt>
      <pt>
        <x>426.18</x>
        <y>580.75</y>
      </pt>
      <pt>
        <x>393.40</x>
        <y>579.49</y>
      </pt>
      <username></username>
    </polygon>
    <attributes></attributes>
  </object>
  <object>
    <name>lane</name>
    <deleted>0</deleted>
    <verified>0</verified>
    <occluded>no</occluded>
    <date></date>
    <id>9</id>
    <parts>
      <hasparts></hasparts>
      <ispartof></ispartof>
    </parts>
    <polygon>
      <pt>
        <x>335.93</x>
        <y>1913.05</y>
      </pt>
      <pt>
        <x>455.75</x>
        <y>1919.59</y>
      </pt>
      <pt>
        <x>438.30</x>
        <y>1161.40</y>
      </pt>
      <pt>
        <x>366.43</x>
        <y>1152.70</y>
      </pt>
      <username></username>
    </polygon>
    <attributes></attributes>
  </object>
  <object>
    <name>lane</name>
    <deleted>0</deleted>
    <verified>0</verified>
    <occluded>no</occluded>
    <date></date>
    <id>10</id>
    <parts>
      <hasparts></hasparts>
      <ispartof></ispartof>
    </parts>
    <type>bounding_box</type>
    <polygon>
      <pt>
        <x>406.84</x>
        <y>248.35</y>
      </pt>
      <pt>
        <x>414.07</x>
        <y>248.35</y>
      </pt>
      <pt>
        <x>414.07</x>
        <y>251.13</y>
      </pt>
      <pt>
        <x>406.84</x>
        <y>251.13</y>
      </pt>
      <username></username>
    </polygon>
    <attributes>rotation=0.0</attributes>
  </object>
</annotation>
