<annotation>
  <filename>image_1545.jpg</filename>
  <folder></folder>
  <source>
    <sourceImage></sourceImage>
    <sourceAnnotation>Datumaro</sourceAnnotation>
  </source>
  <imagesize>
    <nrows>1920</nrows>
    <ncols>1080</ncols>
  </imagesize>
  <object>
    <name>lane</name>
    <deleted>0</deleted>
    <verified>0</verified>
    <occluded>no</occluded>
    <date></date>
    <id>0</id>
    <parts>
      <hasparts></hasparts>
      <ispartof></ispartof>
    </parts>
    <type>bounding_box</type>
    <polygon>
      <pt>
        <x>543.23</x>
        <y>399.49</y>
      </pt>
      <pt>
        <x>554.81</x>
        <y>399.49</y>
      </pt>
      <pt>
        <x>554.81</x>
        <y>418.48</y>
      </pt>
      <pt>
        <x>543.23</x>
        <y>418.48</y>
      </pt>
      <username></username>
    </polygon>
    <attributes>rotation=0.0</attributes>
  </object>
  <object>
    <name>lane</name>
    <deleted>0</deleted>
    <verified>0</verified>
    <occluded>no</occluded>
    <date></date>
    <id>1</id>
    <parts>
      <hasparts></hasparts>
      <ispartof></ispartof>
    </parts>
    <polygon>
      <pt>
        <x>476.61</x>
        <y>1863.11</y>
      </pt>
      <pt>
        <x>582.52</x>
        <y>1863.11</y>
      </pt>
      <pt>
        <x>592.41</x>
        <y>1920.00</y>
      </pt>
      <pt>
        <x>492.20</x>
        <y>1920.00</y>
      </pt>
      <pt>
        <x>477.87</x>
        <y>1919.84</y>
      </pt>
      <username></username>
    </polygon>
    <attributes></attributes>
  </object>
  <object>
    <name>lane</name>
    <deleted>0</deleted>
    <verified>0</verified>
    <occluded>no</occluded>
    <date></date>
    <id>2</id>
    <parts>
      <hasparts></hasparts>
      <ispartof></ispartof>
    </parts>
    <polygon>
      <pt>
        <x>534.08</x>
        <y>509.87</y>
      </pt>
      <pt>
        <x>556.77</x>
        <y>509.87</y>
      </pt>
      <pt>
        <x>559.80</x>
        <y>558.29</y>
      </pt>
      <pt>
        <x>538.62</x>
        <y>558.29</y>
      </pt>
      <username></username>
    </polygon>
    <attributes></attributes>
  </object>
  <object>
    <name>lane</name>
    <deleted>0</deleted>
    <verified>0</verified>
    <occluded>no</occluded>
    <date></date>
    <id>3</id>
    <parts>
      <hasparts></hasparts>
      <ispartof></ispartof>
    </parts>
    <polygon>
      <pt>
        <x>528.03</x>
        <y>623.34</y>
      </pt>
      <pt>
        <x>562.83</x>
        <y>626.37</y>
      </pt>
      <pt>
        <x>564.34</x>
        <y>721.69</y>
      </pt>
      <pt>
        <x>526.52</x>
        <y>718.66</y>
      </pt>
      <username></username>
    </polygon>
    <attributes></attributes>
  </object>
  <object>
    <name>lane</name>
    <deleted>0</deleted>
    <verified>0</verified>
    <occluded>no</occluded>
    <date></date>
    <id>4</id>
    <parts>
      <hasparts></hasparts>
      <ispartof></ispartof>
    </parts>
    <polygon>
      <pt>
        <x>520.49</x>
        <y>875.28</y>
      </pt>
      <pt>
        <x>563.36</x>
        <y>876.54</y>
      </pt>
      <pt>
        <x>573.44</x>
        <y>1161.48</y>
      </pt>
      <pt>
        <x>511.66</x>
        <y>1158.95</y>
      </pt>
      <username></username>
    </polygon>
    <attributes></attributes>
  </object>
  <object>
    <name>lane</name>
    <deleted>0</deleted>
    <verified>0</verified>
    <occluded>no</occluded>
    <date></date>
    <id>5</id>
    <parts>
      <hasparts></hasparts>
      <ispartof></ispartof>
    </parts>
    <type>bounding_box</type>
    <polygon>
      <pt>
        <x>545.09</x>
        <y>314.28</y>
      </pt>
      <pt>
        <x>554.81</x>
        <y>314.28</y>
      </pt>
      <pt>
        <x>554.81</x>
        <y>322.61</y>
      </pt>
      <pt>
        <x>545.09</x>
        <y>322.61</y>
      </pt>
      <username></username>
    </polygon>
    <attributes>rotation=0.0</attributes>
  </object>
  <object>
    <name>lane</name>
    <deleted>0</deleted>
    <verified>0</verified>
    <occluded>no</occluded>
    <date></date>
    <id>6</id>
    <parts>
      <hasparts></hasparts>
      <ispartof></ispartof>
    </parts>
    <type>bounding_box</type>
    <polygon>
      <pt>
        <x>546.48</x>
        <y>303.16</y>
      </pt>
      <pt>
        <x>553.89</x>
        <y>303.16</y>
      </pt>
      <pt>
        <x>553.89</x>
        <y>308.26</y>
      </pt>
      <pt>
        <x>546.48</x>
        <y>308.26</y>
      </pt>
      <username></username>
    </polygon>
    <attributes>rotation=0.0</attributes>
  </object>
  <object>
    <name>lane</name>
    <deleted>0</deleted>
    <verified>0</verified>
    <occluded>no</occluded>
    <date></date>
    <id>7</id>
    <parts>
      <hasparts></hasparts>
      <ispartof></ispartof>
    </parts>
    <type>bounding_box</type>
    <polygon>
      <pt>
        <x>545.09</x>
        <y>327.71</y>
      </pt>
      <pt>
        <x>553.89</x>
        <y>327.71</y>
      </pt>
      <pt>
        <x>553.89</x>
        <y>337.90</y>
      </pt>
      <pt>
        <x>545.09</x>
        <y>337.90</y>
      </pt>
      <username></username>
    </polygon>
    <attributes>rotation=0.0</attributes>
  </object>
  <object>
    <name>lane</name>
    <deleted>0</deleted>
    <verified>0</verified>
    <occluded>no</occluded>
    <date></date>
    <id>8</id>
    <parts>
      <hasparts></hasparts>
      <ispartof></ispartof>
    </parts>
    <type>bounding_box</type>
    <polygon>
      <pt>
        <x>544.62</x>
        <y>346.23</y>
      </pt>
      <pt>
        <x>553.42</x>
        <y>346.23</y>
      </pt>
      <pt>
        <x>553.42</x>
        <y>355.03</y>
      </pt>
      <pt>
        <x>544.62</x>
        <y>355.03</y>
      </pt>
      <username></username>
    </polygon>
    <attributes>rotation=0.0</attributes>
  </object>
  <object>
    <name>lane</name>
    <deleted>0</deleted>
    <verified>0</verified>
    <occluded>no</occluded>
    <date></date>
    <id>9</id>
    <parts>
      <hasparts></hasparts>
      <ispartof></ispartof>
    </parts>
    <type>bounding_box</type>
    <polygon>
      <pt>
        <x>543.70</x>
        <y>369.85</y>
      </pt>
      <pt>
        <x>553.89</x>
        <y>369.85</y>
      </pt>
      <pt>
        <x>553.89</x>
        <y>383.74</y>
      </pt>
      <pt>
        <x>543.70</x>
        <y>383.74</y>
      </pt>
      <username></username>
    </polygon>
    <attributes>rotation=0.0</attributes>
  </object>
  <object>
    <name>lane</name>
    <deleted>0</deleted>
    <verified>0</verified>
    <occluded>no</occluded>
    <date></date>
    <id>10</id>
    <parts>
      <hasparts></hasparts>
      <ispartof></ispartof>
    </parts>
    <type>bounding_box</type>
    <polygon>
      <pt>
        <x>540.46</x>
        <y>443.48</y>
      </pt>
      <pt>
        <x>555.74</x>
        <y>443.48</y>
      </pt>
      <pt>
        <x>555.74</x>
        <y>470.34</y>
      </pt>
      <pt>
        <x>540.46</x>
        <y>470.34</y>
      </pt>
      <username></username>
    </polygon>
    <attributes>rotation=0.0</attributes>
  </object>
</annotation>
