<annotation>
  <filename>image_1666.jpg</filename>
  <folder></folder>
  <source>
    <sourceImage></sourceImage>
    <sourceAnnotation>Datumaro</sourceAnnotation>
  </source>
  <imagesize>
    <nrows>486</nrows>
    <ncols>1080</ncols>
  </imagesize>
  <object>
    <name>lane</name>
    <deleted>0</deleted>
    <verified>0</verified>
    <occluded>no</occluded>
    <date></date>
    <id>0</id>
    <parts>
      <hasparts></hasparts>
      <ispartof></ispartof>
    </parts>
    <type>bounding_box</type>
    <polygon>
      <pt>
        <x>201.09</x>
        <y>230.65</y>
      </pt>
      <pt>
        <x>205.94</x>
        <y>230.65</y>
      </pt>
      <pt>
        <x>205.94</x>
        <y>233.25</y>
      </pt>
      <pt>
        <x>201.09</x>
        <y>233.25</y>
      </pt>
      <username></username>
    </polygon>
    <attributes>rotation=0.0</attributes>
  </object>
  <object>
    <name>lane</name>
    <deleted>0</deleted>
    <verified>0</verified>
    <occluded>no</occluded>
    <date></date>
    <id>1</id>
    <parts>
      <hasparts></hasparts>
      <ispartof></ispartof>
    </parts>
    <type>bounding_box</type>
    <polygon>
      <pt>
        <x>195.02</x>
        <y>230.48</y>
      </pt>
      <pt>
        <x>198.49</x>
        <y>230.48</y>
      </pt>
      <pt>
        <x>198.49</x>
        <y>232.90</y>
      </pt>
      <pt>
        <x>195.02</x>
        <y>232.90</y>
      </pt>
      <username></username>
    </polygon>
    <attributes>rotation=0.0</attributes>
  </object>
  <object>
    <name>lane</name>
    <deleted>0</deleted>
    <verified>0</verified>
    <occluded>no</occluded>
    <date></date>
    <id>2</id>
    <parts>
      <hasparts></hasparts>
      <ispartof></ispartof>
    </parts>
    <polygon>
      <pt>
        <x>259.05</x>
        <y>237.01</y>
      </pt>
      <pt>
        <x>259.05</x>
        <y>228.39</y>
      </pt>
      <pt>
        <x>244.28</x>
        <y>229.21</y>
      </pt>
      <pt>
        <x>243.04</x>
        <y>235.78</y>
      </pt>
      <username></username>
    </polygon>
    <attributes></attributes>
  </object>
  <object>
    <name>lane</name>
    <deleted>0</deleted>
    <verified>0</verified>
    <occluded>no</occluded>
    <date></date>
    <id>3</id>
    <parts>
      <hasparts></hasparts>
      <ispartof></ispartof>
    </parts>
    <polygon>
      <pt>
        <x>1077.01</x>
        <y>279.32</y>
      </pt>
      <pt>
        <x>1079.06</x>
        <y>218.05</y>
      </pt>
      <pt>
        <x>890.13</x>
        <y>222.13</y>
      </pt>
      <pt>
        <x>888.08</x>
        <y>271.15</y>
      </pt>
      <username></username>
    </polygon>
    <attributes></attributes>
  </object>
  <object>
    <name>lane</name>
    <deleted>0</deleted>
    <verified>0</verified>
    <occluded>no</occluded>
    <date></date>
    <id>4</id>
    <parts>
      <hasparts></hasparts>
      <ispartof></ispartof>
    </parts>
    <type>bounding_box</type>
    <polygon>
      <pt>
        <x>222.59</x>
        <y>229.78</y>
      </pt>
      <pt>
        <x>231.78</x>
        <y>229.78</y>
      </pt>
      <pt>
        <x>231.78</x>
        <y>234.46</y>
      </pt>
      <pt>
        <x>222.59</x>
        <y>234.46</y>
      </pt>
      <username></username>
    </polygon>
    <attributes>rotation=0.0</attributes>
  </object>
  <object>
    <name>lane</name>
    <deleted>0</deleted>
    <verified>0</verified>
    <occluded>no</occluded>
    <date></date>
    <id>5</id>
    <parts>
      <hasparts></hasparts>
      <ispartof></ispartof>
    </parts>
    <type>bounding_box</type>
    <polygon>
      <pt>
        <x>209.58</x>
        <y>230.48</y>
      </pt>
      <pt>
        <x>217.21</x>
        <y>230.48</y>
      </pt>
      <pt>
        <x>217.21</x>
        <y>233.42</y>
      </pt>
      <pt>
        <x>209.58</x>
        <y>233.42</y>
      </pt>
      <username></username>
    </polygon>
    <attributes>rotation=0.0</attributes>
  </object>
  <object>
    <name>lane</name>
    <deleted>0</deleted>
    <verified>0</verified>
    <occluded>no</occluded>
    <date></date>
    <id>6</id>
    <parts>
      <hasparts></hasparts>
      <ispartof></ispartof>
    </parts>
    <polygon>
      <pt>
        <x>487.52</x>
        <y>247.60</y>
      </pt>
      <pt>
        <x>489.65</x>
        <y>225.61</y>
      </pt>
      <pt>
        <x>369.79</x>
        <y>226.32</y>
      </pt>
      <pt>
        <x>372.00</x>
        <y>241.00</y>
      </pt>
      <username></username>
    </polygon>
    <attributes></attributes>
  </object>
  <object>
    <name>lane</name>
    <deleted>0</deleted>
    <verified>0</verified>
    <occluded>no</occluded>
    <date></date>
    <id>7</id>
    <parts>
      <hasparts></hasparts>
      <ispartof></ispartof>
    </parts>
    <polygon>
      <pt>
        <x>314.70</x>
        <y>237.40</y>
      </pt>
      <pt>
        <x>314.87</x>
        <y>229.21</y>
      </pt>
      <pt>
        <x>282.03</x>
        <y>229.62</y>
      </pt>
      <pt>
        <x>282.03</x>
        <y>237.42</y>
      </pt>
      <username></username>
    </polygon>
    <attributes></attributes>
  </object>
</annotation>
