<annotation>
  <filename>image_780.jpg</filename>
  <folder></folder>
  <source>
    <sourceImage></sourceImage>
    <sourceAnnotation>Datumaro</sourceAnnotation>
  </source>
  <imagesize>
    <nrows>1920</nrows>
    <ncols>1080</ncols>
  </imagesize>
  <object>
    <name>lane</name>
    <deleted>0</deleted>
    <verified>0</verified>
    <occluded>no</occluded>
    <date></date>
    <id>0</id>
    <parts>
      <hasparts></hasparts>
      <ispartof></ispartof>
    </parts>
    <polygon>
      <pt>
        <x>289.70</x>
        <y>1695.80</y>
      </pt>
      <pt>
        <x>398.70</x>
        <y>1682.80</y>
      </pt>
      <pt>
        <x>466.20</x>
        <y>1909.30</y>
      </pt>
      <pt>
        <x>329.00</x>
        <y>1920.00</y>
      </pt>
      <username></username>
    </polygon>
    <attributes></attributes>
  </object>
  <object>
    <name>lane</name>
    <deleted>0</deleted>
    <verified>0</verified>
    <occluded>no</occluded>
    <date></date>
    <id>1</id>
    <parts>
      <hasparts></hasparts>
      <ispartof></ispartof>
    </parts>
    <polygon>
      <pt>
        <x>715.10</x>
        <y>247.00</y>
      </pt>
      <pt>
        <x>727.50</x>
        <y>249.10</y>
      </pt>
      <pt>
        <x>859.10</x>
        <y>220.90</y>
      </pt>
      <pt>
        <x>972.36</x>
        <y>196.29</y>
      </pt>
      <pt>
        <x>961.10</x>
        <y>194.20</y>
      </pt>
      <username></username>
    </polygon>
    <attributes></attributes>
  </object>
  <object>
    <name>lane</name>
    <deleted>0</deleted>
    <verified>0</verified>
    <occluded>no</occluded>
    <date></date>
    <id>2</id>
    <parts>
      <hasparts></hasparts>
      <ispartof></ispartof>
    </parts>
    <polygon>
      <pt>
        <x>1020.10</x>
        <y>209.20</y>
      </pt>
      <pt>
        <x>1035.67</x>
        <y>210.50</y>
      </pt>
      <pt>
        <x>1079.59</x>
        <y>191.92</y>
      </pt>
      <pt>
        <x>1080.00</x>
        <y>185.70</y>
      </pt>
      <pt>
        <x>1080.00</x>
        <y>185.59</y>
      </pt>
      <username></username>
    </polygon>
    <attributes></attributes>
  </object>
  <object>
    <name>lane</name>
    <deleted>0</deleted>
    <verified>0</verified>
    <occluded>no</occluded>
    <date></date>
    <id>3</id>
    <parts>
      <hasparts></hasparts>
      <ispartof></ispartof>
    </parts>
    <polygon>
      <pt>
        <x>767.20</x>
        <y>316.40</y>
      </pt>
      <pt>
        <x>786.10</x>
        <y>316.90</y>
      </pt>
      <pt>
        <x>912.80</x>
        <y>260.74</y>
      </pt>
      <pt>
        <x>895.10</x>
        <y>261.60</y>
      </pt>
      <username></username>
    </polygon>
    <attributes></attributes>
  </object>
  <object>
    <name>lane</name>
    <deleted>0</deleted>
    <verified>0</verified>
    <occluded>no</occluded>
    <date></date>
    <id>4</id>
    <parts>
      <hasparts></hasparts>
      <ispartof></ispartof>
    </parts>
    <polygon>
      <pt>
        <x>450.00</x>
        <y>522.50</y>
      </pt>
      <pt>
        <x>479.16</x>
        <y>525.91</y>
      </pt>
      <pt>
        <x>564.00</x>
        <y>457.50</y>
      </pt>
      <pt>
        <x>639.19</x>
        <y>402.19</y>
      </pt>
      <pt>
        <x>607.60</x>
        <y>404.70</y>
      </pt>
      <username></username>
    </polygon>
    <attributes></attributes>
  </object>
  <object>
    <name>lane</name>
    <deleted>0</deleted>
    <verified>0</verified>
    <occluded>no</occluded>
    <date></date>
    <id>5</id>
    <parts>
      <hasparts></hasparts>
      <ispartof></ispartof>
    </parts>
    <polygon>
      <pt>
        <x>322.30</x>
        <y>693.50</y>
      </pt>
      <pt>
        <x>367.00</x>
        <y>689.10</y>
      </pt>
      <pt>
        <x>332.80</x>
        <y>828.30</y>
      </pt>
      <pt>
        <x>314.50</x>
        <y>999.90</y>
      </pt>
      <pt>
        <x>247.91</x>
        <y>1006.05</y>
      </pt>
      <pt>
        <x>288.20</x>
        <y>814.30</y>
      </pt>
      <username></username>
    </polygon>
    <attributes></attributes>
  </object>
</annotation>
