<annotation>
  <filename>image_1194.jpg</filename>
  <folder></folder>
  <source>
    <sourceImage></sourceImage>
    <sourceAnnotation>Datumaro</sourceAnnotation>
  </source>
  <imagesize>
    <nrows>1920</nrows>
    <ncols>1080</ncols>
  </imagesize>
  <object>
    <name>lane</name>
    <deleted>0</deleted>
    <verified>0</verified>
    <occluded>no</occluded>
    <date></date>
    <id>0</id>
    <parts>
      <hasparts></hasparts>
      <ispartof></ispartof>
    </parts>
    <type>bounding_box</type>
    <polygon>
      <pt>
        <x>429.27</x>
        <y>480.22</y>
      </pt>
      <pt>
        <x>454.58</x>
        <y>480.22</y>
      </pt>
      <pt>
        <x>454.58</x>
        <y>537.98</y>
      </pt>
      <pt>
        <x>429.27</x>
        <y>537.98</y>
      </pt>
      <username></username>
    </polygon>
    <attributes>rotation=0.0</attributes>
  </object>
  <object>
    <name>lane</name>
    <deleted>0</deleted>
    <verified>0</verified>
    <occluded>no</occluded>
    <date></date>
    <id>1</id>
    <parts>
      <hasparts></hasparts>
      <ispartof></ispartof>
    </parts>
    <type>bounding_box</type>
    <polygon>
      <pt>
        <x>427.63</x>
        <y>406.05</y>
      </pt>
      <pt>
        <x>444.40</x>
        <y>406.05</y>
      </pt>
      <pt>
        <x>444.40</x>
        <y>438.50</y>
      </pt>
      <pt>
        <x>427.63</x>
        <y>438.50</y>
      </pt>
      <username></username>
    </polygon>
    <attributes>rotation=0.0</attributes>
  </object>
  <object>
    <name>lane</name>
    <deleted>0</deleted>
    <verified>0</verified>
    <occluded>no</occluded>
    <date></date>
    <id>2</id>
    <parts>
      <hasparts></hasparts>
      <ispartof></ispartof>
    </parts>
    <type>bounding_box</type>
    <polygon>
      <pt>
        <x>434.58</x>
        <y>623.75</y>
      </pt>
      <pt>
        <x>472.90</x>
        <y>623.75</y>
      </pt>
      <pt>
        <x>472.90</x>
        <y>745.25</y>
      </pt>
      <pt>
        <x>434.58</x>
        <y>745.25</y>
      </pt>
      <username></username>
    </polygon>
    <attributes>rotation=0.0</attributes>
  </object>
  <object>
    <name>lane</name>
    <deleted>0</deleted>
    <verified>0</verified>
    <occluded>no</occluded>
    <date></date>
    <id>3</id>
    <parts>
      <hasparts></hasparts>
      <ispartof></ispartof>
    </parts>
    <type>bounding_box</type>
    <polygon>
      <pt>
        <x>425.47</x>
        <y>358.45</y>
      </pt>
      <pt>
        <x>438.99</x>
        <y>358.45</y>
      </pt>
      <pt>
        <x>438.99</x>
        <y>377.92</y>
      </pt>
      <pt>
        <x>425.47</x>
        <y>377.92</y>
      </pt>
      <username></username>
    </polygon>
    <attributes>rotation=0.0</attributes>
  </object>
  <object>
    <name>lane</name>
    <deleted>0</deleted>
    <verified>0</verified>
    <occluded>no</occluded>
    <date></date>
    <id>4</id>
    <parts>
      <hasparts></hasparts>
      <ispartof></ispartof>
    </parts>
    <type>bounding_box</type>
    <polygon>
      <pt>
        <x>423.26</x>
        <y>283.11</y>
      </pt>
      <pt>
        <x>432.41</x>
        <y>283.11</y>
      </pt>
      <pt>
        <x>432.41</x>
        <y>290.50</y>
      </pt>
      <pt>
        <x>423.26</x>
        <y>290.50</y>
      </pt>
      <username></username>
    </polygon>
    <attributes>rotation=0.0</attributes>
  </object>
  <object>
    <name>lane</name>
    <deleted>0</deleted>
    <verified>0</verified>
    <occluded>no</occluded>
    <date></date>
    <id>5</id>
    <parts>
      <hasparts></hasparts>
      <ispartof></ispartof>
    </parts>
    <polygon>
      <pt>
        <x>440.90</x>
        <y>954.40</y>
      </pt>
      <pt>
        <x>489.91</x>
        <y>952.66</y>
      </pt>
      <pt>
        <x>540.73</x>
        <y>1408.27</y>
      </pt>
      <pt>
        <x>451.57</x>
        <y>1410.05</y>
      </pt>
      <username></username>
    </polygon>
    <attributes></attributes>
  </object>
  <object>
    <name>lane</name>
    <deleted>0</deleted>
    <verified>0</verified>
    <occluded>no</occluded>
    <date></date>
    <id>6</id>
    <parts>
      <hasparts></hasparts>
      <ispartof></ispartof>
    </parts>
    <type>bounding_box</type>
    <polygon>
      <pt>
        <x>422.21</x>
        <y>231.74</y>
      </pt>
      <pt>
        <x>426.78</x>
        <y>231.74</y>
      </pt>
      <pt>
        <x>426.78</x>
        <y>234.91</y>
      </pt>
      <pt>
        <x>422.21</x>
        <y>234.91</y>
      </pt>
      <username></username>
    </polygon>
    <attributes>rotation=0.0</attributes>
  </object>
  <object>
    <name>lane</name>
    <deleted>0</deleted>
    <verified>0</verified>
    <occluded>no</occluded>
    <date></date>
    <id>7</id>
    <parts>
      <hasparts></hasparts>
      <ispartof></ispartof>
    </parts>
    <type>bounding_box</type>
    <polygon>
      <pt>
        <x>422.21</x>
        <y>237.37</y>
      </pt>
      <pt>
        <x>428.54</x>
        <y>237.37</y>
      </pt>
      <pt>
        <x>428.54</x>
        <y>241.59</y>
      </pt>
      <pt>
        <x>422.21</x>
        <y>241.59</y>
      </pt>
      <username></username>
    </polygon>
    <attributes>rotation=0.0</attributes>
  </object>
  <object>
    <name>lane</name>
    <deleted>0</deleted>
    <verified>0</verified>
    <occluded>no</occluded>
    <date></date>
    <id>8</id>
    <parts>
      <hasparts></hasparts>
      <ispartof></ispartof>
    </parts>
    <type>bounding_box</type>
    <polygon>
      <pt>
        <x>423.26</x>
        <y>246.87</y>
      </pt>
      <pt>
        <x>428.19</x>
        <y>246.87</y>
      </pt>
      <pt>
        <x>428.19</x>
        <y>250.04</y>
      </pt>
      <pt>
        <x>423.26</x>
        <y>250.04</y>
      </pt>
      <username></username>
    </polygon>
    <attributes>rotation=0.0</attributes>
  </object>
  <object>
    <name>lane</name>
    <deleted>0</deleted>
    <verified>0</verified>
    <occluded>no</occluded>
    <date></date>
    <id>9</id>
    <parts>
      <hasparts></hasparts>
      <ispartof></ispartof>
    </parts>
    <type>bounding_box</type>
    <polygon>
      <pt>
        <x>423.26</x>
        <y>256.37</y>
      </pt>
      <pt>
        <x>430.30</x>
        <y>256.37</y>
      </pt>
      <pt>
        <x>430.30</x>
        <y>262.35</y>
      </pt>
      <pt>
        <x>423.26</x>
        <y>262.35</y>
      </pt>
      <username></username>
    </polygon>
    <attributes>rotation=0.0</attributes>
  </object>
  <object>
    <name>lane</name>
    <deleted>0</deleted>
    <verified>0</verified>
    <occluded>no</occluded>
    <date></date>
    <id>10</id>
    <parts>
      <hasparts></hasparts>
      <ispartof></ispartof>
    </parts>
    <type>bounding_box</type>
    <polygon>
      <pt>
        <x>423.61</x>
        <y>267.28</y>
      </pt>
      <pt>
        <x>429.95</x>
        <y>267.28</y>
      </pt>
      <pt>
        <x>429.95</x>
        <y>273.61</y>
      </pt>
      <pt>
        <x>423.61</x>
        <y>273.61</y>
      </pt>
      <username></username>
    </polygon>
    <attributes>rotation=0.0</attributes>
  </object>
  <object>
    <name>lane</name>
    <deleted>0</deleted>
    <verified>0</verified>
    <occluded>no</occluded>
    <date></date>
    <id>11</id>
    <parts>
      <hasparts></hasparts>
      <ispartof></ispartof>
    </parts>
    <type>bounding_box</type>
    <polygon>
      <pt>
        <x>424.32</x>
        <y>301.41</y>
      </pt>
      <pt>
        <x>433.82</x>
        <y>301.41</y>
      </pt>
      <pt>
        <x>433.82</x>
        <y>312.32</y>
      </pt>
      <pt>
        <x>424.32</x>
        <y>312.32</y>
      </pt>
      <username></username>
    </polygon>
    <attributes>rotation=0.0</attributes>
  </object>
  <object>
    <name>lane</name>
    <deleted>0</deleted>
    <verified>0</verified>
    <occluded>no</occluded>
    <date></date>
    <id>12</id>
    <parts>
      <hasparts></hasparts>
      <ispartof></ispartof>
    </parts>
    <type>bounding_box</type>
    <polygon>
      <pt>
        <x>424.67</x>
        <y>323.93</y>
      </pt>
      <pt>
        <x>437.69</x>
        <y>323.93</y>
      </pt>
      <pt>
        <x>437.69</x>
        <y>338.36</y>
      </pt>
      <pt>
        <x>424.67</x>
        <y>338.36</y>
      </pt>
      <username></username>
    </polygon>
    <attributes>rotation=0.0</attributes>
  </object>
</annotation>
