<annotation>
  <filename>image_1033.jpg</filename>
  <folder></folder>
  <source>
    <sourceImage></sourceImage>
    <sourceAnnotation>Datumaro</sourceAnnotation>
  </source>
  <imagesize>
    <nrows>1920</nrows>
    <ncols>1080</ncols>
  </imagesize>
  <object>
    <name>lane</name>
    <deleted>0</deleted>
    <verified>0</verified>
    <occluded>no</occluded>
    <date></date>
    <id>0</id>
    <parts>
      <hasparts></hasparts>
      <ispartof></ispartof>
    </parts>
    <polygon>
      <pt>
        <x>516.17</x>
        <y>385.01</y>
      </pt>
      <pt>
        <x>539.54</x>
        <y>389.69</y>
      </pt>
      <pt>
        <x>622.10</x>
        <y>311.80</y>
      </pt>
      <pt>
        <x>690.64</x>
        <y>266.62</y>
      </pt>
      <pt>
        <x>661.82</x>
        <y>265.07</y>
      </pt>
      <pt>
        <x>575.37</x>
        <y>329.71</y>
      </pt>
      <username></username>
    </polygon>
    <attributes></attributes>
  </object>
  <object>
    <name>lane</name>
    <deleted>0</deleted>
    <verified>0</verified>
    <occluded>no</occluded>
    <date></date>
    <id>1</id>
    <parts>
      <hasparts></hasparts>
      <ispartof></ispartof>
    </parts>
    <polygon>
      <pt>
        <x>184.21</x>
        <y>881.43</y>
      </pt>
      <pt>
        <x>242.35</x>
        <y>874.97</y>
      </pt>
      <pt>
        <x>308.57</x>
        <y>663.39</y>
      </pt>
      <pt>
        <x>386.09</x>
        <y>550.34</y>
      </pt>
      <pt>
        <x>342.48</x>
        <y>553.57</y>
      </pt>
      <pt>
        <x>227.81</x>
        <y>740.92</y>
      </pt>
      <username></username>
    </polygon>
    <attributes></attributes>
  </object>
  <object>
    <name>lane</name>
    <deleted>0</deleted>
    <verified>0</verified>
    <occluded>no</occluded>
    <date></date>
    <id>2</id>
    <parts>
      <hasparts></hasparts>
      <ispartof></ispartof>
    </parts>
    <polygon>
      <pt>
        <x>613.82</x>
        <y>1920.00</y>
      </pt>
      <pt>
        <x>649.70</x>
        <y>1917.29</y>
      </pt>
      <pt>
        <x>457.14</x>
        <y>1532.16</y>
      </pt>
      <pt>
        <x>317.60</x>
        <y>1214.01</y>
      </pt>
      <pt>
        <x>225.50</x>
        <y>1230.75</y>
      </pt>
      <pt>
        <x>370.62</x>
        <y>1593.56</y>
      </pt>
      <pt>
        <x>498.48</x>
        <y>1920.00</y>
      </pt>
      <username></username>
    </polygon>
    <attributes></attributes>
  </object>
  <object>
    <name>lane</name>
    <deleted>0</deleted>
    <verified>0</verified>
    <occluded>no</occluded>
    <date></date>
    <id>3</id>
    <parts>
      <hasparts></hasparts>
      <ispartof></ispartof>
    </parts>
    <polygon>
      <pt>
        <x>833.81</x>
        <y>173.81</y>
      </pt>
      <pt>
        <x>851.84</x>
        <y>176.51</y>
      </pt>
      <pt>
        <x>972.64</x>
        <y>123.78</y>
      </pt>
      <pt>
        <x>1042.50</x>
        <y>99.44</y>
      </pt>
      <pt>
        <x>1024.47</x>
        <y>98.53</y>
      </pt>
      <pt>
        <x>904.13</x>
        <y>143.61</y>
      </pt>
      <username></username>
    </polygon>
    <attributes></attributes>
  </object>
</annotation>
