<annotation>
  <filename>image_1990.jpg</filename>
  <folder></folder>
  <source>
    <sourceImage></sourceImage>
    <sourceAnnotation>Datumaro</sourceAnnotation>
  </source>
  <imagesize>
    <nrows>1920</nrows>
    <ncols>1080</ncols>
  </imagesize>
  <object>
    <name>lane</name>
    <deleted>0</deleted>
    <verified>0</verified>
    <occluded>no</occluded>
    <date></date>
    <id>0</id>
    <parts>
      <hasparts></hasparts>
      <ispartof></ispartof>
    </parts>
    <polygon>
      <pt>
        <x>427.60</x>
        <y>1735.88</y>
      </pt>
      <pt>
        <x>497.32</x>
        <y>1742.42</y>
      </pt>
      <pt>
        <x>501.68</x>
        <y>1337.19</y>
      </pt>
      <pt>
        <x>488.61</x>
        <y>1049.61</y>
      </pt>
      <pt>
        <x>438.50</x>
        <y>1049.61</y>
      </pt>
      <pt>
        <x>455.93</x>
        <y>1361.15</y>
      </pt>
      <username></username>
    </polygon>
    <attributes></attributes>
  </object>
  <object>
    <name>lane</name>
    <deleted>0</deleted>
    <verified>0</verified>
    <occluded>no</occluded>
    <date></date>
    <id>1</id>
    <parts>
      <hasparts></hasparts>
      <ispartof></ispartof>
    </parts>
    <type>bounding_box</type>
    <polygon>
      <pt>
        <x>479.26</x>
        <y>417.66</y>
      </pt>
      <pt>
        <x>483.41</x>
        <y>417.66</y>
      </pt>
      <pt>
        <x>483.41</x>
        <y>424.05</y>
      </pt>
      <pt>
        <x>479.26</x>
        <y>424.05</y>
      </pt>
      <username></username>
    </polygon>
    <attributes>rotation=0.0</attributes>
  </object>
  <object>
    <name>lane</name>
    <deleted>0</deleted>
    <verified>0</verified>
    <occluded>no</occluded>
    <date></date>
    <id>2</id>
    <parts>
      <hasparts></hasparts>
      <ispartof></ispartof>
    </parts>
    <type>bounding_box</type>
    <polygon>
      <pt>
        <x>480.64</x>
        <y>401.59</y>
      </pt>
      <pt>
        <x>483.24</x>
        <y>401.59</y>
      </pt>
      <pt>
        <x>483.24</x>
        <y>404.87</y>
      </pt>
      <pt>
        <x>480.64</x>
        <y>404.87</y>
      </pt>
      <username></username>
    </polygon>
    <attributes>rotation=0.0</attributes>
  </object>
  <object>
    <name>lane</name>
    <deleted>0</deleted>
    <verified>0</verified>
    <occluded>no</occluded>
    <date></date>
    <id>3</id>
    <parts>
      <hasparts></hasparts>
      <ispartof></ispartof>
    </parts>
    <type>bounding_box</type>
    <polygon>
      <pt>
        <x>473.90</x>
        <y>558.62</y>
      </pt>
      <pt>
        <x>485.77</x>
        <y>558.62</y>
      </pt>
      <pt>
        <x>485.77</x>
        <y>637.05</y>
      </pt>
      <pt>
        <x>473.90</x>
        <y>637.05</y>
      </pt>
      <username></username>
    </polygon>
    <attributes>rotation=0.0</attributes>
  </object>
  <object>
    <name>lane</name>
    <deleted>0</deleted>
    <verified>0</verified>
    <occluded>no</occluded>
    <date></date>
    <id>4</id>
    <parts>
      <hasparts></hasparts>
      <ispartof></ispartof>
    </parts>
    <polygon>
      <pt>
        <x>460.09</x>
        <y>789.83</y>
      </pt>
      <pt>
        <x>485.48</x>
        <y>791.58</y>
      </pt>
      <pt>
        <x>482.50</x>
        <y>719.50</y>
      </pt>
      <pt>
        <x>482.00</x>
        <y>670.00</y>
      </pt>
      <pt>
        <x>468.60</x>
        <y>669.50</y>
      </pt>
      <pt>
        <x>466.50</x>
        <y>718.40</y>
      </pt>
      <username></username>
    </polygon>
    <attributes></attributes>
  </object>
  <object>
    <name>lane</name>
    <deleted>0</deleted>
    <verified>0</verified>
    <occluded>no</occluded>
    <date></date>
    <id>5</id>
    <parts>
      <hasparts></hasparts>
      <ispartof></ispartof>
    </parts>
    <type>bounding_box</type>
    <polygon>
      <pt>
        <x>480.11</x>
        <y>408.40</y>
      </pt>
      <pt>
        <x>484.08</x>
        <y>408.40</y>
      </pt>
      <pt>
        <x>484.08</x>
        <y>413.58</y>
      </pt>
      <pt>
        <x>480.11</x>
        <y>413.58</y>
      </pt>
      <username></username>
    </polygon>
    <attributes>rotation=0.0</attributes>
  </object>
</annotation>
