<annotation>
  <filename>image_685.jpg</filename>
  <folder></folder>
  <source>
    <sourceImage></sourceImage>
    <sourceAnnotation>Datumaro</sourceAnnotation>
  </source>
  <imagesize>
    <nrows>1920</nrows>
    <ncols>1080</ncols>
  </imagesize>
  <object>
    <name>lane</name>
    <deleted>0</deleted>
    <verified>0</verified>
    <occluded>no</occluded>
    <date></date>
    <id>0</id>
    <parts>
      <hasparts></hasparts>
      <ispartof></ispartof>
    </parts>
    <polygon>
      <pt>
        <x>510.00</x>
        <y>1577.20</y>
      </pt>
      <pt>
        <x>597.97</x>
        <y>1583.59</y>
      </pt>
      <pt>
        <x>584.00</x>
        <y>1917.40</y>
      </pt>
      <pt>
        <x>472.50</x>
        <y>1918.90</y>
      </pt>
      <username></username>
    </polygon>
    <attributes></attributes>
  </object>
  <object>
    <name>lane</name>
    <deleted>0</deleted>
    <verified>0</verified>
    <occluded>no</occluded>
    <date></date>
    <id>1</id>
    <parts>
      <hasparts></hasparts>
      <ispartof></ispartof>
    </parts>
    <polygon>
      <pt>
        <x>38.35</x>
        <y>209.20</y>
      </pt>
      <pt>
        <x>41.11</x>
        <y>211.57</y>
      </pt>
      <pt>
        <x>76.30</x>
        <y>219.90</y>
      </pt>
      <pt>
        <x>80.20</x>
        <y>218.30</y>
      </pt>
      <username></username>
    </polygon>
    <attributes></attributes>
  </object>
  <object>
    <name>lane</name>
    <deleted>0</deleted>
    <verified>0</verified>
    <occluded>no</occluded>
    <date></date>
    <id>2</id>
    <parts>
      <hasparts></hasparts>
      <ispartof></ispartof>
    </parts>
    <polygon>
      <pt>
        <x>224.50</x>
        <y>271.90</y>
      </pt>
      <pt>
        <x>260.59</x>
        <y>288.21</y>
      </pt>
      <pt>
        <x>260.59</x>
        <y>288.21</y>
      </pt>
      <pt>
        <x>271.13</x>
        <y>287.23</y>
      </pt>
      <pt>
        <x>230.10</x>
        <y>270.20</y>
      </pt>
      <username></username>
    </polygon>
    <attributes></attributes>
  </object>
  <object>
    <name>lane</name>
    <deleted>0</deleted>
    <verified>0</verified>
    <occluded>no</occluded>
    <date></date>
    <id>3</id>
    <parts>
      <hasparts></hasparts>
      <ispartof></ispartof>
    </parts>
    <polygon>
      <pt>
        <x>299.70</x>
        <y>301.00</y>
      </pt>
      <pt>
        <x>287.70</x>
        <y>301.60</y>
      </pt>
      <pt>
        <x>303.60</x>
        <y>313.50</y>
      </pt>
      <pt>
        <x>319.10</x>
        <y>325.00</y>
      </pt>
      <pt>
        <x>329.70</x>
        <y>324.40</y>
      </pt>
      <username></username>
    </polygon>
    <attributes></attributes>
  </object>
  <object>
    <name>lane</name>
    <deleted>0</deleted>
    <verified>0</verified>
    <occluded>no</occluded>
    <date></date>
    <id>4</id>
    <parts>
      <hasparts></hasparts>
      <ispartof></ispartof>
    </parts>
    <polygon>
      <pt>
        <x>105.49</x>
        <y>224.85</y>
      </pt>
      <pt>
        <x>105.26</x>
        <y>227.59</y>
      </pt>
      <pt>
        <x>137.30</x>
        <y>236.40</y>
      </pt>
      <pt>
        <x>145.00</x>
        <y>236.60</y>
      </pt>
      <username></username>
    </polygon>
    <attributes></attributes>
  </object>
  <object>
    <name>lane</name>
    <deleted>0</deleted>
    <verified>0</verified>
    <occluded>no</occluded>
    <date></date>
    <id>5</id>
    <parts>
      <hasparts></hasparts>
      <ispartof></ispartof>
    </parts>
    <polygon>
      <pt>
        <x>164.00</x>
        <y>246.40</y>
      </pt>
      <pt>
        <x>196.90</x>
        <y>259.90</y>
      </pt>
      <pt>
        <x>208.88</x>
        <y>260.19</y>
      </pt>
      <pt>
        <x>208.88</x>
        <y>260.19</y>
      </pt>
      <pt>
        <x>170.40</x>
        <y>244.30</y>
      </pt>
      <username></username>
    </polygon>
    <attributes></attributes>
  </object>
  <object>
    <name>lane</name>
    <deleted>0</deleted>
    <verified>0</verified>
    <occluded>no</occluded>
    <date></date>
    <id>6</id>
    <parts>
      <hasparts></hasparts>
      <ispartof></ispartof>
    </parts>
    <polygon>
      <pt>
        <x>349.60</x>
        <y>347.00</y>
      </pt>
      <pt>
        <x>363.00</x>
        <y>346.30</y>
      </pt>
      <pt>
        <x>377.40</x>
        <y>360.90</y>
      </pt>
      <pt>
        <x>395.10</x>
        <y>379.00</y>
      </pt>
      <pt>
        <x>379.30</x>
        <y>379.20</y>
      </pt>
      <username></username>
    </polygon>
    <attributes></attributes>
  </object>
  <object>
    <name>lane</name>
    <deleted>0</deleted>
    <verified>0</verified>
    <occluded>no</occluded>
    <date></date>
    <id>7</id>
    <parts>
      <hasparts></hasparts>
      <ispartof></ispartof>
    </parts>
    <polygon>
      <pt>
        <x>406.40</x>
        <y>411.60</y>
      </pt>
      <pt>
        <x>422.50</x>
        <y>441.10</y>
      </pt>
      <pt>
        <x>436.60</x>
        <y>464.20</y>
      </pt>
      <pt>
        <x>458.69</x>
        <y>463.53</y>
      </pt>
      <pt>
        <x>424.40</x>
        <y>411.60</y>
      </pt>
      <pt>
        <x>417.60</x>
        <y>411.00</y>
      </pt>
      <username></username>
    </polygon>
    <attributes></attributes>
  </object>
  <object>
    <name>lane</name>
    <deleted>0</deleted>
    <verified>0</verified>
    <occluded>no</occluded>
    <date></date>
    <id>8</id>
    <parts>
      <hasparts></hasparts>
      <ispartof></ispartof>
    </parts>
    <polygon>
      <pt>
        <x>462.50</x>
        <y>526.10</y>
      </pt>
      <pt>
        <x>487.20</x>
        <y>523.80</y>
      </pt>
      <pt>
        <x>517.97</x>
        <y>622.77</y>
      </pt>
      <pt>
        <x>485.30</x>
        <y>622.50</y>
      </pt>
      <pt>
        <x>473.90</x>
        <y>574.60</y>
      </pt>
      <username></username>
    </polygon>
    <attributes></attributes>
  </object>
  <object>
    <name>lane</name>
    <deleted>0</deleted>
    <verified>0</verified>
    <occluded>no</occluded>
    <date></date>
    <id>9</id>
    <parts>
      <hasparts></hasparts>
      <ispartof></ispartof>
    </parts>
    <polygon>
      <pt>
        <x>505.00</x>
        <y>757.80</y>
      </pt>
      <pt>
        <x>549.10</x>
        <y>761.30</y>
      </pt>
      <pt>
        <x>577.80</x>
        <y>1011.60</y>
      </pt>
      <pt>
        <x>524.00</x>
        <y>1012.40</y>
      </pt>
      <username></username>
    </polygon>
    <attributes></attributes>
  </object>
</annotation>
