<annotation>
  <filename>image_331.jpg</filename>
  <folder></folder>
  <source>
    <sourceImage></sourceImage>
    <sourceAnnotation>Datumaro</sourceAnnotation>
  </source>
  <imagesize>
    <nrows>1920</nrows>
    <ncols>1080</ncols>
  </imagesize>
  <object>
    <name>lane</name>
    <deleted>0</deleted>
    <verified>0</verified>
    <occluded>no</occluded>
    <date></date>
    <id>0</id>
    <parts>
      <hasparts></hasparts>
      <ispartof></ispartof>
    </parts>
    <polygon>
      <pt>
        <x>379.94</x>
        <y>449.47</y>
      </pt>
      <pt>
        <x>387.16</x>
        <y>450.47</y>
      </pt>
      <pt>
        <x>388.16</x>
        <y>460.29</y>
      </pt>
      <pt>
        <x>380.34</x>
        <y>460.89</y>
      </pt>
      <username></username>
    </polygon>
    <attributes></attributes>
  </object>
  <object>
    <name>lane</name>
    <deleted>0</deleted>
    <verified>0</verified>
    <occluded>no</occluded>
    <date></date>
    <id>1</id>
    <parts>
      <hasparts></hasparts>
      <ispartof></ispartof>
    </parts>
    <polygon>
      <pt>
        <x>379.34</x>
        <y>435.43</y>
      </pt>
      <pt>
        <x>384.75</x>
        <y>435.43</y>
      </pt>
      <pt>
        <x>386.16</x>
        <y>443.05</y>
      </pt>
      <pt>
        <x>381.34</x>
        <y>443.45</y>
      </pt>
      <username></username>
    </polygon>
    <attributes></attributes>
  </object>
  <object>
    <name>lane</name>
    <deleted>0</deleted>
    <verified>0</verified>
    <occluded>no</occluded>
    <date></date>
    <id>2</id>
    <parts>
      <hasparts></hasparts>
      <ispartof></ispartof>
    </parts>
    <polygon>
      <pt>
        <x>378.14</x>
        <y>424.81</y>
      </pt>
      <pt>
        <x>383.35</x>
        <y>425.01</y>
      </pt>
      <pt>
        <x>383.95</x>
        <y>429.82</y>
      </pt>
      <pt>
        <x>379.54</x>
        <y>430.22</y>
      </pt>
      <username></username>
    </polygon>
    <attributes></attributes>
  </object>
  <object>
    <name>lane</name>
    <deleted>0</deleted>
    <verified>0</verified>
    <occluded>no</occluded>
    <date></date>
    <id>3</id>
    <parts>
      <hasparts></hasparts>
      <ispartof></ispartof>
    </parts>
    <polygon>
      <pt>
        <x>377.13</x>
        <y>416.99</y>
      </pt>
      <pt>
        <x>382.15</x>
        <y>416.79</y>
      </pt>
      <pt>
        <x>383.35</x>
        <y>422.20</y>
      </pt>
      <pt>
        <x>377.74</x>
        <y>421.40</y>
      </pt>
      <username></username>
    </polygon>
    <attributes></attributes>
  </object>
  <object>
    <name>lane</name>
    <deleted>0</deleted>
    <verified>0</verified>
    <occluded>no</occluded>
    <date></date>
    <id>4</id>
    <parts>
      <hasparts></hasparts>
      <ispartof></ispartof>
    </parts>
    <polygon>
      <pt>
        <x>393.33</x>
        <y>663.25</y>
      </pt>
      <pt>
        <x>414.12</x>
        <y>663.25</y>
      </pt>
      <pt>
        <x>431.24</x>
        <y>766.98</y>
      </pt>
      <pt>
        <x>406.09</x>
        <y>771.77</y>
      </pt>
      <username></username>
    </polygon>
    <attributes></attributes>
  </object>
  <object>
    <name>lane</name>
    <deleted>0</deleted>
    <verified>0</verified>
    <occluded>no</occluded>
    <date></date>
    <id>5</id>
    <parts>
      <hasparts></hasparts>
      <ispartof></ispartof>
    </parts>
    <polygon>
      <pt>
        <x>387.56</x>
        <y>551.91</y>
      </pt>
      <pt>
        <x>398.99</x>
        <y>553.31</y>
      </pt>
      <pt>
        <x>407.61</x>
        <y>597.82</y>
      </pt>
      <pt>
        <x>390.97</x>
        <y>596.82</y>
      </pt>
      <username></username>
    </polygon>
    <attributes></attributes>
  </object>
  <object>
    <name>lane</name>
    <deleted>0</deleted>
    <verified>0</verified>
    <occluded>no</occluded>
    <date></date>
    <id>6</id>
    <parts>
      <hasparts></hasparts>
      <ispartof></ispartof>
    </parts>
    <polygon>
      <pt>
        <x>383.35</x>
        <y>501.19</y>
      </pt>
      <pt>
        <x>391.77</x>
        <y>501.39</y>
      </pt>
      <pt>
        <x>397.98</x>
        <y>523.04</y>
      </pt>
      <pt>
        <x>386.96</x>
        <y>524.64</y>
      </pt>
      <username></username>
    </polygon>
    <attributes></attributes>
  </object>
  <object>
    <name>lane</name>
    <deleted>0</deleted>
    <verified>0</verified>
    <occluded>no</occluded>
    <date></date>
    <id>7</id>
    <parts>
      <hasparts></hasparts>
      <ispartof></ispartof>
    </parts>
    <polygon>
      <pt>
        <x>381.54</x>
        <y>471.72</y>
      </pt>
      <pt>
        <x>389.76</x>
        <y>471.52</y>
      </pt>
      <pt>
        <x>391.77</x>
        <y>485.15</y>
      </pt>
      <pt>
        <x>384.35</x>
        <y>485.55</y>
      </pt>
      <username></username>
    </polygon>
    <attributes></attributes>
  </object>
  <object>
    <name>lane</name>
    <deleted>0</deleted>
    <verified>0</verified>
    <occluded>no</occluded>
    <date></date>
    <id>8</id>
    <parts>
      <hasparts></hasparts>
      <ispartof></ispartof>
    </parts>
    <polygon>
      <pt>
        <x>411.23</x>
        <y>1003.89</y>
      </pt>
      <pt>
        <x>455.70</x>
        <y>1007.60</y>
      </pt>
      <pt>
        <x>564.00</x>
        <y>1920.00</y>
      </pt>
      <pt>
        <x>465.97</x>
        <y>1920.00</y>
      </pt>
      <username></username>
    </polygon>
    <attributes></attributes>
  </object>
  <object>
    <name>lane</name>
    <deleted>0</deleted>
    <verified>0</verified>
    <occluded>no</occluded>
    <date></date>
    <id>9</id>
    <parts>
      <hasparts></hasparts>
      <ispartof></ispartof>
    </parts>
    <type>bounding_box</type>
    <polygon>
      <pt>
        <x>376.58</x>
        <y>401.02</y>
      </pt>
      <pt>
        <x>379.46</x>
        <y>401.02</y>
      </pt>
      <pt>
        <x>379.46</x>
        <y>403.22</y>
      </pt>
      <pt>
        <x>376.58</x>
        <y>403.22</y>
      </pt>
      <username></username>
    </polygon>
    <attributes>rotation=0.0</attributes>
  </object>
  <object>
    <name>lane</name>
    <deleted>0</deleted>
    <verified>0</verified>
    <occluded>no</occluded>
    <date></date>
    <id>10</id>
    <parts>
      <hasparts></hasparts>
      <ispartof></ispartof>
    </parts>
    <type>bounding_box</type>
    <polygon>
      <pt>
        <x>376.92</x>
        <y>405.08</y>
      </pt>
      <pt>
        <x>380.30</x>
        <y>405.08</y>
      </pt>
      <pt>
        <x>380.30</x>
        <y>407.95</y>
      </pt>
      <pt>
        <x>376.92</x>
        <y>407.95</y>
      </pt>
      <username></username>
    </polygon>
    <attributes>rotation=0.0</attributes>
  </object>
  <object>
    <name>lane</name>
    <deleted>0</deleted>
    <verified>0</verified>
    <occluded>no</occluded>
    <date></date>
    <id>11</id>
    <parts>
      <hasparts></hasparts>
      <ispartof></ispartof>
    </parts>
    <type>bounding_box</type>
    <polygon>
      <pt>
        <x>377.60</x>
        <y>410.83</y>
      </pt>
      <pt>
        <x>380.98</x>
        <y>410.83</y>
      </pt>
      <pt>
        <x>380.98</x>
        <y>414.55</y>
      </pt>
      <pt>
        <x>377.60</x>
        <y>414.55</y>
      </pt>
      <username></username>
    </polygon>
    <attributes>rotation=0.0</attributes>
  </object>
  <object>
    <name>lane</name>
    <deleted>0</deleted>
    <verified>0</verified>
    <occluded>no</occluded>
    <date></date>
    <id>12</id>
    <parts>
      <hasparts></hasparts>
      <ispartof></ispartof>
    </parts>
    <type>bounding_box</type>
    <polygon>
      <pt>
        <x>376.08</x>
        <y>397.47</y>
      </pt>
      <pt>
        <x>378.78</x>
        <y>397.47</y>
      </pt>
      <pt>
        <x>378.78</x>
        <y>399.33</y>
      </pt>
      <pt>
        <x>376.08</x>
        <y>399.33</y>
      </pt>
      <username></username>
    </polygon>
    <attributes>rotation=0.0</attributes>
  </object>
</annotation>
