<annotation>
  <filename>image_1837.jpg</filename>
  <folder></folder>
  <source>
    <sourceImage></sourceImage>
    <sourceAnnotation>Datumaro</sourceAnnotation>
  </source>
  <imagesize>
    <nrows>1920</nrows>
    <ncols>1080</ncols>
  </imagesize>
  <object>
    <name>lane</name>
    <deleted>0</deleted>
    <verified>0</verified>
    <occluded>no</occluded>
    <date></date>
    <id>0</id>
    <parts>
      <hasparts></hasparts>
      <ispartof></ispartof>
    </parts>
    <polygon>
      <pt>
        <x>395.89</x>
        <y>914.20</y>
      </pt>
      <pt>
        <x>443.79</x>
        <y>923.07</y>
      </pt>
      <pt>
        <x>599.88</x>
        <y>623.30</y>
      </pt>
      <pt>
        <x>567.95</x>
        <y>614.43</y>
      </pt>
      <username></username>
    </polygon>
    <attributes></attributes>
  </object>
  <object>
    <name>lane</name>
    <deleted>0</deleted>
    <verified>0</verified>
    <occluded>no</occluded>
    <date></date>
    <id>1</id>
    <parts>
      <hasparts></hasparts>
      <ispartof></ispartof>
    </parts>
    <polygon>
      <pt>
        <x>261.50</x>
        <y>1865.48</y>
      </pt>
      <pt>
        <x>374.90</x>
        <y>1862.41</y>
      </pt>
      <pt>
        <x>377.97</x>
        <y>1917.59</y>
      </pt>
      <pt>
        <x>270.69</x>
        <y>1917.59</y>
      </pt>
      <username></username>
    </polygon>
    <attributes></attributes>
  </object>
  <object>
    <name>lane</name>
    <deleted>0</deleted>
    <verified>0</verified>
    <occluded>no</occluded>
    <date></date>
    <id>2</id>
    <parts>
      <hasparts></hasparts>
      <ispartof></ispartof>
    </parts>
    <polygon>
      <pt>
        <x>280.60</x>
        <y>727.95</y>
      </pt>
      <pt>
        <x>312.52</x>
        <y>735.05</y>
      </pt>
      <pt>
        <x>658.42</x>
        <y>548.80</y>
      </pt>
      <pt>
        <x>638.90</x>
        <y>541.70</y>
      </pt>
      <username></username>
    </polygon>
    <attributes></attributes>
  </object>
  <object>
    <name>lane</name>
    <deleted>0</deleted>
    <verified>0</verified>
    <occluded>no</occluded>
    <date></date>
    <id>3</id>
    <parts>
      <hasparts></hasparts>
      <ispartof></ispartof>
    </parts>
    <polygon>
      <pt>
        <x>821.61</x>
        <y>438.82</y>
      </pt>
      <pt>
        <x>839.34</x>
        <y>447.69</y>
      </pt>
      <pt>
        <x>954.64</x>
        <y>378.51</y>
      </pt>
      <pt>
        <x>940.45</x>
        <y>373.19</y>
      </pt>
      <username></username>
    </polygon>
    <attributes></attributes>
  </object>
</annotation>
