<annotation>
  <filename>image_838.jpg</filename>
  <folder></folder>
  <source>
    <sourceImage></sourceImage>
    <sourceAnnotation>Datumaro</sourceAnnotation>
  </source>
  <imagesize>
    <nrows>1920</nrows>
    <ncols>1080</ncols>
  </imagesize>
  <object>
    <name>lane</name>
    <deleted>0</deleted>
    <verified>0</verified>
    <occluded>no</occluded>
    <date></date>
    <id>0</id>
    <parts>
      <hasparts></hasparts>
      <ispartof></ispartof>
    </parts>
    <polygon>
      <pt>
        <x>532.27</x>
        <y>41.36</y>
      </pt>
      <pt>
        <x>552.46</x>
        <y>41.36</y>
      </pt>
      <pt>
        <x>558.07</x>
        <y>82.86</y>
      </pt>
      <pt>
        <x>535.63</x>
        <y>79.49</y>
      </pt>
      <username></username>
    </polygon>
    <attributes></attributes>
  </object>
  <object>
    <name>lane</name>
    <deleted>0</deleted>
    <verified>0</verified>
    <occluded>no</occluded>
    <date></date>
    <id>1</id>
    <parts>
      <hasparts></hasparts>
      <ispartof></ispartof>
    </parts>
    <polygon>
      <pt>
        <x>512.94</x>
        <y>943.61</y>
      </pt>
      <pt>
        <x>593.31</x>
        <y>946.96</y>
      </pt>
      <pt>
        <x>616.75</x>
        <y>1918.17</y>
      </pt>
      <pt>
        <x>479.45</x>
        <y>1911.47</y>
      </pt>
      <username></username>
    </polygon>
    <attributes></attributes>
  </object>
  <object>
    <name>lane</name>
    <deleted>0</deleted>
    <verified>0</verified>
    <occluded>no</occluded>
    <date></date>
    <id>2</id>
    <parts>
      <hasparts></hasparts>
      <ispartof></ispartof>
    </parts>
    <polygon>
      <pt>
        <x>535.63</x>
        <y>138.94</y>
      </pt>
      <pt>
        <x>559.19</x>
        <y>136.69</y>
      </pt>
      <pt>
        <x>568.16</x>
        <y>223.05</y>
      </pt>
      <pt>
        <x>532.27</x>
        <y>220.81</y>
      </pt>
      <username></username>
    </polygon>
    <attributes></attributes>
  </object>
  <object>
    <name>lane</name>
    <deleted>0</deleted>
    <verified>0</verified>
    <occluded>no</occluded>
    <date></date>
    <id>3</id>
    <parts>
      <hasparts></hasparts>
      <ispartof></ispartof>
    </parts>
    <polygon>
      <pt>
        <x>530.03</x>
        <y>350.91</y>
      </pt>
      <pt>
        <x>567.04</x>
        <y>347.55</y>
      </pt>
      <pt>
        <x>578.25</x>
        <y>551.67</y>
      </pt>
      <pt>
        <x>527.78</x>
        <y>553.92</y>
      </pt>
      <username></username>
    </polygon>
    <attributes></attributes>
  </object>
</annotation>
