<annotation>
  <filename>image_2548.jpg</filename>
  <folder></folder>
  <source>
    <sourceImage></sourceImage>
    <sourceAnnotation>Datumaro</sourceAnnotation>
  </source>
  <imagesize>
    <nrows>1920</nrows>
    <ncols>1080</ncols>
  </imagesize>
  <object>
    <name>lane</name>
    <deleted>0</deleted>
    <verified>0</verified>
    <occluded>no</occluded>
    <date></date>
    <id>0</id>
    <parts>
      <hasparts></hasparts>
      <ispartof></ispartof>
    </parts>
    <type>bounding_box</type>
    <polygon>
      <pt>
        <x>466.16</x>
        <y>394.65</y>
      </pt>
      <pt>
        <x>478.49</x>
        <y>394.65</y>
      </pt>
      <pt>
        <x>478.49</x>
        <y>419.31</y>
      </pt>
      <pt>
        <x>466.16</x>
        <y>419.31</y>
      </pt>
      <username></username>
    </polygon>
    <attributes>rotation=0.0</attributes>
  </object>
  <object>
    <name>lane</name>
    <deleted>0</deleted>
    <verified>0</verified>
    <occluded>no</occluded>
    <date></date>
    <id>1</id>
    <parts>
      <hasparts></hasparts>
      <ispartof></ispartof>
    </parts>
    <type>bounding_box</type>
    <polygon>
      <pt>
        <x>464.26</x>
        <y>448.71</y>
      </pt>
      <pt>
        <x>480.38</x>
        <y>448.71</y>
      </pt>
      <pt>
        <x>480.38</x>
        <y>498.97</y>
      </pt>
      <pt>
        <x>464.26</x>
        <y>498.97</y>
      </pt>
      <username></username>
    </polygon>
    <attributes>rotation=0.0</attributes>
  </object>
  <object>
    <name>lane</name>
    <deleted>0</deleted>
    <verified>0</verified>
    <occluded>no</occluded>
    <date></date>
    <id>2</id>
    <parts>
      <hasparts></hasparts>
      <ispartof></ispartof>
    </parts>
    <type>bounding_box</type>
    <polygon>
      <pt>
        <x>464.26</x>
        <y>560.62</y>
      </pt>
      <pt>
        <x>487.97</x>
        <y>560.62</y>
      </pt>
      <pt>
        <x>487.97</x>
        <y>679.16</y>
      </pt>
      <pt>
        <x>464.26</x>
        <y>679.16</y>
      </pt>
      <username></username>
    </polygon>
    <attributes>rotation=0.0</attributes>
  </object>
  <object>
    <name>lane</name>
    <deleted>0</deleted>
    <verified>0</verified>
    <occluded>no</occluded>
    <date></date>
    <id>3</id>
    <parts>
      <hasparts></hasparts>
      <ispartof></ispartof>
    </parts>
    <polygon>
      <pt>
        <x>449.42</x>
        <y>909.03</y>
      </pt>
      <pt>
        <x>443.75</x>
        <y>1699.11</y>
      </pt>
      <pt>
        <x>528.71</x>
        <y>1699.11</y>
      </pt>
      <pt>
        <x>506.05</x>
        <y>900.53</y>
      </pt>
      <username></username>
    </polygon>
    <attributes></attributes>
  </object>
  <object>
    <name>lane</name>
    <deleted>0</deleted>
    <verified>0</verified>
    <occluded>no</occluded>
    <date></date>
    <id>4</id>
    <parts>
      <hasparts></hasparts>
      <ispartof></ispartof>
    </parts>
    <type>bounding_box</type>
    <polygon>
      <pt>
        <x>468.11</x>
        <y>366.48</y>
      </pt>
      <pt>
        <x>477.50</x>
        <y>366.48</y>
      </pt>
      <pt>
        <x>477.50</x>
        <y>374.99</y>
      </pt>
      <pt>
        <x>468.11</x>
        <y>374.99</y>
      </pt>
      <username></username>
    </polygon>
    <attributes>rotation=0.0</attributes>
  </object>
  <object>
    <name>lane</name>
    <deleted>0</deleted>
    <verified>0</verified>
    <occluded>no</occluded>
    <date></date>
    <id>5</id>
    <parts>
      <hasparts></hasparts>
      <ispartof></ispartof>
    </parts>
    <type>bounding_box</type>
    <polygon>
      <pt>
        <x>467.53</x>
        <y>339.51</y>
      </pt>
      <pt>
        <x>476.32</x>
        <y>339.51</y>
      </pt>
      <pt>
        <x>476.32</x>
        <y>345.96</y>
      </pt>
      <pt>
        <x>467.53</x>
        <y>345.96</y>
      </pt>
      <username></username>
    </polygon>
    <attributes>rotation=0.0</attributes>
  </object>
</annotation>
