<annotation>
  <filename>image_1518.jpg</filename>
  <folder></folder>
  <source>
    <sourceImage></sourceImage>
    <sourceAnnotation>Datumaro</sourceAnnotation>
  </source>
  <imagesize>
    <nrows>1920</nrows>
    <ncols>1080</ncols>
  </imagesize>
  <object>
    <name>lane</name>
    <deleted>0</deleted>
    <verified>0</verified>
    <occluded>no</occluded>
    <date></date>
    <id>0</id>
    <parts>
      <hasparts></hasparts>
      <ispartof></ispartof>
    </parts>
    <polygon>
      <pt>
        <x>525.90</x>
        <y>318.48</y>
      </pt>
      <pt>
        <x>546.91</x>
        <y>318.48</y>
      </pt>
      <pt>
        <x>550.41</x>
        <y>364.88</y>
      </pt>
      <pt>
        <x>528.52</x>
        <y>365.76</y>
      </pt>
      <username></username>
    </polygon>
    <attributes></attributes>
  </object>
  <object>
    <name>lane</name>
    <deleted>0</deleted>
    <verified>0</verified>
    <occluded>no</occluded>
    <date></date>
    <id>1</id>
    <parts>
      <hasparts></hasparts>
      <ispartof></ispartof>
    </parts>
    <polygon>
      <pt>
        <x>522.39</x>
        <y>431.42</y>
      </pt>
      <pt>
        <x>551.29</x>
        <y>429.67</y>
      </pt>
      <pt>
        <x>560.92</x>
        <y>533.86</y>
      </pt>
      <pt>
        <x>525.02</x>
        <y>529.49</y>
      </pt>
      <username></username>
    </polygon>
    <attributes></attributes>
  </object>
  <object>
    <name>lane</name>
    <deleted>0</deleted>
    <verified>0</verified>
    <occluded>no</occluded>
    <date></date>
    <id>2</id>
    <parts>
      <hasparts></hasparts>
      <ispartof></ispartof>
    </parts>
    <type>bounding_box</type>
    <polygon>
      <pt>
        <x>529.59</x>
        <y>113.40</y>
      </pt>
      <pt>
        <x>535.36</x>
        <y>113.40</y>
      </pt>
      <pt>
        <x>535.36</x>
        <y>118.23</y>
      </pt>
      <pt>
        <x>529.59</x>
        <y>118.23</y>
      </pt>
      <username></username>
    </polygon>
    <attributes>rotation=0.0</attributes>
  </object>
  <object>
    <name>lane</name>
    <deleted>0</deleted>
    <verified>0</verified>
    <occluded>no</occluded>
    <date></date>
    <id>3</id>
    <parts>
      <hasparts></hasparts>
      <ispartof></ispartof>
    </parts>
    <type>bounding_box</type>
    <polygon>
      <pt>
        <x>529.96</x>
        <y>124.93</y>
      </pt>
      <pt>
        <x>536.66</x>
        <y>124.93</y>
      </pt>
      <pt>
        <x>536.66</x>
        <y>130.70</y>
      </pt>
      <pt>
        <x>529.96</x>
        <y>130.70</y>
      </pt>
      <username></username>
    </polygon>
    <attributes>rotation=0.0</attributes>
  </object>
  <object>
    <name>lane</name>
    <deleted>0</deleted>
    <verified>0</verified>
    <occluded>no</occluded>
    <date></date>
    <id>4</id>
    <parts>
      <hasparts></hasparts>
      <ispartof></ispartof>
    </parts>
    <polygon>
      <pt>
        <x>491.05</x>
        <y>1621.76</y>
      </pt>
      <pt>
        <x>597.80</x>
        <y>1621.76</y>
      </pt>
      <pt>
        <x>617.41</x>
        <y>1915.88</y>
      </pt>
      <pt>
        <x>493.22</x>
        <y>1915.88</y>
      </pt>
      <username></username>
    </polygon>
    <attributes></attributes>
  </object>
  <object>
    <name>lane</name>
    <deleted>0</deleted>
    <verified>0</verified>
    <occluded>no</occluded>
    <date></date>
    <id>5</id>
    <parts>
      <hasparts></hasparts>
      <ispartof></ispartof>
    </parts>
    <type>bounding_box</type>
    <polygon>
      <pt>
        <x>529.03</x>
        <y>103.53</y>
      </pt>
      <pt>
        <x>535.92</x>
        <y>103.53</y>
      </pt>
      <pt>
        <x>535.92</x>
        <y>107.81</y>
      </pt>
      <pt>
        <x>529.03</x>
        <y>107.81</y>
      </pt>
      <username></username>
    </polygon>
    <attributes>rotation=0.0</attributes>
  </object>
  <object>
    <name>lane</name>
    <deleted>0</deleted>
    <verified>0</verified>
    <occluded>no</occluded>
    <date></date>
    <id>6</id>
    <parts>
      <hasparts></hasparts>
      <ispartof></ispartof>
    </parts>
    <type>bounding_box</type>
    <polygon>
      <pt>
        <x>529.57</x>
        <y>137.75</y>
      </pt>
      <pt>
        <x>537.28</x>
        <y>137.75</y>
      </pt>
      <pt>
        <x>537.28</x>
        <y>147.01</y>
      </pt>
      <pt>
        <x>529.57</x>
        <y>147.01</y>
      </pt>
      <username></username>
    </polygon>
    <attributes>rotation=0.0</attributes>
  </object>
  <object>
    <name>lane</name>
    <deleted>0</deleted>
    <verified>0</verified>
    <occluded>no</occluded>
    <date></date>
    <id>7</id>
    <parts>
      <hasparts></hasparts>
      <ispartof></ispartof>
    </parts>
    <type>bounding_box</type>
    <polygon>
      <pt>
        <x>529.57</x>
        <y>157.04</y>
      </pt>
      <pt>
        <x>537.28</x>
        <y>157.04</y>
      </pt>
      <pt>
        <x>537.28</x>
        <y>166.30</y>
      </pt>
      <pt>
        <x>529.57</x>
        <y>166.30</y>
      </pt>
      <username></username>
    </polygon>
    <attributes>rotation=0.0</attributes>
  </object>
  <object>
    <name>lane</name>
    <deleted>0</deleted>
    <verified>0</verified>
    <occluded>no</occluded>
    <date></date>
    <id>8</id>
    <parts>
      <hasparts></hasparts>
      <ispartof></ispartof>
    </parts>
    <type>bounding_box</type>
    <polygon>
      <pt>
        <x>527.64</x>
        <y>177.11</y>
      </pt>
      <pt>
        <x>541.14</x>
        <y>177.11</y>
      </pt>
      <pt>
        <x>541.14</x>
        <y>194.09</y>
      </pt>
      <pt>
        <x>527.64</x>
        <y>194.09</y>
      </pt>
      <username></username>
    </polygon>
    <attributes>rotation=0.0</attributes>
  </object>
  <object>
    <name>lane</name>
    <deleted>0</deleted>
    <verified>0</verified>
    <occluded>no</occluded>
    <date></date>
    <id>9</id>
    <parts>
      <hasparts></hasparts>
      <ispartof></ispartof>
    </parts>
    <type>bounding_box</type>
    <polygon>
      <pt>
        <x>528.02</x>
        <y>208.75</y>
      </pt>
      <pt>
        <x>541.92</x>
        <y>208.75</y>
      </pt>
      <pt>
        <x>541.92</x>
        <y>227.66</y>
      </pt>
      <pt>
        <x>528.02</x>
        <y>227.66</y>
      </pt>
      <username></username>
    </polygon>
    <attributes>rotation=0.0</attributes>
  </object>
  <object>
    <name>lane</name>
    <deleted>0</deleted>
    <verified>0</verified>
    <occluded>no</occluded>
    <date></date>
    <id>10</id>
    <parts>
      <hasparts></hasparts>
      <ispartof></ispartof>
    </parts>
    <polygon>
      <pt>
        <x>518.19</x>
        <y>689.31</y>
      </pt>
      <pt>
        <x>563.58</x>
        <y>689.31</y>
      </pt>
      <pt>
        <x>572.66</x>
        <y>958.61</y>
      </pt>
      <pt>
        <x>513.65</x>
        <y>960.13</y>
      </pt>
      <username></username>
    </polygon>
    <attributes></attributes>
  </object>
  <object>
    <name>lane</name>
    <deleted>0</deleted>
    <verified>0</verified>
    <occluded>no</occluded>
    <date></date>
    <id>11</id>
    <parts>
      <hasparts></hasparts>
      <ispartof></ispartof>
    </parts>
    <polygon>
      <pt>
        <x>525.90</x>
        <y>250.19</y>
      </pt>
      <pt>
        <x>542.53</x>
        <y>251.94</y>
      </pt>
      <pt>
        <x>546.03</x>
        <y>279.08</y>
      </pt>
      <pt>
        <x>528.52</x>
        <y>279.95</y>
      </pt>
      <username></username>
    </polygon>
    <attributes></attributes>
  </object>
</annotation>
