<annotation>
  <filename>image_483.jpg</filename>
  <folder></folder>
  <source>
    <sourceImage></sourceImage>
    <sourceAnnotation>Datumaro</sourceAnnotation>
  </source>
  <imagesize>
    <nrows>1920</nrows>
    <ncols>1080</ncols>
  </imagesize>
  <object>
    <name>lane</name>
    <deleted>0</deleted>
    <verified>0</verified>
    <occluded>no</occluded>
    <date></date>
    <id>0</id>
    <parts>
      <hasparts></hasparts>
      <ispartof></ispartof>
    </parts>
    <polygon>
      <pt>
        <x>367.33</x>
        <y>360.99</y>
      </pt>
      <pt>
        <x>413.13</x>
        <y>357.47</y>
      </pt>
      <pt>
        <x>428.10</x>
        <y>660.10</y>
      </pt>
      <pt>
        <x>377.40</x>
        <y>678.10</y>
      </pt>
      <username></username>
    </polygon>
    <attributes></attributes>
  </object>
  <object>
    <name>lane</name>
    <deleted>0</deleted>
    <verified>0</verified>
    <occluded>no</occluded>
    <date></date>
    <id>1</id>
    <parts>
      <hasparts></hasparts>
      <ispartof></ispartof>
    </parts>
    <polygon>
      <pt>
        <x>300.40</x>
        <y>1417.87</y>
      </pt>
      <pt>
        <x>434.27</x>
        <y>1417.87</y>
      </pt>
      <pt>
        <x>408.10</x>
        <y>1895.90</y>
      </pt>
      <pt>
        <x>270.50</x>
        <y>1915.20</y>
      </pt>
      <username></username>
    </polygon>
    <attributes></attributes>
  </object>
</annotation>
