<annotation>
  <filename>image_2049.jpg</filename>
  <folder></folder>
  <source>
    <sourceImage></sourceImage>
    <sourceAnnotation>Datumaro</sourceAnnotation>
  </source>
  <imagesize>
    <nrows>486</nrows>
    <ncols>1080</ncols>
  </imagesize>
  <object>
    <name>lane</name>
    <deleted>0</deleted>
    <verified>0</verified>
    <occluded>no</occluded>
    <date></date>
    <id>0</id>
    <parts>
      <hasparts></hasparts>
      <ispartof></ispartof>
    </parts>
    <polygon>
      <pt>
        <x>424.13</x>
        <y>260.13</y>
      </pt>
      <pt>
        <x>426.49</x>
        <y>238.85</y>
      </pt>
      <pt>
        <x>366.21</x>
        <y>235.90</y>
      </pt>
      <pt>
        <x>308.88</x>
        <y>234.71</y>
      </pt>
      <pt>
        <x>306.52</x>
        <y>249.49</y>
      </pt>
      <pt>
        <x>324.84</x>
        <y>250.67</y>
      </pt>
      <username></username>
    </polygon>
    <attributes></attributes>
  </object>
  <object>
    <name>lane</name>
    <deleted>0</deleted>
    <verified>0</verified>
    <occluded>no</occluded>
    <date></date>
    <id>1</id>
    <parts>
      <hasparts></hasparts>
      <ispartof></ispartof>
    </parts>
    <polygon>
      <pt>
        <x>1074.95</x>
        <y>329.49</y>
      </pt>
      <pt>
        <x>1080.00</x>
        <y>279.00</y>
      </pt>
      <pt>
        <x>1080.00</x>
        <y>268.16</y>
      </pt>
      <pt>
        <x>925.44</x>
        <y>260.86</y>
      </pt>
      <pt>
        <x>790.64</x>
        <y>253.51</y>
      </pt>
      <pt>
        <x>785.74</x>
        <y>298.85</y>
      </pt>
      <pt>
        <x>932.79</x>
        <y>312.33</y>
      </pt>
      <username></username>
    </polygon>
    <attributes></attributes>
  </object>
  <object>
    <name>lane</name>
    <deleted>0</deleted>
    <verified>0</verified>
    <occluded>no</occluded>
    <date></date>
    <id>2</id>
    <parts>
      <hasparts></hasparts>
      <ispartof></ispartof>
    </parts>
    <polygon>
      <pt>
        <x>246.51</x>
        <y>242.03</y>
      </pt>
      <pt>
        <x>247.54</x>
        <y>231.43</y>
      </pt>
      <pt>
        <x>228.04</x>
        <y>231.09</y>
      </pt>
      <pt>
        <x>210.26</x>
        <y>230.06</y>
      </pt>
      <pt>
        <x>209.57</x>
        <y>239.30</y>
      </pt>
      <pt>
        <x>225.99</x>
        <y>239.30</y>
      </pt>
      <username></username>
    </polygon>
    <attributes></attributes>
  </object>
  <object>
    <name>lane</name>
    <deleted>0</deleted>
    <verified>0</verified>
    <occluded>no</occluded>
    <date></date>
    <id>3</id>
    <parts>
      <hasparts></hasparts>
      <ispartof></ispartof>
    </parts>
    <type>bounding_box</type>
    <polygon>
      <pt>
        <x>147.53</x>
        <y>226.18</y>
      </pt>
      <pt>
        <x>156.63</x>
        <y>226.18</y>
      </pt>
      <pt>
        <x>156.63</x>
        <y>230.79</y>
      </pt>
      <pt>
        <x>147.53</x>
        <y>230.79</y>
      </pt>
      <username></username>
    </polygon>
    <attributes>rotation=0.0</attributes>
  </object>
  <object>
    <name>lane</name>
    <deleted>0</deleted>
    <verified>0</verified>
    <occluded>no</occluded>
    <date></date>
    <id>4</id>
    <parts>
      <hasparts></hasparts>
      <ispartof></ispartof>
    </parts>
    <type>bounding_box</type>
    <polygon>
      <pt>
        <x>122.13</x>
        <y>224.58</y>
      </pt>
      <pt>
        <x>125.93</x>
        <y>224.58</y>
      </pt>
      <pt>
        <x>125.93</x>
        <y>227.29</y>
      </pt>
      <pt>
        <x>122.13</x>
        <y>227.29</y>
      </pt>
      <username></username>
    </polygon>
    <attributes>rotation=0.0</attributes>
  </object>
  <object>
    <name>lane</name>
    <deleted>0</deleted>
    <verified>0</verified>
    <occluded>no</occluded>
    <date></date>
    <id>5</id>
    <parts>
      <hasparts></hasparts>
      <ispartof></ispartof>
    </parts>
    <type>bounding_box</type>
    <polygon>
      <pt>
        <x>132.43</x>
        <y>225.79</y>
      </pt>
      <pt>
        <x>138.73</x>
        <y>225.79</y>
      </pt>
      <pt>
        <x>138.73</x>
        <y>228.88</y>
      </pt>
      <pt>
        <x>132.43</x>
        <y>228.88</y>
      </pt>
      <username></username>
    </polygon>
    <attributes>rotation=0.0</attributes>
  </object>
  <object>
    <name>lane</name>
    <deleted>0</deleted>
    <verified>0</verified>
    <occluded>no</occluded>
    <date></date>
    <id>6</id>
    <parts>
      <hasparts></hasparts>
      <ispartof></ispartof>
    </parts>
    <type>bounding_box</type>
    <polygon>
      <pt>
        <x>169.03</x>
        <y>228.29</y>
      </pt>
      <pt>
        <x>185.83</x>
        <y>228.29</y>
      </pt>
      <pt>
        <x>185.83</x>
        <y>235.49</y>
      </pt>
      <pt>
        <x>169.03</x>
        <y>235.49</y>
      </pt>
      <username></username>
    </polygon>
    <attributes>rotation=0.0</attributes>
  </object>
</annotation>
