<annotation>
  <filename>image_186.jpg</filename>
  <folder></folder>
  <source>
    <sourceImage></sourceImage>
    <sourceAnnotation>Datumaro</sourceAnnotation>
  </source>
  <imagesize>
    <nrows>1920</nrows>
    <ncols>1080</ncols>
  </imagesize>
  <object>
    <name>lane</name>
    <deleted>0</deleted>
    <verified>0</verified>
    <occluded>no</occluded>
    <date></date>
    <id>0</id>
    <parts>
      <hasparts></hasparts>
      <ispartof></ispartof>
    </parts>
    <polygon>
      <pt>
        <x>473.04</x>
        <y>1918.25</y>
      </pt>
      <pt>
        <x>575.21</x>
        <y>1915.70</y>
      </pt>
      <pt>
        <x>582.87</x>
        <y>1389.51</y>
      </pt>
      <pt>
        <x>580.32</x>
        <y>952.73</y>
      </pt>
      <pt>
        <x>526.68</x>
        <y>952.73</y>
      </pt>
      <pt>
        <x>501.14</x>
        <y>1415.06</y>
      </pt>
      <username></username>
    </polygon>
    <attributes></attributes>
  </object>
  <object>
    <name>lane</name>
    <deleted>0</deleted>
    <verified>0</verified>
    <occluded>no</occluded>
    <date></date>
    <id>1</id>
    <parts>
      <hasparts></hasparts>
      <ispartof></ispartof>
    </parts>
    <polygon>
      <pt>
        <x>515.79</x>
        <y>504.70</y>
      </pt>
      <pt>
        <x>537.35</x>
        <y>504.70</y>
      </pt>
      <pt>
        <x>551.72</x>
        <y>571.43</y>
      </pt>
      <pt>
        <x>564.03</x>
        <y>651.49</y>
      </pt>
      <pt>
        <x>534.27</x>
        <y>652.52</y>
      </pt>
      <pt>
        <x>526.05</x>
        <y>570.40</y>
      </pt>
      <username></username>
    </polygon>
    <attributes></attributes>
  </object>
  <object>
    <name>lane</name>
    <deleted>0</deleted>
    <verified>0</verified>
    <occluded>no</occluded>
    <date></date>
    <id>2</id>
    <parts>
      <hasparts></hasparts>
      <ispartof></ispartof>
    </parts>
    <polygon>
      <pt>
        <x>504.50</x>
        <y>421.56</y>
      </pt>
      <pt>
        <x>522.97</x>
        <y>420.53</y>
      </pt>
      <pt>
        <x>512.71</x>
        <y>390.76</y>
      </pt>
      <pt>
        <x>502.44</x>
        <y>364.07</y>
      </pt>
      <pt>
        <x>482.94</x>
        <y>366.12</y>
      </pt>
      <pt>
        <x>497.31</x>
        <y>387.68</y>
      </pt>
      <username></username>
    </polygon>
    <attributes></attributes>
  </object>
  <object>
    <name>lane</name>
    <deleted>0</deleted>
    <verified>0</verified>
    <occluded>no</occluded>
    <date></date>
    <id>3</id>
    <parts>
      <hasparts></hasparts>
      <ispartof></ispartof>
    </parts>
    <polygon>
      <pt>
        <x>426.75</x>
        <y>260.76</y>
      </pt>
      <pt>
        <x>433.39</x>
        <y>260.08</y>
      </pt>
      <pt>
        <x>451.41</x>
        <y>280.66</y>
      </pt>
      <pt>
        <x>441.89</x>
        <y>281.34</y>
      </pt>
      <username></username>
    </polygon>
    <attributes></attributes>
  </object>
  <object>
    <name>lane</name>
    <deleted>0</deleted>
    <verified>0</verified>
    <occluded>no</occluded>
    <date></date>
    <id>4</id>
    <parts>
      <hasparts></hasparts>
      <ispartof></ispartof>
    </parts>
    <polygon>
      <pt>
        <x>367.06</x>
        <y>215.69</y>
      </pt>
      <pt>
        <x>371.14</x>
        <y>214.84</y>
      </pt>
      <pt>
        <x>390.02</x>
        <y>225.21</y>
      </pt>
      <pt>
        <x>385.42</x>
        <y>225.89</y>
      </pt>
      <username></username>
    </polygon>
    <attributes></attributes>
  </object>
  <object>
    <name>lane</name>
    <deleted>0</deleted>
    <verified>0</verified>
    <occluded>no</occluded>
    <date></date>
    <id>5</id>
    <parts>
      <hasparts></hasparts>
      <ispartof></ispartof>
    </parts>
    <polygon>
      <pt>
        <x>469.60</x>
        <y>330.20</y>
      </pt>
      <pt>
        <x>483.60</x>
        <y>330.50</y>
      </pt>
      <pt>
        <x>475.76</x>
        <y>313.77</y>
      </pt>
      <pt>
        <x>463.10</x>
        <y>299.60</y>
      </pt>
      <pt>
        <x>454.20</x>
        <y>299.40</y>
      </pt>
      <pt>
        <x>464.46</x>
        <y>312.75</y>
      </pt>
      <username></username>
    </polygon>
    <attributes></attributes>
  </object>
  <object>
    <name>lane</name>
    <deleted>0</deleted>
    <verified>0</verified>
    <occluded>no</occluded>
    <date></date>
    <id>6</id>
    <parts>
      <hasparts></hasparts>
      <ispartof></ispartof>
    </parts>
    <polygon>
      <pt>
        <x>397.33</x>
        <y>233.55</y>
      </pt>
      <pt>
        <x>403.28</x>
        <y>233.72</y>
      </pt>
      <pt>
        <x>421.65</x>
        <y>248.34</y>
      </pt>
      <pt>
        <x>414.51</x>
        <y>249.02</y>
      </pt>
      <username></username>
    </polygon>
    <attributes></attributes>
  </object>
</annotation>
