<annotation>
  <filename>image_1293.jpg</filename>
  <folder></folder>
  <source>
    <sourceImage></sourceImage>
    <sourceAnnotation>Datumaro</sourceAnnotation>
  </source>
  <imagesize>
    <nrows>1920</nrows>
    <ncols>1080</ncols>
  </imagesize>
  <object>
    <name>lane</name>
    <deleted>0</deleted>
    <verified>0</verified>
    <occluded>no</occluded>
    <date></date>
    <id>0</id>
    <parts>
      <hasparts></hasparts>
      <ispartof></ispartof>
    </parts>
    <type>bounding_box</type>
    <polygon>
      <pt>
        <x>437.18</x>
        <y>371.21</y>
      </pt>
      <pt>
        <x>454.20</x>
        <y>371.21</y>
      </pt>
      <pt>
        <x>454.20</x>
        <y>399.17</y>
      </pt>
      <pt>
        <x>437.18</x>
        <y>399.17</y>
      </pt>
      <username></username>
    </polygon>
    <attributes>rotation=0.0</attributes>
  </object>
  <object>
    <name>lane</name>
    <deleted>0</deleted>
    <verified>0</verified>
    <occluded>no</occluded>
    <date></date>
    <id>1</id>
    <parts>
      <hasparts></hasparts>
      <ispartof></ispartof>
    </parts>
    <type>bounding_box</type>
    <polygon>
      <pt>
        <x>383.96</x>
        <y>1328.59</y>
      </pt>
      <pt>
        <x>485.63</x>
        <y>1328.59</y>
      </pt>
      <pt>
        <x>485.63</x>
        <y>1920.00</y>
      </pt>
      <pt>
        <x>383.96</x>
        <y>1920.00</y>
      </pt>
      <username></username>
    </polygon>
    <attributes>rotation=0.0</attributes>
  </object>
  <object>
    <name>lane</name>
    <deleted>0</deleted>
    <verified>0</verified>
    <occluded>no</occluded>
    <date></date>
    <id>2</id>
    <parts>
      <hasparts></hasparts>
      <ispartof></ispartof>
    </parts>
    <type>bounding_box</type>
    <polygon>
      <pt>
        <x>414.58</x>
        <y>708.98</y>
      </pt>
      <pt>
        <x>463.75</x>
        <y>708.98</y>
      </pt>
      <pt>
        <x>463.75</x>
        <y>911.97</y>
      </pt>
      <pt>
        <x>414.58</x>
        <y>911.97</y>
      </pt>
      <username></username>
    </polygon>
    <attributes>rotation=0.0</attributes>
  </object>
  <object>
    <name>lane</name>
    <deleted>0</deleted>
    <verified>0</verified>
    <occluded>no</occluded>
    <date></date>
    <id>3</id>
    <parts>
      <hasparts></hasparts>
      <ispartof></ispartof>
    </parts>
    <type>bounding_box</type>
    <polygon>
      <pt>
        <x>425.91</x>
        <y>521.62</y>
      </pt>
      <pt>
        <x>458.48</x>
        <y>521.62</y>
      </pt>
      <pt>
        <x>458.48</x>
        <y>601.47</y>
      </pt>
      <pt>
        <x>425.91</x>
        <y>601.47</y>
      </pt>
      <username></username>
    </polygon>
    <attributes>rotation=0.0</attributes>
  </object>
  <object>
    <name>lane</name>
    <deleted>0</deleted>
    <verified>0</verified>
    <occluded>no</occluded>
    <date></date>
    <id>4</id>
    <parts>
      <hasparts></hasparts>
      <ispartof></ispartof>
    </parts>
    <type>bounding_box</type>
    <polygon>
      <pt>
        <x>433.53</x>
        <y>427.75</y>
      </pt>
      <pt>
        <x>452.38</x>
        <y>427.75</y>
      </pt>
      <pt>
        <x>452.38</x>
        <y>471.53</y>
      </pt>
      <pt>
        <x>433.53</x>
        <y>471.53</y>
      </pt>
      <username></username>
    </polygon>
    <attributes>rotation=0.0</attributes>
  </object>
  <object>
    <name>lane</name>
    <deleted>0</deleted>
    <verified>0</verified>
    <occluded>no</occluded>
    <date></date>
    <id>5</id>
    <parts>
      <hasparts></hasparts>
      <ispartof></ispartof>
    </parts>
    <type>bounding_box</type>
    <polygon>
      <pt>
        <x>439.61</x>
        <y>337.16</y>
      </pt>
      <pt>
        <x>453.59</x>
        <y>337.16</y>
      </pt>
      <pt>
        <x>453.59</x>
        <y>352.36</y>
      </pt>
      <pt>
        <x>439.61</x>
        <y>352.36</y>
      </pt>
      <username></username>
    </polygon>
    <attributes>rotation=0.0</attributes>
  </object>
  <object>
    <name>lane</name>
    <deleted>0</deleted>
    <verified>0</verified>
    <occluded>no</occluded>
    <date></date>
    <id>6</id>
    <parts>
      <hasparts></hasparts>
      <ispartof></ispartof>
    </parts>
    <type>bounding_box</type>
    <polygon>
      <pt>
        <x>442.65</x>
        <y>311.01</y>
      </pt>
      <pt>
        <x>452.98</x>
        <y>311.01</y>
      </pt>
      <pt>
        <x>452.98</x>
        <y>323.17</y>
      </pt>
      <pt>
        <x>442.65</x>
        <y>323.17</y>
      </pt>
      <username></username>
    </polygon>
    <attributes>rotation=0.0</attributes>
  </object>
  <object>
    <name>lane</name>
    <deleted>0</deleted>
    <verified>0</verified>
    <occluded>no</occluded>
    <date></date>
    <id>7</id>
    <parts>
      <hasparts></hasparts>
      <ispartof></ispartof>
    </parts>
    <type>bounding_box</type>
    <polygon>
      <pt>
        <x>444.47</x>
        <y>290.95</y>
      </pt>
      <pt>
        <x>454.81</x>
        <y>290.95</y>
      </pt>
      <pt>
        <x>454.81</x>
        <y>302.50</y>
      </pt>
      <pt>
        <x>444.47</x>
        <y>302.50</y>
      </pt>
      <username></username>
    </polygon>
    <attributes>rotation=0.0</attributes>
  </object>
  <object>
    <name>lane</name>
    <deleted>0</deleted>
    <verified>0</verified>
    <occluded>no</occluded>
    <date></date>
    <id>8</id>
    <parts>
      <hasparts></hasparts>
      <ispartof></ispartof>
    </parts>
    <type>bounding_box</type>
    <polygon>
      <pt>
        <x>449.20</x>
        <y>231.78</y>
      </pt>
      <pt>
        <x>453.78</x>
        <y>231.78</y>
      </pt>
      <pt>
        <x>453.78</x>
        <y>235.68</y>
      </pt>
      <pt>
        <x>449.20</x>
        <y>235.68</y>
      </pt>
      <username></username>
    </polygon>
    <attributes>rotation=0.0</attributes>
  </object>
  <object>
    <name>lane</name>
    <deleted>0</deleted>
    <verified>0</verified>
    <occluded>no</occluded>
    <date></date>
    <id>9</id>
    <parts>
      <hasparts></hasparts>
      <ispartof></ispartof>
    </parts>
    <type>bounding_box</type>
    <polygon>
      <pt>
        <x>445.46</x>
        <y>276.06</y>
      </pt>
      <pt>
        <x>453.95</x>
        <y>276.06</y>
      </pt>
      <pt>
        <x>453.95</x>
        <y>285.06</y>
      </pt>
      <pt>
        <x>445.46</x>
        <y>285.06</y>
      </pt>
      <username></username>
    </polygon>
    <attributes>rotation=0.0</attributes>
  </object>
  <object>
    <name>lane</name>
    <deleted>0</deleted>
    <verified>0</verified>
    <occluded>no</occluded>
    <date></date>
    <id>10</id>
    <parts>
      <hasparts></hasparts>
      <ispartof></ispartof>
    </parts>
    <type>bounding_box</type>
    <polygon>
      <pt>
        <x>445.97</x>
        <y>263.51</y>
      </pt>
      <pt>
        <x>454.29</x>
        <y>263.51</y>
      </pt>
      <pt>
        <x>454.29</x>
        <y>270.80</y>
      </pt>
      <pt>
        <x>445.97</x>
        <y>270.80</y>
      </pt>
      <username></username>
    </polygon>
    <attributes>rotation=0.0</attributes>
  </object>
  <object>
    <name>lane</name>
    <deleted>0</deleted>
    <verified>0</verified>
    <occluded>no</occluded>
    <date></date>
    <id>11</id>
    <parts>
      <hasparts></hasparts>
      <ispartof></ispartof>
    </parts>
    <type>bounding_box</type>
    <polygon>
      <pt>
        <x>446.65</x>
        <y>253.33</y>
      </pt>
      <pt>
        <x>453.61</x>
        <y>253.33</y>
      </pt>
      <pt>
        <x>453.61</x>
        <y>257.74</y>
      </pt>
      <pt>
        <x>446.65</x>
        <y>257.74</y>
      </pt>
      <username></username>
    </polygon>
    <attributes>rotation=0.0</attributes>
  </object>
  <object>
    <name>lane</name>
    <deleted>0</deleted>
    <verified>0</verified>
    <occluded>no</occluded>
    <date></date>
    <id>12</id>
    <parts>
      <hasparts></hasparts>
      <ispartof></ispartof>
    </parts>
    <type>bounding_box</type>
    <polygon>
      <pt>
        <x>447.67</x>
        <y>238.73</y>
      </pt>
      <pt>
        <x>453.78</x>
        <y>238.73</y>
      </pt>
      <pt>
        <x>453.78</x>
        <y>242.47</y>
      </pt>
      <pt>
        <x>447.67</x>
        <y>242.47</y>
      </pt>
      <username></username>
    </polygon>
    <attributes>rotation=0.0</attributes>
  </object>
</annotation>
