<annotation>
  <filename>image_1338.jpg</filename>
  <folder></folder>
  <source>
    <sourceImage></sourceImage>
    <sourceAnnotation>Datumaro</sourceAnnotation>
  </source>
  <imagesize>
    <nrows>1920</nrows>
    <ncols>1080</ncols>
  </imagesize>
  <object>
    <name>lane</name>
    <deleted>0</deleted>
    <verified>0</verified>
    <occluded>no</occluded>
    <date></date>
    <id>0</id>
    <parts>
      <hasparts></hasparts>
      <ispartof></ispartof>
    </parts>
    <polygon>
      <pt>
        <x>556.73</x>
        <y>858.15</y>
      </pt>
      <pt>
        <x>536.30</x>
        <y>1072.38</y>
      </pt>
      <pt>
        <x>587.07</x>
        <y>1074.24</y>
      </pt>
      <pt>
        <x>595.74</x>
        <y>860.00</y>
      </pt>
      <username></username>
    </polygon>
    <attributes></attributes>
  </object>
  <object>
    <name>lane</name>
    <deleted>0</deleted>
    <verified>0</verified>
    <occluded>no</occluded>
    <date></date>
    <id>1</id>
    <parts>
      <hasparts></hasparts>
      <ispartof></ispartof>
    </parts>
    <type>bounding_box</type>
    <polygon>
      <pt>
        <x>587.10</x>
        <y>557.20</y>
      </pt>
      <pt>
        <x>606.89</x>
        <y>557.20</y>
      </pt>
      <pt>
        <x>606.89</x>
        <y>600.05</y>
      </pt>
      <pt>
        <x>587.10</x>
        <y>600.05</y>
      </pt>
      <username></username>
    </polygon>
    <attributes>rotation=0.0</attributes>
  </object>
  <object>
    <name>lane</name>
    <deleted>0</deleted>
    <verified>0</verified>
    <occluded>no</occluded>
    <date></date>
    <id>2</id>
    <parts>
      <hasparts></hasparts>
      <ispartof></ispartof>
    </parts>
    <type>bounding_box</type>
    <polygon>
      <pt>
        <x>576.24</x>
        <y>658.72</y>
      </pt>
      <pt>
        <x>602.51</x>
        <y>658.72</y>
      </pt>
      <pt>
        <x>602.51</x>
        <y>735.77</y>
      </pt>
      <pt>
        <x>576.24</x>
        <y>735.77</y>
      </pt>
      <username></username>
    </polygon>
    <attributes>rotation=0.0</attributes>
  </object>
  <object>
    <name>lane</name>
    <deleted>0</deleted>
    <verified>0</verified>
    <occluded>no</occluded>
    <date></date>
    <id>3</id>
    <parts>
      <hasparts></hasparts>
      <ispartof></ispartof>
    </parts>
    <type>bounding_box</type>
    <polygon>
      <pt>
        <x>612.26</x>
        <y>382.49</y>
      </pt>
      <pt>
        <x>618.58</x>
        <y>382.49</y>
      </pt>
      <pt>
        <x>618.58</x>
        <y>387.99</y>
      </pt>
      <pt>
        <x>612.26</x>
        <y>387.99</y>
      </pt>
      <username></username>
    </polygon>
    <attributes>rotation=0.0</attributes>
  </object>
  <object>
    <name>lane</name>
    <deleted>0</deleted>
    <verified>0</verified>
    <occluded>no</occluded>
    <date></date>
    <id>4</id>
    <parts>
      <hasparts></hasparts>
      <ispartof></ispartof>
    </parts>
    <type>bounding_box</type>
    <polygon>
      <pt>
        <x>610.02</x>
        <y>392.27</y>
      </pt>
      <pt>
        <x>617.56</x>
        <y>392.27</y>
      </pt>
      <pt>
        <x>617.56</x>
        <y>398.17</y>
      </pt>
      <pt>
        <x>610.02</x>
        <y>398.17</y>
      </pt>
      <username></username>
    </polygon>
    <attributes>rotation=0.0</attributes>
  </object>
  <object>
    <name>lane</name>
    <deleted>0</deleted>
    <verified>0</verified>
    <occluded>no</occluded>
    <date></date>
    <id>5</id>
    <parts>
      <hasparts></hasparts>
      <ispartof></ispartof>
    </parts>
    <type>bounding_box</type>
    <polygon>
      <pt>
        <x>609.21</x>
        <y>404.49</y>
      </pt>
      <pt>
        <x>615.52</x>
        <y>404.49</y>
      </pt>
      <pt>
        <x>615.52</x>
        <y>414.06</y>
      </pt>
      <pt>
        <x>609.21</x>
        <y>414.06</y>
      </pt>
      <username></username>
    </polygon>
    <attributes>rotation=0.0</attributes>
  </object>
  <object>
    <name>lane</name>
    <deleted>0</deleted>
    <verified>0</verified>
    <occluded>no</occluded>
    <date></date>
    <id>6</id>
    <parts>
      <hasparts></hasparts>
      <ispartof></ispartof>
    </parts>
    <type>bounding_box</type>
    <polygon>
      <pt>
        <x>605.75</x>
        <y>421.79</y>
      </pt>
      <pt>
        <x>613.89</x>
        <y>421.79</y>
      </pt>
      <pt>
        <x>613.89</x>
        <y>429.94</y>
      </pt>
      <pt>
        <x>605.75</x>
        <y>429.94</y>
      </pt>
      <username></username>
    </polygon>
    <attributes>rotation=0.0</attributes>
  </object>
  <object>
    <name>lane</name>
    <deleted>0</deleted>
    <verified>0</verified>
    <occluded>no</occluded>
    <date></date>
    <id>7</id>
    <parts>
      <hasparts></hasparts>
      <ispartof></ispartof>
    </parts>
    <type>bounding_box</type>
    <polygon>
      <pt>
        <x>592.74</x>
        <y>503.15</y>
      </pt>
      <pt>
        <x>608.80</x>
        <y>503.15</y>
      </pt>
      <pt>
        <x>608.80</x>
        <y>527.95</y>
      </pt>
      <pt>
        <x>592.74</x>
        <y>527.95</y>
      </pt>
      <username></username>
    </polygon>
    <attributes>rotation=0.0</attributes>
  </object>
  <object>
    <name>lane</name>
    <deleted>0</deleted>
    <verified>0</verified>
    <occluded>no</occluded>
    <date></date>
    <id>8</id>
    <parts>
      <hasparts></hasparts>
      <ispartof></ispartof>
    </parts>
    <type>bounding_box</type>
    <polygon>
      <pt>
        <x>596.39</x>
        <y>465.21</y>
      </pt>
      <pt>
        <x>609.53</x>
        <y>465.21</y>
      </pt>
      <pt>
        <x>609.53</x>
        <y>483.45</y>
      </pt>
      <pt>
        <x>596.39</x>
        <y>483.45</y>
      </pt>
      <username></username>
    </polygon>
    <attributes>rotation=0.0</attributes>
  </object>
  <object>
    <name>lane</name>
    <deleted>0</deleted>
    <verified>0</verified>
    <occluded>no</occluded>
    <date></date>
    <id>9</id>
    <parts>
      <hasparts></hasparts>
      <ispartof></ispartof>
    </parts>
    <type>bounding_box</type>
    <polygon>
      <pt>
        <x>600.77</x>
        <y>438.21</y>
      </pt>
      <pt>
        <x>612.44</x>
        <y>438.21</y>
      </pt>
      <pt>
        <x>612.44</x>
        <y>454.26</y>
      </pt>
      <pt>
        <x>600.77</x>
        <y>454.26</y>
      </pt>
      <username></username>
    </polygon>
    <attributes>rotation=0.0</attributes>
  </object>
  <object>
    <name>lane</name>
    <deleted>0</deleted>
    <verified>0</verified>
    <occluded>no</occluded>
    <date></date>
    <id>10</id>
    <parts>
      <hasparts></hasparts>
      <ispartof></ispartof>
    </parts>
    <type>bounding_box</type>
    <polygon>
      <pt>
        <x>481.68</x>
        <y>1516.76</y>
      </pt>
      <pt>
        <x>558.73</x>
        <y>1516.76</y>
      </pt>
      <pt>
        <x>558.73</x>
        <y>1920.00</y>
      </pt>
      <pt>
        <x>481.68</x>
        <y>1920.00</y>
      </pt>
      <username></username>
    </polygon>
    <attributes>rotation=0.0</attributes>
  </object>
</annotation>
