<annotation>
  <filename>image_474.jpg</filename>
  <folder></folder>
  <source>
    <sourceImage></sourceImage>
    <sourceAnnotation>Datumaro</sourceAnnotation>
  </source>
  <imagesize>
    <nrows>1920</nrows>
    <ncols>864</ncols>
  </imagesize>
  <object>
    <name>lane</name>
    <deleted>0</deleted>
    <verified>0</verified>
    <occluded>no</occluded>
    <date></date>
    <id>0</id>
    <parts>
      <hasparts></hasparts>
      <ispartof></ispartof>
    </parts>
    <polygon>
      <pt>
        <x>374.50</x>
        <y>1663.79</y>
      </pt>
      <pt>
        <x>469.91</x>
        <y>1680.92</y>
      </pt>
      <pt>
        <x>432.03</x>
        <y>1920.00</y>
      </pt>
      <pt>
        <x>331.79</x>
        <y>1920.00</y>
      </pt>
      <username></username>
    </polygon>
    <attributes></attributes>
  </object>
  <object>
    <name>lane</name>
    <deleted>0</deleted>
    <verified>0</verified>
    <occluded>no</occluded>
    <date></date>
    <id>1</id>
    <parts>
      <hasparts></hasparts>
      <ispartof></ispartof>
    </parts>
    <polygon>
      <pt>
        <x>534.17</x>
        <y>593.49</y>
      </pt>
      <pt>
        <x>562.03</x>
        <y>595.13</y>
      </pt>
      <pt>
        <x>544.82</x>
        <y>827.00</y>
      </pt>
      <pt>
        <x>503.86</x>
        <y>824.54</y>
      </pt>
      <username></username>
    </polygon>
    <attributes></attributes>
  </object>
  <object>
    <name>lane</name>
    <deleted>0</deleted>
    <verified>0</verified>
    <occluded>no</occluded>
    <date></date>
    <id>2</id>
    <parts>
      <hasparts></hasparts>
      <ispartof></ispartof>
    </parts>
    <polygon>
      <pt>
        <x>536.69</x>
        <y>429.87</y>
      </pt>
      <pt>
        <x>550.19</x>
        <y>430.55</y>
      </pt>
      <pt>
        <x>557.05</x>
        <y>493.43</y>
      </pt>
      <pt>
        <x>539.90</x>
        <y>492.75</y>
      </pt>
      <username></username>
    </polygon>
    <attributes></attributes>
  </object>
  <object>
    <name>lane</name>
    <deleted>0</deleted>
    <verified>0</verified>
    <occluded>no</occluded>
    <date></date>
    <id>3</id>
    <parts>
      <hasparts></hasparts>
      <ispartof></ispartof>
    </parts>
    <polygon>
      <pt>
        <x>531.66</x>
        <y>394.65</y>
      </pt>
      <pt>
        <x>522.06</x>
        <y>363.33</y>
      </pt>
      <pt>
        <x>532.12</x>
        <y>363.55</y>
      </pt>
      <pt>
        <x>542.64</x>
        <y>393.74</y>
      </pt>
      <username></username>
    </polygon>
    <attributes></attributes>
  </object>
  <object>
    <name>lane</name>
    <deleted>0</deleted>
    <verified>0</verified>
    <occluded>no</occluded>
    <date></date>
    <id>4</id>
    <parts>
      <hasparts></hasparts>
      <ispartof></ispartof>
    </parts>
    <polygon>
      <pt>
        <x>507.14</x>
        <y>345.95</y>
      </pt>
      <pt>
        <x>514.92</x>
        <y>345.63</y>
      </pt>
      <pt>
        <x>489.99</x>
        <y>325.94</y>
      </pt>
      <pt>
        <x>483.16</x>
        <y>328.17</y>
      </pt>
      <username></username>
    </polygon>
    <attributes></attributes>
  </object>
  <object>
    <name>lane</name>
    <deleted>0</deleted>
    <verified>0</verified>
    <occluded>no</occluded>
    <date></date>
    <id>5</id>
    <parts>
      <hasparts></hasparts>
      <ispartof></ispartof>
    </parts>
    <polygon>
      <pt>
        <x>466.01</x>
        <y>316.26</y>
      </pt>
      <pt>
        <x>474.11</x>
        <y>316.58</y>
      </pt>
      <pt>
        <x>453.63</x>
        <y>304.03</y>
      </pt>
      <pt>
        <x>448.70</x>
        <y>305.14</y>
      </pt>
      <username></username>
    </polygon>
    <attributes></attributes>
  </object>
  <object>
    <name>lane</name>
    <deleted>0</deleted>
    <verified>0</verified>
    <occluded>no</occluded>
    <date></date>
    <id>6</id>
    <parts>
      <hasparts></hasparts>
      <ispartof></ispartof>
    </parts>
    <polygon>
      <pt>
        <x>435.53</x>
        <y>298.47</y>
      </pt>
      <pt>
        <x>439.65</x>
        <y>297.36</y>
      </pt>
      <pt>
        <x>422.66</x>
        <y>289.10</y>
      </pt>
      <pt>
        <x>418.06</x>
        <y>290.22</y>
      </pt>
      <username></username>
    </polygon>
    <attributes></attributes>
  </object>
  <object>
    <name>lane</name>
    <deleted>0</deleted>
    <verified>0</verified>
    <occluded>no</occluded>
    <date></date>
    <id>7</id>
    <parts>
      <hasparts></hasparts>
      <ispartof></ispartof>
    </parts>
    <polygon>
      <pt>
        <x>406.15</x>
        <y>285.13</y>
      </pt>
      <pt>
        <x>407.90</x>
        <y>284.50</y>
      </pt>
      <pt>
        <x>394.87</x>
        <y>277.20</y>
      </pt>
      <pt>
        <x>390.91</x>
        <y>278.15</y>
      </pt>
      <username></username>
    </polygon>
    <attributes></attributes>
  </object>
  <object>
    <name>lane</name>
    <deleted>0</deleted>
    <verified>0</verified>
    <occluded>no</occluded>
    <date></date>
    <id>8</id>
    <parts>
      <hasparts></hasparts>
      <ispartof></ispartof>
    </parts>
    <polygon>
      <pt>
        <x>379.00</x>
        <y>273.54</y>
      </pt>
      <pt>
        <x>381.70</x>
        <y>273.54</y>
      </pt>
      <pt>
        <x>366.93</x>
        <y>267.35</y>
      </pt>
      <pt>
        <x>362.96</x>
        <y>267.67</y>
      </pt>
      <username></username>
    </polygon>
    <attributes></attributes>
  </object>
  <object>
    <name>lane</name>
    <deleted>0</deleted>
    <verified>0</verified>
    <occluded>no</occluded>
    <date></date>
    <id>9</id>
    <parts>
      <hasparts></hasparts>
      <ispartof></ispartof>
    </parts>
    <polygon>
      <pt>
        <x>347.71</x>
        <y>265.13</y>
      </pt>
      <pt>
        <x>351.21</x>
        <y>264.49</y>
      </pt>
      <pt>
        <x>331.84</x>
        <y>259.09</y>
      </pt>
      <pt>
        <x>329.77</x>
        <y>260.36</y>
      </pt>
      <username></username>
    </polygon>
    <attributes></attributes>
  </object>
  <object>
    <name>lane</name>
    <deleted>0</deleted>
    <verified>0</verified>
    <occluded>no</occluded>
    <date></date>
    <id>10</id>
    <parts>
      <hasparts></hasparts>
      <ispartof></ispartof>
    </parts>
    <polygon>
      <pt>
        <x>316.12</x>
        <y>258.14</y>
      </pt>
      <pt>
        <x>318.66</x>
        <y>257.19</y>
      </pt>
      <pt>
        <x>302.14</x>
        <y>252.27</y>
      </pt>
      <pt>
        <x>299.12</x>
        <y>252.90</y>
      </pt>
      <username></username>
    </polygon>
    <attributes></attributes>
  </object>
  <object>
    <name>lane</name>
    <deleted>0</deleted>
    <verified>0</verified>
    <occluded>no</occluded>
    <date></date>
    <id>11</id>
    <parts>
      <hasparts></hasparts>
      <ispartof></ispartof>
    </parts>
    <polygon>
      <pt>
        <x>283.56</x>
        <y>251.15</y>
      </pt>
      <pt>
        <x>286.74</x>
        <y>250.04</y>
      </pt>
      <pt>
        <x>268.48</x>
        <y>245.60</y>
      </pt>
      <pt>
        <x>266.41</x>
        <y>246.07</y>
      </pt>
      <username></username>
    </polygon>
    <attributes></attributes>
  </object>
  <object>
    <name>lane</name>
    <deleted>0</deleted>
    <verified>0</verified>
    <occluded>no</occluded>
    <date></date>
    <id>12</id>
    <parts>
      <hasparts></hasparts>
      <ispartof></ispartof>
    </parts>
    <polygon>
      <pt>
        <x>250.61</x>
        <y>244.90</y>
      </pt>
      <pt>
        <x>254.74</x>
        <y>243.79</y>
      </pt>
      <pt>
        <x>236.01</x>
        <y>239.66</y>
      </pt>
      <pt>
        <x>233.15</x>
        <y>241.09</y>
      </pt>
      <username></username>
    </polygon>
    <attributes></attributes>
  </object>
  <object>
    <name>lane</name>
    <deleted>0</deleted>
    <verified>0</verified>
    <occluded>no</occluded>
    <date></date>
    <id>13</id>
    <parts>
      <hasparts></hasparts>
      <ispartof></ispartof>
    </parts>
    <polygon>
      <pt>
        <x>219.57</x>
        <y>239.72</y>
      </pt>
      <pt>
        <x>222.27</x>
        <y>238.61</y>
      </pt>
      <pt>
        <x>205.91</x>
        <y>234.00</y>
      </pt>
      <pt>
        <x>204.64</x>
        <y>235.27</y>
      </pt>
      <username></username>
    </polygon>
    <attributes></attributes>
  </object>
</annotation>
