<annotation>
  <filename>image_1213.jpg</filename>
  <folder></folder>
  <source>
    <sourceImage></sourceImage>
    <sourceAnnotation>Datumaro</sourceAnnotation>
  </source>
  <imagesize>
    <nrows>1920</nrows>
    <ncols>1080</ncols>
  </imagesize>
  <object>
    <name>lane</name>
    <deleted>0</deleted>
    <verified>0</verified>
    <occluded>no</occluded>
    <date></date>
    <id>0</id>
    <parts>
      <hasparts></hasparts>
      <ispartof></ispartof>
    </parts>
    <type>bounding_box</type>
    <polygon>
      <pt>
        <x>595.51</x>
        <y>234.31</y>
      </pt>
      <pt>
        <x>599.60</x>
        <y>234.31</y>
      </pt>
      <pt>
        <x>599.60</x>
        <y>237.71</y>
      </pt>
      <pt>
        <x>595.51</x>
        <y>237.71</y>
      </pt>
      <username></username>
    </polygon>
    <attributes>rotation=0.0</attributes>
  </object>
  <object>
    <name>lane</name>
    <deleted>0</deleted>
    <verified>0</verified>
    <occluded>no</occluded>
    <date></date>
    <id>1</id>
    <parts>
      <hasparts></hasparts>
      <ispartof></ispartof>
    </parts>
    <type>bounding_box</type>
    <polygon>
      <pt>
        <x>596.38</x>
        <y>230.75</y>
      </pt>
      <pt>
        <x>599.07</x>
        <y>230.75</y>
      </pt>
      <pt>
        <x>599.07</x>
        <y>232.28</y>
      </pt>
      <pt>
        <x>596.38</x>
        <y>232.28</y>
      </pt>
      <username></username>
    </polygon>
    <attributes>rotation=0.0</attributes>
  </object>
  <object>
    <name>lane</name>
    <deleted>0</deleted>
    <verified>0</verified>
    <occluded>no</occluded>
    <date></date>
    <id>2</id>
    <parts>
      <hasparts></hasparts>
      <ispartof></ispartof>
    </parts>
    <type>bounding_box</type>
    <polygon>
      <pt>
        <x>586.95</x>
        <y>350.97</y>
      </pt>
      <pt>
        <x>598.78</x>
        <y>350.97</y>
      </pt>
      <pt>
        <x>598.78</x>
        <y>367.01</y>
      </pt>
      <pt>
        <x>586.95</x>
        <y>367.01</y>
      </pt>
      <username></username>
    </polygon>
    <attributes>rotation=0.0</attributes>
  </object>
  <object>
    <name>lane</name>
    <deleted>0</deleted>
    <verified>0</verified>
    <occluded>no</occluded>
    <date></date>
    <id>3</id>
    <parts>
      <hasparts></hasparts>
      <ispartof></ispartof>
    </parts>
    <type>bounding_box</type>
    <polygon>
      <pt>
        <x>589.79</x>
        <y>304.31</y>
      </pt>
      <pt>
        <x>598.95</x>
        <y>304.31</y>
      </pt>
      <pt>
        <x>598.95</x>
        <y>313.06</y>
      </pt>
      <pt>
        <x>589.79</x>
        <y>313.06</y>
      </pt>
      <username></username>
    </polygon>
    <attributes>rotation=0.0</attributes>
  </object>
  <object>
    <name>lane</name>
    <deleted>0</deleted>
    <verified>0</verified>
    <occluded>no</occluded>
    <date></date>
    <id>4</id>
    <parts>
      <hasparts></hasparts>
      <ispartof></ispartof>
    </parts>
    <type>bounding_box</type>
    <polygon>
      <pt>
        <x>588.64</x>
        <y>322.68</y>
      </pt>
      <pt>
        <x>599.20</x>
        <y>322.68</y>
      </pt>
      <pt>
        <x>599.20</x>
        <y>334.08</y>
      </pt>
      <pt>
        <x>588.64</x>
        <y>334.08</y>
      </pt>
      <username></username>
    </polygon>
    <attributes>rotation=0.0</attributes>
  </object>
  <object>
    <name>lane</name>
    <deleted>0</deleted>
    <verified>0</verified>
    <occluded>no</occluded>
    <date></date>
    <id>5</id>
    <parts>
      <hasparts></hasparts>
      <ispartof></ispartof>
    </parts>
    <type>bounding_box</type>
    <polygon>
      <pt>
        <x>591.83</x>
        <y>288.83</y>
      </pt>
      <pt>
        <x>598.75</x>
        <y>288.83</y>
      </pt>
      <pt>
        <x>598.75</x>
        <y>293.92</y>
      </pt>
      <pt>
        <x>591.83</x>
        <y>293.92</y>
      </pt>
      <username></username>
    </polygon>
    <attributes>rotation=0.0</attributes>
  </object>
  <object>
    <name>lane</name>
    <deleted>0</deleted>
    <verified>0</verified>
    <occluded>no</occluded>
    <date></date>
    <id>6</id>
    <parts>
      <hasparts></hasparts>
      <ispartof></ispartof>
    </parts>
    <type>bounding_box</type>
    <polygon>
      <pt>
        <x>591.83</x>
        <y>274.38</y>
      </pt>
      <pt>
        <x>598.34</x>
        <y>274.38</y>
      </pt>
      <pt>
        <x>598.34</x>
        <y>280.69</y>
      </pt>
      <pt>
        <x>591.83</x>
        <y>280.69</y>
      </pt>
      <username></username>
    </polygon>
    <attributes>rotation=0.0</attributes>
  </object>
  <object>
    <name>lane</name>
    <deleted>0</deleted>
    <verified>0</verified>
    <occluded>no</occluded>
    <date></date>
    <id>7</id>
    <parts>
      <hasparts></hasparts>
      <ispartof></ispartof>
    </parts>
    <type>bounding_box</type>
    <polygon>
      <pt>
        <x>592.36</x>
        <y>265.07</y>
      </pt>
      <pt>
        <x>598.47</x>
        <y>265.07</y>
      </pt>
      <pt>
        <x>598.47</x>
        <y>269.14</y>
      </pt>
      <pt>
        <x>592.36</x>
        <y>269.14</y>
      </pt>
      <username></username>
    </polygon>
    <attributes>rotation=0.0</attributes>
  </object>
  <object>
    <name>lane</name>
    <deleted>0</deleted>
    <verified>0</verified>
    <occluded>no</occluded>
    <date></date>
    <id>8</id>
    <parts>
      <hasparts></hasparts>
      <ispartof></ispartof>
    </parts>
    <type>bounding_box</type>
    <polygon>
      <pt>
        <x>593.37</x>
        <y>256.72</y>
      </pt>
      <pt>
        <x>598.26</x>
        <y>256.72</y>
      </pt>
      <pt>
        <x>598.26</x>
        <y>260.39</y>
      </pt>
      <pt>
        <x>593.37</x>
        <y>260.39</y>
      </pt>
      <username></username>
    </polygon>
    <attributes>rotation=0.0</attributes>
  </object>
  <object>
    <name>lane</name>
    <deleted>0</deleted>
    <verified>0</verified>
    <occluded>no</occluded>
    <date></date>
    <id>9</id>
    <parts>
      <hasparts></hasparts>
      <ispartof></ispartof>
    </parts>
    <type>bounding_box</type>
    <polygon>
      <pt>
        <x>592.76</x>
        <y>248.98</y>
      </pt>
      <pt>
        <x>598.26</x>
        <y>248.98</y>
      </pt>
      <pt>
        <x>598.26</x>
        <y>252.45</y>
      </pt>
      <pt>
        <x>592.76</x>
        <y>252.45</y>
      </pt>
      <username></username>
    </polygon>
    <attributes>rotation=0.0</attributes>
  </object>
  <object>
    <name>lane</name>
    <deleted>0</deleted>
    <verified>0</verified>
    <occluded>no</occluded>
    <date></date>
    <id>10</id>
    <parts>
      <hasparts></hasparts>
      <ispartof></ispartof>
    </parts>
    <type>bounding_box</type>
    <polygon>
      <pt>
        <x>593.99</x>
        <y>244.30</y>
      </pt>
      <pt>
        <x>597.85</x>
        <y>244.30</y>
      </pt>
      <pt>
        <x>597.85</x>
        <y>246.54</y>
      </pt>
      <pt>
        <x>593.99</x>
        <y>246.54</y>
      </pt>
      <username></username>
    </polygon>
    <attributes>rotation=0.0</attributes>
  </object>
  <object>
    <name>lane</name>
    <deleted>0</deleted>
    <verified>0</verified>
    <occluded>no</occluded>
    <date></date>
    <id>11</id>
    <parts>
      <hasparts></hasparts>
      <ispartof></ispartof>
    </parts>
    <type>bounding_box</type>
    <polygon>
      <pt>
        <x>594.15</x>
        <y>239.91</y>
      </pt>
      <pt>
        <x>599.24</x>
        <y>239.91</y>
      </pt>
      <pt>
        <x>599.24</x>
        <y>242.29</y>
      </pt>
      <pt>
        <x>594.15</x>
        <y>242.29</y>
      </pt>
      <username></username>
    </polygon>
    <attributes>rotation=0.0</attributes>
  </object>
  <object>
    <name>lane</name>
    <deleted>0</deleted>
    <verified>0</verified>
    <occluded>no</occluded>
    <date></date>
    <id>12</id>
    <parts>
      <hasparts></hasparts>
      <ispartof></ispartof>
    </parts>
    <type>bounding_box</type>
    <polygon>
      <pt>
        <x>572.46</x>
        <y>535.78</y>
      </pt>
      <pt>
        <x>600.50</x>
        <y>535.78</y>
      </pt>
      <pt>
        <x>600.50</x>
        <y>614.29</y>
      </pt>
      <pt>
        <x>572.46</x>
        <y>614.29</y>
      </pt>
      <username></username>
    </polygon>
    <attributes>rotation=0.0</attributes>
  </object>
  <object>
    <name>lane</name>
    <deleted>0</deleted>
    <verified>0</verified>
    <occluded>no</occluded>
    <date></date>
    <id>13</id>
    <parts>
      <hasparts></hasparts>
      <ispartof></ispartof>
    </parts>
    <type>bounding_box</type>
    <polygon>
      <pt>
        <x>579.57</x>
        <y>440.00</y>
      </pt>
      <pt>
        <x>599.04</x>
        <y>440.00</y>
      </pt>
      <pt>
        <x>599.04</x>
        <y>482.06</y>
      </pt>
      <pt>
        <x>579.57</x>
        <y>482.06</y>
      </pt>
      <username></username>
    </polygon>
    <attributes>rotation=0.0</attributes>
  </object>
  <object>
    <name>lane</name>
    <deleted>0</deleted>
    <verified>0</verified>
    <occluded>no</occluded>
    <date></date>
    <id>14</id>
    <parts>
      <hasparts></hasparts>
      <ispartof></ispartof>
    </parts>
    <type>bounding_box</type>
    <polygon>
      <pt>
        <x>584.71</x>
        <y>387.66</y>
      </pt>
      <pt>
        <x>600.29</x>
        <y>387.66</y>
      </pt>
      <pt>
        <x>600.29</x>
        <y>415.70</y>
      </pt>
      <pt>
        <x>584.71</x>
        <y>415.70</y>
      </pt>
      <username></username>
    </polygon>
    <attributes>rotation=0.0</attributes>
  </object>
  <object>
    <name>lane</name>
    <deleted>0</deleted>
    <verified>0</verified>
    <occluded>no</occluded>
    <date></date>
    <id>15</id>
    <parts>
      <hasparts></hasparts>
      <ispartof></ispartof>
    </parts>
    <type>bounding_box</type>
    <polygon>
      <pt>
        <x>566.17</x>
        <y>726.70</y>
      </pt>
      <pt>
        <x>606.54</x>
        <y>726.70</y>
      </pt>
      <pt>
        <x>606.54</x>
        <y>925.36</y>
      </pt>
      <pt>
        <x>566.17</x>
        <y>925.36</y>
      </pt>
      <username></username>
    </polygon>
    <attributes>rotation=0.0</attributes>
  </object>
  <object>
    <name>lane</name>
    <deleted>0</deleted>
    <verified>0</verified>
    <occluded>no</occluded>
    <date></date>
    <id>16</id>
    <parts>
      <hasparts></hasparts>
      <ispartof></ispartof>
    </parts>
    <polygon>
      <pt>
        <x>530.80</x>
        <y>1330.90</y>
      </pt>
      <pt>
        <x>601.86</x>
        <y>1324.44</y>
      </pt>
      <pt>
        <x>614.78</x>
        <y>1909.09</y>
      </pt>
      <pt>
        <x>503.34</x>
        <y>1913.93</y>
      </pt>
      <username></username>
    </polygon>
    <attributes></attributes>
  </object>
</annotation>
