<annotation>
  <filename>image_2652.jpg</filename>
  <folder></folder>
  <source>
    <sourceImage></sourceImage>
    <sourceAnnotation>Datumaro</sourceAnnotation>
  </source>
  <imagesize>
    <nrows>1920</nrows>
    <ncols>1080</ncols>
  </imagesize>
  <object>
    <name>lane</name>
    <deleted>0</deleted>
    <verified>0</verified>
    <occluded>no</occluded>
    <date></date>
    <id>0</id>
    <parts>
      <hasparts></hasparts>
      <ispartof></ispartof>
    </parts>
    <polygon>
      <pt>
        <x>532.44</x>
        <y>439.41</y>
      </pt>
      <pt>
        <x>519.78</x>
        <y>465.10</y>
      </pt>
      <pt>
        <x>531.04</x>
        <y>467.21</y>
      </pt>
      <pt>
        <x>542.30</x>
        <y>439.41</y>
      </pt>
      <username></username>
    </polygon>
    <attributes></attributes>
  </object>
  <object>
    <name>lane</name>
    <deleted>0</deleted>
    <verified>0</verified>
    <occluded>no</occluded>
    <date></date>
    <id>1</id>
    <parts>
      <hasparts></hasparts>
      <ispartof></ispartof>
    </parts>
    <polygon>
      <pt>
        <x>475.36</x>
        <y>630.89</y>
      </pt>
      <pt>
        <x>496.64</x>
        <y>630.89</y>
      </pt>
      <pt>
        <x>489.35</x>
        <y>790.80</y>
      </pt>
      <pt>
        <x>457.73</x>
        <y>793.24</y>
      </pt>
      <username></username>
    </polygon>
    <attributes></attributes>
  </object>
  <object>
    <name>lane</name>
    <deleted>0</deleted>
    <verified>0</verified>
    <occluded>no</occluded>
    <date></date>
    <id>2</id>
    <parts>
      <hasparts></hasparts>
      <ispartof></ispartof>
    </parts>
    <polygon>
      <pt>
        <x>442.22</x>
        <y>1141.31</y>
      </pt>
      <pt>
        <x>502.35</x>
        <y>1138.69</y>
      </pt>
      <pt>
        <x>533.73</x>
        <y>1875.95</y>
      </pt>
      <pt>
        <x>421.31</x>
        <y>1878.56</y>
      </pt>
      <username></username>
    </polygon>
    <attributes></attributes>
  </object>
  <object>
    <name>lane</name>
    <deleted>0</deleted>
    <verified>0</verified>
    <occluded>no</occluded>
    <date></date>
    <id>3</id>
    <parts>
      <hasparts></hasparts>
      <ispartof></ispartof>
    </parts>
    <polygon>
      <pt>
        <x>751.66</x>
        <y>329.28</y>
      </pt>
      <pt>
        <x>754.47</x>
        <y>331.74</y>
      </pt>
      <pt>
        <x>771.01</x>
        <y>328.22</y>
      </pt>
      <pt>
        <x>770.30</x>
        <y>326.82</y>
      </pt>
      <username></username>
    </polygon>
    <attributes></attributes>
  </object>
  <object>
    <name>lane</name>
    <deleted>0</deleted>
    <verified>0</verified>
    <occluded>no</occluded>
    <date></date>
    <id>4</id>
    <parts>
      <hasparts></hasparts>
      <ispartof></ispartof>
    </parts>
    <polygon>
      <pt>
        <x>713.65</x>
        <y>337.02</y>
      </pt>
      <pt>
        <x>715.41</x>
        <y>339.13</y>
      </pt>
      <pt>
        <x>734.77</x>
        <y>335.61</y>
      </pt>
      <pt>
        <x>734.06</x>
        <y>333.15</y>
      </pt>
      <username></username>
    </polygon>
    <attributes></attributes>
  </object>
  <object>
    <name>lane</name>
    <deleted>0</deleted>
    <verified>0</verified>
    <occluded>no</occluded>
    <date></date>
    <id>5</id>
    <parts>
      <hasparts></hasparts>
      <ispartof></ispartof>
    </parts>
    <polygon>
      <pt>
        <x>675.65</x>
        <y>345.46</y>
      </pt>
      <pt>
        <x>678.47</x>
        <y>348.28</y>
      </pt>
      <pt>
        <x>699.93</x>
        <y>343.35</y>
      </pt>
      <pt>
        <x>697.47</x>
        <y>341.59</y>
      </pt>
      <username></username>
    </polygon>
    <attributes></attributes>
  </object>
  <object>
    <name>lane</name>
    <deleted>0</deleted>
    <verified>0</verified>
    <occluded>no</occluded>
    <date></date>
    <id>6</id>
    <parts>
      <hasparts></hasparts>
      <ispartof></ispartof>
    </parts>
    <polygon>
      <pt>
        <x>638.00</x>
        <y>357.08</y>
      </pt>
      <pt>
        <x>641.17</x>
        <y>359.19</y>
      </pt>
      <pt>
        <x>661.23</x>
        <y>352.50</y>
      </pt>
      <pt>
        <x>658.76</x>
        <y>351.45</y>
      </pt>
      <username></username>
    </polygon>
    <attributes></attributes>
  </object>
  <object>
    <name>lane</name>
    <deleted>0</deleted>
    <verified>0</verified>
    <occluded>no</occluded>
    <date></date>
    <id>7</id>
    <parts>
      <hasparts></hasparts>
      <ispartof></ispartof>
    </parts>
    <polygon>
      <pt>
        <x>603.87</x>
        <y>371.50</y>
      </pt>
      <pt>
        <x>608.45</x>
        <y>373.61</y>
      </pt>
      <pt>
        <x>626.39</x>
        <y>365.17</y>
      </pt>
      <pt>
        <x>622.17</x>
        <y>364.11</y>
      </pt>
      <username></username>
    </polygon>
    <attributes></attributes>
  </object>
  <object>
    <name>lane</name>
    <deleted>0</deleted>
    <verified>0</verified>
    <occluded>no</occluded>
    <date></date>
    <id>8</id>
    <parts>
      <hasparts></hasparts>
      <ispartof></ispartof>
    </parts>
    <polygon>
      <pt>
        <x>574.67</x>
        <y>390.50</y>
      </pt>
      <pt>
        <x>589.80</x>
        <y>380.65</y>
      </pt>
      <pt>
        <x>594.37</x>
        <y>382.06</y>
      </pt>
      <pt>
        <x>580.65</x>
        <y>391.56</y>
      </pt>
      <username></username>
    </polygon>
    <attributes></attributes>
  </object>
  <object>
    <name>lane</name>
    <deleted>0</deleted>
    <verified>0</verified>
    <occluded>no</occluded>
    <date></date>
    <id>9</id>
    <parts>
      <hasparts></hasparts>
      <ispartof></ispartof>
    </parts>
    <polygon>
      <pt>
        <x>559.89</x>
        <y>402.47</y>
      </pt>
      <pt>
        <x>544.76</x>
        <y>418.65</y>
      </pt>
      <pt>
        <x>552.50</x>
        <y>420.06</y>
      </pt>
      <pt>
        <x>566.93</x>
        <y>403.52</y>
      </pt>
      <username></username>
    </polygon>
    <attributes></attributes>
  </object>
  <object>
    <name>lane</name>
    <deleted>0</deleted>
    <verified>0</verified>
    <occluded>no</occluded>
    <date></date>
    <id>10</id>
    <parts>
      <hasparts></hasparts>
      <ispartof></ispartof>
    </parts>
    <polygon>
      <pt>
        <x>502.18</x>
        <y>500.99</y>
      </pt>
      <pt>
        <x>491.28</x>
        <y>553.77</y>
      </pt>
      <pt>
        <x>507.11</x>
        <y>554.47</y>
      </pt>
      <pt>
        <x>517.67</x>
        <y>500.99</y>
      </pt>
      <username></username>
    </polygon>
    <attributes></attributes>
  </object>
</annotation>
