<annotation>
  <filename>image_797.jpg</filename>
  <folder></folder>
  <source>
    <sourceImage></sourceImage>
    <sourceAnnotation>Datumaro</sourceAnnotation>
  </source>
  <imagesize>
    <nrows>1920</nrows>
    <ncols>1080</ncols>
  </imagesize>
  <object>
    <name>lane</name>
    <deleted>0</deleted>
    <verified>0</verified>
    <occluded>no</occluded>
    <date></date>
    <id>0</id>
    <parts>
      <hasparts></hasparts>
      <ispartof></ispartof>
    </parts>
    <polygon>
      <pt>
        <x>1007.41</x>
        <y>250.43</y>
      </pt>
      <pt>
        <x>1018.16</x>
        <y>240.88</y>
      </pt>
      <pt>
        <x>1026.22</x>
        <y>231.62</y>
      </pt>
      <pt>
        <x>1041.15</x>
        <y>231.62</y>
      </pt>
      <pt>
        <x>1031.89</x>
        <y>241.18</y>
      </pt>
      <pt>
        <x>1022.04</x>
        <y>251.63</y>
      </pt>
      <username></username>
    </polygon>
    <attributes></attributes>
  </object>
  <object>
    <name>lane</name>
    <deleted>0</deleted>
    <verified>0</verified>
    <occluded>no</occluded>
    <date></date>
    <id>1</id>
    <parts>
      <hasparts></hasparts>
      <ispartof></ispartof>
    </parts>
    <polygon>
      <pt>
        <x>555.96</x>
        <y>1626.13</y>
      </pt>
      <pt>
        <x>651.50</x>
        <y>1604.70</y>
      </pt>
      <pt>
        <x>535.93</x>
        <y>979.04</y>
      </pt>
      <pt>
        <x>471.22</x>
        <y>977.65</y>
      </pt>
      <pt>
        <x>488.17</x>
        <y>1131.57</y>
      </pt>
      <pt>
        <x>517.44</x>
        <y>1358.05</y>
      </pt>
      <username></username>
    </polygon>
    <attributes></attributes>
  </object>
  <object>
    <name>lane</name>
    <deleted>0</deleted>
    <verified>0</verified>
    <occluded>no</occluded>
    <date></date>
    <id>2</id>
    <parts>
      <hasparts></hasparts>
      <ispartof></ispartof>
    </parts>
    <polygon>
      <pt>
        <x>402.57</x>
        <y>860.23</y>
      </pt>
      <pt>
        <x>454.28</x>
        <y>862.91</y>
      </pt>
      <pt>
        <x>654.89</x>
        <y>642.68</y>
      </pt>
      <pt>
        <x>619.23</x>
        <y>638.22</y>
      </pt>
      <pt>
        <x>528.29</x>
        <y>731.84</y>
      </pt>
      <pt>
        <x>445.37</x>
        <y>820.11</y>
      </pt>
      <username></username>
    </polygon>
    <attributes></attributes>
  </object>
  <object>
    <name>lane</name>
    <deleted>0</deleted>
    <verified>0</verified>
    <occluded>no</occluded>
    <date></date>
    <id>3</id>
    <parts>
      <hasparts></hasparts>
      <ispartof></ispartof>
    </parts>
    <polygon>
      <pt>
        <x>746.60</x>
        <y>513.23</y>
      </pt>
      <pt>
        <x>790.56</x>
        <y>465.56</y>
      </pt>
      <pt>
        <x>830.19</x>
        <y>433.36</y>
      </pt>
      <pt>
        <x>856.81</x>
        <y>432.74</y>
      </pt>
      <pt>
        <x>817.18</x>
        <y>468.65</y>
      </pt>
      <pt>
        <x>778.18</x>
        <y>511.99</y>
      </pt>
      <username></username>
    </polygon>
    <attributes></attributes>
  </object>
  <object>
    <name>lane</name>
    <deleted>0</deleted>
    <verified>0</verified>
    <occluded>no</occluded>
    <date></date>
    <id>4</id>
    <parts>
      <hasparts></hasparts>
      <ispartof></ispartof>
    </parts>
    <polygon>
      <pt>
        <x>882.12</x>
        <y>374.16</y>
      </pt>
      <pt>
        <x>909.35</x>
        <y>351.95</y>
      </pt>
      <pt>
        <x>927.26</x>
        <y>335.11</y>
      </pt>
      <pt>
        <x>948.05</x>
        <y>334.75</y>
      </pt>
      <pt>
        <x>926.55</x>
        <y>354.10</y>
      </pt>
      <pt>
        <x>906.48</x>
        <y>372.37</y>
      </pt>
      <username></username>
    </polygon>
    <attributes></attributes>
  </object>
  <object>
    <name>lane</name>
    <deleted>0</deleted>
    <verified>0</verified>
    <occluded>no</occluded>
    <date></date>
    <id>5</id>
    <parts>
      <hasparts></hasparts>
      <ispartof></ispartof>
    </parts>
    <polygon>
      <pt>
        <x>963.81</x>
        <y>300.35</y>
      </pt>
      <pt>
        <x>978.86</x>
        <y>284.23</y>
      </pt>
      <pt>
        <x>987.82</x>
        <y>272.40</y>
      </pt>
      <pt>
        <x>1004.66</x>
        <y>272.76</y>
      </pt>
      <pt>
        <x>991.76</x>
        <y>286.38</y>
      </pt>
      <pt>
        <x>981.01</x>
        <y>301.43</y>
      </pt>
      <username></username>
    </polygon>
    <attributes></attributes>
  </object>
  <object>
    <name>lane</name>
    <deleted>0</deleted>
    <verified>0</verified>
    <occluded>no</occluded>
    <date></date>
    <id>6</id>
    <parts>
      <hasparts></hasparts>
      <ispartof></ispartof>
    </parts>
    <polygon>
      <pt>
        <x>1043.54</x>
        <y>217.29</y>
      </pt>
      <pt>
        <x>1048.91</x>
        <y>209.82</y>
      </pt>
      <pt>
        <x>1055.48</x>
        <y>204.15</y>
      </pt>
      <pt>
        <x>1067.43</x>
        <y>204.75</y>
      </pt>
      <pt>
        <x>1060.86</x>
        <y>212.81</y>
      </pt>
      <pt>
        <x>1054.59</x>
        <y>219.38</y>
      </pt>
      <username></username>
    </polygon>
    <attributes></attributes>
  </object>
  <object>
    <name>lane</name>
    <deleted>0</deleted>
    <verified>0</verified>
    <occluded>no</occluded>
    <date></date>
    <id>7</id>
    <parts>
      <hasparts></hasparts>
      <ispartof></ispartof>
    </parts>
    <polygon>
      <pt>
        <x>1067.13</x>
        <y>193.70</y>
      </pt>
      <pt>
        <x>1071.91</x>
        <y>189.22</y>
      </pt>
      <pt>
        <x>1080.00</x>
        <y>183.08</y>
      </pt>
      <pt>
        <x>1080.00</x>
        <y>186.79</y>
      </pt>
      <pt>
        <x>1079.67</x>
        <y>189.22</y>
      </pt>
      <pt>
        <x>1079.07</x>
        <y>193.40</y>
      </pt>
      <pt>
        <x>1074.29</x>
        <y>194.00</y>
      </pt>
      <username></username>
    </polygon>
    <attributes></attributes>
  </object>
</annotation>
