<annotation>
  <filename>image_2670.jpg</filename>
  <folder></folder>
  <source>
    <sourceImage></sourceImage>
    <sourceAnnotation>Datumaro</sourceAnnotation>
  </source>
  <imagesize>
    <nrows>1920</nrows>
    <ncols>1080</ncols>
  </imagesize>
  <object>
    <name>lane</name>
    <deleted>0</deleted>
    <verified>0</verified>
    <occluded>no</occluded>
    <date></date>
    <id>0</id>
    <parts>
      <hasparts></hasparts>
      <ispartof></ispartof>
    </parts>
    <polygon>
      <pt>
        <x>707.98</x>
        <y>372.45</y>
      </pt>
      <pt>
        <x>711.95</x>
        <y>373.99</y>
      </pt>
      <pt>
        <x>727.61</x>
        <y>368.81</y>
      </pt>
      <pt>
        <x>725.73</x>
        <y>368.04</y>
      </pt>
      <username></username>
    </polygon>
    <attributes></attributes>
  </object>
  <object>
    <name>lane</name>
    <deleted>0</deleted>
    <verified>0</verified>
    <occluded>no</occluded>
    <date></date>
    <id>1</id>
    <parts>
      <hasparts></hasparts>
      <ispartof></ispartof>
    </parts>
    <polygon>
      <pt>
        <x>453.10</x>
        <y>828.68</y>
      </pt>
      <pt>
        <x>480.62</x>
        <y>828.68</y>
      </pt>
      <pt>
        <x>488.48</x>
        <y>1229.72</y>
      </pt>
      <pt>
        <x>434.42</x>
        <y>1233.65</y>
      </pt>
      <username></username>
    </polygon>
    <attributes></attributes>
  </object>
  <object>
    <name>lane</name>
    <deleted>0</deleted>
    <verified>0</verified>
    <occluded>no</occluded>
    <date></date>
    <id>2</id>
    <parts>
      <hasparts></hasparts>
      <ispartof></ispartof>
    </parts>
    <polygon>
      <pt>
        <x>483.47</x>
        <y>588.19</y>
      </pt>
      <pt>
        <x>498.83</x>
        <y>588.19</y>
      </pt>
      <pt>
        <x>494.84</x>
        <y>684.89</y>
      </pt>
      <pt>
        <x>470.95</x>
        <y>683.18</y>
      </pt>
      <username></username>
    </polygon>
    <attributes></attributes>
  </object>
  <object>
    <name>lane</name>
    <deleted>0</deleted>
    <verified>0</verified>
    <occluded>no</occluded>
    <date></date>
    <id>3</id>
    <parts>
      <hasparts></hasparts>
      <ispartof></ispartof>
    </parts>
    <polygon>
      <pt>
        <x>497.69</x>
        <y>536.43</y>
      </pt>
      <pt>
        <x>511.91</x>
        <y>496.61</y>
      </pt>
      <pt>
        <x>523.29</x>
        <y>497.18</y>
      </pt>
      <pt>
        <x>513.05</x>
        <y>536.99</y>
      </pt>
      <username></username>
    </polygon>
    <attributes></attributes>
  </object>
  <object>
    <name>lane</name>
    <deleted>0</deleted>
    <verified>0</verified>
    <occluded>no</occluded>
    <date></date>
    <id>4</id>
    <parts>
      <hasparts></hasparts>
      <ispartof></ispartof>
    </parts>
    <polygon>
      <pt>
        <x>527.51</x>
        <y>474.22</y>
      </pt>
      <pt>
        <x>541.99</x>
        <y>452.82</y>
      </pt>
      <pt>
        <x>550.55</x>
        <y>452.82</y>
      </pt>
      <pt>
        <x>536.40</x>
        <y>475.53</y>
      </pt>
      <username></username>
    </polygon>
    <attributes></attributes>
  </object>
  <object>
    <name>lane</name>
    <deleted>0</deleted>
    <verified>0</verified>
    <occluded>no</occluded>
    <date></date>
    <id>5</id>
    <parts>
      <hasparts></hasparts>
      <ispartof></ispartof>
    </parts>
    <polygon>
      <pt>
        <x>558.45</x>
        <y>438.66</y>
      </pt>
      <pt>
        <x>566.68</x>
        <y>439.65</y>
      </pt>
      <pt>
        <x>581.83</x>
        <y>423.85</y>
      </pt>
      <pt>
        <x>575.90</x>
        <y>421.55</y>
      </pt>
      <username></username>
    </polygon>
    <attributes></attributes>
  </object>
  <object>
    <name>lane</name>
    <deleted>0</deleted>
    <verified>0</verified>
    <occluded>no</occluded>
    <date></date>
    <id>6</id>
    <parts>
      <hasparts></hasparts>
      <ispartof></ispartof>
    </parts>
    <polygon>
      <pt>
        <x>593.02</x>
        <y>414.96</y>
      </pt>
      <pt>
        <x>597.96</x>
        <y>414.96</y>
      </pt>
      <pt>
        <x>618.04</x>
        <y>404.10</y>
      </pt>
      <pt>
        <x>614.42</x>
        <y>403.11</y>
      </pt>
      <username></username>
    </polygon>
    <attributes></attributes>
  </object>
  <object>
    <name>lane</name>
    <deleted>0</deleted>
    <verified>0</verified>
    <occluded>no</occluded>
    <date></date>
    <id>7</id>
    <parts>
      <hasparts></hasparts>
      <ispartof></ispartof>
    </parts>
    <polygon>
      <pt>
        <x>632.52</x>
        <y>396.53</y>
      </pt>
      <pt>
        <x>635.81</x>
        <y>396.86</y>
      </pt>
      <pt>
        <x>653.92</x>
        <y>390.27</y>
      </pt>
      <pt>
        <x>652.27</x>
        <y>388.30</y>
      </pt>
      <username></username>
    </polygon>
    <attributes></attributes>
  </object>
  <object>
    <name>lane</name>
    <deleted>0</deleted>
    <verified>0</verified>
    <occluded>no</occluded>
    <date></date>
    <id>8</id>
    <parts>
      <hasparts></hasparts>
      <ispartof></ispartof>
    </parts>
    <polygon>
      <pt>
        <x>669.71</x>
        <y>383.41</y>
      </pt>
      <pt>
        <x>672.79</x>
        <y>384.51</y>
      </pt>
      <pt>
        <x>692.64</x>
        <y>377.34</y>
      </pt>
      <pt>
        <x>689.00</x>
        <y>376.02</y>
      </pt>
      <username></username>
    </polygon>
    <attributes></attributes>
  </object>
  <object>
    <name>lane</name>
    <deleted>0</deleted>
    <verified>0</verified>
    <occluded>no</occluded>
    <date></date>
    <id>9</id>
    <parts>
      <hasparts></hasparts>
      <ispartof></ispartof>
    </parts>
    <polygon>
      <pt>
        <x>742.49</x>
        <y>364.18</y>
      </pt>
      <pt>
        <x>744.70</x>
        <y>366.06</y>
      </pt>
      <pt>
        <x>761.78</x>
        <y>362.42</y>
      </pt>
      <pt>
        <x>760.68</x>
        <y>361.31</y>
      </pt>
      <username></username>
    </polygon>
    <attributes></attributes>
  </object>
</annotation>
