<annotation>
  <filename>image_201.jpg</filename>
  <folder></folder>
  <source>
    <sourceImage></sourceImage>
    <sourceAnnotation>Datumaro</sourceAnnotation>
  </source>
  <imagesize>
    <nrows>1920</nrows>
    <ncols>1080</ncols>
  </imagesize>
  <object>
    <name>lane</name>
    <deleted>0</deleted>
    <verified>0</verified>
    <occluded>no</occluded>
    <date></date>
    <id>0</id>
    <parts>
      <hasparts></hasparts>
      <ispartof></ispartof>
    </parts>
    <polygon>
      <pt>
        <x>435.03</x>
        <y>385.97</y>
      </pt>
      <pt>
        <x>441.37</x>
        <y>385.13</y>
      </pt>
      <pt>
        <x>456.57</x>
        <y>399.90</y>
      </pt>
      <pt>
        <x>450.66</x>
        <y>400.33</y>
      </pt>
      <username></username>
    </polygon>
    <attributes></attributes>
  </object>
  <object>
    <name>lane</name>
    <deleted>0</deleted>
    <verified>0</verified>
    <occluded>no</occluded>
    <date></date>
    <id>1</id>
    <parts>
      <hasparts></hasparts>
      <ispartof></ispartof>
    </parts>
    <polygon>
      <pt>
        <x>516.94</x>
        <y>657.54</y>
      </pt>
      <pt>
        <x>539.74</x>
        <y>657.54</y>
      </pt>
      <pt>
        <x>532.14</x>
        <y>606.37</y>
      </pt>
      <pt>
        <x>524.03</x>
        <y>565.33</y>
      </pt>
      <pt>
        <x>504.27</x>
        <y>563.81</y>
      </pt>
      <pt>
        <x>513.90</x>
        <y>611.94</y>
      </pt>
      <username></username>
    </polygon>
    <attributes></attributes>
  </object>
  <object>
    <name>lane</name>
    <deleted>0</deleted>
    <verified>0</verified>
    <occluded>no</occluded>
    <date></date>
    <id>2</id>
    <parts>
      <hasparts></hasparts>
      <ispartof></ispartof>
    </parts>
    <polygon>
      <pt>
        <x>515.07</x>
        <y>1294.36</y>
      </pt>
      <pt>
        <x>579.37</x>
        <y>1294.36</y>
      </pt>
      <pt>
        <x>566.76</x>
        <y>1022.03</y>
      </pt>
      <pt>
        <x>560.46</x>
        <y>831.65</y>
      </pt>
      <pt>
        <x>523.89</x>
        <y>829.13</y>
      </pt>
      <pt>
        <x>522.63</x>
        <y>1163.24</y>
      </pt>
      <username></username>
    </polygon>
    <attributes></attributes>
  </object>
  <object>
    <name>lane</name>
    <deleted>0</deleted>
    <verified>0</verified>
    <occluded>no</occluded>
    <date></date>
    <id>3</id>
    <parts>
      <hasparts></hasparts>
      <ispartof></ispartof>
    </parts>
    <polygon>
      <pt>
        <x>497.91</x>
        <y>508.81</y>
      </pt>
      <pt>
        <x>513.39</x>
        <y>509.17</y>
      </pt>
      <pt>
        <x>506.70</x>
        <y>485.94</y>
      </pt>
      <pt>
        <x>497.55</x>
        <y>466.24</y>
      </pt>
      <pt>
        <x>486.29</x>
        <y>465.18</y>
      </pt>
      <pt>
        <x>492.28</x>
        <y>481.37</y>
      </pt>
      <username></username>
    </polygon>
    <attributes></attributes>
  </object>
  <object>
    <name>lane</name>
    <deleted>0</deleted>
    <verified>0</verified>
    <occluded>no</occluded>
    <date></date>
    <id>4</id>
    <parts>
      <hasparts></hasparts>
      <ispartof></ispartof>
    </parts>
    <polygon>
      <pt>
        <x>475.03</x>
        <y>440.55</y>
      </pt>
      <pt>
        <x>485.59</x>
        <y>440.90</y>
      </pt>
      <pt>
        <x>478.20</x>
        <y>426.83</y>
      </pt>
      <pt>
        <x>469.40</x>
        <y>414.87</y>
      </pt>
      <pt>
        <x>462.02</x>
        <y>415.92</y>
      </pt>
      <pt>
        <x>469.76</x>
        <y>427.18</y>
      </pt>
      <username></username>
    </polygon>
    <attributes></attributes>
  </object>
</annotation>
