<annotation>
  <filename>image_1684.jpg</filename>
  <folder></folder>
  <source>
    <sourceImage></sourceImage>
    <sourceAnnotation>Datumaro</sourceAnnotation>
  </source>
  <imagesize>
    <nrows>1920</nrows>
    <ncols>1080</ncols>
  </imagesize>
  <object>
    <name>lane</name>
    <deleted>0</deleted>
    <verified>0</verified>
    <occluded>no</occluded>
    <date></date>
    <id>0</id>
    <parts>
      <hasparts></hasparts>
      <ispartof></ispartof>
    </parts>
    <polygon>
      <pt>
        <x>497.40</x>
        <y>828.80</y>
      </pt>
      <pt>
        <x>523.72</x>
        <y>829.89</y>
      </pt>
      <pt>
        <x>524.78</x>
        <y>689.10</y>
      </pt>
      <pt>
        <x>502.71</x>
        <y>687.00</y>
      </pt>
      <username></username>
    </polygon>
    <attributes></attributes>
  </object>
  <object>
    <name>lane</name>
    <deleted>0</deleted>
    <verified>0</verified>
    <occluded>no</occluded>
    <date></date>
    <id>1</id>
    <parts>
      <hasparts></hasparts>
      <ispartof></ispartof>
    </parts>
    <type>bounding_box</type>
    <polygon>
      <pt>
        <x>511.47</x>
        <y>567.81</y>
      </pt>
      <pt>
        <x>526.67</x>
        <y>567.81</y>
      </pt>
      <pt>
        <x>526.67</x>
        <y>615.44</y>
      </pt>
      <pt>
        <x>511.47</x>
        <y>615.44</y>
      </pt>
      <username></username>
    </polygon>
    <attributes>rotation=0.0</attributes>
  </object>
  <object>
    <name>lane</name>
    <deleted>0</deleted>
    <verified>0</verified>
    <occluded>no</occluded>
    <date></date>
    <id>2</id>
    <parts>
      <hasparts></hasparts>
      <ispartof></ispartof>
    </parts>
    <type>bounding_box</type>
    <polygon>
      <pt>
        <x>523.72</x>
        <y>451.59</y>
      </pt>
      <pt>
        <x>529.57</x>
        <y>451.59</y>
      </pt>
      <pt>
        <x>529.57</x>
        <y>461.33</y>
      </pt>
      <pt>
        <x>523.72</x>
        <y>461.33</y>
      </pt>
      <username></username>
    </polygon>
    <attributes>rotation=0.0</attributes>
  </object>
  <object>
    <name>lane</name>
    <deleted>0</deleted>
    <verified>0</verified>
    <occluded>no</occluded>
    <date></date>
    <id>3</id>
    <parts>
      <hasparts></hasparts>
      <ispartof></ispartof>
    </parts>
    <type>bounding_box</type>
    <polygon>
      <pt>
        <x>523.24</x>
        <y>436.74</y>
      </pt>
      <pt>
        <x>529.81</x>
        <y>436.74</y>
      </pt>
      <pt>
        <x>529.81</x>
        <y>444.77</y>
      </pt>
      <pt>
        <x>523.24</x>
        <y>444.77</y>
      </pt>
      <username></username>
    </polygon>
    <attributes>rotation=0.0</attributes>
  </object>
  <object>
    <name>lane</name>
    <deleted>0</deleted>
    <verified>0</verified>
    <occluded>no</occluded>
    <date></date>
    <id>4</id>
    <parts>
      <hasparts></hasparts>
      <ispartof></ispartof>
    </parts>
    <type>bounding_box</type>
    <polygon>
      <pt>
        <x>524.94</x>
        <y>426.27</y>
      </pt>
      <pt>
        <x>530.06</x>
        <y>426.27</y>
      </pt>
      <pt>
        <x>530.06</x>
        <y>431.62</y>
      </pt>
      <pt>
        <x>524.94</x>
        <y>431.62</y>
      </pt>
      <username></username>
    </polygon>
    <attributes>rotation=0.0</attributes>
  </object>
  <object>
    <name>lane</name>
    <deleted>0</deleted>
    <verified>0</verified>
    <occluded>no</occluded>
    <date></date>
    <id>5</id>
    <parts>
      <hasparts></hasparts>
      <ispartof></ispartof>
    </parts>
    <type>bounding_box</type>
    <polygon>
      <pt>
        <x>526.40</x>
        <y>417.50</y>
      </pt>
      <pt>
        <x>529.81</x>
        <y>417.50</y>
      </pt>
      <pt>
        <x>529.81</x>
        <y>420.91</y>
      </pt>
      <pt>
        <x>526.40</x>
        <y>420.91</y>
      </pt>
      <username></username>
    </polygon>
    <attributes>rotation=0.0</attributes>
  </object>
  <object>
    <name>lane</name>
    <deleted>0</deleted>
    <verified>0</verified>
    <occluded>no</occluded>
    <date></date>
    <id>6</id>
    <parts>
      <hasparts></hasparts>
      <ispartof></ispartof>
    </parts>
    <type>bounding_box</type>
    <polygon>
      <pt>
        <x>526.89</x>
        <y>409.95</y>
      </pt>
      <pt>
        <x>529.81</x>
        <y>409.95</y>
      </pt>
      <pt>
        <x>529.81</x>
        <y>413.60</y>
      </pt>
      <pt>
        <x>526.89</x>
        <y>413.60</y>
      </pt>
      <username></username>
    </polygon>
    <attributes>rotation=0.0</attributes>
  </object>
  <object>
    <name>lane</name>
    <deleted>0</deleted>
    <verified>0</verified>
    <occluded>no</occluded>
    <date></date>
    <id>7</id>
    <parts>
      <hasparts></hasparts>
      <ispartof></ispartof>
    </parts>
    <polygon>
      <pt>
        <x>400.46</x>
        <y>1913.66</y>
      </pt>
      <pt>
        <x>478.65</x>
        <y>1920.00</y>
      </pt>
      <pt>
        <x>497.22</x>
        <y>1920.00</y>
      </pt>
      <pt>
        <x>512.88</x>
        <y>1152.88</y>
      </pt>
      <pt>
        <x>460.59</x>
        <y>1147.65</y>
      </pt>
      <username></username>
    </polygon>
    <attributes></attributes>
  </object>
  <object>
    <name>lane</name>
    <deleted>0</deleted>
    <verified>0</verified>
    <occluded>no</occluded>
    <date></date>
    <id>8</id>
    <parts>
      <hasparts></hasparts>
      <ispartof></ispartof>
    </parts>
    <type>bounding_box</type>
    <polygon>
      <pt>
        <x>521.09</x>
        <y>472.55</y>
      </pt>
      <pt>
        <x>529.71</x>
        <y>472.55</y>
      </pt>
      <pt>
        <x>529.71</x>
        <y>488.26</y>
      </pt>
      <pt>
        <x>521.09</x>
        <y>488.26</y>
      </pt>
      <username></username>
    </polygon>
    <attributes>rotation=0.0</attributes>
  </object>
  <object>
    <name>lane</name>
    <deleted>0</deleted>
    <verified>0</verified>
    <occluded>no</occluded>
    <date></date>
    <id>9</id>
    <parts>
      <hasparts></hasparts>
      <ispartof></ispartof>
    </parts>
    <type>bounding_box</type>
    <polygon>
      <pt>
        <x>517.04</x>
        <y>509.03</y>
      </pt>
      <pt>
        <x>528.69</x>
        <y>509.03</y>
      </pt>
      <pt>
        <x>528.69</x>
        <y>535.38</y>
      </pt>
      <pt>
        <x>517.04</x>
        <y>535.38</y>
      </pt>
      <username></username>
    </polygon>
    <attributes>rotation=0.0</attributes>
  </object>
</annotation>
