<annotation>
  <filename>image_2759.jpg</filename>
  <folder></folder>
  <source>
    <sourceImage></sourceImage>
    <sourceAnnotation>Datumaro</sourceAnnotation>
  </source>
  <imagesize>
    <nrows>1920</nrows>
    <ncols>1080</ncols>
  </imagesize>
  <object>
    <name>lane</name>
    <deleted>0</deleted>
    <verified>0</verified>
    <occluded>no</occluded>
    <date></date>
    <id>0</id>
    <parts>
      <hasparts></hasparts>
      <ispartof></ispartof>
    </parts>
    <polygon>
      <pt>
        <x>529.50</x>
        <y>837.85</y>
      </pt>
      <pt>
        <x>533.98</x>
        <y>837.85</y>
      </pt>
      <pt>
        <x>533.98</x>
        <y>842.53</y>
      </pt>
      <pt>
        <x>529.50</x>
        <y>842.94</y>
      </pt>
      <username></username>
    </polygon>
    <attributes></attributes>
  </object>
  <object>
    <name>lane</name>
    <deleted>0</deleted>
    <verified>0</verified>
    <occluded>no</occluded>
    <date></date>
    <id>1</id>
    <parts>
      <hasparts></hasparts>
      <ispartof></ispartof>
    </parts>
    <polygon>
      <pt>
        <x>522.57</x>
        <y>1344.58</y>
      </pt>
      <pt>
        <x>566.14</x>
        <y>1344.57</y>
      </pt>
      <pt>
        <x>598.59</x>
        <y>1920.00</y>
      </pt>
      <pt>
        <x>523.05</x>
        <y>1920.00</y>
      </pt>
      <pt>
        <x>518.21</x>
        <y>1919.74</y>
      </pt>
      <username></username>
    </polygon>
    <attributes></attributes>
  </object>
  <object>
    <name>lane</name>
    <deleted>0</deleted>
    <verified>0</verified>
    <occluded>no</occluded>
    <date></date>
    <id>2</id>
    <parts>
      <hasparts></hasparts>
      <ispartof></ispartof>
    </parts>
    <polygon>
      <pt>
        <x>526.62</x>
        <y>1040.76</y>
      </pt>
      <pt>
        <x>529.05</x>
        <y>1136.83</y>
      </pt>
      <pt>
        <x>553.98</x>
        <y>1138.65</y>
      </pt>
      <pt>
        <x>547.90</x>
        <y>1040.76</y>
      </pt>
      <username></username>
    </polygon>
    <attributes></attributes>
  </object>
  <object>
    <name>lane</name>
    <deleted>0</deleted>
    <verified>0</verified>
    <occluded>no</occluded>
    <date></date>
    <id>3</id>
    <parts>
      <hasparts></hasparts>
      <ispartof></ispartof>
    </parts>
    <polygon>
      <pt>
        <x>530.27</x>
        <y>945.30</y>
      </pt>
      <pt>
        <x>540.60</x>
        <y>945.30</y>
      </pt>
      <pt>
        <x>543.64</x>
        <y>984.82</y>
      </pt>
      <pt>
        <x>529.05</x>
        <y>984.82</y>
      </pt>
      <username></username>
    </polygon>
    <attributes></attributes>
  </object>
  <object>
    <name>lane</name>
    <deleted>0</deleted>
    <verified>0</verified>
    <occluded>no</occluded>
    <date></date>
    <id>4</id>
    <parts>
      <hasparts></hasparts>
      <ispartof></ispartof>
    </parts>
    <polygon>
      <pt>
        <x>529.32</x>
        <y>902.97</y>
      </pt>
      <pt>
        <x>538.41</x>
        <y>903.55</y>
      </pt>
      <pt>
        <x>538.41</x>
        <y>922.03</y>
      </pt>
      <pt>
        <x>529.90</x>
        <y>922.03</y>
      </pt>
      <username></username>
    </polygon>
    <attributes></attributes>
  </object>
  <object>
    <name>lane</name>
    <deleted>0</deleted>
    <verified>0</verified>
    <occluded>no</occluded>
    <date></date>
    <id>5</id>
    <parts>
      <hasparts></hasparts>
      <ispartof></ispartof>
    </parts>
    <polygon>
      <pt>
        <x>530.20</x>
        <y>878.04</y>
      </pt>
      <pt>
        <x>536.06</x>
        <y>879.22</y>
      </pt>
      <pt>
        <x>536.65</x>
        <y>891.24</y>
      </pt>
      <pt>
        <x>529.03</x>
        <y>890.95</y>
      </pt>
      <username></username>
    </polygon>
    <attributes></attributes>
  </object>
  <object>
    <name>lane</name>
    <deleted>0</deleted>
    <verified>0</verified>
    <occluded>no</occluded>
    <date></date>
    <id>6</id>
    <parts>
      <hasparts></hasparts>
      <ispartof></ispartof>
    </parts>
    <polygon>
      <pt>
        <x>529.90</x>
        <y>860.86</y>
      </pt>
      <pt>
        <x>535.20</x>
        <y>860.86</y>
      </pt>
      <pt>
        <x>536.42</x>
        <y>870.02</y>
      </pt>
      <pt>
        <x>529.90</x>
        <y>870.02</y>
      </pt>
      <username></username>
    </polygon>
    <attributes></attributes>
  </object>
  <object>
    <name>lane</name>
    <deleted>0</deleted>
    <verified>0</verified>
    <occluded>no</occluded>
    <date></date>
    <id>7</id>
    <parts>
      <hasparts></hasparts>
      <ispartof></ispartof>
    </parts>
    <polygon>
      <pt>
        <x>529.09</x>
        <y>848.64</y>
      </pt>
      <pt>
        <x>535.00</x>
        <y>848.64</y>
      </pt>
      <pt>
        <x>535.40</x>
        <y>855.56</y>
      </pt>
      <pt>
        <x>528.68</x>
        <y>855.56</y>
      </pt>
      <username></username>
    </polygon>
    <attributes></attributes>
  </object>
  <object>
    <name>lane</name>
    <deleted>0</deleted>
    <verified>0</verified>
    <occluded>no</occluded>
    <date></date>
    <id>8</id>
    <parts>
      <hasparts></hasparts>
      <ispartof></ispartof>
    </parts>
    <polygon>
      <pt>
        <x>530.31</x>
        <y>829.50</y>
      </pt>
      <pt>
        <x>533.98</x>
        <y>829.50</y>
      </pt>
      <pt>
        <x>533.98</x>
        <y>834.59</y>
      </pt>
      <pt>
        <x>529.09</x>
        <y>834.39</y>
      </pt>
      <username></username>
    </polygon>
    <attributes></attributes>
  </object>
</annotation>
