<annotation>
  <filename>image_2076.jpg</filename>
  <folder></folder>
  <source>
    <sourceImage></sourceImage>
    <sourceAnnotation>Datumaro</sourceAnnotation>
  </source>
  <imagesize>
    <nrows>1920</nrows>
    <ncols>1080</ncols>
  </imagesize>
  <object>
    <name>lane</name>
    <deleted>0</deleted>
    <verified>0</verified>
    <occluded>no</occluded>
    <date></date>
    <id>0</id>
    <parts>
      <hasparts></hasparts>
      <ispartof></ispartof>
    </parts>
    <polygon>
      <pt>
        <x>491.97</x>
        <y>830.19</y>
      </pt>
      <pt>
        <x>500.32</x>
        <y>831.23</y>
      </pt>
      <pt>
        <x>506.83</x>
        <y>819.80</y>
      </pt>
      <pt>
        <x>513.96</x>
        <y>811.27</y>
      </pt>
      <pt>
        <x>504.80</x>
        <y>810.46</y>
      </pt>
      <pt>
        <x>499.91</x>
        <y>819.21</y>
      </pt>
      <username></username>
    </polygon>
    <attributes></attributes>
  </object>
  <object>
    <name>lane</name>
    <deleted>0</deleted>
    <verified>0</verified>
    <occluded>no</occluded>
    <date></date>
    <id>1</id>
    <parts>
      <hasparts></hasparts>
      <ispartof></ispartof>
    </parts>
    <polygon>
      <pt>
        <x>588.35</x>
        <y>1920.00</y>
      </pt>
      <pt>
        <x>521.50</x>
        <y>1477.93</y>
      </pt>
      <pt>
        <x>491.00</x>
        <y>1225.21</y>
      </pt>
      <pt>
        <x>456.14</x>
        <y>1227.39</y>
      </pt>
      <pt>
        <x>471.39</x>
        <y>1669.65</y>
      </pt>
      <pt>
        <x>493.16</x>
        <y>1920.00</y>
      </pt>
      <username></username>
    </polygon>
    <attributes></attributes>
  </object>
  <object>
    <name>lane</name>
    <deleted>0</deleted>
    <verified>0</verified>
    <occluded>no</occluded>
    <date></date>
    <id>2</id>
    <parts>
      <hasparts></hasparts>
      <ispartof></ispartof>
    </parts>
    <polygon>
      <pt>
        <x>452.27</x>
        <y>1030.85</y>
      </pt>
      <pt>
        <x>472.54</x>
        <y>1030.35</y>
      </pt>
      <pt>
        <x>473.05</x>
        <y>981.71</y>
      </pt>
      <pt>
        <x>473.55</x>
        <y>944.72</y>
      </pt>
      <pt>
        <x>455.82</x>
        <y>943.20</y>
      </pt>
      <pt>
        <x>452.78</x>
        <y>1001.97</y>
      </pt>
      <username></username>
    </polygon>
    <attributes></attributes>
  </object>
  <object>
    <name>lane</name>
    <deleted>0</deleted>
    <verified>0</verified>
    <occluded>no</occluded>
    <date></date>
    <id>3</id>
    <parts>
      <hasparts></hasparts>
      <ispartof></ispartof>
    </parts>
    <polygon>
      <pt>
        <x>467.97</x>
        <y>888.51</y>
      </pt>
      <pt>
        <x>480.58</x>
        <y>888.80</y>
      </pt>
      <pt>
        <x>485.86</x>
        <y>871.50</y>
      </pt>
      <pt>
        <x>489.96</x>
        <y>855.08</y>
      </pt>
      <pt>
        <x>478.23</x>
        <y>854.79</y>
      </pt>
      <pt>
        <x>473.83</x>
        <y>869.15</y>
      </pt>
      <username></username>
    </polygon>
    <attributes></attributes>
  </object>
  <object>
    <name>lane</name>
    <deleted>0</deleted>
    <verified>0</verified>
    <occluded>no</occluded>
    <date></date>
    <id>4</id>
    <parts>
      <hasparts></hasparts>
      <ispartof></ispartof>
    </parts>
    <polygon>
      <pt>
        <x>519.25</x>
        <y>796.66</y>
      </pt>
      <pt>
        <x>525.91</x>
        <y>797.37</y>
      </pt>
      <pt>
        <x>539.93</x>
        <y>785.09</y>
      </pt>
      <pt>
        <x>535.03</x>
        <y>783.69</y>
      </pt>
      <username></username>
    </polygon>
    <attributes></attributes>
  </object>
  <object>
    <name>lane</name>
    <deleted>0</deleted>
    <verified>0</verified>
    <occluded>no</occluded>
    <date></date>
    <id>5</id>
    <parts>
      <hasparts></hasparts>
      <ispartof></ispartof>
    </parts>
    <polygon>
      <pt>
        <x>682.06</x>
        <y>736.88</y>
      </pt>
      <pt>
        <x>684.25</x>
        <y>738.57</y>
      </pt>
      <pt>
        <x>701.33</x>
        <y>735.36</y>
      </pt>
      <pt>
        <x>700.66</x>
        <y>734.01</y>
      </pt>
      <username></username>
    </polygon>
    <attributes></attributes>
  </object>
  <object>
    <name>lane</name>
    <deleted>0</deleted>
    <verified>0</verified>
    <occluded>no</occluded>
    <date></date>
    <id>6</id>
    <parts>
      <hasparts></hasparts>
      <ispartof></ispartof>
    </parts>
    <polygon>
      <pt>
        <x>647.56</x>
        <y>743.31</y>
      </pt>
      <pt>
        <x>649.25</x>
        <y>744.32</y>
      </pt>
      <pt>
        <x>665.48</x>
        <y>741.11</y>
      </pt>
      <pt>
        <x>663.45</x>
        <y>739.76</y>
      </pt>
      <username></username>
    </polygon>
    <attributes></attributes>
  </object>
  <object>
    <name>lane</name>
    <deleted>0</deleted>
    <verified>0</verified>
    <occluded>no</occluded>
    <date></date>
    <id>7</id>
    <parts>
      <hasparts></hasparts>
      <ispartof></ispartof>
    </parts>
    <polygon>
      <pt>
        <x>613.06</x>
        <y>751.26</y>
      </pt>
      <pt>
        <x>619.65</x>
        <y>752.61</y>
      </pt>
      <pt>
        <x>633.18</x>
        <y>747.03</y>
      </pt>
      <pt>
        <x>629.97</x>
        <y>746.69</y>
      </pt>
      <username></username>
    </polygon>
    <attributes></attributes>
  </object>
  <object>
    <name>lane</name>
    <deleted>0</deleted>
    <verified>0</verified>
    <occluded>no</occluded>
    <date></date>
    <id>8</id>
    <parts>
      <hasparts></hasparts>
      <ispartof></ispartof>
    </parts>
    <polygon>
      <pt>
        <x>580.76</x>
        <y>760.73</y>
      </pt>
      <pt>
        <x>585.15</x>
        <y>762.25</y>
      </pt>
      <pt>
        <x>600.20</x>
        <y>756.16</y>
      </pt>
      <pt>
        <x>598.01</x>
        <y>755.32</y>
      </pt>
      <username></username>
    </polygon>
    <attributes></attributes>
  </object>
  <object>
    <name>lane</name>
    <deleted>0</deleted>
    <verified>0</verified>
    <occluded>no</occluded>
    <date></date>
    <id>9</id>
    <parts>
      <hasparts></hasparts>
      <ispartof></ispartof>
    </parts>
    <polygon>
      <pt>
        <x>548.12</x>
        <y>775.61</y>
      </pt>
      <pt>
        <x>553.02</x>
        <y>776.12</y>
      </pt>
      <pt>
        <x>569.59</x>
        <y>768.51</y>
      </pt>
      <pt>
        <x>565.37</x>
        <y>767.15</y>
      </pt>
      <username></username>
    </polygon>
    <attributes></attributes>
  </object>
</annotation>
