<annotation>
  <filename>image_2634.jpg</filename>
  <folder></folder>
  <source>
    <sourceImage></sourceImage>
    <sourceAnnotation>Datumaro</sourceAnnotation>
  </source>
  <imagesize>
    <nrows>1920</nrows>
    <ncols>1080</ncols>
  </imagesize>
  <object>
    <name>lane</name>
    <deleted>0</deleted>
    <verified>0</verified>
    <occluded>no</occluded>
    <date></date>
    <id>0</id>
    <parts>
      <hasparts></hasparts>
      <ispartof></ispartof>
    </parts>
    <polygon>
      <pt>
        <x>545.70</x>
        <y>693.81</y>
      </pt>
      <pt>
        <x>588.18</x>
        <y>693.81</y>
      </pt>
      <pt>
        <x>661.81</x>
        <y>1118.58</y>
      </pt>
      <pt>
        <x>619.33</x>
        <y>1121.42</y>
      </pt>
      <username></username>
    </polygon>
    <attributes></attributes>
  </object>
  <object>
    <name>lane</name>
    <deleted>0</deleted>
    <verified>0</verified>
    <occluded>no</occluded>
    <date></date>
    <id>1</id>
    <parts>
      <hasparts></hasparts>
      <ispartof></ispartof>
    </parts>
    <polygon>
      <pt>
        <x>403.09</x>
        <y>421.39</y>
      </pt>
      <pt>
        <x>416.37</x>
        <y>421.39</y>
      </pt>
      <pt>
        <x>500.77</x>
        <y>513.39</y>
      </pt>
      <pt>
        <x>484.65</x>
        <y>517.18</y>
      </pt>
      <username></username>
    </polygon>
    <attributes></attributes>
  </object>
  <object>
    <name>lane</name>
    <deleted>0</deleted>
    <verified>0</verified>
    <occluded>no</occluded>
    <date></date>
    <id>2</id>
    <parts>
      <hasparts></hasparts>
      <ispartof></ispartof>
    </parts>
    <polygon>
      <pt>
        <x>232.38</x>
        <y>318.02</y>
      </pt>
      <pt>
        <x>244.71</x>
        <y>314.23</y>
      </pt>
      <pt>
        <x>340.50</x>
        <y>361.64</y>
      </pt>
      <pt>
        <x>331.96</x>
        <y>366.39</y>
      </pt>
      <username></username>
    </polygon>
    <attributes></attributes>
  </object>
  <object>
    <name>lane</name>
    <deleted>0</deleted>
    <verified>0</verified>
    <occluded>no</occluded>
    <date></date>
    <id>3</id>
    <parts>
      <hasparts></hasparts>
      <ispartof></ispartof>
    </parts>
    <polygon>
      <pt>
        <x>121.96</x>
        <y>262.00</y>
      </pt>
      <pt>
        <x>129.27</x>
        <y>262.00</y>
      </pt>
      <pt>
        <x>180.04</x>
        <y>287.16</y>
      </pt>
      <pt>
        <x>169.98</x>
        <y>288.53</y>
      </pt>
      <username></username>
    </polygon>
    <attributes></attributes>
  </object>
  <object>
    <name>lane</name>
    <deleted>0</deleted>
    <verified>0</verified>
    <occluded>no</occluded>
    <date></date>
    <id>4</id>
    <parts>
      <hasparts></hasparts>
      <ispartof></ispartof>
    </parts>
    <polygon>
      <pt>
        <x>76.68</x>
        <y>235.93</y>
      </pt>
      <pt>
        <x>78.51</x>
        <y>232.27</y>
      </pt>
      <pt>
        <x>98.63</x>
        <y>244.16</y>
      </pt>
      <pt>
        <x>91.77</x>
        <y>245.99</y>
      </pt>
      <username></username>
    </polygon>
    <attributes></attributes>
  </object>
</annotation>
