<annotation>
  <filename>image_258.jpg</filename>
  <folder></folder>
  <source>
    <sourceImage></sourceImage>
    <sourceAnnotation>Datumaro</sourceAnnotation>
  </source>
  <imagesize>
    <nrows>1920</nrows>
    <ncols>1080</ncols>
  </imagesize>
  <object>
    <name>lane</name>
    <deleted>0</deleted>
    <verified>0</verified>
    <occluded>no</occluded>
    <date></date>
    <id>0</id>
    <parts>
      <hasparts></hasparts>
      <ispartof></ispartof>
    </parts>
    <polygon>
      <pt>
        <x>650.95</x>
        <y>441.18</y>
      </pt>
      <pt>
        <x>660.51</x>
        <y>442.55</y>
      </pt>
      <pt>
        <x>709.68</x>
        <y>419.33</y>
      </pt>
      <pt>
        <x>704.21</x>
        <y>417.97</y>
      </pt>
      <username></username>
    </polygon>
    <attributes></attributes>
  </object>
  <object>
    <name>lane</name>
    <deleted>0</deleted>
    <verified>0</verified>
    <occluded>no</occluded>
    <date></date>
    <id>1</id>
    <parts>
      <hasparts></hasparts>
      <ispartof></ispartof>
    </parts>
    <polygon>
      <pt>
        <x>474.90</x>
        <y>1849.20</y>
      </pt>
      <pt>
        <x>554.19</x>
        <y>1832.21</y>
      </pt>
      <pt>
        <x>596.67</x>
        <y>1914.34</y>
      </pt>
      <pt>
        <x>543.81</x>
        <y>1920.00</y>
      </pt>
      <pt>
        <x>515.75</x>
        <y>1920.00</y>
      </pt>
      <username></username>
    </polygon>
    <attributes></attributes>
  </object>
  <object>
    <name>lane</name>
    <deleted>0</deleted>
    <verified>0</verified>
    <occluded>no</occluded>
    <date></date>
    <id>2</id>
    <parts>
      <hasparts></hasparts>
      <ispartof></ispartof>
    </parts>
    <polygon>
      <pt>
        <x>437.91</x>
        <y>622.82</y>
      </pt>
      <pt>
        <x>457.03</x>
        <y>624.18</y>
      </pt>
      <pt>
        <x>513.02</x>
        <y>547.71</y>
      </pt>
      <pt>
        <x>496.63</x>
        <y>547.71</y>
      </pt>
      <username></username>
    </polygon>
    <attributes></attributes>
  </object>
  <object>
    <name>lane</name>
    <deleted>0</deleted>
    <verified>0</verified>
    <occluded>no</occluded>
    <date></date>
    <id>3</id>
    <parts>
      <hasparts></hasparts>
      <ispartof></ispartof>
    </parts>
    <polygon>
      <pt>
        <x>388.50</x>
        <y>725.90</y>
      </pt>
      <pt>
        <x>415.70</x>
        <y>729.40</y>
      </pt>
      <pt>
        <x>404.11</x>
        <y>985.49</y>
      </pt>
      <pt>
        <x>355.96</x>
        <y>985.49</y>
      </pt>
      <username></username>
    </polygon>
    <attributes></attributes>
  </object>
  <object>
    <name>lane</name>
    <deleted>0</deleted>
    <verified>0</verified>
    <occluded>no</occluded>
    <date></date>
    <id>4</id>
    <parts>
      <hasparts></hasparts>
      <ispartof></ispartof>
    </parts>
    <polygon>
      <pt>
        <x>552.62</x>
        <y>501.27</y>
      </pt>
      <pt>
        <x>562.18</x>
        <y>501.27</y>
      </pt>
      <pt>
        <x>605.88</x>
        <y>467.13</y>
      </pt>
      <username></username>
    </polygon>
    <attributes></attributes>
  </object>
</annotation>
