<annotation>
  <filename>image_2188.jpg</filename>
  <folder></folder>
  <source>
    <sourceImage></sourceImage>
    <sourceAnnotation>Datumaro</sourceAnnotation>
  </source>
  <imagesize>
    <nrows>486</nrows>
    <ncols>1080</ncols>
  </imagesize>
  <object>
    <name>lane</name>
    <deleted>0</deleted>
    <verified>0</verified>
    <occluded>no</occluded>
    <date></date>
    <id>0</id>
    <parts>
      <hasparts></hasparts>
      <ispartof></ispartof>
    </parts>
    <type>bounding_box</type>
    <polygon>
      <pt>
        <x>283.66</x>
        <y>259.44</y>
      </pt>
      <pt>
        <x>289.01</x>
        <y>259.44</y>
      </pt>
      <pt>
        <x>289.01</x>
        <y>261.83</y>
      </pt>
      <pt>
        <x>283.66</x>
        <y>261.83</y>
      </pt>
      <username></username>
    </polygon>
    <attributes>rotation=0.0</attributes>
  </object>
  <object>
    <name>lane</name>
    <deleted>0</deleted>
    <verified>0</verified>
    <occluded>no</occluded>
    <date></date>
    <id>1</id>
    <parts>
      <hasparts></hasparts>
      <ispartof></ispartof>
    </parts>
    <type>bounding_box</type>
    <polygon>
      <pt>
        <x>294.55</x>
        <y>259.24</y>
      </pt>
      <pt>
        <x>301.87</x>
        <y>259.24</y>
      </pt>
      <pt>
        <x>301.87</x>
        <y>263.02</y>
      </pt>
      <pt>
        <x>294.55</x>
        <y>263.02</y>
      </pt>
      <username></username>
    </polygon>
    <attributes>rotation=0.0</attributes>
  </object>
  <object>
    <name>lane</name>
    <deleted>0</deleted>
    <verified>0</verified>
    <occluded>no</occluded>
    <date></date>
    <id>2</id>
    <parts>
      <hasparts></hasparts>
      <ispartof></ispartof>
    </parts>
    <type>bounding_box</type>
    <polygon>
      <pt>
        <x>310.78</x>
        <y>258.25</y>
      </pt>
      <pt>
        <x>321.47</x>
        <y>258.25</y>
      </pt>
      <pt>
        <x>321.47</x>
        <y>264.41</y>
      </pt>
      <pt>
        <x>310.78</x>
        <y>264.41</y>
      </pt>
      <username></username>
    </polygon>
    <attributes>rotation=0.0</attributes>
  </object>
  <object>
    <name>lane</name>
    <deleted>0</deleted>
    <verified>0</verified>
    <occluded>no</occluded>
    <date></date>
    <id>3</id>
    <parts>
      <hasparts></hasparts>
      <ispartof></ispartof>
    </parts>
    <polygon>
      <pt>
        <x>438.88</x>
        <y>269.30</y>
      </pt>
      <pt>
        <x>438.87</x>
        <y>258.60</y>
      </pt>
      <pt>
        <x>379.90</x>
        <y>260.34</y>
      </pt>
      <pt>
        <x>379.90</x>
        <y>267.06</y>
      </pt>
      <username></username>
    </polygon>
    <attributes></attributes>
  </object>
  <object>
    <name>lane</name>
    <deleted>0</deleted>
    <verified>0</verified>
    <occluded>no</occluded>
    <date></date>
    <id>4</id>
    <parts>
      <hasparts></hasparts>
      <ispartof></ispartof>
    </parts>
    <polygon>
      <pt>
        <x>815.63</x>
        <y>256.02</y>
      </pt>
      <pt>
        <x>819.97</x>
        <y>291.32</y>
      </pt>
      <pt>
        <x>532.67</x>
        <y>273.36</y>
      </pt>
      <pt>
        <x>535.15</x>
        <y>256.02</y>
      </pt>
      <username></username>
    </polygon>
    <attributes></attributes>
  </object>
  <object>
    <name>lane</name>
    <deleted>0</deleted>
    <verified>0</verified>
    <occluded>no</occluded>
    <date></date>
    <id>5</id>
    <parts>
      <hasparts></hasparts>
      <ispartof></ispartof>
    </parts>
    <polygon>
      <pt>
        <x>357.55</x>
        <y>265.64</y>
      </pt>
      <pt>
        <x>357.70</x>
        <y>258.15</y>
      </pt>
      <pt>
        <x>334.51</x>
        <y>258.00</y>
      </pt>
      <pt>
        <x>335.23</x>
        <y>264.77</y>
      </pt>
      <username></username>
    </polygon>
    <attributes></attributes>
  </object>
</annotation>
