<annotation>
  <filename>image_168.jpg</filename>
  <folder></folder>
  <source>
    <sourceImage></sourceImage>
    <sourceAnnotation>Datumaro</sourceAnnotation>
  </source>
  <imagesize>
    <nrows>1920</nrows>
    <ncols>1080</ncols>
  </imagesize>
  <object>
    <name>lane</name>
    <deleted>0</deleted>
    <verified>0</verified>
    <occluded>no</occluded>
    <date></date>
    <id>0</id>
    <parts>
      <hasparts></hasparts>
      <ispartof></ispartof>
    </parts>
    <polygon>
      <pt>
        <x>247.58</x>
        <y>438.75</y>
      </pt>
      <pt>
        <x>253.67</x>
        <y>436.92</y>
      </pt>
      <pt>
        <x>273.15</x>
        <y>447.88</y>
      </pt>
      <pt>
        <x>268.89</x>
        <y>449.71</y>
      </pt>
      <username></username>
    </polygon>
    <attributes></attributes>
  </object>
  <object>
    <name>lane</name>
    <deleted>0</deleted>
    <verified>0</verified>
    <occluded>no</occluded>
    <date></date>
    <id>1</id>
    <parts>
      <hasparts></hasparts>
      <ispartof></ispartof>
    </parts>
    <polygon>
      <pt>
        <x>450.74</x>
        <y>1915.45</y>
      </pt>
      <pt>
        <x>548.78</x>
        <y>1911.09</y>
      </pt>
      <pt>
        <x>500.85</x>
        <y>1155.10</y>
      </pt>
      <pt>
        <x>444.20</x>
        <y>1148.56</y>
      </pt>
      <username></username>
    </polygon>
    <attributes></attributes>
  </object>
  <object>
    <name>lane</name>
    <deleted>0</deleted>
    <verified>0</verified>
    <occluded>no</occluded>
    <date></date>
    <id>2</id>
    <parts>
      <hasparts></hasparts>
      <ispartof></ispartof>
    </parts>
    <polygon>
      <pt>
        <x>431.37</x>
        <y>827.89</y>
      </pt>
      <pt>
        <x>462.89</x>
        <y>828.94</y>
      </pt>
      <pt>
        <x>435.57</x>
        <y>680.80</y>
      </pt>
      <pt>
        <x>411.41</x>
        <y>680.80</y>
      </pt>
      <username></username>
    </polygon>
    <attributes></attributes>
  </object>
  <object>
    <name>lane</name>
    <deleted>0</deleted>
    <verified>0</verified>
    <occluded>no</occluded>
    <date></date>
    <id>3</id>
    <parts>
      <hasparts></hasparts>
      <ispartof></ispartof>
    </parts>
    <polygon>
      <pt>
        <x>389.35</x>
        <y>608.30</y>
      </pt>
      <pt>
        <x>411.41</x>
        <y>609.35</y>
      </pt>
      <pt>
        <x>380.94</x>
        <y>552.62</y>
      </pt>
      <pt>
        <x>365.18</x>
        <y>554.72</y>
      </pt>
      <username></username>
    </polygon>
    <attributes></attributes>
  </object>
  <object>
    <name>lane</name>
    <deleted>0</deleted>
    <verified>0</verified>
    <occluded>no</occluded>
    <date></date>
    <id>4</id>
    <parts>
      <hasparts></hasparts>
      <ispartof></ispartof>
    </parts>
    <polygon>
      <pt>
        <x>349.40</x>
        <y>526.70</y>
      </pt>
      <pt>
        <x>361.70</x>
        <y>526.40</y>
      </pt>
      <pt>
        <x>334.40</x>
        <y>494.10</y>
      </pt>
      <pt>
        <x>323.15</x>
        <y>493.78</y>
      </pt>
      <username></username>
    </polygon>
    <attributes></attributes>
  </object>
  <object>
    <name>lane</name>
    <deleted>0</deleted>
    <verified>0</verified>
    <occluded>no</occluded>
    <date></date>
    <id>5</id>
    <parts>
      <hasparts></hasparts>
      <ispartof></ispartof>
    </parts>
    <polygon>
      <pt>
        <x>222.22</x>
        <y>426.02</y>
      </pt>
      <pt>
        <x>223.68</x>
        <y>423.59</y>
      </pt>
      <pt>
        <x>237.80</x>
        <y>429.67</y>
      </pt>
      <pt>
        <x>232.69</x>
        <y>430.65</y>
      </pt>
      <username></username>
    </polygon>
    <attributes></attributes>
  </object>
  <object>
    <name>lane</name>
    <deleted>0</deleted>
    <verified>0</verified>
    <occluded>no</occluded>
    <date></date>
    <id>6</id>
    <parts>
      <hasparts></hasparts>
      <ispartof></ispartof>
    </parts>
    <polygon>
      <pt>
        <x>285.63</x>
        <y>461.07</y>
      </pt>
      <pt>
        <x>292.74</x>
        <y>460.46</y>
      </pt>
      <pt>
        <x>315.87</x>
        <y>477.31</y>
      </pt>
      <pt>
        <x>306.94</x>
        <y>478.12</y>
      </pt>
      <username></username>
    </polygon>
    <attributes></attributes>
  </object>
</annotation>
