<annotation>
  <filename>image_1051.jpg</filename>
  <folder></folder>
  <source>
    <sourceImage></sourceImage>
    <sourceAnnotation>Datumaro</sourceAnnotation>
  </source>
  <imagesize>
    <nrows>1920</nrows>
    <ncols>1080</ncols>
  </imagesize>
  <object>
    <name>lane</name>
    <deleted>0</deleted>
    <verified>0</verified>
    <occluded>no</occluded>
    <date></date>
    <id>0</id>
    <parts>
      <hasparts></hasparts>
      <ispartof></ispartof>
    </parts>
    <polygon>
      <pt>
        <x>725.16</x>
        <y>395.79</y>
      </pt>
      <pt>
        <x>930.81</x>
        <y>279.44</y>
      </pt>
      <pt>
        <x>962.76</x>
        <y>279.44</y>
      </pt>
      <pt>
        <x>762.03</x>
        <y>394.97</y>
      </pt>
      <username></username>
    </polygon>
    <attributes></attributes>
  </object>
  <object>
    <name>lane</name>
    <deleted>0</deleted>
    <verified>0</verified>
    <occluded>no</occluded>
    <date></date>
    <id>1</id>
    <parts>
      <hasparts></hasparts>
      <ispartof></ispartof>
    </parts>
    <polygon>
      <pt>
        <x>0.00</x>
        <y>739.69</y>
      </pt>
      <pt>
        <x>2.46</x>
        <y>721.26</y>
      </pt>
      <pt>
        <x>238.48</x>
        <y>628.97</y>
      </pt>
      <pt>
        <x>374.64</x>
        <y>566.94</y>
      </pt>
      <pt>
        <x>392.80</x>
        <y>582.07</y>
      </pt>
      <pt>
        <x>167.37</x>
        <y>674.36</y>
      </pt>
      <pt>
        <x>0.00</x>
        <y>743.72</y>
      </pt>
      <username></username>
    </polygon>
    <attributes></attributes>
  </object>
  <object>
    <name>lane</name>
    <deleted>0</deleted>
    <verified>0</verified>
    <occluded>no</occluded>
    <date></date>
    <id>2</id>
    <parts>
      <hasparts></hasparts>
      <ispartof></ispartof>
    </parts>
    <polygon>
      <pt>
        <x>302.11</x>
        <y>882.29</y>
      </pt>
      <pt>
        <x>369.65</x>
        <y>891.00</y>
      </pt>
      <pt>
        <x>421.94</x>
        <y>701.46</y>
      </pt>
      <pt>
        <x>517.80</x>
        <y>583.81</y>
      </pt>
      <pt>
        <x>478.60</x>
        <y>572.90</y>
      </pt>
      <pt>
        <x>363.12</x>
        <y>727.60</y>
      </pt>
      <username></username>
    </polygon>
    <attributes></attributes>
  </object>
  <object>
    <name>lane</name>
    <deleted>0</deleted>
    <verified>0</verified>
    <occluded>no</occluded>
    <date></date>
    <id>3</id>
    <parts>
      <hasparts></hasparts>
      <ispartof></ispartof>
    </parts>
    <polygon>
      <pt>
        <x>433.66</x>
        <y>1920.00</y>
      </pt>
      <pt>
        <x>405.82</x>
        <y>1783.33</y>
      </pt>
      <pt>
        <x>384.90</x>
        <y>1683.99</y>
      </pt>
      <pt>
        <x>267.26</x>
        <y>1694.44</y>
      </pt>
      <pt>
        <x>296.01</x>
        <y>1796.41</y>
      </pt>
      <pt>
        <x>308.89</x>
        <y>1920.00</y>
      </pt>
      <username></username>
    </polygon>
    <attributes></attributes>
  </object>
</annotation>
