<annotation>
  <filename>image_1824.jpg</filename>
  <folder></folder>
  <source>
    <sourceImage></sourceImage>
    <sourceAnnotation>Datumaro</sourceAnnotation>
  </source>
  <imagesize>
    <nrows>1920</nrows>
    <ncols>1080</ncols>
  </imagesize>
  <object>
    <name>lane</name>
    <deleted>0</deleted>
    <verified>0</verified>
    <occluded>no</occluded>
    <date></date>
    <id>0</id>
    <parts>
      <hasparts></hasparts>
      <ispartof></ispartof>
    </parts>
    <polygon>
      <pt>
        <x>353.01</x>
        <y>693.94</y>
      </pt>
      <pt>
        <x>373.81</x>
        <y>551.36</y>
      </pt>
      <pt>
        <x>399.94</x>
        <y>554.93</y>
      </pt>
      <pt>
        <x>383.31</x>
        <y>696.91</y>
      </pt>
      <username></username>
    </polygon>
    <attributes></attributes>
  </object>
  <object>
    <name>lane</name>
    <deleted>0</deleted>
    <verified>0</verified>
    <occluded>no</occluded>
    <date></date>
    <id>1</id>
    <parts>
      <hasparts></hasparts>
      <ispartof></ispartof>
    </parts>
    <polygon>
      <pt>
        <x>357.84</x>
        <y>1919.78</y>
      </pt>
      <pt>
        <x>462.57</x>
        <y>1919.78</y>
      </pt>
      <pt>
        <x>378.28</x>
        <y>1018.12</y>
      </pt>
      <pt>
        <x>332.30</x>
        <y>1005.35</y>
      </pt>
      <username></username>
    </polygon>
    <attributes></attributes>
  </object>
  <object>
    <name>lane</name>
    <deleted>0</deleted>
    <verified>0</verified>
    <occluded>no</occluded>
    <date></date>
    <id>2</id>
    <parts>
      <hasparts></hasparts>
      <ispartof></ispartof>
    </parts>
    <polygon>
      <pt>
        <x>398.36</x>
        <y>467.83</y>
      </pt>
      <pt>
        <x>421.76</x>
        <y>469.06</y>
      </pt>
      <pt>
        <x>453.79</x>
        <y>417.33</y>
      </pt>
      <pt>
        <x>437.77</x>
        <y>413.63</y>
      </pt>
      <username></username>
    </polygon>
    <attributes></attributes>
  </object>
</annotation>
