<annotation>
  <filename>image_2089.jpg</filename>
  <folder></folder>
  <source>
    <sourceImage></sourceImage>
    <sourceAnnotation>Datumaro</sourceAnnotation>
  </source>
  <imagesize>
    <nrows>1920</nrows>
    <ncols>1080</ncols>
  </imagesize>
  <object>
    <name>lane</name>
    <deleted>0</deleted>
    <verified>0</verified>
    <occluded>no</occluded>
    <date></date>
    <id>0</id>
    <parts>
      <hasparts></hasparts>
      <ispartof></ispartof>
    </parts>
    <polygon>
      <pt>
        <x>549.02</x>
        <y>896.19</y>
      </pt>
      <pt>
        <x>567.01</x>
        <y>864.75</y>
      </pt>
      <pt>
        <x>578.41</x>
        <y>864.29</y>
      </pt>
      <pt>
        <x>563.60</x>
        <y>897.33</y>
      </pt>
      <username></username>
    </polygon>
    <attributes></attributes>
  </object>
  <object>
    <name>lane</name>
    <deleted>0</deleted>
    <verified>0</verified>
    <occluded>no</occluded>
    <date></date>
    <id>1</id>
    <parts>
      <hasparts></hasparts>
      <ispartof></ispartof>
    </parts>
    <polygon>
      <pt>
        <x>502.94</x>
        <y>1191.34</y>
      </pt>
      <pt>
        <x>493.96</x>
        <y>1690.11</y>
      </pt>
      <pt>
        <x>551.11</x>
        <y>1687.66</y>
      </pt>
      <pt>
        <x>536.41</x>
        <y>1200.32</y>
      </pt>
      <username></username>
    </polygon>
    <attributes></attributes>
  </object>
  <object>
    <name>lane</name>
    <deleted>0</deleted>
    <verified>0</verified>
    <occluded>no</occluded>
    <date></date>
    <id>2</id>
    <parts>
      <hasparts></hasparts>
      <ispartof></ispartof>
    </parts>
    <polygon>
      <pt>
        <x>533.93</x>
        <y>945.88</y>
      </pt>
      <pt>
        <x>518.05</x>
        <y>1024.11</y>
      </pt>
      <pt>
        <x>543.56</x>
        <y>1025.81</y>
      </pt>
      <pt>
        <x>552.07</x>
        <y>945.31</y>
      </pt>
      <username></username>
    </polygon>
    <attributes></attributes>
  </object>
  <object>
    <name>lane</name>
    <deleted>0</deleted>
    <verified>0</verified>
    <occluded>no</occluded>
    <date></date>
    <id>3</id>
    <parts>
      <hasparts></hasparts>
      <ispartof></ispartof>
    </parts>
    <polygon>
      <pt>
        <x>580.00</x>
        <y>841.74</y>
      </pt>
      <pt>
        <x>595.26</x>
        <y>825.34</y>
      </pt>
      <pt>
        <x>603.47</x>
        <y>825.56</y>
      </pt>
      <pt>
        <x>592.76</x>
        <y>842.42</y>
      </pt>
      <username></username>
    </polygon>
    <attributes></attributes>
  </object>
  <object>
    <name>lane</name>
    <deleted>0</deleted>
    <verified>0</verified>
    <occluded>no</occluded>
    <date></date>
    <id>4</id>
    <parts>
      <hasparts></hasparts>
      <ispartof></ispartof>
    </parts>
    <polygon>
      <pt>
        <x>612.12</x>
        <y>813.49</y>
      </pt>
      <pt>
        <x>628.75</x>
        <y>803.01</y>
      </pt>
      <pt>
        <x>634.90</x>
        <y>803.01</y>
      </pt>
      <pt>
        <x>617.36</x>
        <y>813.49</y>
      </pt>
      <username></username>
    </polygon>
    <attributes></attributes>
  </object>
  <object>
    <name>lane</name>
    <deleted>0</deleted>
    <verified>0</verified>
    <occluded>no</occluded>
    <date></date>
    <id>5</id>
    <parts>
      <hasparts></hasparts>
      <ispartof></ispartof>
    </parts>
    <polygon>
      <pt>
        <x>680.51</x>
        <y>783.50</y>
      </pt>
      <pt>
        <x>684.97</x>
        <y>784.92</y>
      </pt>
      <pt>
        <x>700.40</x>
        <y>780.25</y>
      </pt>
      <pt>
        <x>697.35</x>
        <y>778.83</y>
      </pt>
      <username></username>
    </polygon>
    <attributes></attributes>
  </object>
  <object>
    <name>lane</name>
    <deleted>0</deleted>
    <verified>0</verified>
    <occluded>no</occluded>
    <date></date>
    <id>6</id>
    <parts>
      <hasparts></hasparts>
      <ispartof></ispartof>
    </parts>
    <polygon>
      <pt>
        <x>648.57</x>
        <y>794.10</y>
      </pt>
      <pt>
        <x>652.78</x>
        <y>795.86</y>
      </pt>
      <pt>
        <x>669.26</x>
        <y>789.19</y>
      </pt>
      <pt>
        <x>665.76</x>
        <y>788.14</y>
      </pt>
      <username></username>
    </polygon>
    <attributes></attributes>
  </object>
  <object>
    <name>lane</name>
    <deleted>0</deleted>
    <verified>0</verified>
    <occluded>no</occluded>
    <date></date>
    <id>7</id>
    <parts>
      <hasparts></hasparts>
      <ispartof></ispartof>
    </parts>
    <polygon>
      <pt>
        <x>712.57</x>
        <y>775.99</y>
      </pt>
      <pt>
        <x>717.85</x>
        <y>778.02</y>
      </pt>
      <pt>
        <x>735.91</x>
        <y>773.96</y>
      </pt>
      <pt>
        <x>734.08</x>
        <y>772.74</y>
      </pt>
      <username></username>
    </polygon>
    <attributes></attributes>
  </object>
  <object>
    <name>lane</name>
    <deleted>0</deleted>
    <verified>0</verified>
    <occluded>no</occluded>
    <date></date>
    <id>8</id>
    <parts>
      <hasparts></hasparts>
      <ispartof></ispartof>
    </parts>
    <polygon>
      <pt>
        <x>751.54</x>
        <y>769.70</y>
      </pt>
      <pt>
        <x>753.97</x>
        <y>771.12</y>
      </pt>
      <pt>
        <x>771.02</x>
        <y>767.87</y>
      </pt>
      <pt>
        <x>770.61</x>
        <y>766.86</y>
      </pt>
      <username></username>
    </polygon>
    <attributes></attributes>
  </object>
</annotation>
