<annotation>
  <filename>image_2827.jpg</filename>
  <folder></folder>
  <source>
    <sourceImage></sourceImage>
    <sourceAnnotation>Datumaro</sourceAnnotation>
  </source>
  <imagesize>
    <nrows>1920</nrows>
    <ncols>1080</ncols>
  </imagesize>
  <object>
    <name>lane</name>
    <deleted>0</deleted>
    <verified>0</verified>
    <occluded>no</occluded>
    <date></date>
    <id>0</id>
    <parts>
      <hasparts></hasparts>
      <ispartof></ispartof>
    </parts>
    <polygon>
      <pt>
        <x>454.64</x>
        <y>71.32</y>
      </pt>
      <pt>
        <x>460.31</x>
        <y>70.73</y>
      </pt>
      <pt>
        <x>460.01</x>
        <y>77.60</y>
      </pt>
      <pt>
        <x>452.25</x>
        <y>79.69</y>
      </pt>
      <username></username>
    </polygon>
    <attributes></attributes>
  </object>
  <object>
    <name>lane</name>
    <deleted>0</deleted>
    <verified>0</verified>
    <occluded>no</occluded>
    <date></date>
    <id>1</id>
    <parts>
      <hasparts></hasparts>
      <ispartof></ispartof>
    </parts>
    <polygon>
      <pt>
        <x>449.26</x>
        <y>54.60</y>
      </pt>
      <pt>
        <x>455.53</x>
        <y>55.50</y>
      </pt>
      <pt>
        <x>457.32</x>
        <y>61.17</y>
      </pt>
      <pt>
        <x>450.45</x>
        <y>61.77</y>
      </pt>
      <username></username>
    </polygon>
    <attributes></attributes>
  </object>
  <object>
    <name>lane</name>
    <deleted>0</deleted>
    <verified>0</verified>
    <occluded>no</occluded>
    <date></date>
    <id>2</id>
    <parts>
      <hasparts></hasparts>
      <ispartof></ispartof>
    </parts>
    <polygon>
      <pt>
        <x>439.71</x>
        <y>43.26</y>
      </pt>
      <pt>
        <x>443.59</x>
        <y>42.06</y>
      </pt>
      <pt>
        <x>449.86</x>
        <y>48.63</y>
      </pt>
      <pt>
        <x>445.08</x>
        <y>48.63</y>
      </pt>
      <username></username>
    </polygon>
    <attributes></attributes>
  </object>
  <object>
    <name>lane</name>
    <deleted>0</deleted>
    <verified>0</verified>
    <occluded>no</occluded>
    <date></date>
    <id>3</id>
    <parts>
      <hasparts></hasparts>
      <ispartof></ispartof>
    </parts>
    <polygon>
      <pt>
        <x>451.95</x>
        <y>94.91</y>
      </pt>
      <pt>
        <x>461.80</x>
        <y>94.32</y>
      </pt>
      <pt>
        <x>463.00</x>
        <y>115.82</y>
      </pt>
      <pt>
        <x>452.55</x>
        <y>115.22</y>
      </pt>
      <username></username>
    </polygon>
    <attributes></attributes>
  </object>
  <object>
    <name>lane</name>
    <deleted>0</deleted>
    <verified>0</verified>
    <occluded>no</occluded>
    <date></date>
    <id>4</id>
    <parts>
      <hasparts></hasparts>
      <ispartof></ispartof>
    </parts>
    <polygon>
      <pt>
        <x>447.61</x>
        <y>1172.00</y>
      </pt>
      <pt>
        <x>516.63</x>
        <y>1172.00</y>
      </pt>
      <pt>
        <x>551.14</x>
        <y>1918.67</y>
      </pt>
      <pt>
        <x>435.06</x>
        <y>1915.53</y>
      </pt>
      <username></username>
    </polygon>
    <attributes></attributes>
  </object>
  <object>
    <name>lane</name>
    <deleted>0</deleted>
    <verified>0</verified>
    <occluded>no</occluded>
    <date></date>
    <id>5</id>
    <parts>
      <hasparts></hasparts>
      <ispartof></ispartof>
    </parts>
    <polygon>
      <pt>
        <x>452.82</x>
        <y>145.24</y>
      </pt>
      <pt>
        <x>463.33</x>
        <y>145.24</y>
      </pt>
      <pt>
        <x>468.58</x>
        <y>181.14</y>
      </pt>
      <pt>
        <x>456.32</x>
        <y>182.89</y>
      </pt>
      <username></username>
    </polygon>
    <attributes></attributes>
  </object>
  <object>
    <name>lane</name>
    <deleted>0</deleted>
    <verified>0</verified>
    <occluded>no</occluded>
    <date></date>
    <id>6</id>
    <parts>
      <hasparts></hasparts>
      <ispartof></ispartof>
    </parts>
    <polygon>
      <pt>
        <x>455.45</x>
        <y>220.54</y>
      </pt>
      <pt>
        <x>469.46</x>
        <y>220.54</y>
      </pt>
      <pt>
        <x>473.83</x>
        <y>285.33</y>
      </pt>
      <pt>
        <x>454.57</x>
        <y>289.70</y>
      </pt>
      <username></username>
    </polygon>
    <attributes></attributes>
  </object>
  <object>
    <name>lane</name>
    <deleted>0</deleted>
    <verified>0</verified>
    <occluded>no</occluded>
    <date></date>
    <id>7</id>
    <parts>
      <hasparts></hasparts>
      <ispartof></ispartof>
    </parts>
    <polygon>
      <pt>
        <x>451.07</x>
        <y>396.52</y>
      </pt>
      <pt>
        <x>476.46</x>
        <y>394.77</y>
      </pt>
      <pt>
        <x>487.84</x>
        <y>609.28</y>
      </pt>
      <pt>
        <x>449.32</x>
        <y>611.91</y>
      </pt>
      <username></username>
    </polygon>
    <attributes></attributes>
  </object>
</annotation>
