<annotation>
  <filename>image_690.jpg</filename>
  <folder></folder>
  <source>
    <sourceImage></sourceImage>
    <sourceAnnotation>Datumaro</sourceAnnotation>
  </source>
  <imagesize>
    <nrows>1920</nrows>
    <ncols>1080</ncols>
  </imagesize>
  <object>
    <name>lane</name>
    <deleted>0</deleted>
    <verified>0</verified>
    <occluded>no</occluded>
    <date></date>
    <id>0</id>
    <parts>
      <hasparts></hasparts>
      <ispartof></ispartof>
    </parts>
    <polygon>
      <pt>
        <x>448.40</x>
        <y>898.50</y>
      </pt>
      <pt>
        <x>514.70</x>
        <y>893.40</y>
      </pt>
      <pt>
        <x>587.76</x>
        <y>1280.76</y>
      </pt>
      <pt>
        <x>650.60</x>
        <y>1693.60</y>
      </pt>
      <pt>
        <x>538.50</x>
        <y>1717.40</y>
      </pt>
      <pt>
        <x>484.13</x>
        <y>1146.54</y>
      </pt>
      <username></username>
    </polygon>
    <attributes></attributes>
  </object>
  <object>
    <name>lane</name>
    <deleted>0</deleted>
    <verified>0</verified>
    <occluded>no</occluded>
    <date></date>
    <id>1</id>
    <parts>
      <hasparts></hasparts>
      <ispartof></ispartof>
    </parts>
    <polygon>
      <pt>
        <x>356.50</x>
        <y>426.80</y>
      </pt>
      <pt>
        <x>390.00</x>
        <y>425.50</y>
      </pt>
      <pt>
        <x>419.33</x>
        <y>518.33</y>
      </pt>
      <pt>
        <x>440.50</x>
        <y>590.70</y>
      </pt>
      <pt>
        <x>396.60</x>
        <y>595.10</y>
      </pt>
      <username></username>
    </polygon>
    <attributes></attributes>
  </object>
  <object>
    <name>lane</name>
    <deleted>0</deleted>
    <verified>0</verified>
    <occluded>no</occluded>
    <date></date>
    <id>2</id>
    <parts>
      <hasparts></hasparts>
      <ispartof></ispartof>
    </parts>
    <polygon>
      <pt>
        <x>277.90</x>
        <y>249.30</y>
      </pt>
      <pt>
        <x>301.10</x>
        <y>249.30</y>
      </pt>
      <pt>
        <x>344.80</x>
        <y>319.60</y>
      </pt>
      <pt>
        <x>316.80</x>
        <y>321.70</y>
      </pt>
      <username></username>
    </polygon>
    <attributes></attributes>
  </object>
  <object>
    <name>lane</name>
    <deleted>0</deleted>
    <verified>0</verified>
    <occluded>no</occluded>
    <date></date>
    <id>3</id>
    <parts>
      <hasparts></hasparts>
      <ispartof></ispartof>
    </parts>
    <polygon>
      <pt>
        <x>207.60</x>
        <y>160.60</y>
      </pt>
      <pt>
        <x>242.50</x>
        <y>199.80</y>
      </pt>
      <pt>
        <x>262.46</x>
        <y>198.87</y>
      </pt>
      <pt>
        <x>225.40</x>
        <y>161.40</y>
      </pt>
      <username></username>
    </polygon>
    <attributes></attributes>
  </object>
  <object>
    <name>lane</name>
    <deleted>0</deleted>
    <verified>0</verified>
    <occluded>no</occluded>
    <date></date>
    <id>4</id>
    <parts>
      <hasparts></hasparts>
      <ispartof></ispartof>
    </parts>
    <polygon>
      <pt>
        <x>138.20</x>
        <y>104.80</y>
      </pt>
      <pt>
        <x>170.40</x>
        <y>130.00</y>
      </pt>
      <pt>
        <x>187.20</x>
        <y>131.70</y>
      </pt>
      <pt>
        <x>153.10</x>
        <y>105.50</y>
      </pt>
      <username></username>
    </polygon>
    <attributes></attributes>
  </object>
  <object>
    <name>lane</name>
    <deleted>0</deleted>
    <verified>0</verified>
    <occluded>no</occluded>
    <date></date>
    <id>5</id>
    <parts>
      <hasparts></hasparts>
      <ispartof></ispartof>
    </parts>
    <polygon>
      <pt>
        <x>65.70</x>
        <y>70.40</y>
      </pt>
      <pt>
        <x>105.51</x>
        <y>87.92</y>
      </pt>
      <pt>
        <x>117.84</x>
        <y>87.45</y>
      </pt>
      <pt>
        <x>77.10</x>
        <y>69.40</y>
      </pt>
      <username></username>
    </polygon>
    <attributes></attributes>
  </object>
  <object>
    <name>lane</name>
    <deleted>0</deleted>
    <verified>0</verified>
    <occluded>no</occluded>
    <date></date>
    <id>6</id>
    <parts>
      <hasparts></hasparts>
      <ispartof></ispartof>
    </parts>
    <polygon>
      <pt>
        <x>0.10</x>
        <y>42.40</y>
      </pt>
      <pt>
        <x>35.10</x>
        <y>56.40</y>
      </pt>
      <pt>
        <x>49.30</x>
        <y>56.00</y>
      </pt>
      <pt>
        <x>6.10</x>
        <y>40.60</y>
      </pt>
      <username></username>
    </polygon>
    <attributes></attributes>
  </object>
</annotation>
