<annotation>
  <filename>image_1303.jpg</filename>
  <folder></folder>
  <source>
    <sourceImage></sourceImage>
    <sourceAnnotation>Datumaro</sourceAnnotation>
  </source>
  <imagesize>
    <nrows>1920</nrows>
    <ncols>1080</ncols>
  </imagesize>
  <object>
    <name>lane</name>
    <deleted>0</deleted>
    <verified>0</verified>
    <occluded>no</occluded>
    <date></date>
    <id>0</id>
    <parts>
      <hasparts></hasparts>
      <ispartof></ispartof>
    </parts>
    <type>bounding_box</type>
    <polygon>
      <pt>
        <x>571.80</x>
        <y>767.48</y>
      </pt>
      <pt>
        <x>620.97</x>
        <y>767.48</y>
      </pt>
      <pt>
        <x>620.97</x>
        <y>1034.77</y>
      </pt>
      <pt>
        <x>571.80</x>
        <y>1034.77</y>
      </pt>
      <username></username>
    </polygon>
    <attributes>rotation=0.0</attributes>
  </object>
  <object>
    <name>lane</name>
    <deleted>0</deleted>
    <verified>0</verified>
    <occluded>no</occluded>
    <date></date>
    <id>1</id>
    <parts>
      <hasparts></hasparts>
      <ispartof></ispartof>
    </parts>
    <type>bounding_box</type>
    <polygon>
      <pt>
        <x>583.70</x>
        <y>528.46</y>
      </pt>
      <pt>
        <x>614.34</x>
        <y>528.46</y>
      </pt>
      <pt>
        <x>614.34</x>
        <y>628.42</y>
      </pt>
      <pt>
        <x>583.70</x>
        <y>628.42</y>
      </pt>
      <username></username>
    </polygon>
    <attributes>rotation=0.0</attributes>
  </object>
  <object>
    <name>lane</name>
    <deleted>0</deleted>
    <verified>0</verified>
    <occluded>no</occluded>
    <date></date>
    <id>2</id>
    <parts>
      <hasparts></hasparts>
      <ispartof></ispartof>
    </parts>
    <type>bounding_box</type>
    <polygon>
      <pt>
        <x>589.55</x>
        <y>415.49</y>
      </pt>
      <pt>
        <x>610.56</x>
        <y>415.49</y>
      </pt>
      <pt>
        <x>610.56</x>
        <y>464.52</y>
      </pt>
      <pt>
        <x>589.55</x>
        <y>464.52</y>
      </pt>
      <username></username>
    </polygon>
    <attributes>rotation=0.0</attributes>
  </object>
  <object>
    <name>lane</name>
    <deleted>0</deleted>
    <verified>0</verified>
    <occluded>no</occluded>
    <date></date>
    <id>3</id>
    <parts>
      <hasparts></hasparts>
      <ispartof></ispartof>
    </parts>
    <type>bounding_box</type>
    <polygon>
      <pt>
        <x>599.84</x>
        <y>246.01</y>
      </pt>
      <pt>
        <x>607.86</x>
        <y>246.01</y>
      </pt>
      <pt>
        <x>607.86</x>
        <y>257.41</y>
      </pt>
      <pt>
        <x>599.84</x>
        <y>257.41</y>
      </pt>
      <username></username>
    </polygon>
    <attributes>rotation=0.0</attributes>
  </object>
  <object>
    <name>lane</name>
    <deleted>0</deleted>
    <verified>0</verified>
    <occluded>no</occluded>
    <date></date>
    <id>4</id>
    <parts>
      <hasparts></hasparts>
      <ispartof></ispartof>
    </parts>
    <type>bounding_box</type>
    <polygon>
      <pt>
        <x>537.74</x>
        <y>1686.07</y>
      </pt>
      <pt>
        <x>641.23</x>
        <y>1686.07</y>
      </pt>
      <pt>
        <x>641.23</x>
        <y>1918.46</y>
      </pt>
      <pt>
        <x>537.74</x>
        <y>1918.46</y>
      </pt>
      <username></username>
    </polygon>
    <attributes>rotation=0.0</attributes>
  </object>
  <object>
    <name>lane</name>
    <deleted>0</deleted>
    <verified>0</verified>
    <occluded>no</occluded>
    <date></date>
    <id>5</id>
    <parts>
      <hasparts></hasparts>
      <ispartof></ispartof>
    </parts>
    <type>bounding_box</type>
    <polygon>
      <pt>
        <x>601.76</x>
        <y>214.58</y>
      </pt>
      <pt>
        <x>609.26</x>
        <y>214.58</y>
      </pt>
      <pt>
        <x>609.26</x>
        <y>219.41</y>
      </pt>
      <pt>
        <x>601.76</x>
        <y>219.41</y>
      </pt>
      <username></username>
    </polygon>
    <attributes>rotation=0.0</attributes>
  </object>
  <object>
    <name>lane</name>
    <deleted>0</deleted>
    <verified>0</verified>
    <occluded>no</occluded>
    <date></date>
    <id>6</id>
    <parts>
      <hasparts></hasparts>
      <ispartof></ispartof>
    </parts>
    <type>bounding_box</type>
    <polygon>
      <pt>
        <x>598.57</x>
        <y>264.58</y>
      </pt>
      <pt>
        <x>608.71</x>
        <y>264.58</y>
      </pt>
      <pt>
        <x>608.71</x>
        <y>277.67</y>
      </pt>
      <pt>
        <x>598.57</x>
        <y>277.67</y>
      </pt>
      <username></username>
    </polygon>
    <attributes>rotation=0.0</attributes>
  </object>
  <object>
    <name>lane</name>
    <deleted>0</deleted>
    <verified>0</verified>
    <occluded>no</occluded>
    <date></date>
    <id>7</id>
    <parts>
      <hasparts></hasparts>
      <ispartof></ispartof>
    </parts>
    <type>bounding_box</type>
    <polygon>
      <pt>
        <x>595.68</x>
        <y>317.43</y>
      </pt>
      <pt>
        <x>608.81</x>
        <y>317.43</y>
      </pt>
      <pt>
        <x>608.81</x>
        <y>335.81</y>
      </pt>
      <pt>
        <x>595.68</x>
        <y>335.81</y>
      </pt>
      <username></username>
    </polygon>
    <attributes>rotation=0.0</attributes>
  </object>
  <object>
    <name>lane</name>
    <deleted>0</deleted>
    <verified>0</verified>
    <occluded>no</occluded>
    <date></date>
    <id>8</id>
    <parts>
      <hasparts></hasparts>
      <ispartof></ispartof>
    </parts>
    <type>bounding_box</type>
    <polygon>
      <pt>
        <x>591.30</x>
        <y>354.20</y>
      </pt>
      <pt>
        <x>608.81</x>
        <y>354.20</y>
      </pt>
      <pt>
        <x>608.81</x>
        <y>382.22</y>
      </pt>
      <pt>
        <x>591.30</x>
        <y>382.22</y>
      </pt>
      <username></username>
    </polygon>
    <attributes>rotation=0.0</attributes>
  </object>
  <object>
    <name>lane</name>
    <deleted>0</deleted>
    <verified>0</verified>
    <occluded>no</occluded>
    <date></date>
    <id>9</id>
    <parts>
      <hasparts></hasparts>
      <ispartof></ispartof>
    </parts>
    <type>bounding_box</type>
    <polygon>
      <pt>
        <x>597.31</x>
        <y>284.01</y>
      </pt>
      <pt>
        <x>609.13</x>
        <y>284.01</y>
      </pt>
      <pt>
        <x>609.13</x>
        <y>302.59</y>
      </pt>
      <pt>
        <x>597.31</x>
        <y>302.59</y>
      </pt>
      <username></username>
    </polygon>
    <attributes>rotation=0.0</attributes>
  </object>
  <object>
    <name>lane</name>
    <deleted>0</deleted>
    <verified>0</verified>
    <occluded>no</occluded>
    <date></date>
    <id>10</id>
    <parts>
      <hasparts></hasparts>
      <ispartof></ispartof>
    </parts>
    <type>bounding_box</type>
    <polygon>
      <pt>
        <x>602.02</x>
        <y>223.96</y>
      </pt>
      <pt>
        <x>607.92</x>
        <y>223.96</y>
      </pt>
      <pt>
        <x>607.92</x>
        <y>227.98</y>
      </pt>
      <pt>
        <x>602.02</x>
        <y>227.98</y>
      </pt>
      <username></username>
    </polygon>
    <attributes>rotation=0.0</attributes>
  </object>
  <object>
    <name>lane</name>
    <deleted>0</deleted>
    <verified>0</verified>
    <occluded>no</occluded>
    <date></date>
    <id>11</id>
    <parts>
      <hasparts></hasparts>
      <ispartof></ispartof>
    </parts>
    <type>bounding_box</type>
    <polygon>
      <pt>
        <x>602.37</x>
        <y>205.89</y>
      </pt>
      <pt>
        <x>608.71</x>
        <y>205.89</y>
      </pt>
      <pt>
        <x>608.71</x>
        <y>213.07</y>
      </pt>
      <pt>
        <x>602.37</x>
        <y>213.07</y>
      </pt>
      <username></username>
    </polygon>
    <attributes>rotation=0.0</attributes>
  </object>
  <object>
    <name>lane</name>
    <deleted>0</deleted>
    <verified>0</verified>
    <occluded>no</occluded>
    <date></date>
    <id>12</id>
    <parts>
      <hasparts></hasparts>
      <ispartof></ispartof>
    </parts>
    <type>bounding_box</type>
    <polygon>
      <pt>
        <x>601.53</x>
        <y>233.34</y>
      </pt>
      <pt>
        <x>607.86</x>
        <y>233.34</y>
      </pt>
      <pt>
        <x>607.86</x>
        <y>239.67</y>
      </pt>
      <pt>
        <x>601.53</x>
        <y>239.67</y>
      </pt>
      <username></username>
    </polygon>
    <attributes>rotation=0.0</attributes>
  </object>
</annotation>
