<annotation>
  <filename>image_1846.jpg</filename>
  <folder></folder>
  <source>
    <sourceImage></sourceImage>
    <sourceAnnotation>Datumaro</sourceAnnotation>
  </source>
  <imagesize>
    <nrows>1920</nrows>
    <ncols>1080</ncols>
  </imagesize>
  <object>
    <name>lane</name>
    <deleted>0</deleted>
    <verified>0</verified>
    <occluded>no</occluded>
    <date></date>
    <id>0</id>
    <parts>
      <hasparts></hasparts>
      <ispartof></ispartof>
    </parts>
    <polygon>
      <pt>
        <x>284.63</x>
        <y>187.11</y>
      </pt>
      <pt>
        <x>288.18</x>
        <y>185.93</y>
      </pt>
      <pt>
        <x>311.80</x>
        <y>193.02</y>
      </pt>
      <pt>
        <x>307.67</x>
        <y>194.20</y>
      </pt>
      <username></username>
    </polygon>
    <attributes></attributes>
  </object>
  <object>
    <name>lane</name>
    <deleted>0</deleted>
    <verified>0</verified>
    <occluded>no</occluded>
    <date></date>
    <id>1</id>
    <parts>
      <hasparts></hasparts>
      <ispartof></ispartof>
    </parts>
    <polygon>
      <pt>
        <x>332.47</x>
        <y>204.11</y>
      </pt>
      <pt>
        <x>356.92</x>
        <y>215.92</y>
      </pt>
      <pt>
        <x>365.18</x>
        <y>216.27</y>
      </pt>
      <pt>
        <x>336.13</x>
        <y>203.40</y>
      </pt>
      <username></username>
    </polygon>
    <attributes></attributes>
  </object>
  <object>
    <name>lane</name>
    <deleted>0</deleted>
    <verified>0</verified>
    <occluded>no</occluded>
    <date></date>
    <id>2</id>
    <parts>
      <hasparts></hasparts>
      <ispartof></ispartof>
    </parts>
    <polygon>
      <pt>
        <x>384.80</x>
        <y>232.00</y>
      </pt>
      <pt>
        <x>407.05</x>
        <y>249.01</y>
      </pt>
      <pt>
        <x>416.97</x>
        <y>249.29</y>
      </pt>
      <pt>
        <x>390.04</x>
        <y>230.44</y>
      </pt>
      <username></username>
    </polygon>
    <attributes></attributes>
  </object>
  <object>
    <name>lane</name>
    <deleted>0</deleted>
    <verified>0</verified>
    <occluded>no</occluded>
    <date></date>
    <id>3</id>
    <parts>
      <hasparts></hasparts>
      <ispartof></ispartof>
    </parts>
    <polygon>
      <pt>
        <x>452.58</x>
        <y>300.68</y>
      </pt>
      <pt>
        <x>466.24</x>
        <y>301.27</y>
      </pt>
      <pt>
        <x>441.70</x>
        <y>270.10</y>
      </pt>
      <pt>
        <x>430.60</x>
        <y>269.19</y>
      </pt>
      <username></username>
    </polygon>
    <attributes></attributes>
  </object>
  <object>
    <name>lane</name>
    <deleted>0</deleted>
    <verified>0</verified>
    <occluded>no</occluded>
    <date></date>
    <id>4</id>
    <parts>
      <hasparts></hasparts>
      <ispartof></ispartof>
    </parts>
    <polygon>
      <pt>
        <x>475.40</x>
        <y>339.00</y>
      </pt>
      <pt>
        <x>486.60</x>
        <y>339.40</y>
      </pt>
      <pt>
        <x>507.82</x>
        <y>403.45</y>
      </pt>
      <pt>
        <x>490.00</x>
        <y>404.64</y>
      </pt>
      <username></username>
    </polygon>
    <attributes></attributes>
  </object>
  <object>
    <name>lane</name>
    <deleted>0</deleted>
    <verified>0</verified>
    <occluded>no</occluded>
    <date></date>
    <id>5</id>
    <parts>
      <hasparts></hasparts>
      <ispartof></ispartof>
    </parts>
    <polygon>
      <pt>
        <x>486.44</x>
        <y>297.71</y>
      </pt>
      <pt>
        <x>496.53</x>
        <y>300.68</y>
      </pt>
      <pt>
        <x>590.99</x>
        <y>270.38</y>
      </pt>
      <pt>
        <x>584.70</x>
        <y>267.60</y>
      </pt>
      <username></username>
    </polygon>
    <attributes></attributes>
  </object>
  <object>
    <name>lane</name>
    <deleted>0</deleted>
    <verified>0</verified>
    <occluded>no</occluded>
    <date></date>
    <id>6</id>
    <parts>
      <hasparts></hasparts>
      <ispartof></ispartof>
    </parts>
    <polygon>
      <pt>
        <x>181.76</x>
        <y>160.77</y>
      </pt>
      <pt>
        <x>185.66</x>
        <y>159.46</y>
      </pt>
      <pt>
        <x>211.52</x>
        <y>165.49</y>
      </pt>
      <pt>
        <x>208.81</x>
        <y>167.03</y>
      </pt>
      <username></username>
    </polygon>
    <attributes></attributes>
  </object>
  <object>
    <name>lane</name>
    <deleted>0</deleted>
    <verified>0</verified>
    <occluded>no</occluded>
    <date></date>
    <id>7</id>
    <parts>
      <hasparts></hasparts>
      <ispartof></ispartof>
    </parts>
    <polygon>
      <pt>
        <x>234.56</x>
        <y>172.45</y>
      </pt>
      <pt>
        <x>238.45</x>
        <y>171.28</y>
      </pt>
      <pt>
        <x>263.26</x>
        <y>177.77</y>
      </pt>
      <pt>
        <x>260.66</x>
        <y>178.83</y>
      </pt>
      <username></username>
    </polygon>
    <attributes></attributes>
  </object>
  <object>
    <name>lane</name>
    <deleted>0</deleted>
    <verified>0</verified>
    <occluded>no</occluded>
    <date></date>
    <id>8</id>
    <parts>
      <hasparts></hasparts>
      <ispartof></ispartof>
    </parts>
    <polygon>
      <pt>
        <x>518.68</x>
        <y>881.81</y>
      </pt>
      <pt>
        <x>565.73</x>
        <y>882.66</y>
      </pt>
      <pt>
        <x>534.93</x>
        <y>587.54</y>
      </pt>
      <pt>
        <x>504.99</x>
        <y>587.54</y>
      </pt>
      <username></username>
    </polygon>
    <attributes></attributes>
  </object>
</annotation>
