<annotation>
  <filename>image_1266.jpg</filename>
  <folder></folder>
  <source>
    <sourceImage></sourceImage>
    <sourceAnnotation>Datumaro</sourceAnnotation>
  </source>
  <imagesize>
    <nrows>1920</nrows>
    <ncols>1080</ncols>
  </imagesize>
  <object>
    <name>lane</name>
    <deleted>0</deleted>
    <verified>0</verified>
    <occluded>no</occluded>
    <date></date>
    <id>0</id>
    <parts>
      <hasparts></hasparts>
      <ispartof></ispartof>
    </parts>
    <type>bounding_box</type>
    <polygon>
      <pt>
        <x>539.64</x>
        <y>384.50</y>
      </pt>
      <pt>
        <x>558.03</x>
        <y>384.50</y>
      </pt>
      <pt>
        <x>558.03</x>
        <y>421.27</y>
      </pt>
      <pt>
        <x>539.64</x>
        <y>421.27</y>
      </pt>
      <username></username>
    </polygon>
    <attributes>rotation=0.0</attributes>
  </object>
  <object>
    <name>lane</name>
    <deleted>0</deleted>
    <verified>0</verified>
    <occluded>no</occluded>
    <date></date>
    <id>1</id>
    <parts>
      <hasparts></hasparts>
      <ispartof></ispartof>
    </parts>
    <polygon>
      <pt>
        <x>490.90</x>
        <y>1174.63</y>
      </pt>
      <pt>
        <x>561.71</x>
        <y>1174.63</y>
      </pt>
      <pt>
        <x>567.15</x>
        <y>1915.37</y>
      </pt>
      <pt>
        <x>454.60</x>
        <y>1919.00</y>
      </pt>
      <username></username>
    </polygon>
    <attributes></attributes>
  </object>
  <object>
    <name>lane</name>
    <deleted>0</deleted>
    <verified>0</verified>
    <occluded>no</occluded>
    <date></date>
    <id>2</id>
    <parts>
      <hasparts></hasparts>
      <ispartof></ispartof>
    </parts>
    <polygon>
      <pt>
        <x>522.38</x>
        <y>654.76</y>
      </pt>
      <pt>
        <x>560.20</x>
        <y>652.24</y>
      </pt>
      <pt>
        <x>569.00</x>
        <y>832.50</y>
      </pt>
      <pt>
        <x>513.55</x>
        <y>826.23</y>
      </pt>
      <username></username>
    </polygon>
    <attributes></attributes>
  </object>
  <object>
    <name>lane</name>
    <deleted>0</deleted>
    <verified>0</verified>
    <occluded>no</occluded>
    <date></date>
    <id>3</id>
    <parts>
      <hasparts></hasparts>
      <ispartof></ispartof>
    </parts>
    <polygon>
      <pt>
        <x>531.81</x>
        <y>472.45</y>
      </pt>
      <pt>
        <x>560.18</x>
        <y>473.50</y>
      </pt>
      <pt>
        <x>561.23</x>
        <y>543.90</y>
      </pt>
      <pt>
        <x>531.81</x>
        <y>547.05</y>
      </pt>
      <username></username>
    </polygon>
    <attributes></attributes>
  </object>
  <object>
    <name>lane</name>
    <deleted>0</deleted>
    <verified>0</verified>
    <occluded>no</occluded>
    <date></date>
    <id>4</id>
    <parts>
      <hasparts></hasparts>
      <ispartof></ispartof>
    </parts>
    <type>bounding_box</type>
    <polygon>
      <pt>
        <x>540.52</x>
        <y>324.08</y>
      </pt>
      <pt>
        <x>556.28</x>
        <y>324.08</y>
      </pt>
      <pt>
        <x>556.28</x>
        <y>353.85</y>
      </pt>
      <pt>
        <x>540.52</x>
        <y>353.85</y>
      </pt>
      <username></username>
    </polygon>
    <attributes>rotation=0.0</attributes>
  </object>
  <object>
    <name>lane</name>
    <deleted>0</deleted>
    <verified>0</verified>
    <occluded>no</occluded>
    <date></date>
    <id>5</id>
    <parts>
      <hasparts></hasparts>
      <ispartof></ispartof>
    </parts>
    <type>bounding_box</type>
    <polygon>
      <pt>
        <x>556.32</x>
        <y>198.23</y>
      </pt>
      <pt>
        <x>563.17</x>
        <y>198.23</y>
      </pt>
      <pt>
        <x>563.17</x>
        <y>202.63</y>
      </pt>
      <pt>
        <x>556.32</x>
        <y>202.63</y>
      </pt>
      <username></username>
    </polygon>
    <attributes>rotation=0.0</attributes>
  </object>
  <object>
    <name>lane</name>
    <deleted>0</deleted>
    <verified>0</verified>
    <occluded>no</occluded>
    <date></date>
    <id>6</id>
    <parts>
      <hasparts></hasparts>
      <ispartof></ispartof>
    </parts>
    <type>bounding_box</type>
    <polygon>
      <pt>
        <x>549.24</x>
        <y>248.08</y>
      </pt>
      <pt>
        <x>559.26</x>
        <y>248.08</y>
      </pt>
      <pt>
        <x>559.26</x>
        <y>258.34</y>
      </pt>
      <pt>
        <x>549.24</x>
        <y>258.34</y>
      </pt>
      <username></username>
    </polygon>
    <attributes>rotation=0.0</attributes>
  </object>
  <object>
    <name>lane</name>
    <deleted>0</deleted>
    <verified>0</verified>
    <occluded>no</occluded>
    <date></date>
    <id>7</id>
    <parts>
      <hasparts></hasparts>
      <ispartof></ispartof>
    </parts>
    <type>bounding_box</type>
    <polygon>
      <pt>
        <x>551.44</x>
        <y>235.37</y>
      </pt>
      <pt>
        <x>559.99</x>
        <y>235.37</y>
      </pt>
      <pt>
        <x>559.99</x>
        <y>241.97</y>
      </pt>
      <pt>
        <x>551.44</x>
        <y>241.97</y>
      </pt>
      <username></username>
    </polygon>
    <attributes>rotation=0.0</attributes>
  </object>
  <object>
    <name>lane</name>
    <deleted>0</deleted>
    <verified>0</verified>
    <occluded>no</occluded>
    <date></date>
    <id>8</id>
    <parts>
      <hasparts></hasparts>
      <ispartof></ispartof>
    </parts>
    <type>bounding_box</type>
    <polygon>
      <pt>
        <x>552.41</x>
        <y>224.13</y>
      </pt>
      <pt>
        <x>560.97</x>
        <y>224.13</y>
      </pt>
      <pt>
        <x>560.97</x>
        <y>229.02</y>
      </pt>
      <pt>
        <x>552.41</x>
        <y>229.02</y>
      </pt>
      <username></username>
    </polygon>
    <attributes>rotation=0.0</attributes>
  </object>
  <object>
    <name>lane</name>
    <deleted>0</deleted>
    <verified>0</verified>
    <occluded>no</occluded>
    <date></date>
    <id>9</id>
    <parts>
      <hasparts></hasparts>
      <ispartof></ispartof>
    </parts>
    <type>bounding_box</type>
    <polygon>
      <pt>
        <x>554.37</x>
        <y>214.60</y>
      </pt>
      <pt>
        <x>562.19</x>
        <y>214.60</y>
      </pt>
      <pt>
        <x>562.19</x>
        <y>219.24</y>
      </pt>
      <pt>
        <x>554.37</x>
        <y>219.24</y>
      </pt>
      <username></username>
    </polygon>
    <attributes>rotation=0.0</attributes>
  </object>
  <object>
    <name>lane</name>
    <deleted>0</deleted>
    <verified>0</verified>
    <occluded>no</occluded>
    <date></date>
    <id>10</id>
    <parts>
      <hasparts></hasparts>
      <ispartof></ispartof>
    </parts>
    <type>bounding_box</type>
    <polygon>
      <pt>
        <x>555.83</x>
        <y>206.78</y>
      </pt>
      <pt>
        <x>562.68</x>
        <y>206.78</y>
      </pt>
      <pt>
        <x>562.68</x>
        <y>210.69</y>
      </pt>
      <pt>
        <x>555.83</x>
        <y>210.69</y>
      </pt>
      <username></username>
    </polygon>
    <attributes>rotation=0.0</attributes>
  </object>
  <object>
    <name>lane</name>
    <deleted>0</deleted>
    <verified>0</verified>
    <occluded>no</occluded>
    <date></date>
    <id>11</id>
    <parts>
      <hasparts></hasparts>
      <ispartof></ispartof>
    </parts>
    <type>bounding_box</type>
    <polygon>
      <pt>
        <x>555.59</x>
        <y>191.39</y>
      </pt>
      <pt>
        <x>562.19</x>
        <y>191.39</y>
      </pt>
      <pt>
        <x>562.19</x>
        <y>194.81</y>
      </pt>
      <pt>
        <x>555.59</x>
        <y>194.81</y>
      </pt>
      <username></username>
    </polygon>
    <attributes>rotation=0.0</attributes>
  </object>
  <object>
    <name>lane</name>
    <deleted>0</deleted>
    <verified>0</verified>
    <occluded>no</occluded>
    <date></date>
    <id>12</id>
    <parts>
      <hasparts></hasparts>
      <ispartof></ispartof>
    </parts>
    <type>bounding_box</type>
    <polygon>
      <pt>
        <x>558.28</x>
        <y>186.26</y>
      </pt>
      <pt>
        <x>561.70</x>
        <y>186.26</y>
      </pt>
      <pt>
        <x>561.70</x>
        <y>189.19</y>
      </pt>
      <pt>
        <x>558.28</x>
        <y>189.19</y>
      </pt>
      <username></username>
    </polygon>
    <attributes>rotation=0.0</attributes>
  </object>
  <object>
    <name>lane</name>
    <deleted>0</deleted>
    <verified>0</verified>
    <occluded>no</occluded>
    <date></date>
    <id>13</id>
    <parts>
      <hasparts></hasparts>
      <ispartof></ispartof>
    </parts>
    <type>bounding_box</type>
    <polygon>
      <pt>
        <x>547.52</x>
        <y>269.70</y>
      </pt>
      <pt>
        <x>558.03</x>
        <y>269.70</y>
      </pt>
      <pt>
        <x>558.03</x>
        <y>283.81</y>
      </pt>
      <pt>
        <x>547.52</x>
        <y>283.81</y>
      </pt>
      <username></username>
    </polygon>
    <attributes>rotation=0.0</attributes>
  </object>
  <object>
    <name>lane</name>
    <deleted>0</deleted>
    <verified>0</verified>
    <occluded>no</occluded>
    <date></date>
    <id>14</id>
    <parts>
      <hasparts></hasparts>
      <ispartof></ispartof>
    </parts>
    <type>bounding_box</type>
    <polygon>
      <pt>
        <x>544.90</x>
        <y>294.90</y>
      </pt>
      <pt>
        <x>558.20</x>
        <y>294.90</y>
      </pt>
      <pt>
        <x>558.20</x>
        <y>312.70</y>
      </pt>
      <pt>
        <x>544.90</x>
        <y>312.70</y>
      </pt>
      <username></username>
    </polygon>
    <attributes>rotation=0.0</attributes>
  </object>
</annotation>
