<annotation>
  <filename>image_1697.jpg</filename>
  <folder></folder>
  <source>
    <sourceImage></sourceImage>
    <sourceAnnotation>Datumaro</sourceAnnotation>
  </source>
  <imagesize>
    <nrows>1920</nrows>
    <ncols>1080</ncols>
  </imagesize>
  <object>
    <name>lane</name>
    <deleted>0</deleted>
    <verified>0</verified>
    <occluded>no</occluded>
    <date></date>
    <id>0</id>
    <parts>
      <hasparts></hasparts>
      <ispartof></ispartof>
    </parts>
    <type>bounding_box</type>
    <polygon>
      <pt>
        <x>455.12</x>
        <y>549.47</y>
      </pt>
      <pt>
        <x>471.93</x>
        <y>549.47</y>
      </pt>
      <pt>
        <x>471.93</x>
        <y>603.05</y>
      </pt>
      <pt>
        <x>455.12</x>
        <y>603.05</y>
      </pt>
      <username></username>
    </polygon>
    <attributes>rotation=0.0</attributes>
  </object>
  <object>
    <name>lane</name>
    <deleted>0</deleted>
    <verified>0</verified>
    <occluded>no</occluded>
    <date></date>
    <id>1</id>
    <parts>
      <hasparts></hasparts>
      <ispartof></ispartof>
    </parts>
    <polygon>
      <pt>
        <x>577.63</x>
        <y>1920.00</y>
      </pt>
      <pt>
        <x>608.48</x>
        <y>1918.71</y>
      </pt>
      <pt>
        <x>538.76</x>
        <y>1223.73</y>
      </pt>
      <pt>
        <x>477.76</x>
        <y>1223.73</y>
      </pt>
      <pt>
        <x>503.79</x>
        <y>1920.00</y>
      </pt>
      <username></username>
    </polygon>
    <attributes></attributes>
  </object>
  <object>
    <name>lane</name>
    <deleted>0</deleted>
    <verified>0</verified>
    <occluded>no</occluded>
    <date></date>
    <id>2</id>
    <parts>
      <hasparts></hasparts>
      <ispartof></ispartof>
    </parts>
    <type>bounding_box</type>
    <polygon>
      <pt>
        <x>448.81</x>
        <y>448.60</y>
      </pt>
      <pt>
        <x>459.32</x>
        <y>448.60</y>
      </pt>
      <pt>
        <x>459.32</x>
        <y>466.46</y>
      </pt>
      <pt>
        <x>448.81</x>
        <y>466.46</y>
      </pt>
      <username></username>
    </polygon>
    <attributes>rotation=0.0</attributes>
  </object>
  <object>
    <name>lane</name>
    <deleted>0</deleted>
    <verified>0</verified>
    <occluded>no</occluded>
    <date></date>
    <id>3</id>
    <parts>
      <hasparts></hasparts>
      <ispartof></ispartof>
    </parts>
    <type>bounding_box</type>
    <polygon>
      <pt>
        <x>449.86</x>
        <y>483.27</y>
      </pt>
      <pt>
        <x>463.52</x>
        <y>483.27</y>
      </pt>
      <pt>
        <x>463.52</x>
        <y>509.54</y>
      </pt>
      <pt>
        <x>449.86</x>
        <y>509.54</y>
      </pt>
      <username></username>
    </polygon>
    <attributes>rotation=0.0</attributes>
  </object>
  <object>
    <name>lane</name>
    <deleted>0</deleted>
    <verified>0</verified>
    <occluded>no</occluded>
    <date></date>
    <id>4</id>
    <parts>
      <hasparts></hasparts>
      <ispartof></ispartof>
    </parts>
    <polygon>
      <pt>
        <x>463.52</x>
        <y>838.40</y>
      </pt>
      <pt>
        <x>499.24</x>
        <y>837.35</y>
      </pt>
      <pt>
        <x>482.43</x>
        <y>686.05</y>
      </pt>
      <pt>
        <x>457.22</x>
        <y>682.90</y>
      </pt>
      <username></username>
    </polygon>
    <attributes></attributes>
  </object>
  <object>
    <name>lane</name>
    <deleted>0</deleted>
    <verified>0</verified>
    <occluded>no</occluded>
    <date></date>
    <id>5</id>
    <parts>
      <hasparts></hasparts>
      <ispartof></ispartof>
    </parts>
    <type>bounding_box</type>
    <polygon>
      <pt>
        <x>447.74</x>
        <y>414.19</y>
      </pt>
      <pt>
        <x>453.59</x>
        <y>414.19</y>
      </pt>
      <pt>
        <x>453.59</x>
        <y>421.25</y>
      </pt>
      <pt>
        <x>447.74</x>
        <y>421.25</y>
      </pt>
      <username></username>
    </polygon>
    <attributes>rotation=0.0</attributes>
  </object>
  <object>
    <name>lane</name>
    <deleted>0</deleted>
    <verified>0</verified>
    <occluded>no</occluded>
    <date></date>
    <id>6</id>
    <parts>
      <hasparts></hasparts>
      <ispartof></ispartof>
    </parts>
    <type>bounding_box</type>
    <polygon>
      <pt>
        <x>448.72</x>
        <y>428.80</y>
      </pt>
      <pt>
        <x>456.02</x>
        <y>428.80</y>
      </pt>
      <pt>
        <x>456.02</x>
        <y>439.27</y>
      </pt>
      <pt>
        <x>448.72</x>
        <y>439.27</y>
      </pt>
      <username></username>
    </polygon>
    <attributes>rotation=0.0</attributes>
  </object>
  <object>
    <name>lane</name>
    <deleted>0</deleted>
    <verified>0</verified>
    <occluded>no</occluded>
    <date></date>
    <id>7</id>
    <parts>
      <hasparts></hasparts>
      <ispartof></ispartof>
    </parts>
    <type>bounding_box</type>
    <polygon>
      <pt>
        <x>447.99</x>
        <y>403.23</y>
      </pt>
      <pt>
        <x>453.59</x>
        <y>403.23</y>
      </pt>
      <pt>
        <x>453.59</x>
        <y>407.37</y>
      </pt>
      <pt>
        <x>447.99</x>
        <y>407.37</y>
      </pt>
      <username></username>
    </polygon>
    <attributes>rotation=0.0</attributes>
  </object>
  <object>
    <name>lane</name>
    <deleted>0</deleted>
    <verified>0</verified>
    <occluded>no</occluded>
    <date></date>
    <id>8</id>
    <parts>
      <hasparts></hasparts>
      <ispartof></ispartof>
    </parts>
    <type>bounding_box</type>
    <polygon>
      <pt>
        <x>448.23</x>
        <y>393.97</y>
      </pt>
      <pt>
        <x>451.64</x>
        <y>393.97</y>
      </pt>
      <pt>
        <x>451.64</x>
        <y>397.87</y>
      </pt>
      <pt>
        <x>448.23</x>
        <y>397.87</y>
      </pt>
      <username></username>
    </polygon>
    <attributes>rotation=0.0</attributes>
  </object>
  <object>
    <name>lane</name>
    <deleted>0</deleted>
    <verified>0</verified>
    <occluded>no</occluded>
    <date></date>
    <id>9</id>
    <parts>
      <hasparts></hasparts>
      <ispartof></ispartof>
    </parts>
    <type>bounding_box</type>
    <polygon>
      <pt>
        <x>447.31</x>
        <y>387.81</y>
      </pt>
      <pt>
        <x>450.41</x>
        <y>387.81</y>
      </pt>
      <pt>
        <x>450.41</x>
        <y>390.49</y>
      </pt>
      <pt>
        <x>447.31</x>
        <y>390.49</y>
      </pt>
      <username></username>
    </polygon>
    <attributes>rotation=0.0</attributes>
  </object>
  <object>
    <name>lane</name>
    <deleted>0</deleted>
    <verified>0</verified>
    <occluded>no</occluded>
    <date></date>
    <id>10</id>
    <parts>
      <hasparts></hasparts>
      <ispartof></ispartof>
    </parts>
    <type>bounding_box</type>
    <polygon>
      <pt>
        <x>447.59</x>
        <y>382.31</y>
      </pt>
      <pt>
        <x>450.27</x>
        <y>382.31</y>
      </pt>
      <pt>
        <x>450.27</x>
        <y>384.29</y>
      </pt>
      <pt>
        <x>447.59</x>
        <y>384.29</y>
      </pt>
      <username></username>
    </polygon>
    <attributes>rotation=0.0</attributes>
  </object>
  <object>
    <name>lane</name>
    <deleted>0</deleted>
    <verified>0</verified>
    <occluded>no</occluded>
    <date></date>
    <id>11</id>
    <parts>
      <hasparts></hasparts>
      <ispartof></ispartof>
    </parts>
    <type>bounding_box</type>
    <polygon>
      <pt>
        <x>447.45</x>
        <y>377.66</y>
      </pt>
      <pt>
        <x>449.85</x>
        <y>377.66</y>
      </pt>
      <pt>
        <x>449.85</x>
        <y>379.92</y>
      </pt>
      <pt>
        <x>447.45</x>
        <y>379.92</y>
      </pt>
      <username></username>
    </polygon>
    <attributes>rotation=0.0</attributes>
  </object>
</annotation>
