<annotation>
  <filename>image_694.jpg</filename>
  <folder></folder>
  <source>
    <sourceImage></sourceImage>
    <sourceAnnotation>Datumaro</sourceAnnotation>
  </source>
  <imagesize>
    <nrows>1920</nrows>
    <ncols>1080</ncols>
  </imagesize>
  <object>
    <name>lane</name>
    <deleted>0</deleted>
    <verified>0</verified>
    <occluded>no</occluded>
    <date></date>
    <id>0</id>
    <parts>
      <hasparts></hasparts>
      <ispartof></ispartof>
    </parts>
    <polygon>
      <pt>
        <x>0.59</x>
        <y>172.56</y>
      </pt>
      <pt>
        <x>1.59</x>
        <y>170.82</y>
      </pt>
      <pt>
        <x>34.93</x>
        <y>178.78</y>
      </pt>
      <pt>
        <x>30.70</x>
        <y>181.02</y>
      </pt>
      <username></username>
    </polygon>
    <attributes></attributes>
  </object>
  <object>
    <name>lane</name>
    <deleted>0</deleted>
    <verified>0</verified>
    <occluded>no</occluded>
    <date></date>
    <id>1</id>
    <parts>
      <hasparts></hasparts>
      <ispartof></ispartof>
    </parts>
    <polygon>
      <pt>
        <x>120.00</x>
        <y>214.50</y>
      </pt>
      <pt>
        <x>127.30</x>
        <y>213.20</y>
      </pt>
      <pt>
        <x>166.60</x>
        <y>230.90</y>
      </pt>
      <pt>
        <x>155.60</x>
        <y>231.60</y>
      </pt>
      <username></username>
    </polygon>
    <attributes></attributes>
  </object>
  <object>
    <name>lane</name>
    <deleted>0</deleted>
    <verified>0</verified>
    <occluded>no</occluded>
    <date></date>
    <id>2</id>
    <parts>
      <hasparts></hasparts>
      <ispartof></ispartof>
    </parts>
    <polygon>
      <pt>
        <x>566.90</x>
        <y>1836.90</y>
      </pt>
      <pt>
        <x>681.10</x>
        <y>1836.90</y>
      </pt>
      <pt>
        <x>698.50</x>
        <y>1920.00</y>
      </pt>
      <pt>
        <x>628.46</x>
        <y>1920.00</y>
      </pt>
      <pt>
        <x>579.16</x>
        <y>1918.41</y>
      </pt>
      <username></username>
    </polygon>
    <attributes></attributes>
  </object>
  <object>
    <name>lane</name>
    <deleted>0</deleted>
    <verified>0</verified>
    <occluded>no</occluded>
    <date></date>
    <id>3</id>
    <parts>
      <hasparts></hasparts>
      <ispartof></ispartof>
    </parts>
    <polygon>
      <pt>
        <x>461.39</x>
        <y>749.66</y>
      </pt>
      <pt>
        <x>505.10</x>
        <y>749.70</y>
      </pt>
      <pt>
        <x>531.70</x>
        <y>887.60</y>
      </pt>
      <pt>
        <x>563.80</x>
        <y>1058.90</y>
      </pt>
      <pt>
        <x>500.30</x>
        <y>1056.90</y>
      </pt>
      <pt>
        <x>481.90</x>
        <y>896.50</y>
      </pt>
      <username></username>
    </polygon>
    <attributes></attributes>
  </object>
  <object>
    <name>lane</name>
    <deleted>0</deleted>
    <verified>0</verified>
    <occluded>no</occluded>
    <date></date>
    <id>4</id>
    <parts>
      <hasparts></hasparts>
      <ispartof></ispartof>
    </parts>
    <polygon>
      <pt>
        <x>382.90</x>
        <y>480.70</y>
      </pt>
      <pt>
        <x>410.30</x>
        <y>480.80</y>
      </pt>
      <pt>
        <x>454.90</x>
        <y>585.60</y>
      </pt>
      <pt>
        <x>422.09</x>
        <y>583.99</y>
      </pt>
      <username></username>
    </polygon>
    <attributes></attributes>
  </object>
  <object>
    <name>lane</name>
    <deleted>0</deleted>
    <verified>0</verified>
    <occluded>no</occluded>
    <date></date>
    <id>5</id>
    <parts>
      <hasparts></hasparts>
      <ispartof></ispartof>
    </parts>
    <polygon>
      <pt>
        <x>316.20</x>
        <y>360.50</y>
      </pt>
      <pt>
        <x>333.60</x>
        <y>359.90</y>
      </pt>
      <pt>
        <x>372.60</x>
        <y>413.50</y>
      </pt>
      <pt>
        <x>351.30</x>
        <y>415.10</y>
      </pt>
      <username></username>
    </polygon>
    <attributes></attributes>
  </object>
  <object>
    <name>lane</name>
    <deleted>0</deleted>
    <verified>0</verified>
    <occluded>no</occluded>
    <date></date>
    <id>6</id>
    <parts>
      <hasparts></hasparts>
      <ispartof></ispartof>
    </parts>
    <polygon>
      <pt>
        <x>248.70</x>
        <y>289.90</y>
      </pt>
      <pt>
        <x>263.50</x>
        <y>289.77</y>
      </pt>
      <pt>
        <x>297.10</x>
        <y>324.50</y>
      </pt>
      <pt>
        <x>283.50</x>
        <y>325.50</y>
      </pt>
      <username></username>
    </polygon>
    <attributes></attributes>
  </object>
  <object>
    <name>lane</name>
    <deleted>0</deleted>
    <verified>0</verified>
    <occluded>no</occluded>
    <date></date>
    <id>7</id>
    <parts>
      <hasparts></hasparts>
      <ispartof></ispartof>
    </parts>
    <polygon>
      <pt>
        <x>182.30</x>
        <y>248.20</y>
      </pt>
      <pt>
        <x>191.80</x>
        <y>246.10</y>
      </pt>
      <pt>
        <x>232.70</x>
        <y>269.20</y>
      </pt>
      <pt>
        <x>220.83</x>
        <y>271.27</y>
      </pt>
      <username></username>
    </polygon>
    <attributes></attributes>
  </object>
  <object>
    <name>lane</name>
    <deleted>0</deleted>
    <verified>0</verified>
    <occluded>no</occluded>
    <date></date>
    <id>8</id>
    <parts>
      <hasparts></hasparts>
      <ispartof></ispartof>
    </parts>
    <polygon>
      <pt>
        <x>59.00</x>
        <y>190.00</y>
      </pt>
      <pt>
        <x>64.00</x>
        <y>187.70</y>
      </pt>
      <pt>
        <x>100.87</x>
        <y>201.10</y>
      </pt>
      <pt>
        <x>90.30</x>
        <y>201.60</y>
      </pt>
      <username></username>
    </polygon>
    <attributes></attributes>
  </object>
</annotation>
