<annotation>
  <filename>image_1101.jpg</filename>
  <folder></folder>
  <source>
    <sourceImage></sourceImage>
    <sourceAnnotation>Datumaro</sourceAnnotation>
  </source>
  <imagesize>
    <nrows>1920</nrows>
    <ncols>1080</ncols>
  </imagesize>
  <object>
    <name>lane</name>
    <deleted>0</deleted>
    <verified>0</verified>
    <occluded>no</occluded>
    <date></date>
    <id>0</id>
    <parts>
      <hasparts></hasparts>
      <ispartof></ispartof>
    </parts>
    <type>bounding_box</type>
    <polygon>
      <pt>
        <x>500.22</x>
        <y>81.95</y>
      </pt>
      <pt>
        <x>506.89</x>
        <y>81.95</y>
      </pt>
      <pt>
        <x>506.89</x>
        <y>87.29</y>
      </pt>
      <pt>
        <x>500.22</x>
        <y>87.29</y>
      </pt>
      <username></username>
    </polygon>
    <attributes>rotation=0.0</attributes>
  </object>
  <object>
    <name>lane</name>
    <deleted>0</deleted>
    <verified>0</verified>
    <occluded>no</occluded>
    <date></date>
    <id>1</id>
    <parts>
      <hasparts></hasparts>
      <ispartof></ispartof>
    </parts>
    <type>bounding_box</type>
    <polygon>
      <pt>
        <x>492.79</x>
        <y>166.58</y>
      </pt>
      <pt>
        <x>506.54</x>
        <y>166.58</y>
      </pt>
      <pt>
        <x>506.54</x>
        <y>183.18</y>
      </pt>
      <pt>
        <x>492.79</x>
        <y>183.18</y>
      </pt>
      <username></username>
    </polygon>
    <attributes>rotation=0.0</attributes>
  </object>
  <object>
    <name>lane</name>
    <deleted>0</deleted>
    <verified>0</verified>
    <occluded>no</occluded>
    <date></date>
    <id>2</id>
    <parts>
      <hasparts></hasparts>
      <ispartof></ispartof>
    </parts>
    <type>bounding_box</type>
    <polygon>
      <pt>
        <x>496.60</x>
        <y>140.26</y>
      </pt>
      <pt>
        <x>506.13</x>
        <y>140.26</y>
      </pt>
      <pt>
        <x>506.13</x>
        <y>155.50</y>
      </pt>
      <pt>
        <x>496.60</x>
        <y>155.50</y>
      </pt>
      <username></username>
    </polygon>
    <attributes>rotation=0.0</attributes>
  </object>
  <object>
    <name>lane</name>
    <deleted>0</deleted>
    <verified>0</verified>
    <occluded>no</occluded>
    <date></date>
    <id>3</id>
    <parts>
      <hasparts></hasparts>
      <ispartof></ispartof>
    </parts>
    <polygon>
      <pt>
        <x>444.46</x>
        <y>1057.06</y>
      </pt>
      <pt>
        <x>510.52</x>
        <y>1064.40</y>
      </pt>
      <pt>
        <x>515.41</x>
        <y>1913.33</y>
      </pt>
      <pt>
        <x>393.09</x>
        <y>1918.23</y>
      </pt>
      <username></username>
    </polygon>
    <attributes></attributes>
  </object>
  <object>
    <name>lane</name>
    <deleted>0</deleted>
    <verified>0</verified>
    <occluded>no</occluded>
    <date></date>
    <id>4</id>
    <parts>
      <hasparts></hasparts>
      <ispartof></ispartof>
    </parts>
    <type>bounding_box</type>
    <polygon>
      <pt>
        <x>472.08</x>
        <y>535.33</y>
      </pt>
      <pt>
        <x>507.31</x>
        <y>535.33</y>
      </pt>
      <pt>
        <x>507.31</x>
        <y>722.96</y>
      </pt>
      <pt>
        <x>472.08</x>
        <y>722.96</y>
      </pt>
      <username></username>
    </polygon>
    <attributes>rotation=0.0</attributes>
  </object>
  <object>
    <name>lane</name>
    <deleted>0</deleted>
    <verified>0</verified>
    <occluded>no</occluded>
    <date></date>
    <id>5</id>
    <parts>
      <hasparts></hasparts>
      <ispartof></ispartof>
    </parts>
    <type>bounding_box</type>
    <polygon>
      <pt>
        <x>481.91</x>
        <y>355.90</y>
      </pt>
      <pt>
        <x>507.31</x>
        <y>355.90</y>
      </pt>
      <pt>
        <x>507.31</x>
        <y>430.46</y>
      </pt>
      <pt>
        <x>481.91</x>
        <y>430.46</y>
      </pt>
      <username></username>
    </polygon>
    <attributes>rotation=0.0</attributes>
  </object>
  <object>
    <name>lane</name>
    <deleted>0</deleted>
    <verified>0</verified>
    <occluded>no</occluded>
    <date></date>
    <id>6</id>
    <parts>
      <hasparts></hasparts>
      <ispartof></ispartof>
    </parts>
    <type>bounding_box</type>
    <polygon>
      <pt>
        <x>499.08</x>
        <y>105.39</y>
      </pt>
      <pt>
        <x>506.13</x>
        <y>105.39</y>
      </pt>
      <pt>
        <x>506.13</x>
        <y>112.25</y>
      </pt>
      <pt>
        <x>499.08</x>
        <y>112.25</y>
      </pt>
      <username></username>
    </polygon>
    <attributes>rotation=0.0</attributes>
  </object>
  <object>
    <name>lane</name>
    <deleted>0</deleted>
    <verified>0</verified>
    <occluded>no</occluded>
    <date></date>
    <id>7</id>
    <parts>
      <hasparts></hasparts>
      <ispartof></ispartof>
    </parts>
    <type>bounding_box</type>
    <polygon>
      <pt>
        <x>489.83</x>
        <y>260.46</y>
      </pt>
      <pt>
        <x>508.80</x>
        <y>260.46</y>
      </pt>
      <pt>
        <x>508.80</x>
        <y>301.95</y>
      </pt>
      <pt>
        <x>489.83</x>
        <y>301.95</y>
      </pt>
      <username></username>
    </polygon>
    <attributes>rotation=0.0</attributes>
  </object>
  <object>
    <name>lane</name>
    <deleted>0</deleted>
    <verified>0</verified>
    <occluded>no</occluded>
    <date></date>
    <id>8</id>
    <parts>
      <hasparts></hasparts>
      <ispartof></ispartof>
    </parts>
    <type>bounding_box</type>
    <polygon>
      <pt>
        <x>492.99</x>
        <y>202.77</y>
      </pt>
      <pt>
        <x>508.40</x>
        <y>202.77</y>
      </pt>
      <pt>
        <x>508.40</x>
        <y>230.04</y>
      </pt>
      <pt>
        <x>492.99</x>
        <y>230.04</y>
      </pt>
      <username></username>
    </polygon>
    <attributes>rotation=0.0</attributes>
  </object>
  <object>
    <name>lane</name>
    <deleted>0</deleted>
    <verified>0</verified>
    <occluded>no</occluded>
    <date></date>
    <id>9</id>
    <parts>
      <hasparts></hasparts>
      <ispartof></ispartof>
    </parts>
    <type>bounding_box</type>
    <polygon>
      <pt>
        <x>501.40</x>
        <y>73.43</y>
      </pt>
      <pt>
        <x>508.65</x>
        <y>73.43</y>
      </pt>
      <pt>
        <x>508.65</x>
        <y>77.63</y>
      </pt>
      <pt>
        <x>501.40</x>
        <y>77.63</y>
      </pt>
      <username></username>
    </polygon>
    <attributes>rotation=0.0</attributes>
  </object>
  <object>
    <name>lane</name>
    <deleted>0</deleted>
    <verified>0</verified>
    <occluded>no</occluded>
    <date></date>
    <id>10</id>
    <parts>
      <hasparts></hasparts>
      <ispartof></ispartof>
    </parts>
    <type>bounding_box</type>
    <polygon>
      <pt>
        <x>497.56</x>
        <y>120.82</y>
      </pt>
      <pt>
        <x>507.27</x>
        <y>120.82</y>
      </pt>
      <pt>
        <x>507.27</x>
        <y>131.68</y>
      </pt>
      <pt>
        <x>497.56</x>
        <y>131.68</y>
      </pt>
      <username></username>
    </polygon>
    <attributes>rotation=0.0</attributes>
  </object>
  <object>
    <name>lane</name>
    <deleted>0</deleted>
    <verified>0</verified>
    <occluded>no</occluded>
    <date></date>
    <id>11</id>
    <parts>
      <hasparts></hasparts>
      <ispartof></ispartof>
    </parts>
    <type>bounding_box</type>
    <polygon>
      <pt>
        <x>500.22</x>
        <y>91.86</y>
      </pt>
      <pt>
        <x>506.70</x>
        <y>91.86</y>
      </pt>
      <pt>
        <x>506.70</x>
        <y>101.20</y>
      </pt>
      <pt>
        <x>500.22</x>
        <y>101.20</y>
      </pt>
      <username></username>
    </polygon>
    <attributes>rotation=0.0</attributes>
  </object>
</annotation>
