<annotation>
  <filename>image_1752.jpg</filename>
  <folder></folder>
  <source>
    <sourceImage></sourceImage>
    <sourceAnnotation>Datumaro</sourceAnnotation>
  </source>
  <imagesize>
    <nrows>486</nrows>
    <ncols>1080</ncols>
  </imagesize>
  <object>
    <name>lane</name>
    <deleted>0</deleted>
    <verified>0</verified>
    <occluded>no</occluded>
    <date></date>
    <id>0</id>
    <parts>
      <hasparts></hasparts>
      <ispartof></ispartof>
    </parts>
    <polygon>
      <pt>
        <x>318.07</x>
        <y>336.71</y>
      </pt>
      <pt>
        <x>321.30</x>
        <y>324.52</y>
      </pt>
      <pt>
        <x>306.25</x>
        <y>294.07</y>
      </pt>
      <pt>
        <x>297.29</x>
        <y>266.48</y>
      </pt>
      <pt>
        <x>294.07</x>
        <y>271.85</y>
      </pt>
      <pt>
        <x>304.10</x>
        <y>300.52</y>
      </pt>
      <username></username>
    </polygon>
    <attributes></attributes>
  </object>
  <object>
    <name>lane</name>
    <deleted>0</deleted>
    <verified>0</verified>
    <occluded>no</occluded>
    <date></date>
    <id>1</id>
    <parts>
      <hasparts></hasparts>
      <ispartof></ispartof>
    </parts>
    <polygon>
      <pt>
        <x>1076.67</x>
        <y>350.20</y>
      </pt>
      <pt>
        <x>1072.99</x>
        <y>293.82</y>
      </pt>
      <pt>
        <x>700.44</x>
        <y>371.03</y>
      </pt>
      <pt>
        <x>705.34</x>
        <y>405.34</y>
      </pt>
      <username></username>
    </polygon>
    <attributes></attributes>
  </object>
  <object>
    <name>lane</name>
    <deleted>0</deleted>
    <verified>0</verified>
    <occluded>no</occluded>
    <date></date>
    <id>2</id>
    <parts>
      <hasparts></hasparts>
      <ispartof></ispartof>
    </parts>
    <polygon>
      <pt>
        <x>279.91</x>
        <y>128.28</y>
      </pt>
      <pt>
        <x>281.65</x>
        <y>125.29</y>
      </pt>
      <pt>
        <x>287.63</x>
        <y>197.20</y>
      </pt>
      <pt>
        <x>284.64</x>
        <y>200.69</y>
      </pt>
      <username></username>
    </polygon>
    <attributes></attributes>
  </object>
</annotation>
