<annotation>
  <filename>image_2203.jpg</filename>
  <folder></folder>
  <source>
    <sourceImage></sourceImage>
    <sourceAnnotation>Datumaro</sourceAnnotation>
  </source>
  <imagesize>
    <nrows>486</nrows>
    <ncols>1080</ncols>
  </imagesize>
  <object>
    <name>lane</name>
    <deleted>0</deleted>
    <verified>0</verified>
    <occluded>no</occluded>
    <date></date>
    <id>0</id>
    <parts>
      <hasparts></hasparts>
      <ispartof></ispartof>
    </parts>
    <polygon>
      <pt>
        <x>371.20</x>
        <y>266.20</y>
      </pt>
      <pt>
        <x>370.87</x>
        <y>274.66</y>
      </pt>
      <pt>
        <x>423.34</x>
        <y>287.51</y>
      </pt>
      <pt>
        <x>423.54</x>
        <y>274.04</y>
      </pt>
      <username></username>
    </polygon>
    <attributes></attributes>
  </object>
  <object>
    <name>lane</name>
    <deleted>0</deleted>
    <verified>0</verified>
    <occluded>no</occluded>
    <date></date>
    <id>1</id>
    <parts>
      <hasparts></hasparts>
      <ispartof></ispartof>
    </parts>
    <polygon>
      <pt>
        <x>288.05</x>
        <y>259.44</y>
      </pt>
      <pt>
        <x>288.17</x>
        <y>254.40</y>
      </pt>
      <pt>
        <x>278.81</x>
        <y>252.72</y>
      </pt>
      <pt>
        <x>278.57</x>
        <y>255.48</y>
      </pt>
      <username></username>
    </polygon>
    <attributes></attributes>
  </object>
  <object>
    <name>lane</name>
    <deleted>0</deleted>
    <verified>0</verified>
    <occluded>no</occluded>
    <date></date>
    <id>2</id>
    <parts>
      <hasparts></hasparts>
      <ispartof></ispartof>
    </parts>
    <polygon>
      <pt>
        <x>298.73</x>
        <y>256.08</y>
      </pt>
      <pt>
        <x>310.01</x>
        <y>257.64</y>
      </pt>
      <pt>
        <x>310.37</x>
        <y>262.44</y>
      </pt>
      <pt>
        <x>298.85</x>
        <y>260.52</y>
      </pt>
      <username></username>
    </polygon>
    <attributes></attributes>
  </object>
  <object>
    <name>lane</name>
    <deleted>0</deleted>
    <verified>0</verified>
    <occluded>no</occluded>
    <date></date>
    <id>3</id>
    <parts>
      <hasparts></hasparts>
      <ispartof></ispartof>
    </parts>
    <polygon>
      <pt>
        <x>326.09</x>
        <y>260.16</y>
      </pt>
      <pt>
        <x>325.73</x>
        <y>266.04</y>
      </pt>
      <pt>
        <x>347.69</x>
        <y>270.96</y>
      </pt>
      <pt>
        <x>347.21</x>
        <y>263.16</y>
      </pt>
      <username></username>
    </polygon>
    <attributes></attributes>
  </object>
</annotation>
