<annotation>
  <filename>image_1257.jpg</filename>
  <folder></folder>
  <source>
    <sourceImage></sourceImage>
    <sourceAnnotation>Datumaro</sourceAnnotation>
  </source>
  <imagesize>
    <nrows>1920</nrows>
    <ncols>1080</ncols>
  </imagesize>
  <object>
    <name>lane</name>
    <deleted>0</deleted>
    <verified>0</verified>
    <occluded>no</occluded>
    <date></date>
    <id>0</id>
    <parts>
      <hasparts></hasparts>
      <ispartof></ispartof>
    </parts>
    <type>bounding_box</type>
    <polygon>
      <pt>
        <x>539.71</x>
        <y>291.31</y>
      </pt>
      <pt>
        <x>549.85</x>
        <y>291.31</y>
      </pt>
      <pt>
        <x>549.85</x>
        <y>300.60</y>
      </pt>
      <pt>
        <x>539.71</x>
        <y>300.60</y>
      </pt>
      <username></username>
    </polygon>
    <attributes>rotation=0.0</attributes>
  </object>
  <object>
    <name>lane</name>
    <deleted>0</deleted>
    <verified>0</verified>
    <occluded>no</occluded>
    <date></date>
    <id>1</id>
    <parts>
      <hasparts></hasparts>
      <ispartof></ispartof>
    </parts>
    <type>bounding_box</type>
    <polygon>
      <pt>
        <x>538.45</x>
        <y>312.00</y>
      </pt>
      <pt>
        <x>550.27</x>
        <y>312.00</y>
      </pt>
      <pt>
        <x>550.27</x>
        <y>330.16</y>
      </pt>
      <pt>
        <x>538.45</x>
        <y>330.16</y>
      </pt>
      <username></username>
    </polygon>
    <attributes>rotation=0.0</attributes>
  </object>
  <object>
    <name>lane</name>
    <deleted>0</deleted>
    <verified>0</verified>
    <occluded>no</occluded>
    <date></date>
    <id>2</id>
    <parts>
      <hasparts></hasparts>
      <ispartof></ispartof>
    </parts>
    <type>bounding_box</type>
    <polygon>
      <pt>
        <x>537.60</x>
        <y>348.31</y>
      </pt>
      <pt>
        <x>550.69</x>
        <y>348.31</y>
      </pt>
      <pt>
        <x>550.69</x>
        <y>370.27</y>
      </pt>
      <pt>
        <x>537.60</x>
        <y>370.27</y>
      </pt>
      <username></username>
    </polygon>
    <attributes>rotation=0.0</attributes>
  </object>
  <object>
    <name>lane</name>
    <deleted>0</deleted>
    <verified>0</verified>
    <occluded>no</occluded>
    <date></date>
    <id>3</id>
    <parts>
      <hasparts></hasparts>
      <ispartof></ispartof>
    </parts>
    <type>bounding_box</type>
    <polygon>
      <pt>
        <x>527.47</x>
        <y>477.52</y>
      </pt>
      <pt>
        <x>550.69</x>
        <y>477.52</y>
      </pt>
      <pt>
        <x>550.69</x>
        <y>543.81</y>
      </pt>
      <pt>
        <x>527.47</x>
        <y>543.81</y>
      </pt>
      <username></username>
    </polygon>
    <attributes>rotation=0.0</attributes>
  </object>
  <object>
    <name>lane</name>
    <deleted>0</deleted>
    <verified>0</verified>
    <occluded>no</occluded>
    <date></date>
    <id>4</id>
    <parts>
      <hasparts></hasparts>
      <ispartof></ispartof>
    </parts>
    <type>bounding_box</type>
    <polygon>
      <pt>
        <x>532.96</x>
        <y>397.29</y>
      </pt>
      <pt>
        <x>551.96</x>
        <y>397.29</y>
      </pt>
      <pt>
        <x>551.96</x>
        <y>434.45</y>
      </pt>
      <pt>
        <x>532.96</x>
        <y>434.45</y>
      </pt>
      <username></username>
    </polygon>
    <attributes>rotation=0.0</attributes>
  </object>
  <object>
    <name>lane</name>
    <deleted>0</deleted>
    <verified>0</verified>
    <occluded>no</occluded>
    <date></date>
    <id>5</id>
    <parts>
      <hasparts></hasparts>
      <ispartof></ispartof>
    </parts>
    <type>bounding_box</type>
    <polygon>
      <pt>
        <x>519.45</x>
        <y>638.39</y>
      </pt>
      <pt>
        <x>549.42</x>
        <y>638.39</y>
      </pt>
      <pt>
        <x>549.42</x>
        <y>786.60</y>
      </pt>
      <pt>
        <x>519.45</x>
        <y>786.60</y>
      </pt>
      <username></username>
    </polygon>
    <attributes>rotation=0.0</attributes>
  </object>
  <object>
    <name>lane</name>
    <deleted>0</deleted>
    <verified>0</verified>
    <occluded>no</occluded>
    <date></date>
    <id>6</id>
    <parts>
      <hasparts></hasparts>
      <ispartof></ispartof>
    </parts>
    <type>bounding_box</type>
    <polygon>
      <pt>
        <x>542.67</x>
        <y>273.16</y>
      </pt>
      <pt>
        <x>551.54</x>
        <y>273.16</y>
      </pt>
      <pt>
        <x>551.54</x>
        <y>282.87</y>
      </pt>
      <pt>
        <x>542.67</x>
        <y>282.87</y>
      </pt>
      <username></username>
    </polygon>
    <attributes>rotation=0.0</attributes>
  </object>
  <object>
    <name>lane</name>
    <deleted>0</deleted>
    <verified>0</verified>
    <occluded>no</occluded>
    <date></date>
    <id>7</id>
    <parts>
      <hasparts></hasparts>
      <ispartof></ispartof>
    </parts>
    <type>bounding_box</type>
    <polygon>
      <pt>
        <x>551.22</x>
        <y>206.85</y>
      </pt>
      <pt>
        <x>555.30</x>
        <y>206.85</y>
      </pt>
      <pt>
        <x>555.30</x>
        <y>210.32</y>
      </pt>
      <pt>
        <x>551.22</x>
        <y>210.32</y>
      </pt>
      <username></username>
    </polygon>
    <attributes>rotation=0.0</attributes>
  </object>
  <object>
    <name>lane</name>
    <deleted>0</deleted>
    <verified>0</verified>
    <occluded>no</occluded>
    <date></date>
    <id>8</id>
    <parts>
      <hasparts></hasparts>
      <ispartof></ispartof>
    </parts>
    <type>bounding_box</type>
    <polygon>
      <pt>
        <x>545.12</x>
        <y>247.37</y>
      </pt>
      <pt>
        <x>552.85</x>
        <y>247.37</y>
      </pt>
      <pt>
        <x>552.85</x>
        <y>252.47</y>
      </pt>
      <pt>
        <x>545.12</x>
        <y>252.47</y>
      </pt>
      <username></username>
    </polygon>
    <attributes>rotation=0.0</attributes>
  </object>
  <object>
    <name>lane</name>
    <deleted>0</deleted>
    <verified>0</verified>
    <occluded>no</occluded>
    <date></date>
    <id>9</id>
    <parts>
      <hasparts></hasparts>
      <ispartof></ispartof>
    </parts>
    <type>bounding_box</type>
    <polygon>
      <pt>
        <x>546.74</x>
        <y>240.45</y>
      </pt>
      <pt>
        <x>553.26</x>
        <y>240.45</y>
      </pt>
      <pt>
        <x>553.26</x>
        <y>243.71</y>
      </pt>
      <pt>
        <x>546.74</x>
        <y>243.71</y>
      </pt>
      <username></username>
    </polygon>
    <attributes>rotation=0.0</attributes>
  </object>
  <object>
    <name>lane</name>
    <deleted>0</deleted>
    <verified>0</verified>
    <occluded>no</occluded>
    <date></date>
    <id>10</id>
    <parts>
      <hasparts></hasparts>
      <ispartof></ispartof>
    </parts>
    <type>bounding_box</type>
    <polygon>
      <pt>
        <x>547.76</x>
        <y>231.70</y>
      </pt>
      <pt>
        <x>553.87</x>
        <y>231.70</y>
      </pt>
      <pt>
        <x>553.87</x>
        <y>235.36</y>
      </pt>
      <pt>
        <x>547.76</x>
        <y>235.36</y>
      </pt>
      <username></username>
    </polygon>
    <attributes>rotation=0.0</attributes>
  </object>
  <object>
    <name>lane</name>
    <deleted>0</deleted>
    <verified>0</verified>
    <occluded>no</occluded>
    <date></date>
    <id>11</id>
    <parts>
      <hasparts></hasparts>
      <ispartof></ispartof>
    </parts>
    <type>bounding_box</type>
    <polygon>
      <pt>
        <x>548.58</x>
        <y>225.18</y>
      </pt>
      <pt>
        <x>554.28</x>
        <y>225.18</y>
      </pt>
      <pt>
        <x>554.28</x>
        <y>229.05</y>
      </pt>
      <pt>
        <x>548.58</x>
        <y>229.05</y>
      </pt>
      <username></username>
    </polygon>
    <attributes>rotation=0.0</attributes>
  </object>
  <object>
    <name>lane</name>
    <deleted>0</deleted>
    <verified>0</verified>
    <occluded>no</occluded>
    <date></date>
    <id>12</id>
    <parts>
      <hasparts></hasparts>
      <ispartof></ispartof>
    </parts>
    <type>bounding_box</type>
    <polygon>
      <pt>
        <x>548.78</x>
        <y>218.66</y>
      </pt>
      <pt>
        <x>555.09</x>
        <y>218.66</y>
      </pt>
      <pt>
        <x>555.09</x>
        <y>221.72</y>
      </pt>
      <pt>
        <x>548.78</x>
        <y>221.72</y>
      </pt>
      <username></username>
    </polygon>
    <attributes>rotation=0.0</attributes>
  </object>
  <object>
    <name>lane</name>
    <deleted>0</deleted>
    <verified>0</verified>
    <occluded>no</occluded>
    <date></date>
    <id>13</id>
    <parts>
      <hasparts></hasparts>
      <ispartof></ispartof>
    </parts>
    <type>bounding_box</type>
    <polygon>
      <pt>
        <x>549.60</x>
        <y>212.56</y>
      </pt>
      <pt>
        <x>554.69</x>
        <y>212.56</y>
      </pt>
      <pt>
        <x>554.69</x>
        <y>216.42</y>
      </pt>
      <pt>
        <x>549.60</x>
        <y>216.42</y>
      </pt>
      <username></username>
    </polygon>
    <attributes>rotation=0.0</attributes>
  </object>
  <object>
    <name>lane</name>
    <deleted>0</deleted>
    <verified>0</verified>
    <occluded>no</occluded>
    <date></date>
    <id>14</id>
    <parts>
      <hasparts></hasparts>
      <ispartof></ispartof>
    </parts>
    <type>bounding_box</type>
    <polygon>
      <pt>
        <x>552.24</x>
        <y>200.95</y>
      </pt>
      <pt>
        <x>555.09</x>
        <y>200.95</y>
      </pt>
      <pt>
        <x>555.09</x>
        <y>203.39</y>
      </pt>
      <pt>
        <x>552.24</x>
        <y>203.39</y>
      </pt>
      <username></username>
    </polygon>
    <attributes>rotation=0.0</attributes>
  </object>
  <object>
    <name>lane</name>
    <deleted>0</deleted>
    <verified>0</verified>
    <occluded>no</occluded>
    <date></date>
    <id>15</id>
    <parts>
      <hasparts></hasparts>
      <ispartof></ispartof>
    </parts>
    <type>bounding_box</type>
    <polygon>
      <pt>
        <x>543.94</x>
        <y>257.10</y>
      </pt>
      <pt>
        <x>551.96</x>
        <y>257.10</y>
      </pt>
      <pt>
        <x>551.96</x>
        <y>265.56</y>
      </pt>
      <pt>
        <x>543.94</x>
        <y>265.56</y>
      </pt>
      <username></username>
    </polygon>
    <attributes>rotation=0.0</attributes>
  </object>
</annotation>
