<annotation>
  <filename>image_249.jpg</filename>
  <folder></folder>
  <source>
    <sourceImage></sourceImage>
    <sourceAnnotation>Datumaro</sourceAnnotation>
  </source>
  <imagesize>
    <nrows>1920</nrows>
    <ncols>1080</ncols>
  </imagesize>
  <object>
    <name>lane</name>
    <deleted>0</deleted>
    <verified>0</verified>
    <occluded>no</occluded>
    <date></date>
    <id>0</id>
    <parts>
      <hasparts></hasparts>
      <ispartof></ispartof>
    </parts>
    <polygon>
      <pt>
        <x>833.85</x>
        <y>316.27</y>
      </pt>
      <pt>
        <x>838.39</x>
        <y>316.27</y>
      </pt>
      <pt>
        <x>904.96</x>
        <y>293.58</y>
      </pt>
      <pt>
        <x>894.37</x>
        <y>293.58</y>
      </pt>
      <username></username>
    </polygon>
    <attributes></attributes>
  </object>
  <object>
    <name>lane</name>
    <deleted>0</deleted>
    <verified>0</verified>
    <occluded>no</occluded>
    <date></date>
    <id>1</id>
    <parts>
      <hasparts></hasparts>
      <ispartof></ispartof>
    </parts>
    <polygon>
      <pt>
        <x>396.85</x>
        <y>899.81</y>
      </pt>
      <pt>
        <x>426.96</x>
        <y>899.81</y>
      </pt>
      <pt>
        <x>573.79</x>
        <y>1573.69</y>
      </pt>
      <pt>
        <x>517.32</x>
        <y>1588.75</y>
      </pt>
      <username></username>
    </polygon>
    <attributes></attributes>
  </object>
  <object>
    <name>lane</name>
    <deleted>0</deleted>
    <verified>0</verified>
    <occluded>no</occluded>
    <date></date>
    <id>2</id>
    <parts>
      <hasparts></hasparts>
      <ispartof></ispartof>
    </parts>
    <polygon>
      <pt>
        <x>415.67</x>
        <y>617.46</y>
      </pt>
      <pt>
        <x>445.79</x>
        <y>617.46</y>
      </pt>
      <pt>
        <x>494.73</x>
        <y>504.52</y>
      </pt>
      <pt>
        <x>460.85</x>
        <y>504.52</y>
      </pt>
      <username></username>
    </polygon>
    <attributes></attributes>
  </object>
  <object>
    <name>lane</name>
    <deleted>0</deleted>
    <verified>0</verified>
    <occluded>no</occluded>
    <date></date>
    <id>3</id>
    <parts>
      <hasparts></hasparts>
      <ispartof></ispartof>
    </parts>
    <polygon>
      <pt>
        <x>541.85</x>
        <y>434.28</y>
      </pt>
      <pt>
        <x>555.47</x>
        <y>437.31</y>
      </pt>
      <pt>
        <x>623.55</x>
        <y>390.40</y>
      </pt>
      <pt>
        <x>617.50</x>
        <y>384.35</y>
      </pt>
      <username></username>
    </polygon>
    <attributes></attributes>
  </object>
  <object>
    <name>lane</name>
    <deleted>0</deleted>
    <verified>0</verified>
    <occluded>no</occluded>
    <date></date>
    <id>4</id>
    <parts>
      <hasparts></hasparts>
      <ispartof></ispartof>
    </parts>
    <polygon>
      <pt>
        <x>687.09</x>
        <y>360.15</y>
      </pt>
      <pt>
        <x>697.69</x>
        <y>360.15</y>
      </pt>
      <pt>
        <x>773.33</x>
        <y>332.91</y>
      </pt>
      <pt>
        <x>762.74</x>
        <y>328.37</y>
      </pt>
      <username></username>
    </polygon>
    <attributes></attributes>
  </object>
  <object>
    <name>lane</name>
    <deleted>0</deleted>
    <verified>0</verified>
    <occluded>no</occluded>
    <date></date>
    <id>5</id>
    <parts>
      <hasparts></hasparts>
      <ispartof></ispartof>
    </parts>
    <polygon>
      <pt>
        <x>959.43</x>
        <y>275.42</y>
      </pt>
      <pt>
        <x>962.45</x>
        <y>281.47</y>
      </pt>
      <pt>
        <x>1026.00</x>
        <y>269.37</y>
      </pt>
      <pt>
        <x>1022.97</x>
        <y>263.32</y>
      </pt>
      <username></username>
    </polygon>
    <attributes></attributes>
  </object>
</annotation>
