<annotation>
  <filename>image_502.jpg</filename>
  <folder></folder>
  <source>
    <sourceImage></sourceImage>
    <sourceAnnotation>Datumaro</sourceAnnotation>
  </source>
  <imagesize>
    <nrows>1920</nrows>
    <ncols>1080</ncols>
  </imagesize>
  <object>
    <name>lane</name>
    <deleted>0</deleted>
    <verified>0</verified>
    <occluded>no</occluded>
    <date></date>
    <id>0</id>
    <parts>
      <hasparts></hasparts>
      <ispartof></ispartof>
    </parts>
    <polygon>
      <pt>
        <x>463.64</x>
        <y>108.47</y>
      </pt>
      <pt>
        <x>489.01</x>
        <y>108.47</y>
      </pt>
      <pt>
        <x>494.60</x>
        <y>192.32</y>
      </pt>
      <pt>
        <x>462.35</x>
        <y>194.47</y>
      </pt>
      <username></username>
    </polygon>
    <attributes></attributes>
  </object>
  <object>
    <name>lane</name>
    <deleted>0</deleted>
    <verified>0</verified>
    <occluded>no</occluded>
    <date></date>
    <id>1</id>
    <parts>
      <hasparts></hasparts>
      <ispartof></ispartof>
    </parts>
    <polygon>
      <pt>
        <x>436.14</x>
        <y>912.96</y>
      </pt>
      <pt>
        <x>414.84</x>
        <y>1911.34</y>
      </pt>
      <pt>
        <x>558.60</x>
        <y>1920.00</y>
      </pt>
      <pt>
        <x>518.67</x>
        <y>907.64</y>
      </pt>
      <username></username>
    </polygon>
    <attributes></attributes>
  </object>
  <object>
    <name>lane</name>
    <deleted>0</deleted>
    <verified>0</verified>
    <occluded>no</occluded>
    <date></date>
    <id>2</id>
    <parts>
      <hasparts></hasparts>
      <ispartof></ispartof>
    </parts>
    <polygon>
      <pt>
        <x>455.65</x>
        <y>306.97</y>
      </pt>
      <pt>
        <x>495.70</x>
        <y>305.43</y>
      </pt>
      <pt>
        <x>511.11</x>
        <y>521.13</y>
      </pt>
      <pt>
        <x>451.02</x>
        <y>527.29</y>
      </pt>
      <username></username>
    </polygon>
    <attributes></attributes>
  </object>
  <object>
    <name>lane</name>
    <deleted>0</deleted>
    <verified>0</verified>
    <occluded>no</occluded>
    <date></date>
    <id>3</id>
    <parts>
      <hasparts></hasparts>
      <ispartof></ispartof>
    </parts>
    <polygon>
      <pt>
        <x>467.59</x>
        <y>7.77</y>
      </pt>
      <pt>
        <x>486.50</x>
        <y>6.10</y>
      </pt>
      <pt>
        <x>489.09</x>
        <y>52.53</y>
      </pt>
      <pt>
        <x>465.01</x>
        <y>51.63</y>
      </pt>
      <username></username>
    </polygon>
    <attributes></attributes>
  </object>
</annotation>
