<annotation>
  <filename>image_601.jpg</filename>
  <folder></folder>
  <source>
    <sourceImage></sourceImage>
    <sourceAnnotation>Datumaro</sourceAnnotation>
  </source>
  <imagesize>
    <nrows>1920</nrows>
    <ncols>1080</ncols>
  </imagesize>
  <object>
    <name>lane</name>
    <deleted>0</deleted>
    <verified>0</verified>
    <occluded>no</occluded>
    <date></date>
    <id>0</id>
    <parts>
      <hasparts></hasparts>
      <ispartof></ispartof>
    </parts>
    <polygon>
      <pt>
        <x>457.60</x>
        <y>750.79</y>
      </pt>
      <pt>
        <x>293.61</x>
        <y>973.78</y>
      </pt>
      <pt>
        <x>198.04</x>
        <y>1186.15</y>
      </pt>
      <pt>
        <x>248.78</x>
        <y>1180.25</y>
      </pt>
      <pt>
        <x>324.28</x>
        <y>974.96</y>
      </pt>
      <pt>
        <x>502.44</x>
        <y>744.89</y>
      </pt>
      <username></username>
    </polygon>
    <attributes></attributes>
  </object>
  <object>
    <name>lane</name>
    <deleted>0</deleted>
    <verified>0</verified>
    <occluded>no</occluded>
    <date></date>
    <id>1</id>
    <parts>
      <hasparts></hasparts>
      <ispartof></ispartof>
    </parts>
    <polygon>
      <pt>
        <x>691.42</x>
        <y>529.00</y>
      </pt>
      <pt>
        <x>725.40</x>
        <y>529.00</y>
      </pt>
      <pt>
        <x>932.67</x>
        <y>350.61</y>
      </pt>
      <pt>
        <x>905.48</x>
        <y>348.91</y>
      </pt>
      <username></username>
    </polygon>
    <attributes></attributes>
  </object>
</annotation>
