<annotation>
  <filename>image_34.jpg</filename>
  <folder></folder>
  <source>
    <sourceImage></sourceImage>
    <sourceAnnotation>Datumaro</sourceAnnotation>
  </source>
  <imagesize>
    <nrows>1920</nrows>
    <ncols>1080</ncols>
  </imagesize>
  <object>
    <name>lane</name>
    <deleted>0</deleted>
    <verified>0</verified>
    <occluded>no</occluded>
    <date></date>
    <id>0</id>
    <parts>
      <hasparts></hasparts>
      <ispartof></ispartof>
    </parts>
    <polygon>
      <pt>
        <x>411.83</x>
        <y>539.46</y>
      </pt>
      <pt>
        <x>418.27</x>
        <y>539.10</y>
      </pt>
      <pt>
        <x>395.34</x>
        <y>525.84</y>
      </pt>
      <pt>
        <x>388.53</x>
        <y>525.84</y>
      </pt>
      <username></username>
    </polygon>
    <attributes></attributes>
  </object>
  <object>
    <name>lane</name>
    <deleted>0</deleted>
    <verified>0</verified>
    <occluded>no</occluded>
    <date></date>
    <id>1</id>
    <parts>
      <hasparts></hasparts>
      <ispartof></ispartof>
    </parts>
    <polygon>
      <pt>
        <x>451.60</x>
        <y>567.05</y>
      </pt>
      <pt>
        <x>459.48</x>
        <y>568.48</y>
      </pt>
      <pt>
        <x>437.27</x>
        <y>550.21</y>
      </pt>
      <pt>
        <x>429.74</x>
        <y>550.92</y>
      </pt>
      <username></username>
    </polygon>
    <attributes></attributes>
  </object>
  <object>
    <name>lane</name>
    <deleted>0</deleted>
    <verified>0</verified>
    <occluded>no</occluded>
    <date></date>
    <id>2</id>
    <parts>
      <hasparts></hasparts>
      <ispartof></ispartof>
    </parts>
    <polygon>
      <pt>
        <x>369.90</x>
        <y>516.53</y>
      </pt>
      <pt>
        <x>374.20</x>
        <y>516.53</y>
      </pt>
      <pt>
        <x>353.42</x>
        <y>505.42</y>
      </pt>
      <pt>
        <x>349.48</x>
        <y>506.13</y>
      </pt>
      <username></username>
    </polygon>
    <attributes></attributes>
  </object>
  <object>
    <name>lane</name>
    <deleted>0</deleted>
    <verified>0</verified>
    <occluded>no</occluded>
    <date></date>
    <id>3</id>
    <parts>
      <hasparts></hasparts>
      <ispartof></ispartof>
    </parts>
    <polygon>
      <pt>
        <x>334.80</x>
        <y>500.80</y>
      </pt>
      <pt>
        <x>339.80</x>
        <y>499.33</y>
      </pt>
      <pt>
        <x>316.87</x>
        <y>490.73</y>
      </pt>
      <pt>
        <x>313.30</x>
        <y>492.20</y>
      </pt>
      <username></username>
    </polygon>
    <attributes></attributes>
  </object>
  <object>
    <name>lane</name>
    <deleted>0</deleted>
    <verified>0</verified>
    <occluded>no</occluded>
    <date></date>
    <id>4</id>
    <parts>
      <hasparts></hasparts>
      <ispartof></ispartof>
    </parts>
    <polygon>
      <pt>
        <x>516.36</x>
        <y>1066.70</y>
      </pt>
      <pt>
        <x>528.99</x>
        <y>831.91</y>
      </pt>
      <pt>
        <x>554.25</x>
        <y>832.66</y>
      </pt>
      <pt>
        <x>554.99</x>
        <y>1068.93</y>
      </pt>
      <username></username>
    </polygon>
    <attributes></attributes>
  </object>
  <object>
    <name>lane</name>
    <deleted>0</deleted>
    <verified>0</verified>
    <occluded>no</occluded>
    <date></date>
    <id>5</id>
    <parts>
      <hasparts></hasparts>
      <ispartof></ispartof>
    </parts>
    <polygon>
      <pt>
        <x>630.78</x>
        <y>1062.99</y>
      </pt>
      <pt>
        <x>663.47</x>
        <y>1064.47</y>
      </pt>
      <pt>
        <x>776.41</x>
        <y>843.80</y>
      </pt>
      <pt>
        <x>746.69</x>
        <y>840.83</y>
      </pt>
      <username></username>
    </polygon>
    <attributes></attributes>
  </object>
  <object>
    <name>lane</name>
    <deleted>0</deleted>
    <verified>0</verified>
    <occluded>no</occluded>
    <date></date>
    <id>6</id>
    <parts>
      <hasparts></hasparts>
      <ispartof></ispartof>
    </parts>
    <polygon>
      <pt>
        <x>877.85</x>
        <y>730.38</y>
      </pt>
      <pt>
        <x>893.80</x>
        <y>733.50</y>
      </pt>
      <pt>
        <x>1023.40</x>
        <y>681.90</y>
      </pt>
      <pt>
        <x>1008.91</x>
        <y>680.33</y>
      </pt>
      <username></username>
    </polygon>
    <attributes></attributes>
  </object>
  <object>
    <name>lane</name>
    <deleted>0</deleted>
    <verified>0</verified>
    <occluded>no</occluded>
    <date></date>
    <id>7</id>
    <parts>
      <hasparts></hasparts>
      <ispartof></ispartof>
    </parts>
    <polygon>
      <pt>
        <x>524.91</x>
        <y>726.57</y>
      </pt>
      <pt>
        <x>545.98</x>
        <y>724.85</y>
      </pt>
      <pt>
        <x>522.76</x>
        <y>657.34</y>
      </pt>
      <pt>
        <x>511.58</x>
        <y>658.63</y>
      </pt>
      <username></username>
    </polygon>
    <attributes></attributes>
  </object>
  <object>
    <name>lane</name>
    <deleted>0</deleted>
    <verified>0</verified>
    <occluded>no</occluded>
    <date></date>
    <id>8</id>
    <parts>
      <hasparts></hasparts>
      <ispartof></ispartof>
    </parts>
    <polygon>
      <pt>
        <x>494.24</x>
        <y>617.57</y>
      </pt>
      <pt>
        <x>504.99</x>
        <y>617.93</y>
      </pt>
      <pt>
        <x>479.55</x>
        <y>583.89</y>
      </pt>
      <pt>
        <x>469.16</x>
        <y>586.04</y>
      </pt>
      <username></username>
    </polygon>
    <attributes></attributes>
  </object>
</annotation>
