<annotation>
  <filename>image_906.jpg</filename>
  <folder></folder>
  <source>
    <sourceImage></sourceImage>
    <sourceAnnotation>Datumaro</sourceAnnotation>
  </source>
  <imagesize>
    <nrows>1920</nrows>
    <ncols>1080</ncols>
  </imagesize>
  <object>
    <name>lane</name>
    <deleted>0</deleted>
    <verified>0</verified>
    <occluded>no</occluded>
    <date></date>
    <id>0</id>
    <parts>
      <hasparts></hasparts>
      <ispartof></ispartof>
    </parts>
    <polygon>
      <pt>
        <x>425.53</x>
        <y>490.41</y>
      </pt>
      <pt>
        <x>456.68</x>
        <y>482.62</y>
      </pt>
      <pt>
        <x>467.59</x>
        <y>598.67</y>
      </pt>
      <pt>
        <x>429.42</x>
        <y>601.79</y>
      </pt>
      <username></username>
    </polygon>
    <attributes></attributes>
  </object>
  <object>
    <name>lane</name>
    <deleted>0</deleted>
    <verified>0</verified>
    <occluded>no</occluded>
    <date></date>
    <id>1</id>
    <parts>
      <hasparts></hasparts>
      <ispartof></ispartof>
    </parts>
    <polygon>
      <pt>
        <x>999.89</x>
        <y>199.07</y>
      </pt>
      <pt>
        <x>1079.94</x>
        <y>185.55</y>
      </pt>
      <pt>
        <x>1079.40</x>
        <y>191.50</y>
      </pt>
      <pt>
        <x>1003.68</x>
        <y>201.77</y>
      </pt>
      <username></username>
    </polygon>
    <attributes></attributes>
  </object>
  <object>
    <name>lane</name>
    <deleted>0</deleted>
    <verified>0</verified>
    <occluded>no</occluded>
    <date></date>
    <id>2</id>
    <parts>
      <hasparts></hasparts>
      <ispartof></ispartof>
    </parts>
    <polygon>
      <pt>
        <x>513.10</x>
        <y>294.26</y>
      </pt>
      <pt>
        <x>605.59</x>
        <y>252.62</y>
      </pt>
      <pt>
        <x>622.90</x>
        <y>256.40</y>
      </pt>
      <pt>
        <x>529.33</x>
        <y>297.51</y>
      </pt>
      <username></username>
    </polygon>
    <attributes></attributes>
  </object>
  <object>
    <name>lane</name>
    <deleted>0</deleted>
    <verified>0</verified>
    <occluded>no</occluded>
    <date></date>
    <id>3</id>
    <parts>
      <hasparts></hasparts>
      <ispartof></ispartof>
    </parts>
    <polygon>
      <pt>
        <x>456.85</x>
        <y>340.24</y>
      </pt>
      <pt>
        <x>476.80</x>
        <y>339.70</y>
      </pt>
      <pt>
        <x>459.01</x>
        <y>399.73</y>
      </pt>
      <pt>
        <x>432.51</x>
        <y>398.65</y>
      </pt>
      <username></username>
    </polygon>
    <attributes></attributes>
  </object>
  <object>
    <name>lane</name>
    <deleted>0</deleted>
    <verified>0</verified>
    <occluded>no</occluded>
    <date></date>
    <id>4</id>
    <parts>
      <hasparts></hasparts>
      <ispartof></ispartof>
    </parts>
    <polygon>
      <pt>
        <x>722.42</x>
        <y>234.23</y>
      </pt>
      <pt>
        <x>859.81</x>
        <y>212.59</y>
      </pt>
      <pt>
        <x>866.84</x>
        <y>215.84</y>
      </pt>
      <pt>
        <x>735.94</x>
        <y>235.31</y>
      </pt>
      <username></username>
    </polygon>
    <attributes></attributes>
  </object>
</annotation>
