<annotation>
  <filename>image_487.jpg</filename>
  <folder></folder>
  <source>
    <sourceImage></sourceImage>
    <sourceAnnotation>Datumaro</sourceAnnotation>
  </source>
  <imagesize>
    <nrows>1920</nrows>
    <ncols>864</ncols>
  </imagesize>
  <object>
    <name>lane</name>
    <deleted>0</deleted>
    <verified>0</verified>
    <occluded>no</occluded>
    <date></date>
    <id>0</id>
    <parts>
      <hasparts></hasparts>
      <ispartof></ispartof>
    </parts>
    <polygon>
      <pt>
        <x>476.13</x>
        <y>1383.77</y>
      </pt>
      <pt>
        <x>542.20</x>
        <y>1393.20</y>
      </pt>
      <pt>
        <x>570.51</x>
        <y>833.97</y>
      </pt>
      <pt>
        <x>538.66</x>
        <y>830.43</y>
      </pt>
      <username></username>
    </polygon>
    <attributes></attributes>
  </object>
  <object>
    <name>lane</name>
    <deleted>0</deleted>
    <verified>0</verified>
    <occluded>no</occluded>
    <date></date>
    <id>1</id>
    <parts>
      <hasparts></hasparts>
      <ispartof></ispartof>
    </parts>
    <polygon>
      <pt>
        <x>546.05</x>
        <y>568.17</y>
      </pt>
      <pt>
        <x>548.51</x>
        <y>657.48</y>
      </pt>
      <pt>
        <x>568.17</x>
        <y>661.58</y>
      </pt>
      <pt>
        <x>563.26</x>
        <y>572.27</y>
      </pt>
      <username></username>
    </polygon>
    <attributes></attributes>
  </object>
  <object>
    <name>lane</name>
    <deleted>0</deleted>
    <verified>0</verified>
    <occluded>no</occluded>
    <date></date>
    <id>2</id>
    <parts>
      <hasparts></hasparts>
      <ispartof></ispartof>
    </parts>
    <polygon>
      <pt>
        <x>506.33</x>
        <y>486.27</y>
      </pt>
      <pt>
        <x>516.29</x>
        <y>483.90</y>
      </pt>
      <pt>
        <x>544.26</x>
        <y>524.20</y>
      </pt>
      <pt>
        <x>531.46</x>
        <y>523.73</y>
      </pt>
      <username></username>
    </polygon>
    <attributes></attributes>
  </object>
  <object>
    <name>lane</name>
    <deleted>0</deleted>
    <verified>0</verified>
    <occluded>no</occluded>
    <date></date>
    <id>3</id>
    <parts>
      <hasparts></hasparts>
      <ispartof></ispartof>
    </parts>
    <polygon>
      <pt>
        <x>471.68</x>
        <y>443.42</y>
      </pt>
      <pt>
        <x>478.73</x>
        <y>443.04</y>
      </pt>
      <pt>
        <x>497.59</x>
        <y>463.81</y>
      </pt>
      <pt>
        <x>489.97</x>
        <y>464.38</y>
      </pt>
      <username></username>
    </polygon>
    <attributes></attributes>
  </object>
  <object>
    <name>lane</name>
    <deleted>0</deleted>
    <verified>0</verified>
    <occluded>no</occluded>
    <date></date>
    <id>4</id>
    <parts>
      <hasparts></hasparts>
      <ispartof></ispartof>
    </parts>
    <polygon>
      <pt>
        <x>445.95</x>
        <y>420.63</y>
      </pt>
      <pt>
        <x>451.14</x>
        <y>420.52</y>
      </pt>
      <pt>
        <x>466.02</x>
        <y>431.55</y>
      </pt>
      <pt>
        <x>460.18</x>
        <y>432.21</y>
      </pt>
      <username></username>
    </polygon>
    <attributes></attributes>
  </object>
  <object>
    <name>lane</name>
    <deleted>0</deleted>
    <verified>0</verified>
    <occluded>no</occluded>
    <date></date>
    <id>5</id>
    <parts>
      <hasparts></hasparts>
      <ispartof></ispartof>
    </parts>
    <polygon>
      <pt>
        <x>417.72</x>
        <y>403.10</y>
      </pt>
      <pt>
        <x>423.13</x>
        <y>402.44</y>
      </pt>
      <pt>
        <x>438.79</x>
        <y>411.81</y>
      </pt>
      <pt>
        <x>433.82</x>
        <y>413.03</y>
      </pt>
      <username></username>
    </polygon>
    <attributes></attributes>
  </object>
  <object>
    <name>lane</name>
    <deleted>0</deleted>
    <verified>0</verified>
    <occluded>no</occluded>
    <date></date>
    <id>6</id>
    <parts>
      <hasparts></hasparts>
      <ispartof></ispartof>
    </parts>
    <polygon>
      <pt>
        <x>392.14</x>
        <y>391.74</y>
      </pt>
      <pt>
        <x>396.00</x>
        <y>390.31</y>
      </pt>
      <pt>
        <x>410.78</x>
        <y>396.93</y>
      </pt>
      <pt>
        <x>408.46</x>
        <y>398.25</y>
      </pt>
      <username></username>
    </polygon>
    <attributes></attributes>
  </object>
  <object>
    <name>lane</name>
    <deleted>0</deleted>
    <verified>0</verified>
    <occluded>no</occluded>
    <date></date>
    <id>7</id>
    <parts>
      <hasparts></hasparts>
      <ispartof></ispartof>
    </parts>
    <polygon>
      <pt>
        <x>362.92</x>
        <y>382.04</y>
      </pt>
      <pt>
        <x>365.68</x>
        <y>381.27</y>
      </pt>
      <pt>
        <x>381.22</x>
        <y>386.34</y>
      </pt>
      <pt>
        <x>378.14</x>
        <y>387.33</y>
      </pt>
      <username></username>
    </polygon>
    <attributes></attributes>
  </object>
  <object>
    <name>lane</name>
    <deleted>0</deleted>
    <verified>0</verified>
    <occluded>no</occluded>
    <date></date>
    <id>8</id>
    <parts>
      <hasparts></hasparts>
      <ispartof></ispartof>
    </parts>
    <polygon>
      <pt>
        <x>332.48</x>
        <y>374.21</y>
      </pt>
      <pt>
        <x>334.91</x>
        <y>372.45</y>
      </pt>
      <pt>
        <x>351.01</x>
        <y>376.97</y>
      </pt>
      <pt>
        <x>350.02</x>
        <y>378.07</y>
      </pt>
      <username></username>
    </polygon>
    <attributes></attributes>
  </object>
  <object>
    <name>lane</name>
    <deleted>0</deleted>
    <verified>0</verified>
    <occluded>no</occluded>
    <date></date>
    <id>9</id>
    <parts>
      <hasparts></hasparts>
      <ispartof></ispartof>
    </parts>
    <polygon>
      <pt>
        <x>302.38</x>
        <y>366.05</y>
      </pt>
      <pt>
        <x>304.14</x>
        <y>365.50</y>
      </pt>
      <pt>
        <x>318.15</x>
        <y>368.59</y>
      </pt>
      <pt>
        <x>316.49</x>
        <y>369.58</y>
      </pt>
      <username></username>
    </polygon>
    <attributes></attributes>
  </object>
  <object>
    <name>lane</name>
    <deleted>0</deleted>
    <verified>0</verified>
    <occluded>no</occluded>
    <date></date>
    <id>10</id>
    <parts>
      <hasparts></hasparts>
      <ispartof></ispartof>
    </parts>
    <polygon>
      <pt>
        <x>272.72</x>
        <y>360.65</y>
      </pt>
      <pt>
        <x>274.04</x>
        <y>359.54</y>
      </pt>
      <pt>
        <x>288.71</x>
        <y>362.19</y>
      </pt>
      <pt>
        <x>286.50</x>
        <y>363.07</y>
      </pt>
      <username></username>
    </polygon>
    <attributes></attributes>
  </object>
  <object>
    <name>lane</name>
    <deleted>0</deleted>
    <verified>0</verified>
    <occluded>no</occluded>
    <date></date>
    <id>11</id>
    <parts>
      <hasparts></hasparts>
      <ispartof></ispartof>
    </parts>
    <polygon>
      <pt>
        <x>244.60</x>
        <y>354.80</y>
      </pt>
      <pt>
        <x>247.13</x>
        <y>353.48</y>
      </pt>
      <pt>
        <x>260.37</x>
        <y>356.24</y>
      </pt>
      <pt>
        <x>258.60</x>
        <y>356.90</y>
      </pt>
      <username></username>
    </polygon>
    <attributes></attributes>
  </object>
  <object>
    <name>lane</name>
    <deleted>0</deleted>
    <verified>0</verified>
    <occluded>no</occluded>
    <date></date>
    <id>12</id>
    <parts>
      <hasparts></hasparts>
      <ispartof></ispartof>
    </parts>
    <polygon>
      <pt>
        <x>216.37</x>
        <y>350.28</y>
      </pt>
      <pt>
        <x>218.35</x>
        <y>349.51</y>
      </pt>
      <pt>
        <x>234.12</x>
        <y>351.05</y>
      </pt>
      <pt>
        <x>233.57</x>
        <y>352.27</y>
      </pt>
      <username></username>
    </polygon>
    <attributes></attributes>
  </object>
</annotation>
