<annotation>
  <filename>image_1994.jpg</filename>
  <folder></folder>
  <source>
    <sourceImage></sourceImage>
    <sourceAnnotation>Datumaro</sourceAnnotation>
  </source>
  <imagesize>
    <nrows>1920</nrows>
    <ncols>1080</ncols>
  </imagesize>
  <object>
    <name>lane</name>
    <deleted>0</deleted>
    <verified>0</verified>
    <occluded>no</occluded>
    <date></date>
    <id>0</id>
    <parts>
      <hasparts></hasparts>
      <ispartof></ispartof>
    </parts>
    <polygon>
      <pt>
        <x>795.58</x>
        <y>1087.30</y>
      </pt>
      <pt>
        <x>843.51</x>
        <y>1100.37</y>
      </pt>
      <pt>
        <x>900.15</x>
        <y>926.08</y>
      </pt>
      <pt>
        <x>967.69</x>
        <y>817.15</y>
      </pt>
      <pt>
        <x>939.37</x>
        <y>797.54</y>
      </pt>
      <pt>
        <x>865.29</x>
        <y>906.47</y>
      </pt>
      <username></username>
    </polygon>
    <attributes></attributes>
  </object>
  <object>
    <name>lane</name>
    <deleted>0</deleted>
    <verified>0</verified>
    <occluded>no</occluded>
    <date></date>
    <id>1</id>
    <parts>
      <hasparts></hasparts>
      <ispartof></ispartof>
    </parts>
    <polygon>
      <pt>
        <x>483.00</x>
        <y>633.35</y>
      </pt>
      <pt>
        <x>502.96</x>
        <y>631.24</y>
      </pt>
      <pt>
        <x>490.35</x>
        <y>585.02</y>
      </pt>
      <pt>
        <x>475.64</x>
        <y>548.24</y>
      </pt>
      <pt>
        <x>458.83</x>
        <y>548.24</y>
      </pt>
      <pt>
        <x>472.49</x>
        <y>583.97</y>
      </pt>
      <username></username>
    </polygon>
    <attributes></attributes>
  </object>
  <object>
    <name>lane</name>
    <deleted>0</deleted>
    <verified>0</verified>
    <occluded>no</occluded>
    <date></date>
    <id>2</id>
    <parts>
      <hasparts></hasparts>
      <ispartof></ispartof>
    </parts>
    <polygon>
      <pt>
        <x>82.74</x>
        <y>363.57</y>
      </pt>
      <pt>
        <x>85.68</x>
        <y>362.36</y>
      </pt>
      <pt>
        <x>26.92</x>
        <y>357.18</y>
      </pt>
      <pt>
        <x>25.20</x>
        <y>357.87</y>
      </pt>
      <username></username>
    </polygon>
    <attributes></attributes>
  </object>
  <object>
    <name>lane</name>
    <deleted>0</deleted>
    <verified>0</verified>
    <occluded>no</occluded>
    <date></date>
    <id>3</id>
    <parts>
      <hasparts></hasparts>
      <ispartof></ispartof>
    </parts>
    <polygon>
      <pt>
        <x>402.89</x>
        <y>460.58</y>
      </pt>
      <pt>
        <x>430.12</x>
        <y>497.13</y>
      </pt>
      <pt>
        <x>443.02</x>
        <y>497.48</y>
      </pt>
      <pt>
        <x>412.92</x>
        <y>460.22</y>
      </pt>
      <username></username>
    </polygon>
    <attributes></attributes>
  </object>
  <object>
    <name>lane</name>
    <deleted>0</deleted>
    <verified>0</verified>
    <occluded>no</occluded>
    <date></date>
    <id>4</id>
    <parts>
      <hasparts></hasparts>
      <ispartof></ispartof>
    </parts>
    <polygon>
      <pt>
        <x>353.79</x>
        <y>413.26</y>
      </pt>
      <pt>
        <x>361.14</x>
        <y>412.54</y>
      </pt>
      <pt>
        <x>386.34</x>
        <y>434.14</y>
      </pt>
      <pt>
        <x>377.41</x>
        <y>435.01</y>
      </pt>
      <username></username>
    </polygon>
    <attributes></attributes>
  </object>
  <object>
    <name>lane</name>
    <deleted>0</deleted>
    <verified>0</verified>
    <occluded>no</occluded>
    <date></date>
    <id>5</id>
    <parts>
      <hasparts></hasparts>
      <ispartof></ispartof>
    </parts>
    <polygon>
      <pt>
        <x>486.20</x>
        <y>1157.00</y>
      </pt>
      <pt>
        <x>542.90</x>
        <y>1154.80</y>
      </pt>
      <pt>
        <x>538.50</x>
        <y>958.76</y>
      </pt>
      <pt>
        <x>529.78</x>
        <y>775.75</y>
      </pt>
      <pt>
        <x>494.90</x>
        <y>773.60</y>
      </pt>
      <pt>
        <x>499.28</x>
        <y>969.65</y>
      </pt>
      <username></username>
    </polygon>
    <attributes></attributes>
  </object>
  <object>
    <name>lane</name>
    <deleted>0</deleted>
    <verified>0</verified>
    <occluded>no</occluded>
    <date></date>
    <id>6</id>
    <parts>
      <hasparts></hasparts>
      <ispartof></ispartof>
    </parts>
    <polygon>
      <pt>
        <x>210.30</x>
        <y>376.30</y>
      </pt>
      <pt>
        <x>206.09</x>
        <y>377.76</y>
      </pt>
      <pt>
        <x>313.08</x>
        <y>397.16</y>
      </pt>
      <pt>
        <x>318.06</x>
        <y>395.17</y>
      </pt>
      <username></username>
    </polygon>
    <attributes></attributes>
  </object>
</annotation>
