<annotation>
  <filename>image_1729.jpg</filename>
  <folder></folder>
  <source>
    <sourceImage></sourceImage>
    <sourceAnnotation>Datumaro</sourceAnnotation>
  </source>
  <imagesize>
    <nrows>1920</nrows>
    <ncols>1080</ncols>
  </imagesize>
  <object>
    <name>lane</name>
    <deleted>0</deleted>
    <verified>0</verified>
    <occluded>no</occluded>
    <date></date>
    <id>0</id>
    <parts>
      <hasparts></hasparts>
      <ispartof></ispartof>
    </parts>
    <type>bounding_box</type>
    <polygon>
      <pt>
        <x>517.48</x>
        <y>373.92</y>
      </pt>
      <pt>
        <x>521.62</x>
        <y>373.92</y>
      </pt>
      <pt>
        <x>521.62</x>
        <y>376.41</y>
      </pt>
      <pt>
        <x>517.48</x>
        <y>376.41</y>
      </pt>
      <username></username>
    </polygon>
    <attributes>rotation=0.0</attributes>
  </object>
  <object>
    <name>lane</name>
    <deleted>0</deleted>
    <verified>0</verified>
    <occluded>no</occluded>
    <date></date>
    <id>1</id>
    <parts>
      <hasparts></hasparts>
      <ispartof></ispartof>
    </parts>
    <type>bounding_box</type>
    <polygon>
      <pt>
        <x>509.06</x>
        <y>580.85</y>
      </pt>
      <pt>
        <x>528.76</x>
        <y>580.85</y>
      </pt>
      <pt>
        <x>528.76</x>
        <y>661.84</y>
      </pt>
      <pt>
        <x>509.06</x>
        <y>661.84</y>
      </pt>
      <username></username>
    </polygon>
    <attributes>rotation=0.0</attributes>
  </object>
  <object>
    <name>lane</name>
    <deleted>0</deleted>
    <verified>0</verified>
    <occluded>no</occluded>
    <date></date>
    <id>2</id>
    <parts>
      <hasparts></hasparts>
      <ispartof></ispartof>
    </parts>
    <polygon>
      <pt>
        <x>488.99</x>
        <y>1193.12</y>
      </pt>
      <pt>
        <x>548.00</x>
        <y>1190.10</y>
      </pt>
      <pt>
        <x>531.40</x>
        <y>808.80</y>
      </pt>
      <pt>
        <x>498.07</x>
        <y>808.83</y>
      </pt>
      <username></username>
    </polygon>
    <attributes></attributes>
  </object>
  <object>
    <name>lane</name>
    <deleted>0</deleted>
    <verified>0</verified>
    <occluded>no</occluded>
    <date></date>
    <id>3</id>
    <parts>
      <hasparts></hasparts>
      <ispartof></ispartof>
    </parts>
    <type>bounding_box</type>
    <polygon>
      <pt>
        <x>517.81</x>
        <y>420.33</y>
      </pt>
      <pt>
        <x>522.92</x>
        <y>420.33</y>
      </pt>
      <pt>
        <x>522.92</x>
        <y>434.20</y>
      </pt>
      <pt>
        <x>517.81</x>
        <y>434.20</y>
      </pt>
      <username></username>
    </polygon>
    <attributes>rotation=0.0</attributes>
  </object>
  <object>
    <name>lane</name>
    <deleted>0</deleted>
    <verified>0</verified>
    <occluded>no</occluded>
    <date></date>
    <id>4</id>
    <parts>
      <hasparts></hasparts>
      <ispartof></ispartof>
    </parts>
    <type>bounding_box</type>
    <polygon>
      <pt>
        <x>518.10</x>
        <y>366.25</y>
      </pt>
      <pt>
        <x>521.41</x>
        <y>366.25</y>
      </pt>
      <pt>
        <x>521.41</x>
        <y>369.15</y>
      </pt>
      <pt>
        <x>518.10</x>
        <y>369.15</y>
      </pt>
      <username></username>
    </polygon>
    <attributes>rotation=0.0</attributes>
  </object>
  <object>
    <name>lane</name>
    <deleted>0</deleted>
    <verified>0</verified>
    <occluded>no</occluded>
    <date></date>
    <id>5</id>
    <parts>
      <hasparts></hasparts>
      <ispartof></ispartof>
    </parts>
    <type>bounding_box</type>
    <polygon>
      <pt>
        <x>513.43</x>
        <y>448.79</y>
      </pt>
      <pt>
        <x>524.38</x>
        <y>448.79</y>
      </pt>
      <pt>
        <x>524.38</x>
        <y>469.22</y>
      </pt>
      <pt>
        <x>513.43</x>
        <y>469.22</y>
      </pt>
      <username></username>
    </polygon>
    <attributes>rotation=0.0</attributes>
  </object>
  <object>
    <name>lane</name>
    <deleted>0</deleted>
    <verified>0</verified>
    <occluded>no</occluded>
    <date></date>
    <id>6</id>
    <parts>
      <hasparts></hasparts>
      <ispartof></ispartof>
    </parts>
    <type>bounding_box</type>
    <polygon>
      <pt>
        <x>517.27</x>
        <y>403.16</y>
      </pt>
      <pt>
        <x>522.87</x>
        <y>403.16</y>
      </pt>
      <pt>
        <x>522.87</x>
        <y>412.90</y>
      </pt>
      <pt>
        <x>517.27</x>
        <y>412.90</y>
      </pt>
      <username></username>
    </polygon>
    <attributes>rotation=0.0</attributes>
  </object>
  <object>
    <name>lane</name>
    <deleted>0</deleted>
    <verified>0</verified>
    <occluded>no</occluded>
    <date></date>
    <id>7</id>
    <parts>
      <hasparts></hasparts>
      <ispartof></ispartof>
    </parts>
    <type>bounding_box</type>
    <polygon>
      <pt>
        <x>518.72</x>
        <y>392.58</y>
      </pt>
      <pt>
        <x>522.87</x>
        <y>392.58</y>
      </pt>
      <pt>
        <x>522.87</x>
        <y>395.90</y>
      </pt>
      <pt>
        <x>518.72</x>
        <y>395.90</y>
      </pt>
      <username></username>
    </polygon>
    <attributes>rotation=0.0</attributes>
  </object>
  <object>
    <name>lane</name>
    <deleted>0</deleted>
    <verified>0</verified>
    <occluded>no</occluded>
    <date></date>
    <id>8</id>
    <parts>
      <hasparts></hasparts>
      <ispartof></ispartof>
    </parts>
    <type>bounding_box</type>
    <polygon>
      <pt>
        <x>517.27</x>
        <y>381.38</y>
      </pt>
      <pt>
        <x>521.41</x>
        <y>381.38</y>
      </pt>
      <pt>
        <x>521.41</x>
        <y>385.95</y>
      </pt>
      <pt>
        <x>517.27</x>
        <y>385.95</y>
      </pt>
      <username></username>
    </polygon>
    <attributes>rotation=0.0</attributes>
  </object>
  <object>
    <name>lane</name>
    <deleted>0</deleted>
    <verified>0</verified>
    <occluded>no</occluded>
    <date></date>
    <id>9</id>
    <parts>
      <hasparts></hasparts>
      <ispartof></ispartof>
    </parts>
    <type>bounding_box</type>
    <polygon>
      <pt>
        <x>512.70</x>
        <y>494.76</y>
      </pt>
      <pt>
        <x>525.11</x>
        <y>494.76</y>
      </pt>
      <pt>
        <x>525.11</x>
        <y>529.78</y>
      </pt>
      <pt>
        <x>512.70</x>
        <y>529.78</y>
      </pt>
      <username></username>
    </polygon>
    <attributes>rotation=0.0</attributes>
  </object>
</annotation>
