<annotation>
  <filename>image_856.jpg</filename>
  <folder></folder>
  <source>
    <sourceImage></sourceImage>
    <sourceAnnotation>Datumaro</sourceAnnotation>
  </source>
  <imagesize>
    <nrows>1920</nrows>
    <ncols>1080</ncols>
  </imagesize>
  <object>
    <name>lane</name>
    <deleted>0</deleted>
    <verified>0</verified>
    <occluded>no</occluded>
    <date></date>
    <id>0</id>
    <parts>
      <hasparts></hasparts>
      <ispartof></ispartof>
    </parts>
    <polygon>
      <pt>
        <x>386.16</x>
        <y>156.06</y>
      </pt>
      <pt>
        <x>399.68</x>
        <y>154.26</y>
      </pt>
      <pt>
        <x>404.19</x>
        <y>178.15</y>
      </pt>
      <pt>
        <x>386.16</x>
        <y>179.05</y>
      </pt>
      <username></username>
    </polygon>
    <attributes></attributes>
  </object>
  <object>
    <name>lane</name>
    <deleted>0</deleted>
    <verified>0</verified>
    <occluded>no</occluded>
    <date></date>
    <id>1</id>
    <parts>
      <hasparts></hasparts>
      <ispartof></ispartof>
    </parts>
    <polygon>
      <pt>
        <x>410.66</x>
        <y>827.03</y>
      </pt>
      <pt>
        <x>470.42</x>
        <y>822.18</y>
      </pt>
      <pt>
        <x>530.18</x>
        <y>1372.91</y>
      </pt>
      <pt>
        <x>433.28</x>
        <y>1379.37</y>
      </pt>
      <username></username>
    </polygon>
    <attributes></attributes>
  </object>
  <object>
    <name>lane</name>
    <deleted>0</deleted>
    <verified>0</verified>
    <occluded>no</occluded>
    <date></date>
    <id>2</id>
    <parts>
      <hasparts></hasparts>
      <ispartof></ispartof>
    </parts>
    <polygon>
      <pt>
        <x>277.08</x>
        <y>137.13</y>
      </pt>
      <pt>
        <x>286.55</x>
        <y>133.97</y>
      </pt>
      <pt>
        <x>359.12</x>
        <y>150.20</y>
      </pt>
      <pt>
        <x>344.24</x>
        <y>151.55</y>
      </pt>
      <username></username>
    </polygon>
    <attributes></attributes>
  </object>
  <object>
    <name>lane</name>
    <deleted>0</deleted>
    <verified>0</verified>
    <occluded>no</occluded>
    <date></date>
    <id>3</id>
    <parts>
      <hasparts></hasparts>
      <ispartof></ispartof>
    </parts>
    <polygon>
      <pt>
        <x>392.86</x>
        <y>450.40</y>
      </pt>
      <pt>
        <x>424.26</x>
        <y>449.27</y>
      </pt>
      <pt>
        <x>444.45</x>
        <y>579.38</y>
      </pt>
      <pt>
        <x>399.59</x>
        <y>582.74</y>
      </pt>
      <username></username>
    </polygon>
    <attributes></attributes>
  </object>
  <object>
    <name>lane</name>
    <deleted>0</deleted>
    <verified>0</verified>
    <occluded>no</occluded>
    <date></date>
    <id>4</id>
    <parts>
      <hasparts></hasparts>
      <ispartof></ispartof>
    </parts>
    <polygon>
      <pt>
        <x>389.73</x>
        <y>286.79</y>
      </pt>
      <pt>
        <x>415.04</x>
        <y>284.19</y>
      </pt>
      <pt>
        <x>420.23</x>
        <y>358.83</y>
      </pt>
      <pt>
        <x>395.57</x>
        <y>358.83</y>
      </pt>
      <username></username>
    </polygon>
    <attributes></attributes>
  </object>
  <object>
    <name>lane</name>
    <deleted>0</deleted>
    <verified>0</verified>
    <occluded>no</occluded>
    <date></date>
    <id>5</id>
    <parts>
      <hasparts></hasparts>
      <ispartof></ispartof>
    </parts>
    <polygon>
      <pt>
        <x>385.83</x>
        <y>206.31</y>
      </pt>
      <pt>
        <x>404.66</x>
        <y>205.01</y>
      </pt>
      <pt>
        <x>407.90</x>
        <y>242.65</y>
      </pt>
      <pt>
        <x>388.43</x>
        <y>245.25</y>
      </pt>
      <username></username>
    </polygon>
    <attributes></attributes>
  </object>
  <object>
    <name>lane</name>
    <deleted>0</deleted>
    <verified>0</verified>
    <occluded>no</occluded>
    <date></date>
    <id>6</id>
    <parts>
      <hasparts></hasparts>
      <ispartof></ispartof>
    </parts>
    <polygon>
      <pt>
        <x>387.93</x>
        <y>88.98</y>
      </pt>
      <pt>
        <x>393.92</x>
        <y>78.28</y>
      </pt>
      <pt>
        <x>405.14</x>
        <y>78.80</y>
      </pt>
      <pt>
        <x>398.36</x>
        <y>90.02</y>
      </pt>
      <username></username>
    </polygon>
    <attributes></attributes>
  </object>
  <object>
    <name>lane</name>
    <deleted>0</deleted>
    <verified>0</verified>
    <occluded>no</occluded>
    <date></date>
    <id>7</id>
    <parts>
      <hasparts></hasparts>
      <ispartof></ispartof>
    </parts>
    <polygon>
      <pt>
        <x>403.05</x>
        <y>68.63</y>
      </pt>
      <pt>
        <x>415.31</x>
        <y>58.98</y>
      </pt>
      <pt>
        <x>424.96</x>
        <y>60.02</y>
      </pt>
      <pt>
        <x>411.40</x>
        <y>69.67</y>
      </pt>
      <username></username>
    </polygon>
    <attributes></attributes>
  </object>
  <object>
    <name>lane</name>
    <deleted>0</deleted>
    <verified>0</verified>
    <occluded>no</occluded>
    <date></date>
    <id>8</id>
    <parts>
      <hasparts></hasparts>
      <ispartof></ispartof>
    </parts>
    <polygon>
      <pt>
        <x>447.14</x>
        <y>49.85</y>
      </pt>
      <pt>
        <x>494.87</x>
        <y>38.37</y>
      </pt>
      <pt>
        <x>502.96</x>
        <y>39.68</y>
      </pt>
      <pt>
        <x>454.18</x>
        <y>51.15</y>
      </pt>
      <username></username>
    </polygon>
    <attributes></attributes>
  </object>
  <object>
    <name>lane</name>
    <deleted>0</deleted>
    <verified>0</verified>
    <occluded>no</occluded>
    <date></date>
    <id>9</id>
    <parts>
      <hasparts></hasparts>
      <ispartof></ispartof>
    </parts>
    <polygon>
      <pt>
        <x>384.53</x>
        <y>124.45</y>
      </pt>
      <pt>
        <x>397.32</x>
        <y>123.41</y>
      </pt>
      <pt>
        <x>397.05</x>
        <y>138.28</y>
      </pt>
      <pt>
        <x>384.01</x>
        <y>137.49</y>
      </pt>
      <username></username>
    </polygon>
    <attributes></attributes>
  </object>
</annotation>
