<annotation>
  <filename>image_1891.jpg</filename>
  <folder></folder>
  <source>
    <sourceImage></sourceImage>
    <sourceAnnotation>Datumaro</sourceAnnotation>
  </source>
  <imagesize>
    <nrows>1920</nrows>
    <ncols>1080</ncols>
  </imagesize>
  <object>
    <name>lane</name>
    <deleted>0</deleted>
    <verified>0</verified>
    <occluded>no</occluded>
    <date></date>
    <id>0</id>
    <parts>
      <hasparts></hasparts>
      <ispartof></ispartof>
    </parts>
    <polygon>
      <pt>
        <x>540.12</x>
        <y>410.13</y>
      </pt>
      <pt>
        <x>561.57</x>
        <y>354.03</y>
      </pt>
      <pt>
        <x>583.85</x>
        <y>310.30</y>
      </pt>
      <pt>
        <x>603.65</x>
        <y>309.88</y>
      </pt>
      <pt>
        <x>582.61</x>
        <y>359.80</y>
      </pt>
      <pt>
        <x>568.17</x>
        <y>410.95</y>
      </pt>
      <username></username>
    </polygon>
    <attributes></attributes>
  </object>
  <object>
    <name>lane</name>
    <deleted>0</deleted>
    <verified>0</verified>
    <occluded>no</occluded>
    <date></date>
    <id>1</id>
    <parts>
      <hasparts></hasparts>
      <ispartof></ispartof>
    </parts>
    <polygon>
      <pt>
        <x>581.78</x>
        <y>257.08</y>
      </pt>
      <pt>
        <x>617.26</x>
        <y>232.33</y>
      </pt>
      <pt>
        <x>641.60</x>
        <y>212.53</y>
      </pt>
      <pt>
        <x>654.39</x>
        <y>215.00</y>
      </pt>
      <pt>
        <x>625.10</x>
        <y>240.17</y>
      </pt>
      <pt>
        <x>597.87</x>
        <y>258.73</y>
      </pt>
      <username></username>
    </polygon>
    <attributes></attributes>
  </object>
  <object>
    <name>lane</name>
    <deleted>0</deleted>
    <verified>0</verified>
    <occluded>no</occluded>
    <date></date>
    <id>2</id>
    <parts>
      <hasparts></hasparts>
      <ispartof></ispartof>
    </parts>
    <polygon>
      <pt>
        <x>193.57</x>
        <y>399.94</y>
      </pt>
      <pt>
        <x>339.71</x>
        <y>354.20</y>
      </pt>
      <pt>
        <x>457.33</x>
        <y>314.40</y>
      </pt>
      <pt>
        <x>470.99</x>
        <y>319.15</y>
      </pt>
      <pt>
        <x>343.27</x>
        <y>363.71</y>
      </pt>
      <pt>
        <x>207.24</x>
        <y>405.88</y>
      </pt>
      <username></username>
    </polygon>
    <attributes></attributes>
  </object>
  <object>
    <name>lane</name>
    <deleted>0</deleted>
    <verified>0</verified>
    <occluded>no</occluded>
    <date></date>
    <id>3</id>
    <parts>
      <hasparts></hasparts>
      <ispartof></ispartof>
    </parts>
    <polygon>
      <pt>
        <x>441.72</x>
        <y>1057.82</y>
      </pt>
      <pt>
        <x>465.37</x>
        <y>816.88</y>
      </pt>
      <pt>
        <x>491.97</x>
        <y>601.06</y>
      </pt>
      <pt>
        <x>533.36</x>
        <y>598.11</y>
      </pt>
      <pt>
        <x>514.15</x>
        <y>809.49</y>
      </pt>
      <pt>
        <x>505.28</x>
        <y>1053.38</y>
      </pt>
      <username></username>
    </polygon>
    <attributes></attributes>
  </object>
  <object>
    <name>lane</name>
    <deleted>0</deleted>
    <verified>0</verified>
    <occluded>no</occluded>
    <date></date>
    <id>4</id>
    <parts>
      <hasparts></hasparts>
      <ispartof></ispartof>
    </parts>
    <polygon>
      <pt>
        <x>677.28</x>
        <y>185.36</y>
      </pt>
      <pt>
        <x>699.32</x>
        <y>161.26</y>
      </pt>
      <pt>
        <x>710.19</x>
        <y>163.32</y>
      </pt>
      <pt>
        <x>690.79</x>
        <y>184.77</y>
      </pt>
      <username></username>
    </polygon>
    <attributes></attributes>
  </object>
  <object>
    <name>lane</name>
    <deleted>0</deleted>
    <verified>0</verified>
    <occluded>no</occluded>
    <date></date>
    <id>5</id>
    <parts>
      <hasparts></hasparts>
      <ispartof></ispartof>
    </parts>
    <polygon>
      <pt>
        <x>787.50</x>
        <y>71.12</y>
      </pt>
      <pt>
        <x>793.02</x>
        <y>70.41</y>
      </pt>
      <pt>
        <x>794.73</x>
        <y>65.03</y>
      </pt>
      <pt>
        <x>792.03</x>
        <y>65.03</y>
      </pt>
      <username></username>
    </polygon>
    <attributes></attributes>
  </object>
  <object>
    <name>lane</name>
    <deleted>0</deleted>
    <verified>0</verified>
    <occluded>no</occluded>
    <date></date>
    <id>6</id>
    <parts>
      <hasparts></hasparts>
      <ispartof></ispartof>
    </parts>
    <polygon>
      <pt>
        <x>719.89</x>
        <y>143.33</y>
      </pt>
      <pt>
        <x>727.83</x>
        <y>143.63</y>
      </pt>
      <pt>
        <x>743.99</x>
        <y>127.46</y>
      </pt>
      <pt>
        <x>733.70</x>
        <y>126.58</y>
      </pt>
      <username></username>
    </polygon>
    <attributes></attributes>
  </object>
  <object>
    <name>lane</name>
    <deleted>0</deleted>
    <verified>0</verified>
    <occluded>no</occluded>
    <date></date>
    <id>7</id>
    <parts>
      <hasparts></hasparts>
      <ispartof></ispartof>
    </parts>
    <polygon>
      <pt>
        <x>795.58</x>
        <y>62.05</y>
      </pt>
      <pt>
        <x>798.27</x>
        <y>62.33</y>
      </pt>
      <pt>
        <x>800.82</x>
        <y>57.94</y>
      </pt>
      <pt>
        <x>798.84</x>
        <y>57.66</y>
      </pt>
      <username></username>
    </polygon>
    <attributes></attributes>
  </object>
  <object>
    <name>lane</name>
    <deleted>0</deleted>
    <verified>0</verified>
    <occluded>no</occluded>
    <date></date>
    <id>8</id>
    <parts>
      <hasparts></hasparts>
      <ispartof></ispartof>
    </parts>
    <polygon>
      <pt>
        <x>744.28</x>
        <y>113.65</y>
      </pt>
      <pt>
        <x>753.98</x>
        <y>114.82</y>
      </pt>
      <pt>
        <x>762.80</x>
        <y>105.13</y>
      </pt>
      <pt>
        <x>757.21</x>
        <y>103.66</y>
      </pt>
      <username></username>
    </polygon>
    <attributes></attributes>
  </object>
  <object>
    <name>lane</name>
    <deleted>0</deleted>
    <verified>0</verified>
    <occluded>no</occluded>
    <date></date>
    <id>9</id>
    <parts>
      <hasparts></hasparts>
      <ispartof></ispartof>
    </parts>
    <polygon>
      <pt>
        <x>763.39</x>
        <y>93.66</y>
      </pt>
      <pt>
        <x>768.97</x>
        <y>95.72</y>
      </pt>
      <pt>
        <x>776.02</x>
        <y>88.96</y>
      </pt>
      <pt>
        <x>772.20</x>
        <y>86.02</y>
      </pt>
      <username></username>
    </polygon>
    <attributes></attributes>
  </object>
  <object>
    <name>lane</name>
    <deleted>0</deleted>
    <verified>0</verified>
    <occluded>no</occluded>
    <date></date>
    <id>10</id>
    <parts>
      <hasparts></hasparts>
      <ispartof></ispartof>
    </parts>
    <polygon>
      <pt>
        <x>778.62</x>
        <y>80.03</y>
      </pt>
      <pt>
        <x>783.44</x>
        <y>80.32</y>
      </pt>
      <pt>
        <x>787.55</x>
        <y>74.22</y>
      </pt>
      <pt>
        <x>785.43</x>
        <y>74.37</y>
      </pt>
      <username></username>
    </polygon>
    <attributes></attributes>
  </object>
</annotation>
