<annotation>
  <filename>image_2386.jpg</filename>
  <folder></folder>
  <source>
    <sourceImage></sourceImage>
    <sourceAnnotation>Datumaro</sourceAnnotation>
  </source>
  <imagesize>
    <nrows>1920</nrows>
    <ncols>1080</ncols>
  </imagesize>
  <object>
    <name>lane</name>
    <deleted>0</deleted>
    <verified>0</verified>
    <occluded>no</occluded>
    <date></date>
    <id>0</id>
    <parts>
      <hasparts></hasparts>
      <ispartof></ispartof>
    </parts>
    <polygon>
      <pt>
        <x>465.62</x>
        <y>1046.22</y>
      </pt>
      <pt>
        <x>491.69</x>
        <y>723.10</y>
      </pt>
      <pt>
        <x>520.04</x>
        <y>724.23</y>
      </pt>
      <pt>
        <x>517.77</x>
        <y>1053.02</y>
      </pt>
      <username></username>
    </polygon>
    <attributes></attributes>
  </object>
  <object>
    <name>lane</name>
    <deleted>0</deleted>
    <verified>0</verified>
    <occluded>no</occluded>
    <date></date>
    <id>1</id>
    <parts>
      <hasparts></hasparts>
      <ispartof></ispartof>
    </parts>
    <type>bounding_box</type>
    <polygon>
      <pt>
        <x>504.62</x>
        <y>504.07</y>
      </pt>
      <pt>
        <x>526.40</x>
        <y>504.07</y>
      </pt>
      <pt>
        <x>526.40</x>
        <y>593.03</y>
      </pt>
      <pt>
        <x>504.62</x>
        <y>593.03</y>
      </pt>
      <username></username>
    </polygon>
    <attributes>rotation=0.0</attributes>
  </object>
  <object>
    <name>lane</name>
    <deleted>0</deleted>
    <verified>0</verified>
    <occluded>no</occluded>
    <date></date>
    <id>2</id>
    <parts>
      <hasparts></hasparts>
      <ispartof></ispartof>
    </parts>
    <type>bounding_box</type>
    <polygon>
      <pt>
        <x>513.74</x>
        <y>424.70</y>
      </pt>
      <pt>
        <x>526.87</x>
        <y>424.70</y>
      </pt>
      <pt>
        <x>526.87</x>
        <y>462.34</y>
      </pt>
      <pt>
        <x>513.74</x>
        <y>462.34</y>
      </pt>
      <username></username>
    </polygon>
    <attributes>rotation=0.0</attributes>
  </object>
  <object>
    <name>lane</name>
    <deleted>0</deleted>
    <verified>0</verified>
    <occluded>no</occluded>
    <date></date>
    <id>3</id>
    <parts>
      <hasparts></hasparts>
      <ispartof></ispartof>
    </parts>
    <type>bounding_box</type>
    <polygon>
      <pt>
        <x>518.99</x>
        <y>377.42</y>
      </pt>
      <pt>
        <x>527.75</x>
        <y>377.42</y>
      </pt>
      <pt>
        <x>527.75</x>
        <y>405.43</y>
      </pt>
      <pt>
        <x>518.99</x>
        <y>405.43</y>
      </pt>
      <username></username>
    </polygon>
    <attributes>rotation=0.0</attributes>
  </object>
  <object>
    <name>lane</name>
    <deleted>0</deleted>
    <verified>0</verified>
    <occluded>no</occluded>
    <date></date>
    <id>4</id>
    <parts>
      <hasparts></hasparts>
      <ispartof></ispartof>
    </parts>
    <type>bounding_box</type>
    <polygon>
      <pt>
        <x>520.74</x>
        <y>348.52</y>
      </pt>
      <pt>
        <x>529.50</x>
        <y>348.52</y>
      </pt>
      <pt>
        <x>529.50</x>
        <y>364.28</y>
      </pt>
      <pt>
        <x>520.74</x>
        <y>364.28</y>
      </pt>
      <username></username>
    </polygon>
    <attributes>rotation=0.0</attributes>
  </object>
  <object>
    <name>lane</name>
    <deleted>0</deleted>
    <verified>0</verified>
    <occluded>no</occluded>
    <date></date>
    <id>5</id>
    <parts>
      <hasparts></hasparts>
      <ispartof></ispartof>
    </parts>
    <type>bounding_box</type>
    <polygon>
      <pt>
        <x>520.74</x>
        <y>328.39</y>
      </pt>
      <pt>
        <x>527.75</x>
        <y>328.39</y>
      </pt>
      <pt>
        <x>527.75</x>
        <y>341.52</y>
      </pt>
      <pt>
        <x>520.74</x>
        <y>341.52</y>
      </pt>
      <username></username>
    </polygon>
    <attributes>rotation=0.0</attributes>
  </object>
</annotation>
