<annotation>
  <filename>image_960.jpg</filename>
  <folder></folder>
  <source>
    <sourceImage></sourceImage>
    <sourceAnnotation>Datumaro</sourceAnnotation>
  </source>
  <imagesize>
    <nrows>1920</nrows>
    <ncols>1080</ncols>
  </imagesize>
  <object>
    <name>lane</name>
    <deleted>0</deleted>
    <verified>0</verified>
    <occluded>no</occluded>
    <date></date>
    <id>0</id>
    <parts>
      <hasparts></hasparts>
      <ispartof></ispartof>
    </parts>
    <polygon>
      <pt>
        <x>210.16</x>
        <y>77.74</y>
      </pt>
      <pt>
        <x>215.22</x>
        <y>72.68</y>
      </pt>
      <pt>
        <x>262.09</x>
        <y>90.41</y>
      </pt>
      <pt>
        <x>251.11</x>
        <y>96.32</y>
      </pt>
      <username></username>
    </polygon>
    <attributes></attributes>
  </object>
  <object>
    <name>lane</name>
    <deleted>0</deleted>
    <verified>0</verified>
    <occluded>no</occluded>
    <date></date>
    <id>1</id>
    <parts>
      <hasparts></hasparts>
      <ispartof></ispartof>
    </parts>
    <polygon>
      <pt>
        <x>493.22</x>
        <y>1472.96</y>
      </pt>
      <pt>
        <x>593.44</x>
        <y>1470.78</y>
      </pt>
      <pt>
        <x>576.01</x>
        <y>1913.05</y>
      </pt>
      <pt>
        <x>454.01</x>
        <y>1919.59</y>
      </pt>
      <username></username>
    </polygon>
    <attributes></attributes>
  </object>
  <object>
    <name>lane</name>
    <deleted>0</deleted>
    <verified>0</verified>
    <occluded>no</occluded>
    <date></date>
    <id>2</id>
    <parts>
      <hasparts></hasparts>
      <ispartof></ispartof>
    </parts>
    <polygon>
      <pt>
        <x>523.09</x>
        <y>584.03</y>
      </pt>
      <pt>
        <x>565.12</x>
        <y>582.98</y>
      </pt>
      <pt>
        <x>592.44</x>
        <y>853.00</y>
      </pt>
      <pt>
        <x>528.35</x>
        <y>854.05</y>
      </pt>
      <username></username>
    </polygon>
    <attributes></attributes>
  </object>
  <object>
    <name>lane</name>
    <deleted>0</deleted>
    <verified>0</verified>
    <occluded>no</occluded>
    <date></date>
    <id>3</id>
    <parts>
      <hasparts></hasparts>
      <ispartof></ispartof>
    </parts>
    <polygon>
      <pt>
        <x>476.64</x>
        <y>328.64</y>
      </pt>
      <pt>
        <x>502.78</x>
        <y>326.21</y>
      </pt>
      <pt>
        <x>538.65</x>
        <y>427.75</y>
      </pt>
      <pt>
        <x>505.21</x>
        <y>432.01</y>
      </pt>
      <username></username>
    </polygon>
    <attributes></attributes>
  </object>
  <object>
    <name>lane</name>
    <deleted>0</deleted>
    <verified>0</verified>
    <occluded>no</occluded>
    <date></date>
    <id>4</id>
    <parts>
      <hasparts></hasparts>
      <ispartof></ispartof>
    </parts>
    <polygon>
      <pt>
        <x>417.05</x>
        <y>218.77</y>
      </pt>
      <pt>
        <x>436.05</x>
        <y>214.97</y>
      </pt>
      <pt>
        <x>476.17</x>
        <y>273.24</y>
      </pt>
      <pt>
        <x>449.99</x>
        <y>273.66</y>
      </pt>
      <username></username>
    </polygon>
    <attributes></attributes>
  </object>
  <object>
    <name>lane</name>
    <deleted>0</deleted>
    <verified>0</verified>
    <occluded>no</occluded>
    <date></date>
    <id>5</id>
    <parts>
      <hasparts></hasparts>
      <ispartof></ispartof>
    </parts>
    <polygon>
      <pt>
        <x>350.34</x>
        <y>155.01</y>
      </pt>
      <pt>
        <x>364.70</x>
        <y>149.95</y>
      </pt>
      <pt>
        <x>404.81</x>
        <y>184.15</y>
      </pt>
      <pt>
        <x>386.23</x>
        <y>187.10</y>
      </pt>
      <username></username>
    </polygon>
    <attributes></attributes>
  </object>
  <object>
    <name>lane</name>
    <deleted>0</deleted>
    <verified>0</verified>
    <occluded>no</occluded>
    <date></date>
    <id>6</id>
    <parts>
      <hasparts></hasparts>
      <ispartof></ispartof>
    </parts>
    <polygon>
      <pt>
        <x>279.83</x>
        <y>109.83</y>
      </pt>
      <pt>
        <x>291.23</x>
        <y>103.92</y>
      </pt>
      <pt>
        <x>332.61</x>
        <y>129.68</y>
      </pt>
      <pt>
        <x>319.94</x>
        <y>135.59</y>
      </pt>
      <username></username>
    </polygon>
    <attributes></attributes>
  </object>
  <object>
    <name>lane</name>
    <deleted>0</deleted>
    <verified>0</verified>
    <occluded>no</occluded>
    <date></date>
    <id>7</id>
    <parts>
      <hasparts></hasparts>
      <ispartof></ispartof>
    </parts>
    <polygon>
      <pt>
        <x>148.09</x>
        <y>57.90</y>
      </pt>
      <pt>
        <x>153.16</x>
        <y>51.99</y>
      </pt>
      <pt>
        <x>188.20</x>
        <y>64.23</y>
      </pt>
      <pt>
        <x>183.13</x>
        <y>70.14</y>
      </pt>
      <username></username>
    </polygon>
    <attributes></attributes>
  </object>
  <object>
    <name>lane</name>
    <deleted>0</deleted>
    <verified>0</verified>
    <occluded>no</occluded>
    <date></date>
    <id>8</id>
    <parts>
      <hasparts></hasparts>
      <ispartof></ispartof>
    </parts>
    <polygon>
      <pt>
        <x>86.86</x>
        <y>38.48</y>
      </pt>
      <pt>
        <x>90.66</x>
        <y>32.56</y>
      </pt>
      <pt>
        <x>129.93</x>
        <y>43.54</y>
      </pt>
      <pt>
        <x>123.18</x>
        <y>49.03</y>
      </pt>
      <username></username>
    </polygon>
    <attributes></attributes>
  </object>
  <object>
    <name>lane</name>
    <deleted>0</deleted>
    <verified>0</verified>
    <occluded>no</occluded>
    <date></date>
    <id>9</id>
    <parts>
      <hasparts></hasparts>
      <ispartof></ispartof>
    </parts>
    <polygon>
      <pt>
        <x>14.20</x>
        <y>20.30</y>
      </pt>
      <pt>
        <x>17.60</x>
        <y>13.60</y>
      </pt>
      <pt>
        <x>62.37</x>
        <y>25.81</y>
      </pt>
      <pt>
        <x>59.84</x>
        <y>29.61</y>
      </pt>
      <username></username>
    </polygon>
    <attributes></attributes>
  </object>
</annotation>
