<annotation>
  <filename>image_2535.jpg</filename>
  <folder></folder>
  <source>
    <sourceImage></sourceImage>
    <sourceAnnotation>Datumaro</sourceAnnotation>
  </source>
  <imagesize>
    <nrows>1920</nrows>
    <ncols>1080</ncols>
  </imagesize>
  <object>
    <name>lane</name>
    <deleted>0</deleted>
    <verified>0</verified>
    <occluded>no</occluded>
    <date></date>
    <id>0</id>
    <parts>
      <hasparts></hasparts>
      <ispartof></ispartof>
    </parts>
    <type>bounding_box</type>
    <polygon>
      <pt>
        <x>472.80</x>
        <y>380.42</y>
      </pt>
      <pt>
        <x>481.33</x>
        <y>380.42</y>
      </pt>
      <pt>
        <x>481.33</x>
        <y>403.18</y>
      </pt>
      <pt>
        <x>472.80</x>
        <y>403.18</y>
      </pt>
      <username></username>
    </polygon>
    <attributes>rotation=0.0</attributes>
  </object>
  <object>
    <name>lane</name>
    <deleted>0</deleted>
    <verified>0</verified>
    <occluded>no</occluded>
    <date></date>
    <id>1</id>
    <parts>
      <hasparts></hasparts>
      <ispartof></ispartof>
    </parts>
    <polygon>
      <pt>
        <x>361.63</x>
        <y>1636.81</y>
      </pt>
      <pt>
        <x>336.14</x>
        <y>1911.50</y>
      </pt>
      <pt>
        <x>435.26</x>
        <y>1911.50</y>
      </pt>
      <pt>
        <x>449.42</x>
        <y>1645.31</y>
      </pt>
      <username></username>
    </polygon>
    <attributes></attributes>
  </object>
  <object>
    <name>lane</name>
    <deleted>0</deleted>
    <verified>0</verified>
    <occluded>no</occluded>
    <date></date>
    <id>2</id>
    <parts>
      <hasparts></hasparts>
      <ispartof></ispartof>
    </parts>
    <polygon>
      <pt>
        <x>443.75</x>
        <y>693.81</y>
      </pt>
      <pt>
        <x>432.42</x>
        <y>934.51</y>
      </pt>
      <pt>
        <x>463.58</x>
        <y>934.51</y>
      </pt>
      <pt>
        <x>474.90</x>
        <y>702.30</y>
      </pt>
      <username></username>
    </polygon>
    <attributes></attributes>
  </object>
  <object>
    <name>lane</name>
    <deleted>0</deleted>
    <verified>0</verified>
    <occluded>no</occluded>
    <date></date>
    <id>3</id>
    <parts>
      <hasparts></hasparts>
      <ispartof></ispartof>
    </parts>
    <type>bounding_box</type>
    <polygon>
      <pt>
        <x>458.57</x>
        <y>524.58</y>
      </pt>
      <pt>
        <x>479.43</x>
        <y>524.58</y>
      </pt>
      <pt>
        <x>479.43</x>
        <y>592.86</y>
      </pt>
      <pt>
        <x>458.57</x>
        <y>592.86</y>
      </pt>
      <username></username>
    </polygon>
    <attributes>rotation=0.0</attributes>
  </object>
  <object>
    <name>lane</name>
    <deleted>0</deleted>
    <verified>0</verified>
    <occluded>no</occluded>
    <date></date>
    <id>4</id>
    <parts>
      <hasparts></hasparts>
      <ispartof></ispartof>
    </parts>
    <type>bounding_box</type>
    <polygon>
      <pt>
        <x>467.11</x>
        <y>451.55</y>
      </pt>
      <pt>
        <x>477.54</x>
        <y>451.55</y>
      </pt>
      <pt>
        <x>477.54</x>
        <y>483.80</y>
      </pt>
      <pt>
        <x>467.11</x>
        <y>483.80</y>
      </pt>
      <username></username>
    </polygon>
    <attributes>rotation=0.0</attributes>
  </object>
  <object>
    <name>lane</name>
    <deleted>0</deleted>
    <verified>0</verified>
    <occluded>no</occluded>
    <date></date>
    <id>5</id>
    <parts>
      <hasparts></hasparts>
      <ispartof></ispartof>
    </parts>
    <type>bounding_box</type>
    <polygon>
      <pt>
        <x>469.00</x>
        <y>411.72</y>
      </pt>
      <pt>
        <x>482.28</x>
        <y>411.72</y>
      </pt>
      <pt>
        <x>482.28</x>
        <y>432.58</y>
      </pt>
      <pt>
        <x>469.00</x>
        <y>432.58</y>
      </pt>
      <username></username>
    </polygon>
    <attributes>rotation=0.0</attributes>
  </object>
</annotation>
