<annotation>
  <filename>image_357.jpg</filename>
  <folder></folder>
  <source>
    <sourceImage></sourceImage>
    <sourceAnnotation>Datumaro</sourceAnnotation>
  </source>
  <imagesize>
    <nrows>1920</nrows>
    <ncols>1080</ncols>
  </imagesize>
  <object>
    <name>lane</name>
    <deleted>0</deleted>
    <verified>0</verified>
    <occluded>no</occluded>
    <date></date>
    <id>0</id>
    <parts>
      <hasparts></hasparts>
      <ispartof></ispartof>
    </parts>
    <polygon>
      <pt>
        <x>427.09</x>
        <y>1255.87</y>
      </pt>
      <pt>
        <x>490.98</x>
        <y>1269.18</y>
      </pt>
      <pt>
        <x>546.31</x>
        <y>1920.00</y>
      </pt>
      <pt>
        <x>427.09</x>
        <y>1920.00</y>
      </pt>
      <username></username>
    </polygon>
    <attributes></attributes>
  </object>
  <object>
    <name>lane</name>
    <deleted>0</deleted>
    <verified>0</verified>
    <occluded>no</occluded>
    <date></date>
    <id>1</id>
    <parts>
      <hasparts></hasparts>
      <ispartof></ispartof>
    </parts>
    <type>bounding_box</type>
    <polygon>
      <pt>
        <x>439.67</x>
        <y>222.62</y>
      </pt>
      <pt>
        <x>442.31</x>
        <y>222.62</y>
      </pt>
      <pt>
        <x>442.31</x>
        <y>223.70</y>
      </pt>
      <pt>
        <x>439.67</x>
        <y>223.70</y>
      </pt>
      <username></username>
    </polygon>
    <attributes>rotation=0.0</attributes>
  </object>
  <object>
    <name>lane</name>
    <deleted>0</deleted>
    <verified>0</verified>
    <occluded>no</occluded>
    <date></date>
    <id>2</id>
    <parts>
      <hasparts></hasparts>
      <ispartof></ispartof>
    </parts>
    <type>bounding_box</type>
    <polygon>
      <pt>
        <x>440.03</x>
        <y>225.02</y>
      </pt>
      <pt>
        <x>442.55</x>
        <y>225.02</y>
      </pt>
      <pt>
        <x>442.55</x>
        <y>226.46</y>
      </pt>
      <pt>
        <x>440.03</x>
        <y>226.46</y>
      </pt>
      <username></username>
    </polygon>
    <attributes>rotation=0.0</attributes>
  </object>
  <object>
    <name>lane</name>
    <deleted>0</deleted>
    <verified>0</verified>
    <occluded>no</occluded>
    <date></date>
    <id>3</id>
    <parts>
      <hasparts></hasparts>
      <ispartof></ispartof>
    </parts>
    <type>bounding_box</type>
    <polygon>
      <pt>
        <x>439.91</x>
        <y>228.50</y>
      </pt>
      <pt>
        <x>442.31</x>
        <y>228.50</y>
      </pt>
      <pt>
        <x>442.31</x>
        <y>230.06</y>
      </pt>
      <pt>
        <x>439.91</x>
        <y>230.06</y>
      </pt>
      <username></username>
    </polygon>
    <attributes>rotation=0.0</attributes>
  </object>
  <object>
    <name>lane</name>
    <deleted>0</deleted>
    <verified>0</verified>
    <occluded>no</occluded>
    <date></date>
    <id>4</id>
    <parts>
      <hasparts></hasparts>
      <ispartof></ispartof>
    </parts>
    <type>bounding_box</type>
    <polygon>
      <pt>
        <x>440.27</x>
        <y>232.22</y>
      </pt>
      <pt>
        <x>443.39</x>
        <y>232.22</y>
      </pt>
      <pt>
        <x>443.39</x>
        <y>234.38</y>
      </pt>
      <pt>
        <x>440.27</x>
        <y>234.38</y>
      </pt>
      <username></username>
    </polygon>
    <attributes>rotation=0.0</attributes>
  </object>
  <object>
    <name>lane</name>
    <deleted>0</deleted>
    <verified>0</verified>
    <occluded>no</occluded>
    <date></date>
    <id>5</id>
    <parts>
      <hasparts></hasparts>
      <ispartof></ispartof>
    </parts>
    <type>bounding_box</type>
    <polygon>
      <pt>
        <x>440.15</x>
        <y>236.06</y>
      </pt>
      <pt>
        <x>443.27</x>
        <y>236.06</y>
      </pt>
      <pt>
        <x>443.27</x>
        <y>238.10</y>
      </pt>
      <pt>
        <x>440.15</x>
        <y>238.10</y>
      </pt>
      <username></username>
    </polygon>
    <attributes>rotation=0.0</attributes>
  </object>
  <object>
    <name>lane</name>
    <deleted>0</deleted>
    <verified>0</verified>
    <occluded>no</occluded>
    <date></date>
    <id>6</id>
    <parts>
      <hasparts></hasparts>
      <ispartof></ispartof>
    </parts>
    <type>bounding_box</type>
    <polygon>
      <pt>
        <x>439.91</x>
        <y>240.14</y>
      </pt>
      <pt>
        <x>443.15</x>
        <y>240.14</y>
      </pt>
      <pt>
        <x>443.15</x>
        <y>242.18</y>
      </pt>
      <pt>
        <x>439.91</x>
        <y>242.18</y>
      </pt>
      <username></username>
    </polygon>
    <attributes>rotation=0.0</attributes>
  </object>
  <object>
    <name>lane</name>
    <deleted>0</deleted>
    <verified>0</verified>
    <occluded>no</occluded>
    <date></date>
    <id>7</id>
    <parts>
      <hasparts></hasparts>
      <ispartof></ispartof>
    </parts>
    <type>bounding_box</type>
    <polygon>
      <pt>
        <x>439.91</x>
        <y>244.34</y>
      </pt>
      <pt>
        <x>443.75</x>
        <y>244.34</y>
      </pt>
      <pt>
        <x>443.75</x>
        <y>247.58</y>
      </pt>
      <pt>
        <x>439.91</x>
        <y>247.58</y>
      </pt>
      <username></username>
    </polygon>
    <attributes>rotation=0.0</attributes>
  </object>
  <object>
    <name>lane</name>
    <deleted>0</deleted>
    <verified>0</verified>
    <occluded>no</occluded>
    <date></date>
    <id>8</id>
    <parts>
      <hasparts></hasparts>
      <ispartof></ispartof>
    </parts>
    <type>bounding_box</type>
    <polygon>
      <pt>
        <x>439.40</x>
        <y>266.44</y>
      </pt>
      <pt>
        <x>445.00</x>
        <y>266.44</y>
      </pt>
      <pt>
        <x>445.00</x>
        <y>273.49</y>
      </pt>
      <pt>
        <x>439.40</x>
        <y>273.49</y>
      </pt>
      <username></username>
    </polygon>
    <attributes>rotation=0.0</attributes>
  </object>
  <object>
    <name>lane</name>
    <deleted>0</deleted>
    <verified>0</verified>
    <occluded>no</occluded>
    <date></date>
    <id>9</id>
    <parts>
      <hasparts></hasparts>
      <ispartof></ispartof>
    </parts>
    <type>bounding_box</type>
    <polygon>
      <pt>
        <x>439.19</x>
        <y>257.00</y>
      </pt>
      <pt>
        <x>444.70</x>
        <y>257.00</y>
      </pt>
      <pt>
        <x>444.70</x>
        <y>261.67</y>
      </pt>
      <pt>
        <x>439.19</x>
        <y>261.67</y>
      </pt>
      <username></username>
    </polygon>
    <attributes>rotation=0.0</attributes>
  </object>
  <object>
    <name>lane</name>
    <deleted>0</deleted>
    <verified>0</verified>
    <occluded>no</occluded>
    <date></date>
    <id>10</id>
    <parts>
      <hasparts></hasparts>
      <ispartof></ispartof>
    </parts>
    <type>bounding_box</type>
    <polygon>
      <pt>
        <x>439.55</x>
        <y>250.58</y>
      </pt>
      <pt>
        <x>443.87</x>
        <y>250.58</y>
      </pt>
      <pt>
        <x>443.87</x>
        <y>254.30</y>
      </pt>
      <pt>
        <x>439.55</x>
        <y>254.30</y>
      </pt>
      <username></username>
    </polygon>
    <attributes>rotation=0.0</attributes>
  </object>
  <object>
    <name>lane</name>
    <deleted>0</deleted>
    <verified>0</verified>
    <occluded>no</occluded>
    <date></date>
    <id>11</id>
    <parts>
      <hasparts></hasparts>
      <ispartof></ispartof>
    </parts>
    <type>bounding_box</type>
    <polygon>
      <pt>
        <x>439.82</x>
        <y>294.02</y>
      </pt>
      <pt>
        <x>446.45</x>
        <y>294.02</y>
      </pt>
      <pt>
        <x>446.45</x>
        <y>305.22</y>
      </pt>
      <pt>
        <x>439.82</x>
        <y>305.22</y>
      </pt>
      <username></username>
    </polygon>
    <attributes>rotation=0.0</attributes>
  </object>
  <object>
    <name>lane</name>
    <deleted>0</deleted>
    <verified>0</verified>
    <occluded>no</occluded>
    <date></date>
    <id>12</id>
    <parts>
      <hasparts></hasparts>
      <ispartof></ispartof>
    </parts>
    <type>bounding_box</type>
    <polygon>
      <pt>
        <x>437.70</x>
        <y>418.56</y>
      </pt>
      <pt>
        <x>457.04</x>
        <y>418.56</y>
      </pt>
      <pt>
        <x>457.04</x>
        <y>482.00</y>
      </pt>
      <pt>
        <x>437.70</x>
        <y>482.00</y>
      </pt>
      <username></username>
    </polygon>
    <attributes>rotation=0.0</attributes>
  </object>
  <object>
    <name>lane</name>
    <deleted>0</deleted>
    <verified>0</verified>
    <occluded>no</occluded>
    <date></date>
    <id>13</id>
    <parts>
      <hasparts></hasparts>
      <ispartof></ispartof>
    </parts>
    <type>bounding_box</type>
    <polygon>
      <pt>
        <x>439.40</x>
        <y>278.05</y>
      </pt>
      <pt>
        <x>445.41</x>
        <y>278.05</y>
      </pt>
      <pt>
        <x>445.41</x>
        <y>286.97</y>
      </pt>
      <pt>
        <x>439.40</x>
        <y>286.97</y>
      </pt>
      <username></username>
    </polygon>
    <attributes>rotation=0.0</attributes>
  </object>
  <object>
    <name>lane</name>
    <deleted>0</deleted>
    <verified>0</verified>
    <occluded>no</occluded>
    <date></date>
    <id>14</id>
    <parts>
      <hasparts></hasparts>
      <ispartof></ispartof>
    </parts>
    <type>bounding_box</type>
    <polygon>
      <pt>
        <x>439.19</x>
        <y>352.74</y>
      </pt>
      <pt>
        <x>450.83</x>
        <y>352.74</y>
      </pt>
      <pt>
        <x>450.83</x>
        <y>382.31</y>
      </pt>
      <pt>
        <x>439.19</x>
        <y>382.31</y>
      </pt>
      <username></username>
    </polygon>
    <attributes>rotation=0.0</attributes>
  </object>
  <object>
    <name>lane</name>
    <deleted>0</deleted>
    <verified>0</verified>
    <occluded>no</occluded>
    <date></date>
    <id>15</id>
    <parts>
      <hasparts></hasparts>
      <ispartof></ispartof>
    </parts>
    <type>bounding_box</type>
    <polygon>
      <pt>
        <x>438.89</x>
        <y>315.72</y>
      </pt>
      <pt>
        <x>448.15</x>
        <y>315.72</y>
      </pt>
      <pt>
        <x>448.15</x>
        <y>334.23</y>
      </pt>
      <pt>
        <x>438.89</x>
        <y>334.23</y>
      </pt>
      <username></username>
    </polygon>
    <attributes>rotation=0.0</attributes>
  </object>
  <object>
    <name>lane</name>
    <deleted>0</deleted>
    <verified>0</verified>
    <occluded>no</occluded>
    <date></date>
    <id>16</id>
    <parts>
      <hasparts></hasparts>
      <ispartof></ispartof>
    </parts>
    <polygon>
      <pt>
        <x>437.03</x>
        <y>576.93</y>
      </pt>
      <pt>
        <x>461.11</x>
        <y>576.93</y>
      </pt>
      <pt>
        <x>476.27</x>
        <y>767.73</y>
      </pt>
      <pt>
        <x>443.28</x>
        <y>768.62</y>
      </pt>
      <username></username>
    </polygon>
    <attributes></attributes>
  </object>
</annotation>
