<annotation>
  <filename>image_2498.jpg</filename>
  <folder></folder>
  <source>
    <sourceImage></sourceImage>
    <sourceAnnotation>Datumaro</sourceAnnotation>
  </source>
  <imagesize>
    <nrows>1920</nrows>
    <ncols>1080</ncols>
  </imagesize>
  <object>
    <name>lane</name>
    <deleted>0</deleted>
    <verified>0</verified>
    <occluded>no</occluded>
    <date></date>
    <id>0</id>
    <parts>
      <hasparts></hasparts>
      <ispartof></ispartof>
    </parts>
    <type>bounding_box</type>
    <polygon>
      <pt>
        <x>570.49</x>
        <y>353.17</y>
      </pt>
      <pt>
        <x>574.90</x>
        <y>353.17</y>
      </pt>
      <pt>
        <x>574.90</x>
        <y>357.75</y>
      </pt>
      <pt>
        <x>570.49</x>
        <y>357.75</y>
      </pt>
      <username></username>
    </polygon>
    <attributes>rotation=0.0</attributes>
  </object>
  <object>
    <name>lane</name>
    <deleted>0</deleted>
    <verified>0</verified>
    <occluded>no</occluded>
    <date></date>
    <id>1</id>
    <parts>
      <hasparts></hasparts>
      <ispartof></ispartof>
    </parts>
    <type>bounding_box</type>
    <polygon>
      <pt>
        <x>567.26</x>
        <y>378.62</y>
      </pt>
      <pt>
        <x>573.88</x>
        <y>378.62</y>
      </pt>
      <pt>
        <x>573.88</x>
        <y>389.31</y>
      </pt>
      <pt>
        <x>567.26</x>
        <y>389.31</y>
      </pt>
      <username></username>
    </polygon>
    <attributes>rotation=0.0</attributes>
  </object>
  <object>
    <name>lane</name>
    <deleted>0</deleted>
    <verified>0</verified>
    <occluded>no</occluded>
    <date></date>
    <id>2</id>
    <parts>
      <hasparts></hasparts>
      <ispartof></ispartof>
    </parts>
    <type>bounding_box</type>
    <polygon>
      <pt>
        <x>568.96</x>
        <y>363.35</y>
      </pt>
      <pt>
        <x>574.39</x>
        <y>363.35</y>
      </pt>
      <pt>
        <x>574.39</x>
        <y>369.97</y>
      </pt>
      <pt>
        <x>568.96</x>
        <y>369.97</y>
      </pt>
      <username></username>
    </polygon>
    <attributes>rotation=0.0</attributes>
  </object>
  <object>
    <name>lane</name>
    <deleted>0</deleted>
    <verified>0</verified>
    <occluded>no</occluded>
    <date></date>
    <id>3</id>
    <parts>
      <hasparts></hasparts>
      <ispartof></ispartof>
    </parts>
    <type>bounding_box</type>
    <polygon>
      <pt>
        <x>553.83</x>
        <y>480.97</y>
      </pt>
      <pt>
        <x>568.06</x>
        <y>480.97</y>
      </pt>
      <pt>
        <x>568.06</x>
        <y>528.39</y>
      </pt>
      <pt>
        <x>553.83</x>
        <y>528.39</y>
      </pt>
      <username></username>
    </polygon>
    <attributes>rotation=0.0</attributes>
  </object>
  <object>
    <name>lane</name>
    <deleted>0</deleted>
    <verified>0</verified>
    <occluded>no</occluded>
    <date></date>
    <id>4</id>
    <parts>
      <hasparts></hasparts>
      <ispartof></ispartof>
    </parts>
    <type>bounding_box</type>
    <polygon>
      <pt>
        <x>549.09</x>
        <y>584.50</y>
      </pt>
      <pt>
        <x>568.06</x>
        <y>584.50</y>
      </pt>
      <pt>
        <x>568.06</x>
        <y>700.68</y>
      </pt>
      <pt>
        <x>549.09</x>
        <y>700.68</y>
      </pt>
      <username></username>
    </polygon>
    <attributes>rotation=0.0</attributes>
  </object>
  <object>
    <name>lane</name>
    <deleted>0</deleted>
    <verified>0</verified>
    <occluded>no</occluded>
    <date></date>
    <id>5</id>
    <parts>
      <hasparts></hasparts>
      <ispartof></ispartof>
    </parts>
    <type>bounding_box</type>
    <polygon>
      <pt>
        <x>563.32</x>
        <y>400.35</y>
      </pt>
      <pt>
        <x>572.01</x>
        <y>400.35</y>
      </pt>
      <pt>
        <x>572.01</x>
        <y>416.16</y>
      </pt>
      <pt>
        <x>563.32</x>
        <y>416.16</y>
      </pt>
      <username></username>
    </polygon>
    <attributes>rotation=0.0</attributes>
  </object>
  <object>
    <name>lane</name>
    <deleted>0</deleted>
    <verified>0</verified>
    <occluded>no</occluded>
    <date></date>
    <id>6</id>
    <parts>
      <hasparts></hasparts>
      <ispartof></ispartof>
    </parts>
    <polygon>
      <pt>
        <x>520.21</x>
        <y>900.53</y>
      </pt>
      <pt>
        <x>565.52</x>
        <y>900.53</y>
      </pt>
      <pt>
        <x>537.20</x>
        <y>1656.64</y>
      </pt>
      <pt>
        <x>449.42</x>
        <y>1656.64</y>
      </pt>
      <username></username>
    </polygon>
    <attributes></attributes>
  </object>
  <object>
    <name>lane</name>
    <deleted>0</deleted>
    <verified>0</verified>
    <occluded>no</occluded>
    <date></date>
    <id>7</id>
    <parts>
      <hasparts></hasparts>
      <ispartof></ispartof>
    </parts>
    <type>bounding_box</type>
    <polygon>
      <pt>
        <x>559.37</x>
        <y>428.02</y>
      </pt>
      <pt>
        <x>571.22</x>
        <y>428.02</y>
      </pt>
      <pt>
        <x>571.22</x>
        <y>453.31</y>
      </pt>
      <pt>
        <x>559.37</x>
        <y>453.31</y>
      </pt>
      <username></username>
    </polygon>
    <attributes>rotation=0.0</attributes>
  </object>
</annotation>
