<annotation>
  <filename>image_861.jpg</filename>
  <folder></folder>
  <source>
    <sourceImage></sourceImage>
    <sourceAnnotation>Datumaro</sourceAnnotation>
  </source>
  <imagesize>
    <nrows>1920</nrows>
    <ncols>1080</ncols>
  </imagesize>
  <object>
    <name>lane</name>
    <deleted>0</deleted>
    <verified>0</verified>
    <occluded>no</occluded>
    <date></date>
    <id>0</id>
    <parts>
      <hasparts></hasparts>
      <ispartof></ispartof>
    </parts>
    <polygon>
      <pt>
        <x>431.50</x>
        <y>1359.03</y>
      </pt>
      <pt>
        <x>525.17</x>
        <y>1344.49</y>
      </pt>
      <pt>
        <x>558.93</x>
        <y>1920.00</y>
      </pt>
      <pt>
        <x>429.90</x>
        <y>1920.00</y>
      </pt>
      <username></username>
    </polygon>
    <attributes></attributes>
  </object>
  <object>
    <name>lane</name>
    <deleted>0</deleted>
    <verified>0</verified>
    <occluded>no</occluded>
    <date></date>
    <id>1</id>
    <parts>
      <hasparts></hasparts>
      <ispartof></ispartof>
    </parts>
    <polygon>
      <pt>
        <x>434.13</x>
        <y>561.65</y>
      </pt>
      <pt>
        <x>480.12</x>
        <y>559.41</y>
      </pt>
      <pt>
        <x>492.45</x>
        <y>796.06</y>
      </pt>
      <pt>
        <x>434.13</x>
        <y>796.06</y>
      </pt>
      <username></username>
    </polygon>
    <attributes></attributes>
  </object>
  <object>
    <name>lane</name>
    <deleted>0</deleted>
    <verified>0</verified>
    <occluded>no</occluded>
    <date></date>
    <id>2</id>
    <parts>
      <hasparts></hasparts>
      <ispartof></ispartof>
    </parts>
    <polygon>
      <pt>
        <x>441.22</x>
        <y>315.13</y>
      </pt>
      <pt>
        <x>469.26</x>
        <y>312.33</y>
      </pt>
      <pt>
        <x>472.99</x>
        <y>415.14</y>
      </pt>
      <pt>
        <x>440.28</x>
        <y>417.01</y>
      </pt>
      <username></username>
    </polygon>
    <attributes></attributes>
  </object>
  <object>
    <name>lane</name>
    <deleted>0</deleted>
    <verified>0</verified>
    <occluded>no</occluded>
    <date></date>
    <id>3</id>
    <parts>
      <hasparts></hasparts>
      <ispartof></ispartof>
    </parts>
    <polygon>
      <pt>
        <x>441.10</x>
        <y>207.49</y>
      </pt>
      <pt>
        <x>462.29</x>
        <y>206.59</y>
      </pt>
      <pt>
        <x>463.19</x>
        <y>254.82</y>
      </pt>
      <pt>
        <x>441.55</x>
        <y>257.07</y>
      </pt>
      <username></username>
    </polygon>
    <attributes></attributes>
  </object>
  <object>
    <name>lane</name>
    <deleted>0</deleted>
    <verified>0</verified>
    <occluded>no</occluded>
    <date></date>
    <id>4</id>
    <parts>
      <hasparts></hasparts>
      <ispartof></ispartof>
    </parts>
    <polygon>
      <pt>
        <x>446.27</x>
        <y>108.25</y>
      </pt>
      <pt>
        <x>459.41</x>
        <y>107.93</y>
      </pt>
      <pt>
        <x>457.53</x>
        <y>124.52</y>
      </pt>
      <pt>
        <x>442.51</x>
        <y>124.21</y>
      </pt>
      <username></username>
    </polygon>
    <attributes></attributes>
  </object>
  <object>
    <name>lane</name>
    <deleted>0</deleted>
    <verified>0</verified>
    <occluded>no</occluded>
    <date></date>
    <id>5</id>
    <parts>
      <hasparts></hasparts>
      <ispartof></ispartof>
    </parts>
    <polygon>
      <pt>
        <x>443.14</x>
        <y>144.24</y>
      </pt>
      <pt>
        <x>459.72</x>
        <y>143.30</y>
      </pt>
      <pt>
        <x>462.23</x>
        <y>172.73</y>
      </pt>
      <pt>
        <x>443.76</x>
        <y>174.92</y>
      </pt>
      <username></username>
    </polygon>
    <attributes></attributes>
  </object>
  <object>
    <name>lane</name>
    <deleted>0</deleted>
    <verified>0</verified>
    <occluded>no</occluded>
    <date></date>
    <id>6</id>
    <parts>
      <hasparts></hasparts>
      <ispartof></ispartof>
    </parts>
    <polygon>
      <pt>
        <x>468.29</x>
        <y>45.36</y>
      </pt>
      <pt>
        <x>481.33</x>
        <y>35.45</y>
      </pt>
      <pt>
        <x>490.98</x>
        <y>35.19</y>
      </pt>
      <pt>
        <x>476.12</x>
        <y>46.41</y>
      </pt>
      <username></username>
    </polygon>
    <attributes></attributes>
  </object>
  <object>
    <name>lane</name>
    <deleted>0</deleted>
    <verified>0</verified>
    <occluded>no</occluded>
    <date></date>
    <id>7</id>
    <parts>
      <hasparts></hasparts>
      <ispartof></ispartof>
    </parts>
    <polygon>
      <pt>
        <x>327.63</x>
        <y>122.65</y>
      </pt>
      <pt>
        <x>338.59</x>
        <y>119.20</y>
      </pt>
      <pt>
        <x>416.22</x>
        <y>139.24</y>
      </pt>
      <pt>
        <x>402.76</x>
        <y>140.80</y>
      </pt>
      <username></username>
    </polygon>
    <attributes></attributes>
  </object>
  <object>
    <name>lane</name>
    <deleted>0</deleted>
    <verified>0</verified>
    <occluded>no</occluded>
    <date></date>
    <id>8</id>
    <parts>
      <hasparts></hasparts>
      <ispartof></ispartof>
    </parts>
    <polygon>
      <pt>
        <x>514.72</x>
        <y>25.54</y>
      </pt>
      <pt>
        <x>566.37</x>
        <y>13.28</y>
      </pt>
      <pt>
        <x>572.37</x>
        <y>14.85</y>
      </pt>
      <pt>
        <x>522.28</x>
        <y>26.84</y>
      </pt>
      <username></username>
    </polygon>
    <attributes></attributes>
  </object>
  <object>
    <name>lane</name>
    <deleted>0</deleted>
    <verified>0</verified>
    <occluded>no</occluded>
    <date></date>
    <id>9</id>
    <parts>
      <hasparts></hasparts>
      <ispartof></ispartof>
    </parts>
    <polygon>
      <pt>
        <x>190.23</x>
        <y>93.63</y>
      </pt>
      <pt>
        <x>200.59</x>
        <y>91.83</y>
      </pt>
      <pt>
        <x>266.85</x>
        <y>105.80</y>
      </pt>
      <pt>
        <x>256.93</x>
        <y>107.61</y>
      </pt>
      <username></username>
    </polygon>
    <attributes></attributes>
  </object>
  <object>
    <name>lane</name>
    <deleted>0</deleted>
    <verified>0</verified>
    <occluded>no</occluded>
    <date></date>
    <id>10</id>
    <parts>
      <hasparts></hasparts>
      <ispartof></ispartof>
    </parts>
    <polygon>
      <pt>
        <x>450.29</x>
        <y>68.06</y>
      </pt>
      <pt>
        <x>458.38</x>
        <y>56.32</y>
      </pt>
      <pt>
        <x>468.81</x>
        <y>56.84</y>
      </pt>
      <pt>
        <x>460.99</x>
        <y>69.88</y>
      </pt>
      <username></username>
    </polygon>
    <attributes></attributes>
  </object>
</annotation>
