<annotation>
  <filename>image_933.jpg</filename>
  <folder></folder>
  <source>
    <sourceImage></sourceImage>
    <sourceAnnotation>Datumaro</sourceAnnotation>
  </source>
  <imagesize>
    <nrows>1920</nrows>
    <ncols>1080</ncols>
  </imagesize>
  <object>
    <name>lane</name>
    <deleted>0</deleted>
    <verified>0</verified>
    <occluded>no</occluded>
    <date></date>
    <id>0</id>
    <parts>
      <hasparts></hasparts>
      <ispartof></ispartof>
    </parts>
    <polygon>
      <pt>
        <x>581.59</x>
        <y>163.99</y>
      </pt>
      <pt>
        <x>725.68</x>
        <y>125.04</y>
      </pt>
      <pt>
        <x>824.99</x>
        <y>96.49</y>
      </pt>
      <pt>
        <x>845.75</x>
        <y>97.14</y>
      </pt>
      <pt>
        <x>738.66</x>
        <y>127.64</y>
      </pt>
      <pt>
        <x>606.25</x>
        <y>165.93</y>
      </pt>
      <username></username>
    </polygon>
    <attributes></attributes>
  </object>
  <object>
    <name>lane</name>
    <deleted>0</deleted>
    <verified>0</verified>
    <occluded>no</occluded>
    <date></date>
    <id>1</id>
    <parts>
      <hasparts></hasparts>
      <ispartof></ispartof>
    </parts>
    <polygon>
      <pt>
        <x>993.91</x>
        <y>50.27</y>
      </pt>
      <pt>
        <x>1045.30</x>
        <y>33.57</y>
      </pt>
      <pt>
        <x>1080.00</x>
        <y>21.07</y>
      </pt>
      <pt>
        <x>1080.00</x>
        <y>29.01</y>
      </pt>
      <pt>
        <x>1079.99</x>
        <y>29.14</y>
      </pt>
      <pt>
        <x>1046.60</x>
        <y>39.83</y>
      </pt>
      <pt>
        <x>1013.21</x>
        <y>50.79</y>
      </pt>
      <username></username>
    </polygon>
    <attributes></attributes>
  </object>
  <object>
    <name>lane</name>
    <deleted>0</deleted>
    <verified>0</verified>
    <occluded>no</occluded>
    <date></date>
    <id>2</id>
    <parts>
      <hasparts></hasparts>
      <ispartof></ispartof>
    </parts>
    <polygon>
      <pt>
        <x>594.57</x>
        <y>206.18</y>
      </pt>
      <pt>
        <x>686.74</x>
        <y>160.09</y>
      </pt>
      <pt>
        <x>763.32</x>
        <y>127.64</y>
      </pt>
      <pt>
        <x>789.29</x>
        <y>127.64</y>
      </pt>
      <pt>
        <x>708.16</x>
        <y>161.39</y>
      </pt>
      <pt>
        <x>620.53</x>
        <y>206.83</y>
      </pt>
      <username></username>
    </polygon>
    <attributes></attributes>
  </object>
  <object>
    <name>lane</name>
    <deleted>0</deleted>
    <verified>0</verified>
    <occluded>no</occluded>
    <date></date>
    <id>3</id>
    <parts>
      <hasparts></hasparts>
      <ispartof></ispartof>
    </parts>
    <polygon>
      <pt>
        <x>428.54</x>
        <y>1859.90</y>
      </pt>
      <pt>
        <x>274.49</x>
        <y>1303.96</y>
      </pt>
      <pt>
        <x>197.46</x>
        <y>848.50</y>
      </pt>
      <pt>
        <x>284.54</x>
        <y>828.41</y>
      </pt>
      <pt>
        <x>371.61</x>
        <y>1300.62</y>
      </pt>
      <pt>
        <x>549.10</x>
        <y>1826.41</y>
      </pt>
      <username></username>
    </polygon>
    <attributes></attributes>
  </object>
  <object>
    <name>lane</name>
    <deleted>0</deleted>
    <verified>0</verified>
    <occluded>no</occluded>
    <date></date>
    <id>4</id>
    <parts>
      <hasparts></hasparts>
      <ispartof></ispartof>
    </parts>
    <polygon>
      <pt>
        <x>0.63</x>
        <y>293.26</y>
      </pt>
      <pt>
        <x>135.22</x>
        <y>268.03</y>
      </pt>
      <pt>
        <x>153.91</x>
        <y>274.57</y>
      </pt>
      <pt>
        <x>1.56</x>
        <y>303.54</y>
      </pt>
      <pt>
        <x>5.30</x>
        <y>296.07</y>
      </pt>
      <pt>
        <x>15.58</x>
        <y>294.20</y>
      </pt>
      <username></username>
    </polygon>
    <attributes></attributes>
  </object>
  <object>
    <name>lane</name>
    <deleted>0</deleted>
    <verified>0</verified>
    <occluded>no</occluded>
    <date></date>
    <id>5</id>
    <parts>
      <hasparts></hasparts>
      <ispartof></ispartof>
    </parts>
    <polygon>
      <pt>
        <x>284.76</x>
        <y>497.95</y>
      </pt>
      <pt>
        <x>376.35</x>
        <y>379.25</y>
      </pt>
      <pt>
        <x>429.63</x>
        <y>318.50</y>
      </pt>
      <pt>
        <x>471.69</x>
        <y>317.56</y>
      </pt>
      <pt>
        <x>404.39</x>
        <y>391.40</y>
      </pt>
      <pt>
        <x>336.16</x>
        <y>496.08</y>
      </pt>
      <username></username>
    </polygon>
    <attributes></attributes>
  </object>
</annotation>
