<annotation>
  <filename>image_599.jpg</filename>
  <folder></folder>
  <source>
    <sourceImage></sourceImage>
    <sourceAnnotation>Datumaro</sourceAnnotation>
  </source>
  <imagesize>
    <nrows>1920</nrows>
    <ncols>1080</ncols>
  </imagesize>
  <object>
    <name>lane</name>
    <deleted>0</deleted>
    <verified>0</verified>
    <occluded>no</occluded>
    <date></date>
    <id>0</id>
    <parts>
      <hasparts></hasparts>
      <ispartof></ispartof>
    </parts>
    <polygon>
      <pt>
        <x>771.50</x>
        <y>469.46</y>
      </pt>
      <pt>
        <x>798.04</x>
        <y>469.46</y>
      </pt>
      <pt>
        <x>1010.41</x>
        <y>370.16</y>
      </pt>
      <pt>
        <x>986.81</x>
        <y>368.19</y>
      </pt>
      <username></username>
    </polygon>
    <attributes></attributes>
  </object>
  <object>
    <name>lane</name>
    <deleted>0</deleted>
    <verified>0</verified>
    <occluded>no</occluded>
    <date></date>
    <id>1</id>
    <parts>
      <hasparts></hasparts>
      <ispartof></ispartof>
    </parts>
    <polygon>
      <pt>
        <x>264.47</x>
        <y>840.61</y>
      </pt>
      <pt>
        <x>366.72</x>
        <y>715.75</y>
      </pt>
      <pt>
        <x>531.89</x>
        <y>597.77</y>
      </pt>
      <pt>
        <x>570.24</x>
        <y>597.77</y>
      </pt>
      <pt>
        <x>397.20</x>
        <y>728.53</y>
      </pt>
      <pt>
        <x>305.76</x>
        <y>842.58</y>
      </pt>
      <username></username>
    </polygon>
    <attributes></attributes>
  </object>
</annotation>
