<annotation>
  <filename>image_1068.jpg</filename>
  <folder></folder>
  <source>
    <sourceImage></sourceImage>
    <sourceAnnotation>Datumaro</sourceAnnotation>
  </source>
  <imagesize>
    <nrows>1920</nrows>
    <ncols>1080</ncols>
  </imagesize>
  <object>
    <name>lane</name>
    <deleted>0</deleted>
    <verified>0</verified>
    <occluded>no</occluded>
    <date></date>
    <id>0</id>
    <parts>
      <hasparts></hasparts>
      <ispartof></ispartof>
    </parts>
    <polygon>
      <pt>
        <x>425.39</x>
        <y>403.36</y>
      </pt>
      <pt>
        <x>423.09</x>
        <y>435.96</y>
      </pt>
      <pt>
        <x>441.20</x>
        <y>436.29</y>
      </pt>
      <pt>
        <x>440.87</x>
        <y>402.71</y>
      </pt>
      <username></username>
    </polygon>
    <attributes></attributes>
  </object>
  <object>
    <name>lane</name>
    <deleted>0</deleted>
    <verified>0</verified>
    <occluded>no</occluded>
    <date></date>
    <id>1</id>
    <parts>
      <hasparts></hasparts>
      <ispartof></ispartof>
    </parts>
    <polygon>
      <pt>
        <x>418.90</x>
        <y>606.92</y>
      </pt>
      <pt>
        <x>445.82</x>
        <y>606.92</y>
      </pt>
      <pt>
        <x>455.24</x>
        <y>675.56</y>
      </pt>
      <pt>
        <x>457.93</x>
        <y>730.74</y>
      </pt>
      <pt>
        <x>417.56</x>
        <y>730.74</y>
      </pt>
      <pt>
        <x>420.25</x>
        <y>668.83</y>
      </pt>
      <username></username>
    </polygon>
    <attributes></attributes>
  </object>
  <object>
    <name>lane</name>
    <deleted>0</deleted>
    <verified>0</verified>
    <occluded>no</occluded>
    <date></date>
    <id>2</id>
    <parts>
      <hasparts></hasparts>
      <ispartof></ispartof>
    </parts>
    <polygon>
      <pt>
        <x>423.48</x>
        <y>469.24</y>
      </pt>
      <pt>
        <x>439.63</x>
        <y>471.93</y>
      </pt>
      <pt>
        <x>445.01</x>
        <y>493.46</y>
      </pt>
      <pt>
        <x>445.00</x>
        <y>528.50</y>
      </pt>
      <pt>
        <x>423.48</x>
        <y>532.49</y>
      </pt>
      <pt>
        <x>423.48</x>
        <y>501.54</y>
      </pt>
      <username></username>
    </polygon>
    <attributes></attributes>
  </object>
  <object>
    <name>lane</name>
    <deleted>0</deleted>
    <verified>0</verified>
    <occluded>no</occluded>
    <date></date>
    <id>3</id>
    <parts>
      <hasparts></hasparts>
      <ispartof></ispartof>
    </parts>
    <polygon>
      <pt>
        <x>408.89</x>
        <y>932.17</y>
      </pt>
      <pt>
        <x>459.28</x>
        <y>932.17</y>
      </pt>
      <pt>
        <x>465.09</x>
        <y>1127.91</y>
      </pt>
      <pt>
        <x>480.60</x>
        <y>1337.22</y>
      </pt>
      <pt>
        <x>395.32</x>
        <y>1339.16</y>
      </pt>
      <pt>
        <x>410.83</x>
        <y>1122.10</y>
      </pt>
      <username></username>
    </polygon>
    <attributes></attributes>
  </object>
  <object>
    <name>lane</name>
    <deleted>0</deleted>
    <verified>0</verified>
    <occluded>no</occluded>
    <date></date>
    <id>4</id>
    <parts>
      <hasparts></hasparts>
      <ispartof></ispartof>
    </parts>
    <type>bounding_box</type>
    <polygon>
      <pt>
        <x>430.23</x>
        <y>249.93</y>
      </pt>
      <pt>
        <x>437.22</x>
        <y>249.93</y>
      </pt>
      <pt>
        <x>437.22</x>
        <y>255.33</y>
      </pt>
      <pt>
        <x>430.23</x>
        <y>255.33</y>
      </pt>
      <username></username>
    </polygon>
    <attributes>rotation=0.0</attributes>
  </object>
  <object>
    <name>lane</name>
    <deleted>0</deleted>
    <verified>0</verified>
    <occluded>no</occluded>
    <date></date>
    <id>5</id>
    <parts>
      <hasparts></hasparts>
      <ispartof></ispartof>
    </parts>
    <type>bounding_box</type>
    <polygon>
      <pt>
        <x>428.81</x>
        <y>257.39</y>
      </pt>
      <pt>
        <x>437.22</x>
        <y>257.39</y>
      </pt>
      <pt>
        <x>437.22</x>
        <y>263.43</y>
      </pt>
      <pt>
        <x>428.81</x>
        <y>263.43</y>
      </pt>
      <username></username>
    </polygon>
    <attributes>rotation=0.0</attributes>
  </object>
  <object>
    <name>lane</name>
    <deleted>0</deleted>
    <verified>0</verified>
    <occluded>no</occluded>
    <date></date>
    <id>6</id>
    <parts>
      <hasparts></hasparts>
      <ispartof></ispartof>
    </parts>
    <polygon>
      <pt>
        <x>428.88</x>
        <y>281.89</y>
      </pt>
      <pt>
        <x>429.33</x>
        <y>291.50</y>
      </pt>
      <pt>
        <x>438.02</x>
        <y>292.41</y>
      </pt>
      <pt>
        <x>438.25</x>
        <y>280.52</y>
      </pt>
      <username></username>
    </polygon>
    <attributes></attributes>
  </object>
  <object>
    <name>lane</name>
    <deleted>0</deleted>
    <verified>0</verified>
    <occluded>no</occluded>
    <date></date>
    <id>7</id>
    <parts>
      <hasparts></hasparts>
      <ispartof></ispartof>
    </parts>
    <polygon>
      <pt>
        <x>428.81</x>
        <y>300.99</y>
      </pt>
      <pt>
        <x>429.03</x>
        <y>312.19</y>
      </pt>
      <pt>
        <x>438.18</x>
        <y>313.33</y>
      </pt>
      <pt>
        <x>437.49</x>
        <y>302.36</y>
      </pt>
      <username></username>
    </polygon>
    <attributes></attributes>
  </object>
  <object>
    <name>lane</name>
    <deleted>0</deleted>
    <verified>0</verified>
    <occluded>no</occluded>
    <date></date>
    <id>8</id>
    <parts>
      <hasparts></hasparts>
      <ispartof></ispartof>
    </parts>
    <polygon>
      <pt>
        <x>426.35</x>
        <y>340.14</y>
      </pt>
      <pt>
        <x>427.04</x>
        <y>323.68</y>
      </pt>
      <pt>
        <x>438.89</x>
        <y>323.35</y>
      </pt>
      <pt>
        <x>439.85</x>
        <y>339.82</y>
      </pt>
      <username></username>
    </polygon>
    <attributes></attributes>
  </object>
  <object>
    <name>lane</name>
    <deleted>0</deleted>
    <verified>0</verified>
    <occluded>no</occluded>
    <date></date>
    <id>9</id>
    <parts>
      <hasparts></hasparts>
      <ispartof></ispartof>
    </parts>
    <polygon>
      <pt>
        <x>426.35</x>
        <y>378.67</y>
      </pt>
      <pt>
        <x>426.71</x>
        <y>353.32</y>
      </pt>
      <pt>
        <x>437.87</x>
        <y>352.00</y>
      </pt>
      <pt>
        <x>441.53</x>
        <y>376.69</y>
      </pt>
      <username></username>
    </polygon>
    <attributes></attributes>
  </object>
  <object>
    <name>lane</name>
    <deleted>0</deleted>
    <verified>0</verified>
    <occluded>no</occluded>
    <date></date>
    <id>10</id>
    <parts>
      <hasparts></hasparts>
      <ispartof></ispartof>
    </parts>
    <type>bounding_box</type>
    <polygon>
      <pt>
        <x>431.66</x>
        <y>231.03</y>
      </pt>
      <pt>
        <x>436.27</x>
        <y>231.03</y>
      </pt>
      <pt>
        <x>436.27</x>
        <y>234.37</y>
      </pt>
      <pt>
        <x>431.66</x>
        <y>234.37</y>
      </pt>
      <username></username>
    </polygon>
    <attributes>rotation=0.0</attributes>
  </object>
  <object>
    <name>lane</name>
    <deleted>0</deleted>
    <verified>0</verified>
    <occluded>no</occluded>
    <date></date>
    <id>11</id>
    <parts>
      <hasparts></hasparts>
      <ispartof></ispartof>
    </parts>
    <type>bounding_box</type>
    <polygon>
      <pt>
        <x>431.50</x>
        <y>225.32</y>
      </pt>
      <pt>
        <x>435.00</x>
        <y>225.32</y>
      </pt>
      <pt>
        <x>435.00</x>
        <y>227.70</y>
      </pt>
      <pt>
        <x>431.50</x>
        <y>227.70</y>
      </pt>
      <username></username>
    </polygon>
    <attributes>rotation=0.0</attributes>
  </object>
  <object>
    <name>lane</name>
    <deleted>0</deleted>
    <verified>0</verified>
    <occluded>no</occluded>
    <date></date>
    <id>12</id>
    <parts>
      <hasparts></hasparts>
      <ispartof></ispartof>
    </parts>
    <type>bounding_box</type>
    <polygon>
      <pt>
        <x>431.19</x>
        <y>221.03</y>
      </pt>
      <pt>
        <x>435.95</x>
        <y>221.03</y>
      </pt>
      <pt>
        <x>435.95</x>
        <y>222.62</y>
      </pt>
      <pt>
        <x>431.19</x>
        <y>222.62</y>
      </pt>
      <username></username>
    </polygon>
    <attributes>rotation=0.0</attributes>
  </object>
  <object>
    <name>lane</name>
    <deleted>0</deleted>
    <verified>0</verified>
    <occluded>no</occluded>
    <date></date>
    <id>13</id>
    <parts>
      <hasparts></hasparts>
      <ispartof></ispartof>
    </parts>
    <type>bounding_box</type>
    <polygon>
      <pt>
        <x>428.49</x>
        <y>268.51</y>
      </pt>
      <pt>
        <x>437.38</x>
        <y>268.51</y>
      </pt>
      <pt>
        <x>437.38</x>
        <y>276.45</y>
      </pt>
      <pt>
        <x>428.49</x>
        <y>276.45</y>
      </pt>
      <username></username>
    </polygon>
    <attributes>rotation=0.0</attributes>
  </object>
  <object>
    <name>lane</name>
    <deleted>0</deleted>
    <verified>0</verified>
    <occluded>no</occluded>
    <date></date>
    <id>14</id>
    <parts>
      <hasparts></hasparts>
      <ispartof></ispartof>
    </parts>
    <type>bounding_box</type>
    <polygon>
      <pt>
        <x>431.82</x>
        <y>237.07</y>
      </pt>
      <pt>
        <x>435.95</x>
        <y>237.07</y>
      </pt>
      <pt>
        <x>435.95</x>
        <y>239.61</y>
      </pt>
      <pt>
        <x>431.82</x>
        <y>239.61</y>
      </pt>
      <username></username>
    </polygon>
    <attributes>rotation=0.0</attributes>
  </object>
  <object>
    <name>lane</name>
    <deleted>0</deleted>
    <verified>0</verified>
    <occluded>no</occluded>
    <date></date>
    <id>15</id>
    <parts>
      <hasparts></hasparts>
      <ispartof></ispartof>
    </parts>
    <type>bounding_box</type>
    <polygon>
      <pt>
        <x>430.39</x>
        <y>242.62</y>
      </pt>
      <pt>
        <x>436.27</x>
        <y>242.62</y>
      </pt>
      <pt>
        <x>436.27</x>
        <y>246.59</y>
      </pt>
      <pt>
        <x>430.39</x>
        <y>246.59</y>
      </pt>
      <username></username>
    </polygon>
    <attributes>rotation=0.0</attributes>
  </object>
</annotation>
