<annotation>
  <filename>image_2472.jpg</filename>
  <folder></folder>
  <source>
    <sourceImage></sourceImage>
    <sourceAnnotation>Datumaro</sourceAnnotation>
  </source>
  <imagesize>
    <nrows>1920</nrows>
    <ncols>1080</ncols>
  </imagesize>
  <object>
    <name>lane</name>
    <deleted>0</deleted>
    <verified>0</verified>
    <occluded>no</occluded>
    <date></date>
    <id>0</id>
    <parts>
      <hasparts></hasparts>
      <ispartof></ispartof>
    </parts>
    <type>bounding_box</type>
    <polygon>
      <pt>
        <x>513.32</x>
        <y>320.94</y>
      </pt>
      <pt>
        <x>520.68</x>
        <y>320.94</y>
      </pt>
      <pt>
        <x>520.68</x>
        <y>337.76</y>
      </pt>
      <pt>
        <x>513.32</x>
        <y>337.76</y>
      </pt>
      <username></username>
    </polygon>
    <attributes>rotation=0.0</attributes>
  </object>
  <object>
    <name>lane</name>
    <deleted>0</deleted>
    <verified>0</verified>
    <occluded>no</occluded>
    <date></date>
    <id>1</id>
    <parts>
      <hasparts></hasparts>
      <ispartof></ispartof>
    </parts>
    <polygon>
      <pt>
        <x>445.79</x>
        <y>1340.28</y>
      </pt>
      <pt>
        <x>524.85</x>
        <y>1336.52</y>
      </pt>
      <pt>
        <x>509.79</x>
        <y>1901.22</y>
      </pt>
      <pt>
        <x>400.61</x>
        <y>1916.28</y>
      </pt>
      <username></username>
    </polygon>
    <attributes></attributes>
  </object>
  <object>
    <name>lane</name>
    <deleted>0</deleted>
    <verified>0</verified>
    <occluded>no</occluded>
    <date></date>
    <id>2</id>
    <parts>
      <hasparts></hasparts>
      <ispartof></ispartof>
    </parts>
    <type>bounding_box</type>
    <polygon>
      <pt>
        <x>487.20</x>
        <y>619.30</y>
      </pt>
      <pt>
        <x>521.93</x>
        <y>619.30</y>
      </pt>
      <pt>
        <x>521.93</x>
        <y>827.60</y>
      </pt>
      <pt>
        <x>487.20</x>
        <y>827.60</y>
      </pt>
      <username></username>
    </polygon>
    <attributes>rotation=0.0</attributes>
  </object>
  <object>
    <name>lane</name>
    <deleted>0</deleted>
    <verified>0</verified>
    <occluded>no</occluded>
    <date></date>
    <id>3</id>
    <parts>
      <hasparts></hasparts>
      <ispartof></ispartof>
    </parts>
    <type>bounding_box</type>
    <polygon>
      <pt>
        <x>503.86</x>
        <y>458.58</y>
      </pt>
      <pt>
        <x>519.62</x>
        <y>458.58</y>
      </pt>
      <pt>
        <x>519.62</x>
        <y>521.62</y>
      </pt>
      <pt>
        <x>503.86</x>
        <y>521.62</y>
      </pt>
      <username></username>
    </polygon>
    <attributes>rotation=0.0</attributes>
  </object>
  <object>
    <name>lane</name>
    <deleted>0</deleted>
    <verified>0</verified>
    <occluded>no</occluded>
    <date></date>
    <id>4</id>
    <parts>
      <hasparts></hasparts>
      <ispartof></ispartof>
    </parts>
    <type>bounding_box</type>
    <polygon>
      <pt>
        <x>509.12</x>
        <y>387.14</y>
      </pt>
      <pt>
        <x>519.62</x>
        <y>387.14</y>
      </pt>
      <pt>
        <x>519.62</x>
        <y>419.71</y>
      </pt>
      <pt>
        <x>509.12</x>
        <y>419.71</y>
      </pt>
      <username></username>
    </polygon>
    <attributes>rotation=0.0</attributes>
  </object>
  <object>
    <name>lane</name>
    <deleted>0</deleted>
    <verified>0</verified>
    <occluded>no</occluded>
    <date></date>
    <id>5</id>
    <parts>
      <hasparts></hasparts>
      <ispartof></ispartof>
    </parts>
    <type>bounding_box</type>
    <polygon>
      <pt>
        <x>511.22</x>
        <y>346.16</y>
      </pt>
      <pt>
        <x>520.68</x>
        <y>346.16</y>
      </pt>
      <pt>
        <x>520.68</x>
        <y>368.22</y>
      </pt>
      <pt>
        <x>511.22</x>
        <y>368.22</y>
      </pt>
      <username></username>
    </polygon>
    <attributes>rotation=0.0</attributes>
  </object>
  <object>
    <name>lane</name>
    <deleted>0</deleted>
    <verified>0</verified>
    <occluded>no</occluded>
    <date></date>
    <id>6</id>
    <parts>
      <hasparts></hasparts>
      <ispartof></ispartof>
    </parts>
    <type>bounding_box</type>
    <polygon>
      <pt>
        <x>515.64</x>
        <y>294.65</y>
      </pt>
      <pt>
        <x>521.14</x>
        <y>294.65</y>
      </pt>
      <pt>
        <x>521.14</x>
        <y>301.57</y>
      </pt>
      <pt>
        <x>515.64</x>
        <y>301.57</y>
      </pt>
      <username></username>
    </polygon>
    <attributes>rotation=0.0</attributes>
  </object>
  <object>
    <name>lane</name>
    <deleted>0</deleted>
    <verified>0</verified>
    <occluded>no</occluded>
    <date></date>
    <id>7</id>
    <parts>
      <hasparts></hasparts>
      <ispartof></ispartof>
    </parts>
    <type>bounding_box</type>
    <polygon>
      <pt>
        <x>514.83</x>
        <y>307.68</y>
      </pt>
      <pt>
        <x>521.96</x>
        <y>307.68</y>
      </pt>
      <pt>
        <x>521.96</x>
        <y>315.22</y>
      </pt>
      <pt>
        <x>514.83</x>
        <y>315.22</y>
      </pt>
      <username></username>
    </polygon>
    <attributes>rotation=0.0</attributes>
  </object>
</annotation>
