<annotation>
  <filename>image_2337.jpg</filename>
  <folder></folder>
  <source>
    <sourceImage></sourceImage>
    <sourceAnnotation>Datumaro</sourceAnnotation>
  </source>
  <imagesize>
    <nrows>1920</nrows>
    <ncols>1080</ncols>
  </imagesize>
  <object>
    <name>lane</name>
    <deleted>0</deleted>
    <verified>0</verified>
    <occluded>no</occluded>
    <date></date>
    <id>0</id>
    <parts>
      <hasparts></hasparts>
      <ispartof></ispartof>
    </parts>
    <type>bounding_box</type>
    <polygon>
      <pt>
        <x>530.93</x>
        <y>224.80</y>
      </pt>
      <pt>
        <x>536.11</x>
        <y>224.80</y>
      </pt>
      <pt>
        <x>536.11</x>
        <y>231.88</y>
      </pt>
      <pt>
        <x>530.93</x>
        <y>231.88</y>
      </pt>
      <username></username>
    </polygon>
    <attributes>rotation=0.0</attributes>
  </object>
  <object>
    <name>lane</name>
    <deleted>0</deleted>
    <verified>0</verified>
    <occluded>no</occluded>
    <date></date>
    <id>1</id>
    <parts>
      <hasparts></hasparts>
      <ispartof></ispartof>
    </parts>
    <type>bounding_box</type>
    <polygon>
      <pt>
        <x>530.23</x>
        <y>252.72</y>
      </pt>
      <pt>
        <x>537.19</x>
        <y>252.72</y>
      </pt>
      <pt>
        <x>537.19</x>
        <y>265.34</y>
      </pt>
      <pt>
        <x>530.23</x>
        <y>265.34</y>
      </pt>
      <username></username>
    </polygon>
    <attributes>rotation=0.0</attributes>
  </object>
  <object>
    <name>lane</name>
    <deleted>0</deleted>
    <verified>0</verified>
    <occluded>no</occluded>
    <date></date>
    <id>2</id>
    <parts>
      <hasparts></hasparts>
      <ispartof></ispartof>
    </parts>
    <type>bounding_box</type>
    <polygon>
      <pt>
        <x>530.29</x>
        <y>236.17</y>
      </pt>
      <pt>
        <x>535.10</x>
        <y>236.17</y>
      </pt>
      <pt>
        <x>535.10</x>
        <y>245.30</y>
      </pt>
      <pt>
        <x>530.29</x>
        <y>245.30</y>
      </pt>
      <username></username>
    </polygon>
    <attributes>rotation=0.0</attributes>
  </object>
  <object>
    <name>lane</name>
    <deleted>0</deleted>
    <verified>0</verified>
    <occluded>no</occluded>
    <date></date>
    <id>3</id>
    <parts>
      <hasparts></hasparts>
      <ispartof></ispartof>
    </parts>
    <type>bounding_box</type>
    <polygon>
      <pt>
        <x>531.62</x>
        <y>217.19</y>
      </pt>
      <pt>
        <x>536.46</x>
        <y>217.19</y>
      </pt>
      <pt>
        <x>536.46</x>
        <y>222.55</y>
      </pt>
      <pt>
        <x>531.62</x>
        <y>222.55</y>
      </pt>
      <username></username>
    </polygon>
    <attributes>rotation=0.0</attributes>
  </object>
  <object>
    <name>lane</name>
    <deleted>0</deleted>
    <verified>0</verified>
    <occluded>no</occluded>
    <date></date>
    <id>4</id>
    <parts>
      <hasparts></hasparts>
      <ispartof></ispartof>
    </parts>
    <type>bounding_box</type>
    <polygon>
      <pt>
        <x>523.60</x>
        <y>364.79</y>
      </pt>
      <pt>
        <x>536.59</x>
        <y>364.79</y>
      </pt>
      <pt>
        <x>536.59</x>
        <y>417.84</y>
      </pt>
      <pt>
        <x>523.60</x>
        <y>417.84</y>
      </pt>
      <username></username>
    </polygon>
    <attributes>rotation=0.0</attributes>
  </object>
  <object>
    <name>lane</name>
    <deleted>0</deleted>
    <verified>0</verified>
    <occluded>no</occluded>
    <date></date>
    <id>5</id>
    <parts>
      <hasparts></hasparts>
      <ispartof></ispartof>
    </parts>
    <type>bounding_box</type>
    <polygon>
      <pt>
        <x>527.68</x>
        <y>274.45</y>
      </pt>
      <pt>
        <x>534.64</x>
        <y>274.45</y>
      </pt>
      <pt>
        <x>534.64</x>
        <y>289.24</y>
      </pt>
      <pt>
        <x>527.68</x>
        <y>289.24</y>
      </pt>
      <username></username>
    </polygon>
    <attributes>rotation=0.0</attributes>
  </object>
  <object>
    <name>lane</name>
    <deleted>0</deleted>
    <verified>0</verified>
    <occluded>no</occluded>
    <date></date>
    <id>6</id>
    <parts>
      <hasparts></hasparts>
      <ispartof></ispartof>
    </parts>
    <polygon>
      <pt>
        <x>491.88</x>
        <y>919.90</y>
      </pt>
      <pt>
        <x>451.48</x>
        <y>1849.19</y>
      </pt>
      <pt>
        <x>451.48</x>
        <y>1911.14</y>
      </pt>
      <pt>
        <x>559.22</x>
        <y>1911.14</y>
      </pt>
      <pt>
        <x>559.22</x>
        <y>1431.68</y>
      </pt>
      <pt>
        <x>543.06</x>
        <y>933.37</y>
      </pt>
      <username></username>
    </polygon>
    <attributes></attributes>
  </object>
  <object>
    <name>lane</name>
    <deleted>0</deleted>
    <verified>0</verified>
    <occluded>no</occluded>
    <date></date>
    <id>7</id>
    <parts>
      <hasparts></hasparts>
      <ispartof></ispartof>
    </parts>
    <type>bounding_box</type>
    <polygon>
      <pt>
        <x>514.94</x>
        <y>487.11</y>
      </pt>
      <pt>
        <x>540.92</x>
        <y>487.11</y>
      </pt>
      <pt>
        <x>540.92</x>
        <y>630.00</y>
      </pt>
      <pt>
        <x>514.94</x>
        <y>630.00</y>
      </pt>
      <username></username>
    </polygon>
    <attributes>rotation=0.0</attributes>
  </object>
  <object>
    <name>lane</name>
    <deleted>0</deleted>
    <verified>0</verified>
    <occluded>no</occluded>
    <date></date>
    <id>8</id>
    <parts>
      <hasparts></hasparts>
      <ispartof></ispartof>
    </parts>
    <type>bounding_box</type>
    <polygon>
      <pt>
        <x>526.84</x>
        <y>305.26</y>
      </pt>
      <pt>
        <x>535.50</x>
        <y>305.26</y>
      </pt>
      <pt>
        <x>535.50</x>
        <y>334.48</y>
      </pt>
      <pt>
        <x>526.84</x>
        <y>334.48</y>
      </pt>
      <username></username>
    </polygon>
    <attributes>rotation=0.0</attributes>
  </object>
</annotation>
