<annotation>
  <filename>image_591.jpg</filename>
  <folder></folder>
  <source>
    <sourceImage></sourceImage>
    <sourceAnnotation>Datumaro</sourceAnnotation>
  </source>
  <imagesize>
    <nrows>1920</nrows>
    <ncols>1080</ncols>
  </imagesize>
  <object>
    <name>lane</name>
    <deleted>0</deleted>
    <verified>0</verified>
    <occluded>no</occluded>
    <date></date>
    <id>0</id>
    <parts>
      <hasparts></hasparts>
      <ispartof></ispartof>
    </parts>
    <polygon>
      <pt>
        <x>665.08</x>
        <y>97.25</y>
      </pt>
      <pt>
        <x>793.10</x>
        <y>60.83</y>
      </pt>
      <pt>
        <x>810.17</x>
        <y>64.25</y>
      </pt>
      <pt>
        <x>681.58</x>
        <y>97.82</y>
      </pt>
      <username></username>
    </polygon>
    <attributes></attributes>
  </object>
  <object>
    <name>lane</name>
    <deleted>0</deleted>
    <verified>0</verified>
    <occluded>no</occluded>
    <date></date>
    <id>1</id>
    <parts>
      <hasparts></hasparts>
      <ispartof></ispartof>
    </parts>
    <polygon>
      <pt>
        <x>106.98</x>
        <y>162.55</y>
      </pt>
      <pt>
        <x>131.56</x>
        <y>160.51</y>
      </pt>
      <pt>
        <x>257.87</x>
        <y>232.20</y>
      </pt>
      <pt>
        <x>229.19</x>
        <y>232.88</y>
      </pt>
      <username></username>
    </polygon>
    <attributes></attributes>
  </object>
  <object>
    <name>lane</name>
    <deleted>0</deleted>
    <verified>0</verified>
    <occluded>no</occluded>
    <date></date>
    <id>2</id>
    <parts>
      <hasparts></hasparts>
      <ispartof></ispartof>
    </parts>
    <polygon>
      <pt>
        <x>459.97</x>
        <y>183.04</y>
      </pt>
      <pt>
        <x>498.20</x>
        <y>150.95</y>
      </pt>
      <pt>
        <x>551.46</x>
        <y>127.73</y>
      </pt>
      <pt>
        <x>576.04</x>
        <y>129.78</y>
      </pt>
      <pt>
        <x>509.81</x>
        <y>159.14</y>
      </pt>
      <pt>
        <x>476.35</x>
        <y>188.50</y>
      </pt>
      <username></username>
    </polygon>
    <attributes></attributes>
  </object>
  <object>
    <name>lane</name>
    <deleted>0</deleted>
    <verified>0</verified>
    <occluded>no</occluded>
    <date></date>
    <id>3</id>
    <parts>
      <hasparts></hasparts>
      <ispartof></ispartof>
    </parts>
    <polygon>
      <pt>
        <x>423.27</x>
        <y>356.02</y>
      </pt>
      <pt>
        <x>430.35</x>
        <y>523.56</y>
      </pt>
      <pt>
        <x>481.08</x>
        <y>528.28</y>
      </pt>
      <pt>
        <x>456.31</x>
        <y>354.84</y>
      </pt>
      <username></username>
    </polygon>
    <attributes></attributes>
  </object>
  <object>
    <name>lane</name>
    <deleted>0</deleted>
    <verified>0</verified>
    <occluded>no</occluded>
    <date></date>
    <id>4</id>
    <parts>
      <hasparts></hasparts>
      <ispartof></ispartof>
    </parts>
    <polygon>
      <pt>
        <x>498.50</x>
        <y>1437.77</y>
      </pt>
      <pt>
        <x>603.92</x>
        <y>1431.38</y>
      </pt>
      <pt>
        <x>673.73</x>
        <y>1920.00</y>
      </pt>
      <pt>
        <x>552.43</x>
        <y>1920.00</y>
      </pt>
      <username></username>
    </polygon>
    <attributes></attributes>
  </object>
</annotation>
