<annotation>
  <filename>image_2229.jpg</filename>
  <folder></folder>
  <source>
    <sourceImage></sourceImage>
    <sourceAnnotation>Datumaro</sourceAnnotation>
  </source>
  <imagesize>
    <nrows>1920</nrows>
    <ncols>1080</ncols>
  </imagesize>
  <object>
    <name>lane</name>
    <deleted>0</deleted>
    <verified>0</verified>
    <occluded>no</occluded>
    <date></date>
    <id>0</id>
    <parts>
      <hasparts></hasparts>
      <ispartof></ispartof>
    </parts>
    <polygon>
      <pt>
        <x>487.17</x>
        <y>414.12</y>
      </pt>
      <pt>
        <x>486.77</x>
        <y>420.42</y>
      </pt>
      <pt>
        <x>492.07</x>
        <y>421.12</y>
      </pt>
      <pt>
        <x>492.37</x>
        <y>415.52</y>
      </pt>
      <username></username>
    </polygon>
    <attributes></attributes>
  </object>
  <object>
    <name>lane</name>
    <deleted>0</deleted>
    <verified>0</verified>
    <occluded>no</occluded>
    <date></date>
    <id>1</id>
    <parts>
      <hasparts></hasparts>
      <ispartof></ispartof>
    </parts>
    <polygon>
      <pt>
        <x>478.10</x>
        <y>476.84</y>
      </pt>
      <pt>
        <x>475.17</x>
        <y>499.65</y>
      </pt>
      <pt>
        <x>486.70</x>
        <y>500.00</y>
      </pt>
      <pt>
        <x>487.61</x>
        <y>477.01</y>
      </pt>
      <username></username>
    </polygon>
    <attributes></attributes>
  </object>
  <object>
    <name>lane</name>
    <deleted>0</deleted>
    <verified>0</verified>
    <occluded>no</occluded>
    <date></date>
    <id>2</id>
    <parts>
      <hasparts></hasparts>
      <ispartof></ispartof>
    </parts>
    <polygon>
      <pt>
        <x>471.27</x>
        <y>524.90</y>
      </pt>
      <pt>
        <x>467.54</x>
        <y>559.73</y>
      </pt>
      <pt>
        <x>482.22</x>
        <y>559.98</y>
      </pt>
      <pt>
        <x>483.47</x>
        <y>527.38</y>
      </pt>
      <username></username>
    </polygon>
    <attributes></attributes>
  </object>
  <object>
    <name>lane</name>
    <deleted>0</deleted>
    <verified>0</verified>
    <occluded>no</occluded>
    <date></date>
    <id>3</id>
    <parts>
      <hasparts></hasparts>
      <ispartof></ispartof>
    </parts>
    <polygon>
      <pt>
        <x>456.73</x>
        <y>625.54</y>
      </pt>
      <pt>
        <x>441.13</x>
        <y>742.20</y>
      </pt>
      <pt>
        <x>467.13</x>
        <y>740.71</y>
      </pt>
      <pt>
        <x>477.54</x>
        <y>623.32</y>
      </pt>
      <pt>
        <x>464.20</x>
        <y>624.80</y>
      </pt>
      <username></username>
    </polygon>
    <attributes></attributes>
  </object>
  <object>
    <name>lane</name>
    <deleted>0</deleted>
    <verified>0</verified>
    <occluded>no</occluded>
    <date></date>
    <id>4</id>
    <parts>
      <hasparts></hasparts>
      <ispartof></ispartof>
    </parts>
    <polygon>
      <pt>
        <x>329.69</x>
        <y>1674.39</y>
      </pt>
      <pt>
        <x>288.16</x>
        <y>1917.19</y>
      </pt>
      <pt>
        <x>396.79</x>
        <y>1904.41</y>
      </pt>
      <pt>
        <x>396.79</x>
        <y>1668.00</y>
      </pt>
      <username></username>
    </polygon>
    <attributes></attributes>
  </object>
  <object>
    <name>lane</name>
    <deleted>0</deleted>
    <verified>0</verified>
    <occluded>no</occluded>
    <date></date>
    <id>5</id>
    <parts>
      <hasparts></hasparts>
      <ispartof></ispartof>
    </parts>
    <polygon>
      <pt>
        <x>488.57</x>
        <y>404.22</y>
      </pt>
      <pt>
        <x>487.97</x>
        <y>410.32</y>
      </pt>
      <pt>
        <x>491.97</x>
        <y>410.42</y>
      </pt>
      <pt>
        <x>492.67</x>
        <y>404.32</y>
      </pt>
      <username></username>
    </polygon>
    <attributes></attributes>
  </object>
  <object>
    <name>lane</name>
    <deleted>0</deleted>
    <verified>0</verified>
    <occluded>no</occluded>
    <date></date>
    <id>6</id>
    <parts>
      <hasparts></hasparts>
      <ispartof></ispartof>
    </parts>
    <polygon>
      <pt>
        <x>485.47</x>
        <y>426.32</y>
      </pt>
      <pt>
        <x>484.37</x>
        <y>437.42</y>
      </pt>
      <pt>
        <x>491.57</x>
        <y>438.42</y>
      </pt>
      <pt>
        <x>491.97</x>
        <y>427.42</y>
      </pt>
      <username></username>
    </polygon>
    <attributes></attributes>
  </object>
  <object>
    <name>lane</name>
    <deleted>0</deleted>
    <verified>0</verified>
    <occluded>no</occluded>
    <date></date>
    <id>7</id>
    <parts>
      <hasparts></hasparts>
      <ispartof></ispartof>
    </parts>
    <polygon>
      <pt>
        <x>489.57</x>
        <y>395.72</y>
      </pt>
      <pt>
        <x>488.57</x>
        <y>400.92</y>
      </pt>
      <pt>
        <x>493.87</x>
        <y>401.22</y>
      </pt>
      <pt>
        <x>494.07</x>
        <y>397.12</y>
      </pt>
      <username></username>
    </polygon>
    <attributes></attributes>
  </object>
  <object>
    <name>lane</name>
    <deleted>0</deleted>
    <verified>0</verified>
    <occluded>no</occluded>
    <date></date>
    <id>8</id>
    <parts>
      <hasparts></hasparts>
      <ispartof></ispartof>
    </parts>
    <polygon>
      <pt>
        <x>482.67</x>
        <y>447.12</y>
      </pt>
      <pt>
        <x>480.47</x>
        <y>461.52</y>
      </pt>
      <pt>
        <x>489.07</x>
        <y>462.72</y>
      </pt>
      <pt>
        <x>490.47</x>
        <y>448.02</y>
      </pt>
      <username></username>
    </polygon>
    <attributes></attributes>
  </object>
  <object>
    <name>lane</name>
    <deleted>0</deleted>
    <verified>0</verified>
    <occluded>no</occluded>
    <date></date>
    <id>9</id>
    <parts>
      <hasparts></hasparts>
      <ispartof></ispartof>
    </parts>
    <type>bounding_box</type>
    <polygon>
      <pt>
        <x>490.79</x>
        <y>383.46</y>
      </pt>
      <pt>
        <x>494.01</x>
        <y>383.46</y>
      </pt>
      <pt>
        <x>494.01</x>
        <y>387.36</y>
      </pt>
      <pt>
        <x>490.79</x>
        <y>387.36</y>
      </pt>
      <username></username>
    </polygon>
    <attributes>rotation=0.0</attributes>
  </object>
</annotation>
