<annotation>
  <filename>image_1734.jpg</filename>
  <folder></folder>
  <source>
    <sourceImage></sourceImage>
    <sourceAnnotation>Datumaro</sourceAnnotation>
  </source>
  <imagesize>
    <nrows>1920</nrows>
    <ncols>1080</ncols>
  </imagesize>
  <object>
    <name>lane</name>
    <deleted>0</deleted>
    <verified>0</verified>
    <occluded>no</occluded>
    <date></date>
    <id>0</id>
    <parts>
      <hasparts></hasparts>
      <ispartof></ispartof>
    </parts>
    <type>bounding_box</type>
    <polygon>
      <pt>
        <x>489.50</x>
        <y>378.31</y>
      </pt>
      <pt>
        <x>498.99</x>
        <y>378.31</y>
      </pt>
      <pt>
        <x>498.99</x>
        <y>395.82</y>
      </pt>
      <pt>
        <x>489.50</x>
        <y>395.82</y>
      </pt>
      <username></username>
    </polygon>
    <attributes>rotation=0.0</attributes>
  </object>
  <object>
    <name>lane</name>
    <deleted>0</deleted>
    <verified>0</verified>
    <occluded>no</occluded>
    <date></date>
    <id>1</id>
    <parts>
      <hasparts></hasparts>
      <ispartof></ispartof>
    </parts>
    <polygon>
      <pt>
        <x>457.70</x>
        <y>843.00</y>
      </pt>
      <pt>
        <x>493.00</x>
        <y>846.78</y>
      </pt>
      <pt>
        <x>496.79</x>
        <y>645.06</y>
      </pt>
      <pt>
        <x>470.31</x>
        <y>646.32</y>
      </pt>
      <username></username>
    </polygon>
    <attributes></attributes>
  </object>
  <object>
    <name>lane</name>
    <deleted>0</deleted>
    <verified>0</verified>
    <occluded>no</occluded>
    <date></date>
    <id>2</id>
    <parts>
      <hasparts></hasparts>
      <ispartof></ispartof>
    </parts>
    <polygon>
      <pt>
        <x>477.37</x>
        <y>1920.00</y>
      </pt>
      <pt>
        <x>492.57</x>
        <y>1401.07</y>
      </pt>
      <pt>
        <x>407.60</x>
        <y>1398.89</y>
      </pt>
      <pt>
        <x>368.52</x>
        <y>1920.00</y>
      </pt>
      <username></username>
    </polygon>
    <attributes></attributes>
  </object>
  <object>
    <name>lane</name>
    <deleted>0</deleted>
    <verified>0</verified>
    <occluded>no</occluded>
    <date></date>
    <id>3</id>
    <parts>
      <hasparts></hasparts>
      <ispartof></ispartof>
    </parts>
    <type>bounding_box</type>
    <polygon>
      <pt>
        <x>492.74</x>
        <y>354.05</y>
      </pt>
      <pt>
        <x>499.17</x>
        <y>354.05</y>
      </pt>
      <pt>
        <x>499.17</x>
        <y>365.04</y>
      </pt>
      <pt>
        <x>492.74</x>
        <y>365.04</y>
      </pt>
      <username></username>
    </polygon>
    <attributes>rotation=0.0</attributes>
  </object>
  <object>
    <name>lane</name>
    <deleted>0</deleted>
    <verified>0</verified>
    <occluded>no</occluded>
    <date></date>
    <id>4</id>
    <parts>
      <hasparts></hasparts>
      <ispartof></ispartof>
    </parts>
    <type>bounding_box</type>
    <polygon>
      <pt>
        <x>493.36</x>
        <y>337.05</y>
      </pt>
      <pt>
        <x>498.96</x>
        <y>337.05</y>
      </pt>
      <pt>
        <x>498.96</x>
        <y>344.10</y>
      </pt>
      <pt>
        <x>493.36</x>
        <y>344.10</y>
      </pt>
      <username></username>
    </polygon>
    <attributes>rotation=0.0</attributes>
  </object>
  <object>
    <name>lane</name>
    <deleted>0</deleted>
    <verified>0</verified>
    <occluded>no</occluded>
    <date></date>
    <id>5</id>
    <parts>
      <hasparts></hasparts>
      <ispartof></ispartof>
    </parts>
    <type>bounding_box</type>
    <polygon>
      <pt>
        <x>493.98</x>
        <y>325.85</y>
      </pt>
      <pt>
        <x>499.58</x>
        <y>325.85</y>
      </pt>
      <pt>
        <x>499.58</x>
        <y>332.49</y>
      </pt>
      <pt>
        <x>493.98</x>
        <y>332.49</y>
      </pt>
      <username></username>
    </polygon>
    <attributes>rotation=0.0</attributes>
  </object>
  <object>
    <name>lane</name>
    <deleted>0</deleted>
    <verified>0</verified>
    <occluded>no</occluded>
    <date></date>
    <id>6</id>
    <parts>
      <hasparts></hasparts>
      <ispartof></ispartof>
    </parts>
    <type>bounding_box</type>
    <polygon>
      <pt>
        <x>495.02</x>
        <y>316.11</y>
      </pt>
      <pt>
        <x>498.54</x>
        <y>316.11</y>
      </pt>
      <pt>
        <x>498.54</x>
        <y>320.25</y>
      </pt>
      <pt>
        <x>495.02</x>
        <y>320.25</y>
      </pt>
      <username></username>
    </polygon>
    <attributes>rotation=0.0</attributes>
  </object>
  <object>
    <name>lane</name>
    <deleted>0</deleted>
    <verified>0</verified>
    <occluded>no</occluded>
    <date></date>
    <id>7</id>
    <parts>
      <hasparts></hasparts>
      <ispartof></ispartof>
    </parts>
    <type>bounding_box</type>
    <polygon>
      <pt>
        <x>494.81</x>
        <y>308.23</y>
      </pt>
      <pt>
        <x>499.17</x>
        <y>308.23</y>
      </pt>
      <pt>
        <x>499.17</x>
        <y>311.55</y>
      </pt>
      <pt>
        <x>494.81</x>
        <y>311.55</y>
      </pt>
      <username></username>
    </polygon>
    <attributes>rotation=0.0</attributes>
  </object>
  <object>
    <name>lane</name>
    <deleted>0</deleted>
    <verified>0</verified>
    <occluded>no</occluded>
    <date></date>
    <id>8</id>
    <parts>
      <hasparts></hasparts>
      <ispartof></ispartof>
    </parts>
    <type>bounding_box</type>
    <polygon>
      <pt>
        <x>480.02</x>
        <y>487.75</y>
      </pt>
      <pt>
        <x>498.26</x>
        <y>487.75</y>
      </pt>
      <pt>
        <x>498.26</x>
        <y>549.04</y>
      </pt>
      <pt>
        <x>480.02</x>
        <y>549.04</y>
      </pt>
      <username></username>
    </polygon>
    <attributes>rotation=0.0</attributes>
  </object>
  <object>
    <name>lane</name>
    <deleted>0</deleted>
    <verified>0</verified>
    <occluded>no</occluded>
    <date></date>
    <id>9</id>
    <parts>
      <hasparts></hasparts>
      <ispartof></ispartof>
    </parts>
    <type>bounding_box</type>
    <polygon>
      <pt>
        <x>485.85</x>
        <y>417.71</y>
      </pt>
      <pt>
        <x>498.26</x>
        <y>417.71</y>
      </pt>
      <pt>
        <x>498.26</x>
        <y>445.43</y>
      </pt>
      <pt>
        <x>485.85</x>
        <y>445.43</y>
      </pt>
      <username></username>
    </polygon>
    <attributes>rotation=0.0</attributes>
  </object>
</annotation>
