<annotation>
  <filename>image_2401.jpg</filename>
  <folder></folder>
  <source>
    <sourceImage></sourceImage>
    <sourceAnnotation>Datumaro</sourceAnnotation>
  </source>
  <imagesize>
    <nrows>1920</nrows>
    <ncols>1080</ncols>
  </imagesize>
  <object>
    <name>lane</name>
    <deleted>0</deleted>
    <verified>0</verified>
    <occluded>no</occluded>
    <date></date>
    <id>0</id>
    <parts>
      <hasparts></hasparts>
      <ispartof></ispartof>
    </parts>
    <type>bounding_box</type>
    <polygon>
      <pt>
        <x>429.14</x>
        <y>1396.98</y>
      </pt>
      <pt>
        <x>523.25</x>
        <y>1396.98</y>
      </pt>
      <pt>
        <x>523.25</x>
        <y>1920.00</y>
      </pt>
      <pt>
        <x>429.14</x>
        <y>1920.00</y>
      </pt>
      <username></username>
    </polygon>
    <attributes>rotation=0.0</attributes>
  </object>
  <object>
    <name>lane</name>
    <deleted>0</deleted>
    <verified>0</verified>
    <occluded>no</occluded>
    <date></date>
    <id>1</id>
    <parts>
      <hasparts></hasparts>
      <ispartof></ispartof>
    </parts>
    <type>bounding_box</type>
    <polygon>
      <pt>
        <x>518.76</x>
        <y>287.28</y>
      </pt>
      <pt>
        <x>533.89</x>
        <y>287.28</y>
      </pt>
      <pt>
        <x>533.89</x>
        <y>323.85</y>
      </pt>
      <pt>
        <x>518.76</x>
        <y>323.85</y>
      </pt>
      <username></username>
    </polygon>
    <attributes>rotation=0.0</attributes>
  </object>
  <object>
    <name>lane</name>
    <deleted>0</deleted>
    <verified>0</verified>
    <occluded>no</occluded>
    <date></date>
    <id>2</id>
    <parts>
      <hasparts></hasparts>
      <ispartof></ispartof>
    </parts>
    <type>bounding_box</type>
    <polygon>
      <pt>
        <x>520.03</x>
        <y>244.54</y>
      </pt>
      <pt>
        <x>535.16</x>
        <y>244.54</y>
      </pt>
      <pt>
        <x>535.16</x>
        <y>268.50</y>
      </pt>
      <pt>
        <x>520.03</x>
        <y>268.50</y>
      </pt>
      <username></username>
    </polygon>
    <attributes>rotation=0.0</attributes>
  </object>
  <object>
    <name>lane</name>
    <deleted>0</deleted>
    <verified>0</verified>
    <occluded>no</occluded>
    <date></date>
    <id>3</id>
    <parts>
      <hasparts></hasparts>
      <ispartof></ispartof>
    </parts>
    <type>bounding_box</type>
    <polygon>
      <pt>
        <x>498.11</x>
        <y>536.24</y>
      </pt>
      <pt>
        <x>528.37</x>
        <y>536.24</y>
      </pt>
      <pt>
        <x>528.37</x>
        <y>776.80</y>
      </pt>
      <pt>
        <x>498.11</x>
        <y>776.80</y>
      </pt>
      <username></username>
    </polygon>
    <attributes>rotation=0.0</attributes>
  </object>
  <object>
    <name>lane</name>
    <deleted>0</deleted>
    <verified>0</verified>
    <occluded>no</occluded>
    <date></date>
    <id>4</id>
    <parts>
      <hasparts></hasparts>
      <ispartof></ispartof>
    </parts>
    <type>bounding_box</type>
    <polygon>
      <pt>
        <x>515.10</x>
        <y>361.70</y>
      </pt>
      <pt>
        <x>531.37</x>
        <y>361.70</y>
      </pt>
      <pt>
        <x>531.37</x>
        <y>434.80</y>
      </pt>
      <pt>
        <x>515.10</x>
        <y>434.80</y>
      </pt>
      <username></username>
    </polygon>
    <attributes>rotation=0.0</attributes>
  </object>
</annotation>
