<annotation>
  <filename>image_2494.jpg</filename>
  <folder></folder>
  <source>
    <sourceImage></sourceImage>
    <sourceAnnotation>Datumaro</sourceAnnotation>
  </source>
  <imagesize>
    <nrows>1920</nrows>
    <ncols>1080</ncols>
  </imagesize>
  <object>
    <name>lane</name>
    <deleted>0</deleted>
    <verified>0</verified>
    <occluded>no</occluded>
    <date></date>
    <id>0</id>
    <parts>
      <hasparts></hasparts>
      <ispartof></ispartof>
    </parts>
    <type>bounding_box</type>
    <polygon>
      <pt>
        <x>430.90</x>
        <y>399.79</y>
      </pt>
      <pt>
        <x>438.82</x>
        <y>399.79</y>
      </pt>
      <pt>
        <x>438.82</x>
        <y>411.23</y>
      </pt>
      <pt>
        <x>430.90</x>
        <y>411.23</y>
      </pt>
      <username></username>
    </polygon>
    <attributes>rotation=0.0</attributes>
  </object>
  <object>
    <name>lane</name>
    <deleted>0</deleted>
    <verified>0</verified>
    <occluded>no</occluded>
    <date></date>
    <id>1</id>
    <parts>
      <hasparts></hasparts>
      <ispartof></ispartof>
    </parts>
    <type>bounding_box</type>
    <polygon>
      <pt>
        <x>428.85</x>
        <y>365.78</y>
      </pt>
      <pt>
        <x>435.01</x>
        <y>365.78</y>
      </pt>
      <pt>
        <x>435.01</x>
        <y>372.23</y>
      </pt>
      <pt>
        <x>428.85</x>
        <y>372.23</y>
      </pt>
      <username></username>
    </polygon>
    <attributes>rotation=0.0</attributes>
  </object>
  <object>
    <name>lane</name>
    <deleted>0</deleted>
    <verified>0</verified>
    <occluded>no</occluded>
    <date></date>
    <id>2</id>
    <parts>
      <hasparts></hasparts>
      <ispartof></ispartof>
    </parts>
    <type>bounding_box</type>
    <polygon>
      <pt>
        <x>430.02</x>
        <y>379.27</y>
      </pt>
      <pt>
        <x>436.18</x>
        <y>379.27</y>
      </pt>
      <pt>
        <x>436.18</x>
        <y>389.53</y>
      </pt>
      <pt>
        <x>430.02</x>
        <y>389.53</y>
      </pt>
      <username></username>
    </polygon>
    <attributes>rotation=0.0</attributes>
  </object>
  <object>
    <name>lane</name>
    <deleted>0</deleted>
    <verified>0</verified>
    <occluded>no</occluded>
    <date></date>
    <id>3</id>
    <parts>
      <hasparts></hasparts>
      <ispartof></ispartof>
    </parts>
    <type>bounding_box</type>
    <polygon>
      <pt>
        <x>432.66</x>
        <y>426.48</y>
      </pt>
      <pt>
        <x>440.87</x>
        <y>426.48</y>
      </pt>
      <pt>
        <x>440.87</x>
        <y>444.36</y>
      </pt>
      <pt>
        <x>432.66</x>
        <y>444.36</y>
      </pt>
      <username></username>
    </polygon>
    <attributes>rotation=0.0</attributes>
  </object>
  <object>
    <name>lane</name>
    <deleted>0</deleted>
    <verified>0</verified>
    <occluded>no</occluded>
    <date></date>
    <id>4</id>
    <parts>
      <hasparts></hasparts>
      <ispartof></ispartof>
    </parts>
    <polygon>
      <pt>
        <x>430.57</x>
        <y>467.47</y>
      </pt>
      <pt>
        <x>436.16</x>
        <y>504.75</y>
      </pt>
      <pt>
        <x>449.21</x>
        <y>504.75</y>
      </pt>
      <pt>
        <x>447.34</x>
        <y>469.34</y>
      </pt>
      <username></username>
    </polygon>
    <attributes></attributes>
  </object>
  <object>
    <name>lane</name>
    <deleted>0</deleted>
    <verified>0</verified>
    <occluded>no</occluded>
    <date></date>
    <id>5</id>
    <parts>
      <hasparts></hasparts>
      <ispartof></ispartof>
    </parts>
    <polygon>
      <pt>
        <x>449.21</x>
        <y>756.36</y>
      </pt>
      <pt>
        <x>464.12</x>
        <y>1047.11</y>
      </pt>
      <pt>
        <x>516.30</x>
        <y>1045.24</y>
      </pt>
      <pt>
        <x>479.03</x>
        <y>752.63</y>
      </pt>
      <username></username>
    </polygon>
    <attributes></attributes>
  </object>
  <object>
    <name>lane</name>
    <deleted>0</deleted>
    <verified>0</verified>
    <occluded>no</occluded>
    <date></date>
    <id>6</id>
    <parts>
      <hasparts></hasparts>
      <ispartof></ispartof>
    </parts>
    <polygon>
      <pt>
        <x>436.16</x>
        <y>551.34</y>
      </pt>
      <pt>
        <x>445.48</x>
        <y>627.76</y>
      </pt>
      <pt>
        <x>465.98</x>
        <y>627.76</y>
      </pt>
      <pt>
        <x>454.80</x>
        <y>551.34</y>
      </pt>
      <username></username>
    </polygon>
    <attributes></attributes>
  </object>
</annotation>
