<annotation>
  <filename>image_1877.jpg</filename>
  <folder></folder>
  <source>
    <sourceImage></sourceImage>
    <sourceAnnotation>Datumaro</sourceAnnotation>
  </source>
  <imagesize>
    <nrows>1920</nrows>
    <ncols>1080</ncols>
  </imagesize>
  <object>
    <name>lane</name>
    <deleted>0</deleted>
    <verified>0</verified>
    <occluded>no</occluded>
    <date></date>
    <id>0</id>
    <parts>
      <hasparts></hasparts>
      <ispartof></ispartof>
    </parts>
    <polygon>
      <pt>
        <x>513.12</x>
        <y>699.12</y>
      </pt>
      <pt>
        <x>526.46</x>
        <y>597.50</y>
      </pt>
      <pt>
        <x>540.84</x>
        <y>510.25</y>
      </pt>
      <pt>
        <x>565.47</x>
        <y>508.19</y>
      </pt>
      <pt>
        <x>556.23</x>
        <y>599.55</y>
      </pt>
      <pt>
        <x>548.02</x>
        <y>700.15</y>
      </pt>
      <username></username>
    </polygon>
    <attributes></attributes>
  </object>
  <object>
    <name>lane</name>
    <deleted>0</deleted>
    <verified>0</verified>
    <occluded>no</occluded>
    <date></date>
    <id>1</id>
    <parts>
      <hasparts></hasparts>
      <ispartof></ispartof>
    </parts>
    <polygon>
      <pt>
        <x>634.14</x>
        <y>304.71</y>
      </pt>
      <pt>
        <x>652.19</x>
        <y>288.10</y>
      </pt>
      <pt>
        <x>666.22</x>
        <y>274.92</y>
      </pt>
      <pt>
        <x>680.55</x>
        <y>275.78</y>
      </pt>
      <pt>
        <x>661.93</x>
        <y>290.10</y>
      </pt>
      <pt>
        <x>646.46</x>
        <y>305.86</y>
      </pt>
      <username></username>
    </polygon>
    <attributes></attributes>
  </object>
  <object>
    <name>lane</name>
    <deleted>0</deleted>
    <verified>0</verified>
    <occluded>no</occluded>
    <date></date>
    <id>2</id>
    <parts>
      <hasparts></hasparts>
      <ispartof></ispartof>
    </parts>
    <polygon>
      <pt>
        <x>599.40</x>
        <y>345.94</y>
      </pt>
      <pt>
        <x>615.90</x>
        <y>348.41</y>
      </pt>
      <pt>
        <x>600.64</x>
        <y>377.29</y>
      </pt>
      <pt>
        <x>591.15</x>
        <y>407.82</y>
      </pt>
      <pt>
        <x>570.93</x>
        <y>407.82</y>
      </pt>
      <pt>
        <x>586.61</x>
        <y>370.69</y>
      </pt>
      <username></username>
    </polygon>
    <attributes></attributes>
  </object>
  <object>
    <name>lane</name>
    <deleted>0</deleted>
    <verified>0</verified>
    <occluded>no</occluded>
    <date></date>
    <id>3</id>
    <parts>
      <hasparts></hasparts>
      <ispartof></ispartof>
    </parts>
    <polygon>
      <pt>
        <x>543.78</x>
        <y>1920.00</y>
      </pt>
      <pt>
        <x>538.68</x>
        <y>1540.47</y>
      </pt>
      <pt>
        <x>548.90</x>
        <y>1185.43</y>
      </pt>
      <pt>
        <x>467.16</x>
        <y>1180.32</y>
      </pt>
      <pt>
        <x>464.61</x>
        <y>1550.69</y>
      </pt>
      <pt>
        <x>447.02</x>
        <y>1920.00</y>
      </pt>
      <username></username>
    </polygon>
    <attributes></attributes>
  </object>
  <object>
    <name>lane</name>
    <deleted>0</deleted>
    <verified>0</verified>
    <occluded>no</occluded>
    <date></date>
    <id>4</id>
    <parts>
      <hasparts></hasparts>
      <ispartof></ispartof>
    </parts>
    <polygon>
      <pt>
        <x>753.69</x>
        <y>227.51</y>
      </pt>
      <pt>
        <x>761.02</x>
        <y>229.56</y>
      </pt>
      <pt>
        <x>786.53</x>
        <y>218.42</y>
      </pt>
      <pt>
        <x>776.85</x>
        <y>217.54</y>
      </pt>
      <username></username>
    </polygon>
    <attributes></attributes>
  </object>
  <object>
    <name>lane</name>
    <deleted>0</deleted>
    <verified>0</verified>
    <occluded>no</occluded>
    <date></date>
    <id>5</id>
    <parts>
      <hasparts></hasparts>
      <ispartof></ispartof>
    </parts>
    <polygon>
      <pt>
        <x>674.52</x>
        <y>255.36</y>
      </pt>
      <pt>
        <x>680.68</x>
        <y>257.42</y>
      </pt>
      <pt>
        <x>729.65</x>
        <y>241.29</y>
      </pt>
      <pt>
        <x>724.37</x>
        <y>239.24</y>
      </pt>
      <username></username>
    </polygon>
    <attributes></attributes>
  </object>
  <object>
    <name>lane</name>
    <deleted>0</deleted>
    <verified>0</verified>
    <occluded>no</occluded>
    <date></date>
    <id>6</id>
    <parts>
      <hasparts></hasparts>
      <ispartof></ispartof>
    </parts>
    <polygon>
      <pt>
        <x>832.27</x>
        <y>190.85</y>
      </pt>
      <pt>
        <x>839.31</x>
        <y>190.27</y>
      </pt>
      <pt>
        <x>847.52</x>
        <y>185.28</y>
      </pt>
      <pt>
        <x>839.02</x>
        <y>184.70</y>
      </pt>
      <username></username>
    </polygon>
    <attributes></attributes>
  </object>
  <object>
    <name>lane</name>
    <deleted>0</deleted>
    <verified>0</verified>
    <occluded>no</occluded>
    <date></date>
    <id>7</id>
    <parts>
      <hasparts></hasparts>
      <ispartof></ispartof>
    </parts>
    <polygon>
      <pt>
        <x>800.90</x>
        <y>207.86</y>
      </pt>
      <pt>
        <x>805.30</x>
        <y>208.45</y>
      </pt>
      <pt>
        <x>820.84</x>
        <y>199.94</y>
      </pt>
      <pt>
        <x>815.56</x>
        <y>199.94</y>
      </pt>
      <username></username>
    </polygon>
    <attributes></attributes>
  </object>
</annotation>
