<annotation>
  <filename>image_87.jpg</filename>
  <folder></folder>
  <source>
    <sourceImage></sourceImage>
    <sourceAnnotation>Datumaro</sourceAnnotation>
  </source>
  <imagesize>
    <nrows>1920</nrows>
    <ncols>1080</ncols>
  </imagesize>
  <object>
    <name>lane</name>
    <deleted>0</deleted>
    <verified>0</verified>
    <occluded>no</occluded>
    <date></date>
    <id>0</id>
    <parts>
      <hasparts></hasparts>
      <ispartof></ispartof>
    </parts>
    <polygon>
      <pt>
        <x>528.04</x>
        <y>577.37</y>
      </pt>
      <pt>
        <x>544.92</x>
        <y>577.37</y>
      </pt>
      <pt>
        <x>544.92</x>
        <y>643.57</y>
      </pt>
      <pt>
        <x>524.80</x>
        <y>642.93</y>
      </pt>
      <username></username>
    </polygon>
    <attributes></attributes>
  </object>
  <object>
    <name>lane</name>
    <deleted>0</deleted>
    <verified>0</verified>
    <occluded>no</occluded>
    <date></date>
    <id>1</id>
    <parts>
      <hasparts></hasparts>
      <ispartof></ispartof>
    </parts>
    <polygon>
      <pt>
        <x>416.10</x>
        <y>401.63</y>
      </pt>
      <pt>
        <x>417.91</x>
        <y>399.63</y>
      </pt>
      <pt>
        <x>441.46</x>
        <y>404.71</y>
      </pt>
      <pt>
        <x>436.93</x>
        <y>406.34</y>
      </pt>
      <username></username>
    </polygon>
    <attributes></attributes>
  </object>
  <object>
    <name>lane</name>
    <deleted>0</deleted>
    <verified>0</verified>
    <occluded>no</occluded>
    <date></date>
    <id>2</id>
    <parts>
      <hasparts></hasparts>
      <ispartof></ispartof>
    </parts>
    <polygon>
      <pt>
        <x>452.15</x>
        <y>409.78</y>
      </pt>
      <pt>
        <x>456.67</x>
        <y>407.97</y>
      </pt>
      <pt>
        <x>471.17</x>
        <y>414.85</y>
      </pt>
      <pt>
        <x>465.55</x>
        <y>416.48</y>
      </pt>
      <username></username>
    </polygon>
    <attributes></attributes>
  </object>
  <object>
    <name>lane</name>
    <deleted>0</deleted>
    <verified>0</verified>
    <occluded>no</occluded>
    <date></date>
    <id>3</id>
    <parts>
      <hasparts></hasparts>
      <ispartof></ispartof>
    </parts>
    <polygon>
      <pt>
        <x>476.78</x>
        <y>421.91</y>
      </pt>
      <pt>
        <x>482.94</x>
        <y>420.28</y>
      </pt>
      <pt>
        <x>496.16</x>
        <y>429.88</y>
      </pt>
      <pt>
        <x>488.01</x>
        <y>430.25</y>
      </pt>
      <username></username>
    </polygon>
    <attributes></attributes>
  </object>
  <object>
    <name>lane</name>
    <deleted>0</deleted>
    <verified>0</verified>
    <occluded>no</occluded>
    <date></date>
    <id>4</id>
    <parts>
      <hasparts></hasparts>
      <ispartof></ispartof>
    </parts>
    <polygon>
      <pt>
        <x>499.97</x>
        <y>437.85</y>
      </pt>
      <pt>
        <x>505.76</x>
        <y>436.59</y>
      </pt>
      <pt>
        <x>516.81</x>
        <y>450.17</y>
      </pt>
      <pt>
        <x>508.66</x>
        <y>450.90</y>
      </pt>
      <username></username>
    </polygon>
    <attributes></attributes>
  </object>
  <object>
    <name>lane</name>
    <deleted>0</deleted>
    <verified>0</verified>
    <occluded>no</occluded>
    <date></date>
    <id>5</id>
    <parts>
      <hasparts></hasparts>
      <ispartof></ispartof>
    </parts>
    <polygon>
      <pt>
        <x>515.50</x>
        <y>462.70</y>
      </pt>
      <pt>
        <x>524.66</x>
        <y>461.38</y>
      </pt>
      <pt>
        <x>533.79</x>
        <y>482.77</y>
      </pt>
      <pt>
        <x>523.61</x>
        <y>482.77</y>
      </pt>
      <username></username>
    </polygon>
    <attributes></attributes>
  </object>
  <object>
    <name>lane</name>
    <deleted>0</deleted>
    <verified>0</verified>
    <occluded>no</occluded>
    <date></date>
    <id>6</id>
    <parts>
      <hasparts></hasparts>
      <ispartof></ispartof>
    </parts>
    <polygon>
      <pt>
        <x>527.27</x>
        <y>504.42</y>
      </pt>
      <pt>
        <x>538.48</x>
        <y>503.11</y>
      </pt>
      <pt>
        <x>542.66</x>
        <y>537.54</y>
      </pt>
      <pt>
        <x>529.35</x>
        <y>537.02</y>
      </pt>
      <username></username>
    </polygon>
    <attributes></attributes>
  </object>
  <object>
    <name>lane</name>
    <deleted>0</deleted>
    <verified>0</verified>
    <occluded>no</occluded>
    <date></date>
    <id>7</id>
    <parts>
      <hasparts></hasparts>
      <ispartof></ispartof>
    </parts>
    <polygon>
      <pt>
        <x>453.14</x>
        <y>1005.17</y>
      </pt>
      <pt>
        <x>499.98</x>
        <y>1006.78</y>
      </pt>
      <pt>
        <x>537.12</x>
        <y>756.45</y>
      </pt>
      <pt>
        <x>506.44</x>
        <y>749.99</y>
      </pt>
      <username></username>
    </polygon>
    <attributes></attributes>
  </object>
  <object>
    <name>lane</name>
    <deleted>0</deleted>
    <verified>0</verified>
    <occluded>no</occluded>
    <date></date>
    <id>8</id>
    <parts>
      <hasparts></hasparts>
      <ispartof></ispartof>
    </parts>
    <polygon>
      <pt>
        <x>237.59</x>
        <y>1895.90</y>
      </pt>
      <pt>
        <x>321.32</x>
        <y>1884.73</y>
      </pt>
      <pt>
        <x>340.85</x>
        <y>1918.22</y>
      </pt>
      <pt>
        <x>310.65</x>
        <y>1920.00</y>
      </pt>
      <pt>
        <x>244.82</x>
        <y>1920.00</y>
      </pt>
      <username></username>
    </polygon>
    <attributes></attributes>
  </object>
  <object>
    <name>lane</name>
    <deleted>0</deleted>
    <verified>0</verified>
    <occluded>no</occluded>
    <date></date>
    <id>9</id>
    <parts>
      <hasparts></hasparts>
      <ispartof></ispartof>
    </parts>
    <polygon>
      <pt>
        <x>377.43</x>
        <y>394.53</y>
      </pt>
      <pt>
        <x>379.55</x>
        <y>394.26</y>
      </pt>
      <pt>
        <x>398.07</x>
        <y>396.91</y>
      </pt>
      <pt>
        <x>397.28</x>
        <y>398.50</y>
      </pt>
      <username></username>
    </polygon>
    <attributes></attributes>
  </object>
</annotation>
