<annotation>
  <filename>image_582.jpg</filename>
  <folder></folder>
  <source>
    <sourceImage></sourceImage>
    <sourceAnnotation>Datumaro</sourceAnnotation>
  </source>
  <imagesize>
    <nrows>1920</nrows>
    <ncols>1080</ncols>
  </imagesize>
  <object>
    <name>lane</name>
    <deleted>0</deleted>
    <verified>0</verified>
    <occluded>no</occluded>
    <date></date>
    <id>0</id>
    <parts>
      <hasparts></hasparts>
      <ispartof></ispartof>
    </parts>
    <polygon>
      <pt>
        <x>607.89</x>
        <y>794.61</y>
      </pt>
      <pt>
        <x>678.35</x>
        <y>794.61</y>
      </pt>
      <pt>
        <x>745.87</x>
        <y>1378.83</y>
      </pt>
      <pt>
        <x>622.57</x>
        <y>1381.76</y>
      </pt>
      <username></username>
    </polygon>
    <attributes></attributes>
  </object>
  <object>
    <name>lane</name>
    <deleted>0</deleted>
    <verified>0</verified>
    <occluded>no</occluded>
    <date></date>
    <id>1</id>
    <parts>
      <hasparts></hasparts>
      <ispartof></ispartof>
    </parts>
    <polygon>
      <pt>
        <x>602.73</x>
        <y>296.41</y>
      </pt>
      <pt>
        <x>633.31</x>
        <y>294.71</y>
      </pt>
      <pt>
        <x>650.30</x>
        <y>445.92</y>
      </pt>
      <pt>
        <x>609.53</x>
        <y>449.32</y>
      </pt>
      <username></username>
    </polygon>
    <attributes></attributes>
  </object>
  <object>
    <name>lane</name>
    <deleted>0</deleted>
    <verified>0</verified>
    <occluded>no</occluded>
    <date></date>
    <id>2</id>
    <parts>
      <hasparts></hasparts>
      <ispartof></ispartof>
    </parts>
    <polygon>
      <pt>
        <x>600.13</x>
        <y>97.47</y>
      </pt>
      <pt>
        <x>596.85</x>
        <y>144.17</y>
      </pt>
      <pt>
        <x>619.79</x>
        <y>144.99</y>
      </pt>
      <pt>
        <x>619.79</x>
        <y>98.29</y>
      </pt>
      <username></username>
    </polygon>
    <attributes></attributes>
  </object>
  <object>
    <name>lane</name>
    <deleted>0</deleted>
    <verified>0</verified>
    <occluded>no</occluded>
    <date></date>
    <id>3</id>
    <parts>
      <hasparts></hasparts>
      <ispartof></ispartof>
    </parts>
    <polygon>
      <pt>
        <x>395.04</x>
        <y>31.05</y>
      </pt>
      <pt>
        <x>409.38</x>
        <y>29.00</y>
      </pt>
      <pt>
        <x>496.09</x>
        <y>52.90</y>
      </pt>
      <pt>
        <x>472.87</x>
        <y>54.95</y>
      </pt>
      <username></username>
    </polygon>
    <attributes></attributes>
  </object>
  <object>
    <name>lane</name>
    <deleted>0</deleted>
    <verified>0</verified>
    <occluded>no</occluded>
    <date></date>
    <id>4</id>
    <parts>
      <hasparts></hasparts>
      <ispartof></ispartof>
    </parts>
    <polygon>
      <pt>
        <x>631.28</x>
        <y>31.05</y>
      </pt>
      <pt>
        <x>644.25</x>
        <y>33.10</y>
      </pt>
      <pt>
        <x>711.16</x>
        <y>4.43</y>
      </pt>
      <pt>
        <x>698.87</x>
        <y>4.43</y>
      </pt>
      <username></username>
    </polygon>
    <attributes></attributes>
  </object>
</annotation>
