<annotation>
  <filename>image_2274.jpg</filename>
  <folder></folder>
  <source>
    <sourceImage></sourceImage>
    <sourceAnnotation>Datumaro</sourceAnnotation>
  </source>
  <imagesize>
    <nrows>1920</nrows>
    <ncols>1080</ncols>
  </imagesize>
  <object>
    <name>lane</name>
    <deleted>0</deleted>
    <verified>0</verified>
    <occluded>no</occluded>
    <date></date>
    <id>0</id>
    <parts>
      <hasparts></hasparts>
      <ispartof></ispartof>
    </parts>
    <polygon>
      <pt>
        <x>485.91</x>
        <y>871.84</y>
      </pt>
      <pt>
        <x>485.91</x>
        <y>1529.97</y>
      </pt>
      <pt>
        <x>480.30</x>
        <y>1899.70</y>
      </pt>
      <pt>
        <x>597.70</x>
        <y>1893.40</y>
      </pt>
      <pt>
        <x>560.90</x>
        <y>1301.60</y>
      </pt>
      <pt>
        <x>540.22</x>
        <y>875.03</y>
      </pt>
      <username></username>
    </polygon>
    <attributes></attributes>
  </object>
  <object>
    <name>lane</name>
    <deleted>0</deleted>
    <verified>0</verified>
    <occluded>no</occluded>
    <date></date>
    <id>1</id>
    <parts>
      <hasparts></hasparts>
      <ispartof></ispartof>
    </parts>
    <type>bounding_box</type>
    <polygon>
      <pt>
        <x>497.53</x>
        <y>277.20</y>
      </pt>
      <pt>
        <x>504.33</x>
        <y>277.20</y>
      </pt>
      <pt>
        <x>504.33</x>
        <y>288.34</y>
      </pt>
      <pt>
        <x>497.53</x>
        <y>288.34</y>
      </pt>
      <username></username>
    </polygon>
    <attributes>rotation=0.0</attributes>
  </object>
  <object>
    <name>lane</name>
    <deleted>0</deleted>
    <verified>0</verified>
    <occluded>no</occluded>
    <date></date>
    <id>2</id>
    <parts>
      <hasparts></hasparts>
      <ispartof></ispartof>
    </parts>
    <type>bounding_box</type>
    <polygon>
      <pt>
        <x>498.24</x>
        <y>263.26</y>
      </pt>
      <pt>
        <x>503.62</x>
        <y>263.26</y>
      </pt>
      <pt>
        <x>503.62</x>
        <y>271.86</y>
      </pt>
      <pt>
        <x>498.24</x>
        <y>271.86</y>
      </pt>
      <username></username>
    </polygon>
    <attributes>rotation=0.0</attributes>
  </object>
  <object>
    <name>lane</name>
    <deleted>0</deleted>
    <verified>0</verified>
    <occluded>no</occluded>
    <date></date>
    <id>3</id>
    <parts>
      <hasparts></hasparts>
      <ispartof></ispartof>
    </parts>
    <type>bounding_box</type>
    <polygon>
      <pt>
        <x>498.24</x>
        <y>252.51</y>
      </pt>
      <pt>
        <x>503.62</x>
        <y>252.51</y>
      </pt>
      <pt>
        <x>503.62</x>
        <y>259.32</y>
      </pt>
      <pt>
        <x>498.24</x>
        <y>259.32</y>
      </pt>
      <username></username>
    </polygon>
    <attributes>rotation=0.0</attributes>
  </object>
  <object>
    <name>lane</name>
    <deleted>0</deleted>
    <verified>0</verified>
    <occluded>no</occluded>
    <date></date>
    <id>4</id>
    <parts>
      <hasparts></hasparts>
      <ispartof></ispartof>
    </parts>
    <type>bounding_box</type>
    <polygon>
      <pt>
        <x>498.60</x>
        <y>243.16</y>
      </pt>
      <pt>
        <x>502.54</x>
        <y>243.16</y>
      </pt>
      <pt>
        <x>502.54</x>
        <y>249.64</y>
      </pt>
      <pt>
        <x>498.60</x>
        <y>249.64</y>
      </pt>
      <username></username>
    </polygon>
    <attributes>rotation=0.0</attributes>
  </object>
  <object>
    <name>lane</name>
    <deleted>0</deleted>
    <verified>0</verified>
    <occluded>no</occluded>
    <date></date>
    <id>5</id>
    <parts>
      <hasparts></hasparts>
      <ispartof></ispartof>
    </parts>
    <type>bounding_box</type>
    <polygon>
      <pt>
        <x>498.24</x>
        <y>237.82</y>
      </pt>
      <pt>
        <x>502.18</x>
        <y>237.82</y>
      </pt>
      <pt>
        <x>502.18</x>
        <y>241.76</y>
      </pt>
      <pt>
        <x>498.24</x>
        <y>241.76</y>
      </pt>
      <username></username>
    </polygon>
    <attributes>rotation=0.0</attributes>
  </object>
  <object>
    <name>lane</name>
    <deleted>0</deleted>
    <verified>0</verified>
    <occluded>no</occluded>
    <date></date>
    <id>6</id>
    <parts>
      <hasparts></hasparts>
      <ispartof></ispartof>
    </parts>
    <type>bounding_box</type>
    <polygon>
      <pt>
        <x>498.60</x>
        <y>231.72</y>
      </pt>
      <pt>
        <x>502.18</x>
        <y>231.72</y>
      </pt>
      <pt>
        <x>502.18</x>
        <y>235.67</y>
      </pt>
      <pt>
        <x>498.60</x>
        <y>235.67</y>
      </pt>
      <username></username>
    </polygon>
    <attributes>rotation=0.0</attributes>
  </object>
  <object>
    <name>lane</name>
    <deleted>0</deleted>
    <verified>0</verified>
    <occluded>no</occluded>
    <date></date>
    <id>7</id>
    <parts>
      <hasparts></hasparts>
      <ispartof></ispartof>
    </parts>
    <polygon>
      <pt>
        <x>493.55</x>
        <y>498.46</y>
      </pt>
      <pt>
        <x>497.27</x>
        <y>571.27</y>
      </pt>
      <pt>
        <x>496.53</x>
        <y>624.03</y>
      </pt>
      <pt>
        <x>525.50</x>
        <y>627.74</y>
      </pt>
      <pt>
        <x>521.05</x>
        <y>564.59</y>
      </pt>
      <pt>
        <x>516.59</x>
        <y>502.92</y>
      </pt>
      <username></username>
    </polygon>
    <attributes></attributes>
  </object>
  <object>
    <name>lane</name>
    <deleted>0</deleted>
    <verified>0</verified>
    <occluded>no</occluded>
    <date></date>
    <id>8</id>
    <parts>
      <hasparts></hasparts>
      <ispartof></ispartof>
    </parts>
    <type>bounding_box</type>
    <polygon>
      <pt>
        <x>496.53</x>
        <y>385.52</y>
      </pt>
      <pt>
        <x>514.36</x>
        <y>385.52</y>
      </pt>
      <pt>
        <x>514.36</x>
        <y>436.79</y>
      </pt>
      <pt>
        <x>496.53</x>
        <y>436.79</y>
      </pt>
      <username></username>
    </polygon>
    <attributes>rotation=0.0</attributes>
  </object>
  <object>
    <name>lane</name>
    <deleted>0</deleted>
    <verified>0</verified>
    <occluded>no</occluded>
    <date></date>
    <id>9</id>
    <parts>
      <hasparts></hasparts>
      <ispartof></ispartof>
    </parts>
    <type>bounding_box</type>
    <polygon>
      <pt>
        <x>496.81</x>
        <y>329.51</y>
      </pt>
      <pt>
        <x>509.35</x>
        <y>329.51</y>
      </pt>
      <pt>
        <x>509.35</x>
        <y>355.67</y>
      </pt>
      <pt>
        <x>496.81</x>
        <y>355.67</y>
      </pt>
      <username></username>
    </polygon>
    <attributes>rotation=0.0</attributes>
  </object>
  <object>
    <name>lane</name>
    <deleted>0</deleted>
    <verified>0</verified>
    <occluded>no</occluded>
    <date></date>
    <id>10</id>
    <parts>
      <hasparts></hasparts>
      <ispartof></ispartof>
    </parts>
    <type>bounding_box</type>
    <polygon>
      <pt>
        <x>497.88</x>
        <y>295.86</y>
      </pt>
      <pt>
        <x>506.84</x>
        <y>295.86</y>
      </pt>
      <pt>
        <x>506.84</x>
        <y>314.50</y>
      </pt>
      <pt>
        <x>497.88</x>
        <y>314.50</y>
      </pt>
      <username></username>
    </polygon>
    <attributes>rotation=0.0</attributes>
  </object>
</annotation>
