<annotation>
  <filename>image_1985.jpg</filename>
  <folder></folder>
  <source>
    <sourceImage></sourceImage>
    <sourceAnnotation>Datumaro</sourceAnnotation>
  </source>
  <imagesize>
    <nrows>1920</nrows>
    <ncols>1080</ncols>
  </imagesize>
  <object>
    <name>lane</name>
    <deleted>0</deleted>
    <verified>0</verified>
    <occluded>no</occluded>
    <date></date>
    <id>0</id>
    <parts>
      <hasparts></hasparts>
      <ispartof></ispartof>
    </parts>
    <polygon>
      <pt>
        <x>501.91</x>
        <y>1036.80</y>
      </pt>
      <pt>
        <x>530.28</x>
        <y>1039.95</y>
      </pt>
      <pt>
        <x>529.23</x>
        <y>884.45</y>
      </pt>
      <pt>
        <x>521.87</x>
        <y>759.43</y>
      </pt>
      <pt>
        <x>486.15</x>
        <y>752.07</y>
      </pt>
      <pt>
        <x>490.35</x>
        <y>896.01</y>
      </pt>
      <username></username>
    </polygon>
    <attributes></attributes>
  </object>
  <object>
    <name>lane</name>
    <deleted>0</deleted>
    <verified>0</verified>
    <occluded>no</occluded>
    <date></date>
    <id>1</id>
    <parts>
      <hasparts></hasparts>
      <ispartof></ispartof>
    </parts>
    <polygon>
      <pt>
        <x>483.00</x>
        <y>585.02</y>
      </pt>
      <pt>
        <x>500.86</x>
        <y>588.17</y>
      </pt>
      <pt>
        <x>502.96</x>
        <y>549.29</y>
      </pt>
      <pt>
        <x>501.91</x>
        <y>500.96</y>
      </pt>
      <pt>
        <x>484.05</x>
        <y>505.17</y>
      </pt>
      <pt>
        <x>480.90</x>
        <y>541.94</y>
      </pt>
      <username></username>
    </polygon>
    <attributes></attributes>
  </object>
  <object>
    <name>lane</name>
    <deleted>0</deleted>
    <verified>0</verified>
    <occluded>no</occluded>
    <date></date>
    <id>2</id>
    <parts>
      <hasparts></hasparts>
      <ispartof></ispartof>
    </parts>
    <type>bounding_box</type>
    <polygon>
      <pt>
        <x>483.39</x>
        <y>277.06</y>
      </pt>
      <pt>
        <x>486.89</x>
        <y>277.06</y>
      </pt>
      <pt>
        <x>486.89</x>
        <y>281.26</y>
      </pt>
      <pt>
        <x>483.39</x>
        <y>281.26</y>
      </pt>
      <username></username>
    </polygon>
    <attributes>rotation=0.0</attributes>
  </object>
  <object>
    <name>lane</name>
    <deleted>0</deleted>
    <verified>0</verified>
    <occluded>no</occluded>
    <date></date>
    <id>3</id>
    <parts>
      <hasparts></hasparts>
      <ispartof></ispartof>
    </parts>
    <type>bounding_box</type>
    <polygon>
      <pt>
        <x>483.49</x>
        <y>271.26</y>
      </pt>
      <pt>
        <x>485.49</x>
        <y>271.26</y>
      </pt>
      <pt>
        <x>485.49</x>
        <y>272.76</y>
      </pt>
      <pt>
        <x>483.49</x>
        <y>272.76</y>
      </pt>
      <username></username>
    </polygon>
    <attributes>rotation=0.0</attributes>
  </object>
  <object>
    <name>lane</name>
    <deleted>0</deleted>
    <verified>0</verified>
    <occluded>no</occluded>
    <date></date>
    <id>4</id>
    <parts>
      <hasparts></hasparts>
      <ispartof></ispartof>
    </parts>
    <type>bounding_box</type>
    <polygon>
      <pt>
        <x>482.54</x>
        <y>414.00</y>
      </pt>
      <pt>
        <x>495.80</x>
        <y>414.00</y>
      </pt>
      <pt>
        <x>495.80</x>
        <y>480.28</y>
      </pt>
      <pt>
        <x>482.54</x>
        <y>480.28</y>
      </pt>
      <username></username>
    </polygon>
    <attributes>rotation=0.0</attributes>
  </object>
  <object>
    <name>lane</name>
    <deleted>0</deleted>
    <verified>0</verified>
    <occluded>no</occluded>
    <date></date>
    <id>5</id>
    <parts>
      <hasparts></hasparts>
      <ispartof></ispartof>
    </parts>
    <type>bounding_box</type>
    <polygon>
      <pt>
        <x>484.69</x>
        <y>346.63</y>
      </pt>
      <pt>
        <x>494.37</x>
        <y>346.63</y>
      </pt>
      <pt>
        <x>494.37</x>
        <y>386.05</y>
      </pt>
      <pt>
        <x>484.69</x>
        <y>386.05</y>
      </pt>
      <username></username>
    </polygon>
    <attributes>rotation=0.0</attributes>
  </object>
  <object>
    <name>lane</name>
    <deleted>0</deleted>
    <verified>0</verified>
    <occluded>no</occluded>
    <date></date>
    <id>6</id>
    <parts>
      <hasparts></hasparts>
      <ispartof></ispartof>
    </parts>
    <type>bounding_box</type>
    <polygon>
      <pt>
        <x>483.09</x>
        <y>286.36</y>
      </pt>
      <pt>
        <x>488.29</x>
        <y>286.36</y>
      </pt>
      <pt>
        <x>488.29</x>
        <y>292.06</y>
      </pt>
      <pt>
        <x>483.09</x>
        <y>292.06</y>
      </pt>
      <username></username>
    </polygon>
    <attributes>rotation=0.0</attributes>
  </object>
</annotation>
