<annotation>
  <filename>image_717.jpg</filename>
  <folder></folder>
  <source>
    <sourceImage></sourceImage>
    <sourceAnnotation>Datumaro</sourceAnnotation>
  </source>
  <imagesize>
    <nrows>1920</nrows>
    <ncols>1080</ncols>
  </imagesize>
  <object>
    <name>lane</name>
    <deleted>0</deleted>
    <verified>0</verified>
    <occluded>no</occluded>
    <date></date>
    <id>0</id>
    <parts>
      <hasparts></hasparts>
      <ispartof></ispartof>
    </parts>
    <polygon>
      <pt>
        <x>424.40</x>
        <y>520.10</y>
      </pt>
      <pt>
        <x>438.20</x>
        <y>609.60</y>
      </pt>
      <pt>
        <x>453.80</x>
        <y>732.00</y>
      </pt>
      <pt>
        <x>502.10</x>
        <y>732.70</y>
      </pt>
      <pt>
        <x>481.50</x>
        <y>607.40</y>
      </pt>
      <pt>
        <x>465.84</x>
        <y>520.08</y>
      </pt>
      <username></username>
    </polygon>
    <attributes></attributes>
  </object>
  <object>
    <name>lane</name>
    <deleted>0</deleted>
    <verified>0</verified>
    <occluded>no</occluded>
    <date></date>
    <id>1</id>
    <parts>
      <hasparts></hasparts>
      <ispartof></ispartof>
    </parts>
    <polygon>
      <pt>
        <x>91.98</x>
        <y>64.62</y>
      </pt>
      <pt>
        <x>130.60</x>
        <y>79.40</y>
      </pt>
      <pt>
        <x>141.60</x>
        <y>79.20</y>
      </pt>
      <pt>
        <x>99.50</x>
        <y>63.20</y>
      </pt>
      <username></username>
    </polygon>
    <attributes></attributes>
  </object>
  <object>
    <name>lane</name>
    <deleted>0</deleted>
    <verified>0</verified>
    <occluded>no</occluded>
    <date></date>
    <id>2</id>
    <parts>
      <hasparts></hasparts>
      <ispartof></ispartof>
    </parts>
    <polygon>
      <pt>
        <x>161.30</x>
        <y>94.20</y>
      </pt>
      <pt>
        <x>198.00</x>
        <y>115.00</y>
      </pt>
      <pt>
        <x>210.60</x>
        <y>115.90</y>
      </pt>
      <pt>
        <x>172.70</x>
        <y>94.60</y>
      </pt>
      <username></username>
    </polygon>
    <attributes></attributes>
  </object>
  <object>
    <name>lane</name>
    <deleted>0</deleted>
    <verified>0</verified>
    <occluded>no</occluded>
    <date></date>
    <id>3</id>
    <parts>
      <hasparts></hasparts>
      <ispartof></ispartof>
    </parts>
    <polygon>
      <pt>
        <x>228.20</x>
        <y>136.90</y>
      </pt>
      <pt>
        <x>262.40</x>
        <y>168.20</y>
      </pt>
      <pt>
        <x>280.50</x>
        <y>169.90</y>
      </pt>
      <pt>
        <x>241.80</x>
        <y>137.30</y>
      </pt>
      <username></username>
    </polygon>
    <attributes></attributes>
  </object>
  <object>
    <name>lane</name>
    <deleted>0</deleted>
    <verified>0</verified>
    <occluded>no</occluded>
    <date></date>
    <id>4</id>
    <parts>
      <hasparts></hasparts>
      <ispartof></ispartof>
    </parts>
    <polygon>
      <pt>
        <x>291.50</x>
        <y>204.50</y>
      </pt>
      <pt>
        <x>311.00</x>
        <y>230.80</y>
      </pt>
      <pt>
        <x>323.90</x>
        <y>253.70</y>
      </pt>
      <pt>
        <x>346.10</x>
        <y>254.90</y>
      </pt>
      <pt>
        <x>311.80</x>
        <y>207.00</y>
      </pt>
      <username></username>
    </polygon>
    <attributes></attributes>
  </object>
  <object>
    <name>lane</name>
    <deleted>0</deleted>
    <verified>0</verified>
    <occluded>no</occluded>
    <date></date>
    <id>5</id>
    <parts>
      <hasparts></hasparts>
      <ispartof></ispartof>
    </parts>
    <polygon>
      <pt>
        <x>353.90</x>
        <y>315.50</y>
      </pt>
      <pt>
        <x>369.85</x>
        <y>352.45</y>
      </pt>
      <pt>
        <x>391.20</x>
        <y>400.50</y>
      </pt>
      <pt>
        <x>419.90</x>
        <y>402.70</y>
      </pt>
      <pt>
        <x>378.40</x>
        <y>317.30</y>
      </pt>
      <username></username>
    </polygon>
    <attributes></attributes>
  </object>
  <object>
    <name>lane</name>
    <deleted>0</deleted>
    <verified>0</verified>
    <occluded>no</occluded>
    <date></date>
    <id>6</id>
    <parts>
      <hasparts></hasparts>
      <ispartof></ispartof>
    </parts>
    <polygon>
      <pt>
        <x>501.70</x>
        <y>1195.40</y>
      </pt>
      <pt>
        <x>575.30</x>
        <y>1195.40</y>
      </pt>
      <pt>
        <x>599.80</x>
        <y>1522.50</y>
      </pt>
      <pt>
        <x>633.10</x>
        <y>1915.10</y>
      </pt>
      <pt>
        <x>519.60</x>
        <y>1916.50</y>
      </pt>
      <pt>
        <x>505.90</x>
        <y>1441.80</y>
      </pt>
      <username></username>
    </polygon>
    <attributes></attributes>
  </object>
</annotation>
