<annotation>
  <filename>image_1356.jpg</filename>
  <folder></folder>
  <source>
    <sourceImage></sourceImage>
    <sourceAnnotation>Datumaro</sourceAnnotation>
  </source>
  <imagesize>
    <nrows>1920</nrows>
    <ncols>1080</ncols>
  </imagesize>
  <object>
    <name>lane</name>
    <deleted>0</deleted>
    <verified>0</verified>
    <occluded>no</occluded>
    <date></date>
    <id>0</id>
    <parts>
      <hasparts></hasparts>
      <ispartof></ispartof>
    </parts>
    <type>bounding_box</type>
    <polygon>
      <pt>
        <x>511.98</x>
        <y>450.51</y>
      </pt>
      <pt>
        <x>551.38</x>
        <y>450.51</y>
      </pt>
      <pt>
        <x>551.38</x>
        <y>610.74</y>
      </pt>
      <pt>
        <x>511.98</x>
        <y>610.74</y>
      </pt>
      <username></username>
    </polygon>
    <attributes>rotation=0.0</attributes>
  </object>
  <object>
    <name>lane</name>
    <deleted>0</deleted>
    <verified>0</verified>
    <occluded>no</occluded>
    <date></date>
    <id>1</id>
    <parts>
      <hasparts></hasparts>
      <ispartof></ispartof>
    </parts>
    <type>bounding_box</type>
    <polygon>
      <pt>
        <x>481.10</x>
        <y>927.72</y>
      </pt>
      <pt>
        <x>564.61</x>
        <y>927.72</y>
      </pt>
      <pt>
        <x>564.61</x>
        <y>1750.16</y>
      </pt>
      <pt>
        <x>481.10</x>
        <y>1750.16</y>
      </pt>
      <username></username>
    </polygon>
    <attributes>rotation=0.0</attributes>
  </object>
  <object>
    <name>lane</name>
    <deleted>0</deleted>
    <verified>0</verified>
    <occluded>no</occluded>
    <date></date>
    <id>2</id>
    <parts>
      <hasparts></hasparts>
      <ispartof></ispartof>
    </parts>
    <type>bounding_box</type>
    <polygon>
      <pt>
        <x>544.27</x>
        <y>44.82</y>
      </pt>
      <pt>
        <x>552.83</x>
        <y>44.82</y>
      </pt>
      <pt>
        <x>552.83</x>
        <y>53.78</y>
      </pt>
      <pt>
        <x>544.27</x>
        <y>53.78</y>
      </pt>
      <username></username>
    </polygon>
    <attributes>rotation=0.0</attributes>
  </object>
  <object>
    <name>lane</name>
    <deleted>0</deleted>
    <verified>0</verified>
    <occluded>no</occluded>
    <date></date>
    <id>3</id>
    <parts>
      <hasparts></hasparts>
      <ispartof></ispartof>
    </parts>
    <type>bounding_box</type>
    <polygon>
      <pt>
        <x>542.44</x>
        <y>62.13</y>
      </pt>
      <pt>
        <x>552.01</x>
        <y>62.13</y>
      </pt>
      <pt>
        <x>552.01</x>
        <y>77.20</y>
      </pt>
      <pt>
        <x>542.44</x>
        <y>77.20</y>
      </pt>
      <username></username>
    </polygon>
    <attributes>rotation=0.0</attributes>
  </object>
  <object>
    <name>lane</name>
    <deleted>0</deleted>
    <verified>0</verified>
    <occluded>no</occluded>
    <date></date>
    <id>4</id>
    <parts>
      <hasparts></hasparts>
      <ispartof></ispartof>
    </parts>
    <type>bounding_box</type>
    <polygon>
      <pt>
        <x>543.87</x>
        <y>31.18</y>
      </pt>
      <pt>
        <x>553.03</x>
        <y>31.18</y>
      </pt>
      <pt>
        <x>553.03</x>
        <y>37.70</y>
      </pt>
      <pt>
        <x>543.87</x>
        <y>37.70</y>
      </pt>
      <username></username>
    </polygon>
    <attributes>rotation=0.0</attributes>
  </object>
  <object>
    <name>lane</name>
    <deleted>0</deleted>
    <verified>0</verified>
    <occluded>no</occluded>
    <date></date>
    <id>5</id>
    <parts>
      <hasparts></hasparts>
      <ispartof></ispartof>
    </parts>
    <type>bounding_box</type>
    <polygon>
      <pt>
        <x>538.59</x>
        <y>91.54</y>
      </pt>
      <pt>
        <x>552.60</x>
        <y>91.54</y>
      </pt>
      <pt>
        <x>552.60</x>
        <y>110.80</y>
      </pt>
      <pt>
        <x>538.59</x>
        <y>110.80</y>
      </pt>
      <username></username>
    </polygon>
    <attributes>rotation=0.0</attributes>
  </object>
  <object>
    <name>lane</name>
    <deleted>0</deleted>
    <verified>0</verified>
    <occluded>no</occluded>
    <date></date>
    <id>6</id>
    <parts>
      <hasparts></hasparts>
      <ispartof></ispartof>
    </parts>
    <type>bounding_box</type>
    <polygon>
      <pt>
        <x>535.97</x>
        <y>131.81</y>
      </pt>
      <pt>
        <x>548.22</x>
        <y>131.81</y>
      </pt>
      <pt>
        <x>548.22</x>
        <y>153.70</y>
      </pt>
      <pt>
        <x>535.97</x>
        <y>153.70</y>
      </pt>
      <username></username>
    </polygon>
    <attributes>rotation=0.0</attributes>
  </object>
  <object>
    <name>lane</name>
    <deleted>0</deleted>
    <verified>0</verified>
    <occluded>no</occluded>
    <date></date>
    <id>7</id>
    <parts>
      <hasparts></hasparts>
      <ispartof></ispartof>
    </parts>
    <type>bounding_box</type>
    <polygon>
      <pt>
        <x>530.71</x>
        <y>182.59</y>
      </pt>
      <pt>
        <x>546.47</x>
        <y>182.59</y>
      </pt>
      <pt>
        <x>546.47</x>
        <y>223.74</y>
      </pt>
      <pt>
        <x>530.71</x>
        <y>223.74</y>
      </pt>
      <username></username>
    </polygon>
    <attributes>rotation=0.0</attributes>
  </object>
  <object>
    <name>lane</name>
    <deleted>0</deleted>
    <verified>0</verified>
    <occluded>no</occluded>
    <date></date>
    <id>8</id>
    <parts>
      <hasparts></hasparts>
      <ispartof></ispartof>
    </parts>
    <type>bounding_box</type>
    <polygon>
      <pt>
        <x>521.96</x>
        <y>275.40</y>
      </pt>
      <pt>
        <x>549.10</x>
        <y>275.40</y>
      </pt>
      <pt>
        <x>549.10</x>
        <y>350.70</y>
      </pt>
      <pt>
        <x>521.96</x>
        <y>350.70</y>
      </pt>
      <username></username>
    </polygon>
    <attributes>rotation=0.0</attributes>
  </object>
</annotation>
