<annotation>
  <filename>image_2733.jpg</filename>
  <folder></folder>
  <source>
    <sourceImage></sourceImage>
    <sourceAnnotation>Datumaro</sourceAnnotation>
  </source>
  <imagesize>
    <nrows>1920</nrows>
    <ncols>1080</ncols>
  </imagesize>
  <object>
    <name>lane</name>
    <deleted>0</deleted>
    <verified>0</verified>
    <occluded>no</occluded>
    <date></date>
    <id>0</id>
    <parts>
      <hasparts></hasparts>
      <ispartof></ispartof>
    </parts>
    <polygon>
      <pt>
        <x>535.98</x>
        <y>465.63</y>
      </pt>
      <pt>
        <x>553.61</x>
        <y>465.63</y>
      </pt>
      <pt>
        <x>517.74</x>
        <y>560.49</y>
      </pt>
      <pt>
        <x>492.20</x>
        <y>559.88</y>
      </pt>
      <username></username>
    </polygon>
    <attributes></attributes>
  </object>
  <object>
    <name>lane</name>
    <deleted>0</deleted>
    <verified>0</verified>
    <occluded>no</occluded>
    <date></date>
    <id>1</id>
    <parts>
      <hasparts></hasparts>
      <ispartof></ispartof>
    </parts>
    <polygon>
      <pt>
        <x>698.52</x>
        <y>284.66</y>
      </pt>
      <pt>
        <x>705.21</x>
        <y>285.72</y>
      </pt>
      <pt>
        <x>724.56</x>
        <y>276.57</y>
      </pt>
      <pt>
        <x>718.93</x>
        <y>276.18</y>
      </pt>
      <username></username>
    </polygon>
    <attributes></attributes>
  </object>
  <object>
    <name>lane</name>
    <deleted>0</deleted>
    <verified>0</verified>
    <occluded>no</occluded>
    <date></date>
    <id>2</id>
    <parts>
      <hasparts></hasparts>
      <ispartof></ispartof>
    </parts>
    <polygon>
      <pt>
        <x>662.99</x>
        <y>306.79</y>
      </pt>
      <pt>
        <x>670.38</x>
        <y>308.24</y>
      </pt>
      <pt>
        <x>689.02</x>
        <y>293.81</y>
      </pt>
      <pt>
        <x>682.69</x>
        <y>292.72</y>
      </pt>
      <username></username>
    </polygon>
    <attributes></attributes>
  </object>
  <object>
    <name>lane</name>
    <deleted>0</deleted>
    <verified>0</verified>
    <occluded>no</occluded>
    <date></date>
    <id>3</id>
    <parts>
      <hasparts></hasparts>
      <ispartof></ispartof>
    </parts>
    <polygon>
      <pt>
        <x>640.12</x>
        <y>322.31</y>
      </pt>
      <pt>
        <x>651.02</x>
        <y>322.31</y>
      </pt>
      <pt>
        <x>629.56</x>
        <y>344.09</y>
      </pt>
      <pt>
        <x>618.65</x>
        <y>343.39</y>
      </pt>
      <username></username>
    </polygon>
    <attributes></attributes>
  </object>
  <object>
    <name>lane</name>
    <deleted>0</deleted>
    <verified>0</verified>
    <occluded>no</occluded>
    <date></date>
    <id>4</id>
    <parts>
      <hasparts></hasparts>
      <ispartof></ispartof>
    </parts>
    <polygon>
      <pt>
        <x>593.74</x>
        <y>370.78</y>
      </pt>
      <pt>
        <x>607.12</x>
        <y>370.78</y>
      </pt>
      <pt>
        <x>580.37</x>
        <y>412.13</y>
      </pt>
      <pt>
        <x>566.38</x>
        <y>410.91</y>
      </pt>
      <username></username>
    </polygon>
    <attributes></attributes>
  </object>
  <object>
    <name>lane</name>
    <deleted>0</deleted>
    <verified>0</verified>
    <occluded>no</occluded>
    <date></date>
    <id>5</id>
    <parts>
      <hasparts></hasparts>
      <ispartof></ispartof>
    </parts>
    <polygon>
      <pt>
        <x>457.58</x>
        <y>725.67</y>
      </pt>
      <pt>
        <x>493.89</x>
        <y>728.70</y>
      </pt>
      <pt>
        <x>505.99</x>
        <y>1202.25</y>
      </pt>
      <pt>
        <x>439.42</x>
        <y>1208.31</y>
      </pt>
      <username></username>
    </polygon>
    <attributes></attributes>
  </object>
</annotation>
