<annotation>
  <filename>image_2311.jpg</filename>
  <folder></folder>
  <source>
    <sourceImage></sourceImage>
    <sourceAnnotation>Datumaro</sourceAnnotation>
  </source>
  <imagesize>
    <nrows>1920</nrows>
    <ncols>1080</ncols>
  </imagesize>
  <object>
    <name>lane</name>
    <deleted>0</deleted>
    <verified>0</verified>
    <occluded>no</occluded>
    <date></date>
    <id>0</id>
    <parts>
      <hasparts></hasparts>
      <ispartof></ispartof>
    </parts>
    <type>bounding_box</type>
    <polygon>
      <pt>
        <x>400.01</x>
        <y>299.68</y>
      </pt>
      <pt>
        <x>404.69</x>
        <y>299.68</y>
      </pt>
      <pt>
        <x>404.69</x>
        <y>305.49</y>
      </pt>
      <pt>
        <x>400.01</x>
        <y>305.49</y>
      </pt>
      <username></username>
    </polygon>
    <attributes>rotation=0.0</attributes>
  </object>
  <object>
    <name>lane</name>
    <deleted>0</deleted>
    <verified>0</verified>
    <occluded>no</occluded>
    <date></date>
    <id>1</id>
    <parts>
      <hasparts></hasparts>
      <ispartof></ispartof>
    </parts>
    <polygon>
      <pt>
        <x>405.46</x>
        <y>514.14</y>
      </pt>
      <pt>
        <x>406.58</x>
        <y>573.99</y>
      </pt>
      <pt>
        <x>407.14</x>
        <y>614.26</y>
      </pt>
      <pt>
        <x>432.87</x>
        <y>615.94</y>
      </pt>
      <pt>
        <x>428.39</x>
        <y>556.09</y>
      </pt>
      <pt>
        <x>424.48</x>
        <y>515.82</y>
      </pt>
      <username></username>
    </polygon>
    <attributes></attributes>
  </object>
  <object>
    <name>lane</name>
    <deleted>0</deleted>
    <verified>0</verified>
    <occluded>no</occluded>
    <date></date>
    <id>2</id>
    <parts>
      <hasparts></hasparts>
      <ispartof></ispartof>
    </parts>
    <type>bounding_box</type>
    <polygon>
      <pt>
        <x>401.55</x>
        <y>420.17</y>
      </pt>
      <pt>
        <x>418.33</x>
        <y>420.17</y>
      </pt>
      <pt>
        <x>418.33</x>
        <y>464.36</y>
      </pt>
      <pt>
        <x>401.55</x>
        <y>464.36</y>
      </pt>
      <username></username>
    </polygon>
    <attributes>rotation=0.0</attributes>
  </object>
  <object>
    <name>lane</name>
    <deleted>0</deleted>
    <verified>0</verified>
    <occluded>no</occluded>
    <date></date>
    <id>3</id>
    <parts>
      <hasparts></hasparts>
      <ispartof></ispartof>
    </parts>
    <type>bounding_box</type>
    <polygon>
      <pt>
        <x>399.91</x>
        <y>377.01</y>
      </pt>
      <pt>
        <x>413.40</x>
        <y>377.01</y>
      </pt>
      <pt>
        <x>413.40</x>
        <y>400.21</y>
      </pt>
      <pt>
        <x>399.91</x>
        <y>400.21</y>
      </pt>
      <username></username>
    </polygon>
    <attributes>rotation=0.0</attributes>
  </object>
  <object>
    <name>lane</name>
    <deleted>0</deleted>
    <verified>0</verified>
    <occluded>no</occluded>
    <date></date>
    <id>4</id>
    <parts>
      <hasparts></hasparts>
      <ispartof></ispartof>
    </parts>
    <type>bounding_box</type>
    <polygon>
      <pt>
        <x>400.18</x>
        <y>349.23</y>
      </pt>
      <pt>
        <x>409.08</x>
        <y>349.23</y>
      </pt>
      <pt>
        <x>409.08</x>
        <y>365.14</y>
      </pt>
      <pt>
        <x>400.18</x>
        <y>365.14</y>
      </pt>
      <username></username>
    </polygon>
    <attributes>rotation=0.0</attributes>
  </object>
  <object>
    <name>lane</name>
    <deleted>0</deleted>
    <verified>0</verified>
    <occluded>no</occluded>
    <date></date>
    <id>5</id>
    <parts>
      <hasparts></hasparts>
      <ispartof></ispartof>
    </parts>
    <type>bounding_box</type>
    <polygon>
      <pt>
        <x>400.76</x>
        <y>330.96</y>
      </pt>
      <pt>
        <x>407.88</x>
        <y>330.96</y>
      </pt>
      <pt>
        <x>407.88</x>
        <y>342.39</y>
      </pt>
      <pt>
        <x>400.76</x>
        <y>342.39</y>
      </pt>
      <username></username>
    </polygon>
    <attributes>rotation=0.0</attributes>
  </object>
  <object>
    <name>lane</name>
    <deleted>0</deleted>
    <verified>0</verified>
    <occluded>no</occluded>
    <date></date>
    <id>6</id>
    <parts>
      <hasparts></hasparts>
      <ispartof></ispartof>
    </parts>
    <type>bounding_box</type>
    <polygon>
      <pt>
        <x>399.07</x>
        <y>317.10</y>
      </pt>
      <pt>
        <x>406.56</x>
        <y>317.10</y>
      </pt>
      <pt>
        <x>406.56</x>
        <y>324.97</y>
      </pt>
      <pt>
        <x>399.07</x>
        <y>324.97</y>
      </pt>
      <username></username>
    </polygon>
    <attributes>rotation=0.0</attributes>
  </object>
  <object>
    <name>lane</name>
    <deleted>0</deleted>
    <verified>0</verified>
    <occluded>no</occluded>
    <date></date>
    <id>7</id>
    <parts>
      <hasparts></hasparts>
      <ispartof></ispartof>
    </parts>
    <type>bounding_box</type>
    <polygon>
      <pt>
        <x>399.82</x>
        <y>307.36</y>
      </pt>
      <pt>
        <x>405.44</x>
        <y>307.36</y>
      </pt>
      <pt>
        <x>405.44</x>
        <y>314.10</y>
      </pt>
      <pt>
        <x>399.82</x>
        <y>314.10</y>
      </pt>
      <username></username>
    </polygon>
    <attributes>rotation=0.0</attributes>
  </object>
  <object>
    <name>lane</name>
    <deleted>0</deleted>
    <verified>0</verified>
    <occluded>no</occluded>
    <date></date>
    <id>8</id>
    <parts>
      <hasparts></hasparts>
      <ispartof></ispartof>
    </parts>
    <type>bounding_box</type>
    <polygon>
      <pt>
        <x>399.26</x>
        <y>293.31</y>
      </pt>
      <pt>
        <x>403.57</x>
        <y>293.31</y>
      </pt>
      <pt>
        <x>403.57</x>
        <y>297.62</y>
      </pt>
      <pt>
        <x>399.26</x>
        <y>297.62</y>
      </pt>
      <username></username>
    </polygon>
    <attributes>rotation=0.0</attributes>
  </object>
  <object>
    <name>lane</name>
    <deleted>0</deleted>
    <verified>0</verified>
    <occluded>no</occluded>
    <date></date>
    <id>9</id>
    <parts>
      <hasparts></hasparts>
      <ispartof></ispartof>
    </parts>
    <polygon>
      <pt>
        <x>411.17</x>
        <y>795.57</y>
      </pt>
      <pt>
        <x>419.18</x>
        <y>1136.28</y>
      </pt>
      <pt>
        <x>423.19</x>
        <y>1354.73</y>
      </pt>
      <pt>
        <x>491.33</x>
        <y>1356.73</y>
      </pt>
      <pt>
        <x>469.29</x>
        <y>1004.00</y>
      </pt>
      <pt>
        <x>453.26</x>
        <y>787.55</y>
      </pt>
      <username></username>
    </polygon>
    <attributes></attributes>
  </object>
</annotation>
