<annotation>
  <filename>image_2584.jpg</filename>
  <folder></folder>
  <source>
    <sourceImage></sourceImage>
    <sourceAnnotation>Datumaro</sourceAnnotation>
  </source>
  <imagesize>
    <nrows>1920</nrows>
    <ncols>1080</ncols>
  </imagesize>
  <object>
    <name>lane</name>
    <deleted>0</deleted>
    <verified>0</verified>
    <occluded>no</occluded>
    <date></date>
    <id>0</id>
    <parts>
      <hasparts></hasparts>
      <ispartof></ispartof>
    </parts>
    <polygon>
      <pt>
        <x>545.70</x>
        <y>841.06</y>
      </pt>
      <pt>
        <x>511.72</x>
        <y>1212.04</y>
      </pt>
      <pt>
        <x>568.35</x>
        <y>1226.19</y>
      </pt>
      <pt>
        <x>579.68</x>
        <y>846.73</y>
      </pt>
      <username></username>
    </polygon>
    <attributes></attributes>
  </object>
  <object>
    <name>lane</name>
    <deleted>0</deleted>
    <verified>0</verified>
    <occluded>no</occluded>
    <date></date>
    <id>1</id>
    <parts>
      <hasparts></hasparts>
      <ispartof></ispartof>
    </parts>
    <polygon>
      <pt>
        <x>252.18</x>
        <y>508.10</y>
      </pt>
      <pt>
        <x>261.74</x>
        <y>506.74</y>
      </pt>
      <pt>
        <x>330.02</x>
        <y>543.61</y>
      </pt>
      <pt>
        <x>315.00</x>
        <y>546.34</y>
      </pt>
      <username></username>
    </polygon>
    <attributes></attributes>
  </object>
  <object>
    <name>lane</name>
    <deleted>0</deleted>
    <verified>0</verified>
    <occluded>no</occluded>
    <date></date>
    <id>2</id>
    <parts>
      <hasparts></hasparts>
      <ispartof></ispartof>
    </parts>
    <polygon>
      <pt>
        <x>366.89</x>
        <y>588.68</y>
      </pt>
      <pt>
        <x>383.28</x>
        <y>588.68</y>
      </pt>
      <pt>
        <x>455.66</x>
        <y>669.25</y>
      </pt>
      <pt>
        <x>435.18</x>
        <y>671.98</y>
      </pt>
      <username></username>
    </polygon>
    <attributes></attributes>
  </object>
  <object>
    <name>lane</name>
    <deleted>0</deleted>
    <verified>0</verified>
    <occluded>no</occluded>
    <date></date>
    <id>3</id>
    <parts>
      <hasparts></hasparts>
      <ispartof></ispartof>
    </parts>
    <polygon>
      <pt>
        <x>143.49</x>
        <y>456.47</y>
      </pt>
      <pt>
        <x>150.82</x>
        <y>455.01</y>
      </pt>
      <pt>
        <x>177.50</x>
        <y>464.98</y>
      </pt>
      <pt>
        <x>210.64</x>
        <y>478.46</y>
      </pt>
      <pt>
        <x>200.08</x>
        <y>479.64</y>
      </pt>
      <pt>
        <x>164.60</x>
        <y>464.98</y>
      </pt>
      <username></username>
    </polygon>
    <attributes></attributes>
  </object>
  <object>
    <name>lane</name>
    <deleted>0</deleted>
    <verified>0</verified>
    <occluded>no</occluded>
    <date></date>
    <id>4</id>
    <parts>
      <hasparts></hasparts>
      <ispartof></ispartof>
    </parts>
    <polygon>
      <pt>
        <x>25.62</x>
        <y>421.87</y>
      </pt>
      <pt>
        <x>32.07</x>
        <y>420.41</y>
      </pt>
      <pt>
        <x>62.27</x>
        <y>428.32</y>
      </pt>
      <pt>
        <x>98.63</x>
        <y>435.65</y>
      </pt>
      <pt>
        <x>90.12</x>
        <y>439.17</y>
      </pt>
      <pt>
        <x>47.90</x>
        <y>428.03</y>
      </pt>
      <username></username>
    </polygon>
    <attributes></attributes>
  </object>
  <object>
    <name>lane</name>
    <deleted>0</deleted>
    <verified>0</verified>
    <occluded>no</occluded>
    <date></date>
    <id>5</id>
    <parts>
      <hasparts></hasparts>
      <ispartof></ispartof>
    </parts>
    <polygon>
      <pt>
        <x>765.52</x>
        <y>547.95</y>
      </pt>
      <pt>
        <x>806.05</x>
        <y>537.31</y>
      </pt>
      <pt>
        <x>842.03</x>
        <y>527.17</y>
      </pt>
      <pt>
        <x>848.11</x>
        <y>529.71</y>
      </pt>
      <pt>
        <x>809.60</x>
        <y>540.85</y>
      </pt>
      <pt>
        <x>772.61</x>
        <y>551.49</y>
      </pt>
      <username></username>
    </polygon>
    <attributes></attributes>
  </object>
  <object>
    <name>lane</name>
    <deleted>0</deleted>
    <verified>0</verified>
    <occluded>no</occluded>
    <date></date>
    <id>6</id>
    <parts>
      <hasparts></hasparts>
      <ispartof></ispartof>
    </parts>
    <polygon>
      <pt>
        <x>616.05</x>
        <y>623.95</y>
      </pt>
      <pt>
        <x>651.51</x>
        <y>589.50</y>
      </pt>
      <pt>
        <x>681.41</x>
        <y>575.31</y>
      </pt>
      <pt>
        <x>695.09</x>
        <y>576.83</y>
      </pt>
      <pt>
        <x>659.62</x>
        <y>592.03</y>
      </pt>
      <pt>
        <x>633.78</x>
        <y>621.92</y>
      </pt>
      <username></username>
    </polygon>
    <attributes></attributes>
  </object>
</annotation>
