<annotation>
  <filename>image_1158.jpg</filename>
  <folder></folder>
  <source>
    <sourceImage></sourceImage>
    <sourceAnnotation>Datumaro</sourceAnnotation>
  </source>
  <imagesize>
    <nrows>1920</nrows>
    <ncols>1080</ncols>
  </imagesize>
  <object>
    <name>lane</name>
    <deleted>0</deleted>
    <verified>0</verified>
    <occluded>no</occluded>
    <date></date>
    <id>0</id>
    <parts>
      <hasparts></hasparts>
      <ispartof></ispartof>
    </parts>
    <polygon>
      <pt>
        <x>238.06</x>
        <y>1033.72</y>
      </pt>
      <pt>
        <x>310.62</x>
        <y>1030.93</y>
      </pt>
      <pt>
        <x>425.04</x>
        <y>1910.04</y>
      </pt>
      <pt>
        <x>291.08</x>
        <y>1912.83</y>
      </pt>
      <username></username>
    </polygon>
    <attributes></attributes>
  </object>
  <object>
    <name>lane</name>
    <deleted>0</deleted>
    <verified>0</verified>
    <occluded>no</occluded>
    <date></date>
    <id>1</id>
    <parts>
      <hasparts></hasparts>
      <ispartof></ispartof>
    </parts>
    <polygon>
      <pt>
        <x>209.65</x>
        <y>427.57</y>
      </pt>
      <pt>
        <x>242.34</x>
        <y>427.57</y>
      </pt>
      <pt>
        <x>270.57</x>
        <y>635.61</y>
      </pt>
      <pt>
        <x>220.05</x>
        <y>637.10</y>
      </pt>
      <username></username>
    </polygon>
    <attributes></attributes>
  </object>
  <object>
    <name>lane</name>
    <deleted>0</deleted>
    <verified>0</verified>
    <occluded>no</occluded>
    <date></date>
    <id>2</id>
    <parts>
      <hasparts></hasparts>
      <ispartof></ispartof>
    </parts>
    <polygon>
      <pt>
        <x>196.00</x>
        <y>218.29</y>
      </pt>
      <pt>
        <x>220.15</x>
        <y>218.91</y>
      </pt>
      <pt>
        <x>232.53</x>
        <y>302.50</y>
      </pt>
      <pt>
        <x>204.67</x>
        <y>304.36</y>
      </pt>
      <username></username>
    </polygon>
    <attributes></attributes>
  </object>
  <object>
    <name>lane</name>
    <deleted>0</deleted>
    <verified>0</verified>
    <occluded>no</occluded>
    <date></date>
    <id>3</id>
    <parts>
      <hasparts></hasparts>
      <ispartof></ispartof>
    </parts>
    <type>bounding_box</type>
    <polygon>
      <pt>
        <x>182.22</x>
        <y>0.42</y>
      </pt>
      <pt>
        <x>192.86</x>
        <y>0.42</y>
      </pt>
      <pt>
        <x>192.86</x>
        <y>7.00</y>
      </pt>
      <pt>
        <x>182.22</x>
        <y>7.00</y>
      </pt>
      <username></username>
    </polygon>
    <attributes>rotation=0.0</attributes>
  </object>
  <object>
    <name>lane</name>
    <deleted>0</deleted>
    <verified>0</verified>
    <occluded>no</occluded>
    <date></date>
    <id>4</id>
    <parts>
      <hasparts></hasparts>
      <ispartof></ispartof>
    </parts>
    <type>bounding_box</type>
    <polygon>
      <pt>
        <x>185.76</x>
        <y>24.23</y>
      </pt>
      <pt>
        <x>196.40</x>
        <y>24.23</y>
      </pt>
      <pt>
        <x>196.40</x>
        <y>39.94</y>
      </pt>
      <pt>
        <x>185.76</x>
        <y>39.94</y>
      </pt>
      <username></username>
    </polygon>
    <attributes>rotation=0.0</attributes>
  </object>
  <object>
    <name>lane</name>
    <deleted>0</deleted>
    <verified>0</verified>
    <occluded>no</occluded>
    <date></date>
    <id>5</id>
    <parts>
      <hasparts></hasparts>
      <ispartof></ispartof>
    </parts>
    <type>bounding_box</type>
    <polygon>
      <pt>
        <x>186.27</x>
        <y>60.21</y>
      </pt>
      <pt>
        <x>201.98</x>
        <y>60.21</y>
      </pt>
      <pt>
        <x>201.98</x>
        <y>88.07</y>
      </pt>
      <pt>
        <x>186.27</x>
        <y>88.07</y>
      </pt>
      <username></username>
    </polygon>
    <attributes>rotation=0.0</attributes>
  </object>
  <object>
    <name>lane</name>
    <deleted>0</deleted>
    <verified>0</verified>
    <occluded>no</occluded>
    <date></date>
    <id>6</id>
    <parts>
      <hasparts></hasparts>
      <ispartof></ispartof>
    </parts>
    <type>bounding_box</type>
    <polygon>
      <pt>
        <x>190.83</x>
        <y>122.50</y>
      </pt>
      <pt>
        <x>208.59</x>
        <y>122.50</y>
      </pt>
      <pt>
        <x>208.59</x>
        <y>162.80</y>
      </pt>
      <pt>
        <x>190.83</x>
        <y>162.80</y>
      </pt>
      <username></username>
    </polygon>
    <attributes>rotation=0.0</attributes>
  </object>
</annotation>
