<annotation>
  <filename>image_1011.jpg</filename>
  <folder></folder>
  <source>
    <sourceImage></sourceImage>
    <sourceAnnotation>Datumaro</sourceAnnotation>
  </source>
  <imagesize>
    <nrows>1920</nrows>
    <ncols>1080</ncols>
  </imagesize>
  <object>
    <name>lane</name>
    <deleted>0</deleted>
    <verified>0</verified>
    <occluded>no</occluded>
    <date></date>
    <id>0</id>
    <parts>
      <hasparts></hasparts>
      <ispartof></ispartof>
    </parts>
    <polygon>
      <pt>
        <x>443.73</x>
        <y>1918.76</y>
      </pt>
      <pt>
        <x>584.90</x>
        <y>1916.14</y>
      </pt>
      <pt>
        <x>590.13</x>
        <y>1673.01</y>
      </pt>
      <pt>
        <x>590.13</x>
        <y>1437.71</y>
      </pt>
      <pt>
        <x>482.94</x>
        <y>1419.41</y>
      </pt>
      <pt>
        <x>462.03</x>
        <y>1657.32</y>
      </pt>
      <username></username>
    </polygon>
    <attributes></attributes>
  </object>
  <object>
    <name>lane</name>
    <deleted>0</deleted>
    <verified>0</verified>
    <occluded>no</occluded>
    <date></date>
    <id>1</id>
    <parts>
      <hasparts></hasparts>
      <ispartof></ispartof>
    </parts>
    <polygon>
      <pt>
        <x>589.35</x>
        <y>81.83</y>
      </pt>
      <pt>
        <x>612.68</x>
        <y>83.53</y>
      </pt>
      <pt>
        <x>682.66</x>
        <y>68.17</y>
      </pt>
      <pt>
        <x>756.63</x>
        <y>59.07</y>
      </pt>
      <pt>
        <x>745.82</x>
        <y>55.09</y>
      </pt>
      <pt>
        <x>647.96</x>
        <y>66.47</y>
      </pt>
      <username></username>
    </polygon>
    <attributes></attributes>
  </object>
  <object>
    <name>lane</name>
    <deleted>0</deleted>
    <verified>0</verified>
    <occluded>no</occluded>
    <date></date>
    <id>2</id>
    <parts>
      <hasparts></hasparts>
      <ispartof></ispartof>
    </parts>
    <polygon>
      <pt>
        <x>477.32</x>
        <y>319.09</y>
      </pt>
      <pt>
        <x>514.10</x>
        <y>319.09</y>
      </pt>
      <pt>
        <x>506.74</x>
        <y>261.31</y>
      </pt>
      <pt>
        <x>499.39</x>
        <y>215.08</y>
      </pt>
      <pt>
        <x>474.17</x>
        <y>215.08</y>
      </pt>
      <pt>
        <x>477.32</x>
        <y>252.90</y>
      </pt>
      <username></username>
    </polygon>
    <attributes></attributes>
  </object>
  <object>
    <name>lane</name>
    <deleted>0</deleted>
    <verified>0</verified>
    <occluded>no</occluded>
    <date></date>
    <id>3</id>
    <parts>
      <hasparts></hasparts>
      <ispartof></ispartof>
    </parts>
    <polygon>
      <pt>
        <x>302.16</x>
        <y>27.55</y>
      </pt>
      <pt>
        <x>316.39</x>
        <y>26.37</y>
      </pt>
      <pt>
        <x>368.94</x>
        <y>59.16</y>
      </pt>
      <pt>
        <x>351.16</x>
        <y>59.16</y>
      </pt>
      <username></username>
    </polygon>
    <attributes></attributes>
  </object>
  <object>
    <name>lane</name>
    <deleted>0</deleted>
    <verified>0</verified>
    <occluded>no</occluded>
    <date></date>
    <id>4</id>
    <parts>
      <hasparts></hasparts>
      <ispartof></ispartof>
    </parts>
    <polygon>
      <pt>
        <x>396.99</x>
        <y>92.75</y>
      </pt>
      <pt>
        <x>416.75</x>
        <y>92.35</y>
      </pt>
      <pt>
        <x>461.40</x>
        <y>144.90</y>
      </pt>
      <pt>
        <x>438.48</x>
        <y>148.46</y>
      </pt>
      <username></username>
    </polygon>
    <attributes></attributes>
  </object>
  <object>
    <name>lane</name>
    <deleted>0</deleted>
    <verified>0</verified>
    <occluded>no</occluded>
    <date></date>
    <id>5</id>
    <parts>
      <hasparts></hasparts>
      <ispartof></ispartof>
    </parts>
    <polygon>
      <pt>
        <x>529.36</x>
        <y>104.21</y>
      </pt>
      <pt>
        <x>549.90</x>
        <y>105.00</y>
      </pt>
      <pt>
        <x>519.08</x>
        <y>130.29</y>
      </pt>
      <pt>
        <x>506.84</x>
        <y>147.28</y>
      </pt>
      <pt>
        <x>483.52</x>
        <y>150.44</y>
      </pt>
      <pt>
        <x>500.91</x>
        <y>122.78</y>
      </pt>
      <username></username>
    </polygon>
    <attributes></attributes>
  </object>
  <object>
    <name>lane</name>
    <deleted>0</deleted>
    <verified>0</verified>
    <occluded>no</occluded>
    <date></date>
    <id>6</id>
    <parts>
      <hasparts></hasparts>
      <ispartof></ispartof>
    </parts>
    <polygon>
      <pt>
        <x>488.88</x>
        <y>768.78</y>
      </pt>
      <pt>
        <x>557.17</x>
        <y>769.83</y>
      </pt>
      <pt>
        <x>542.46</x>
        <y>594.37</y>
      </pt>
      <pt>
        <x>534.06</x>
        <y>468.29</y>
      </pt>
      <pt>
        <x>490.98</x>
        <y>470.39</y>
      </pt>
      <pt>
        <x>490.98</x>
        <y>606.97</y>
      </pt>
      <username></username>
    </polygon>
    <attributes></attributes>
  </object>
</annotation>
