<annotation>
  <filename>image_1231.jpg</filename>
  <folder></folder>
  <source>
    <sourceImage></sourceImage>
    <sourceAnnotation>Datumaro</sourceAnnotation>
  </source>
  <imagesize>
    <nrows>1920</nrows>
    <ncols>1080</ncols>
  </imagesize>
  <object>
    <name>lane</name>
    <deleted>0</deleted>
    <verified>0</verified>
    <occluded>no</occluded>
    <date></date>
    <id>0</id>
    <parts>
      <hasparts></hasparts>
      <ispartof></ispartof>
    </parts>
    <polygon>
      <pt>
        <x>419.03</x>
        <y>563.11</y>
      </pt>
      <pt>
        <x>449.37</x>
        <y>562.49</y>
      </pt>
      <pt>
        <x>464.23</x>
        <y>671.47</y>
      </pt>
      <pt>
        <x>425.84</x>
        <y>669.61</y>
      </pt>
      <username></username>
    </polygon>
    <attributes></attributes>
  </object>
  <object>
    <name>lane</name>
    <deleted>0</deleted>
    <verified>0</verified>
    <occluded>no</occluded>
    <date></date>
    <id>1</id>
    <parts>
      <hasparts></hasparts>
      <ispartof></ispartof>
    </parts>
    <type>bounding_box</type>
    <polygon>
      <pt>
        <x>417.89</x>
        <y>439.52</y>
      </pt>
      <pt>
        <x>439.68</x>
        <y>439.52</y>
      </pt>
      <pt>
        <x>439.68</x>
        <y>486.73</y>
      </pt>
      <pt>
        <x>417.89</x>
        <y>486.73</y>
      </pt>
      <username></username>
    </polygon>
    <attributes>rotation=0.0</attributes>
  </object>
  <object>
    <name>lane</name>
    <deleted>0</deleted>
    <verified>0</verified>
    <occluded>no</occluded>
    <date></date>
    <id>2</id>
    <parts>
      <hasparts></hasparts>
      <ispartof></ispartof>
    </parts>
    <type>bounding_box</type>
    <polygon>
      <pt>
        <x>415.37</x>
        <y>366.90</y>
      </pt>
      <pt>
        <x>427.30</x>
        <y>366.90</y>
      </pt>
      <pt>
        <x>427.30</x>
        <y>403.21</y>
      </pt>
      <pt>
        <x>415.37</x>
        <y>403.21</y>
      </pt>
      <username></username>
    </polygon>
    <attributes>rotation=0.0</attributes>
  </object>
  <object>
    <name>lane</name>
    <deleted>0</deleted>
    <verified>0</verified>
    <occluded>no</occluded>
    <date></date>
    <id>3</id>
    <parts>
      <hasparts></hasparts>
      <ispartof></ispartof>
    </parts>
    <type>bounding_box</type>
    <polygon>
      <pt>
        <x>406.22</x>
        <y>241.41</y>
      </pt>
      <pt>
        <x>416.24</x>
        <y>241.41</y>
      </pt>
      <pt>
        <x>416.24</x>
        <y>248.00</y>
      </pt>
      <pt>
        <x>406.22</x>
        <y>248.00</y>
      </pt>
      <username></username>
    </polygon>
    <attributes>rotation=0.0</attributes>
  </object>
  <object>
    <name>lane</name>
    <deleted>0</deleted>
    <verified>0</verified>
    <occluded>no</occluded>
    <date></date>
    <id>4</id>
    <parts>
      <hasparts></hasparts>
      <ispartof></ispartof>
    </parts>
    <type>bounding_box</type>
    <polygon>
      <pt>
        <x>407.44</x>
        <y>255.58</y>
      </pt>
      <pt>
        <x>416.48</x>
        <y>255.58</y>
      </pt>
      <pt>
        <x>416.48</x>
        <y>264.13</y>
      </pt>
      <pt>
        <x>407.44</x>
        <y>264.13</y>
      </pt>
      <username></username>
    </polygon>
    <attributes>rotation=0.0</attributes>
  </object>
  <object>
    <name>lane</name>
    <deleted>0</deleted>
    <verified>0</verified>
    <occluded>no</occluded>
    <date></date>
    <id>5</id>
    <parts>
      <hasparts></hasparts>
      <ispartof></ispartof>
    </parts>
    <type>bounding_box</type>
    <polygon>
      <pt>
        <x>407.93</x>
        <y>271.22</y>
      </pt>
      <pt>
        <x>419.41</x>
        <y>271.22</y>
      </pt>
      <pt>
        <x>419.41</x>
        <y>284.66</y>
      </pt>
      <pt>
        <x>407.93</x>
        <y>284.66</y>
      </pt>
      <username></username>
    </polygon>
    <attributes>rotation=0.0</attributes>
  </object>
  <object>
    <name>lane</name>
    <deleted>0</deleted>
    <verified>0</verified>
    <occluded>no</occluded>
    <date></date>
    <id>6</id>
    <parts>
      <hasparts></hasparts>
      <ispartof></ispartof>
    </parts>
    <type>bounding_box</type>
    <polygon>
      <pt>
        <x>410.37</x>
        <y>295.90</y>
      </pt>
      <pt>
        <x>420.15</x>
        <y>295.90</y>
      </pt>
      <pt>
        <x>420.15</x>
        <y>307.62</y>
      </pt>
      <pt>
        <x>410.37</x>
        <y>307.62</y>
      </pt>
      <username></username>
    </polygon>
    <attributes>rotation=0.0</attributes>
  </object>
  <object>
    <name>lane</name>
    <deleted>0</deleted>
    <verified>0</verified>
    <occluded>no</occluded>
    <date></date>
    <id>7</id>
    <parts>
      <hasparts></hasparts>
      <ispartof></ispartof>
    </parts>
    <type>bounding_box</type>
    <polygon>
      <pt>
        <x>406.12</x>
        <y>207.65</y>
      </pt>
      <pt>
        <x>412.23</x>
        <y>207.65</y>
      </pt>
      <pt>
        <x>412.23</x>
        <y>210.91</y>
      </pt>
      <pt>
        <x>406.12</x>
        <y>210.91</y>
      </pt>
      <username></username>
    </polygon>
    <attributes>rotation=0.0</attributes>
  </object>
  <object>
    <name>lane</name>
    <deleted>0</deleted>
    <verified>0</verified>
    <occluded>no</occluded>
    <date></date>
    <id>8</id>
    <parts>
      <hasparts></hasparts>
      <ispartof></ispartof>
    </parts>
    <type>bounding_box</type>
    <polygon>
      <pt>
        <x>405.31</x>
        <y>215.79</y>
      </pt>
      <pt>
        <x>412.03</x>
        <y>215.79</y>
      </pt>
      <pt>
        <x>412.03</x>
        <y>219.05</y>
      </pt>
      <pt>
        <x>405.31</x>
        <y>219.05</y>
      </pt>
      <username></username>
    </polygon>
    <attributes>rotation=0.0</attributes>
  </object>
  <object>
    <name>lane</name>
    <deleted>0</deleted>
    <verified>0</verified>
    <occluded>no</occluded>
    <date></date>
    <id>9</id>
    <parts>
      <hasparts></hasparts>
      <ispartof></ispartof>
    </parts>
    <type>bounding_box</type>
    <polygon>
      <pt>
        <x>405.10</x>
        <y>221.49</y>
      </pt>
      <pt>
        <x>412.43</x>
        <y>221.49</y>
      </pt>
      <pt>
        <x>412.43</x>
        <y>226.38</y>
      </pt>
      <pt>
        <x>405.10</x>
        <y>226.38</y>
      </pt>
      <username></username>
    </polygon>
    <attributes>rotation=0.0</attributes>
  </object>
  <object>
    <name>lane</name>
    <deleted>0</deleted>
    <verified>0</verified>
    <occluded>no</occluded>
    <date></date>
    <id>10</id>
    <parts>
      <hasparts></hasparts>
      <ispartof></ispartof>
    </parts>
    <type>bounding_box</type>
    <polygon>
      <pt>
        <x>404.90</x>
        <y>228.62</y>
      </pt>
      <pt>
        <x>413.04</x>
        <y>228.62</y>
      </pt>
      <pt>
        <x>413.04</x>
        <y>235.34</y>
      </pt>
      <pt>
        <x>404.90</x>
        <y>235.34</y>
      </pt>
      <username></username>
    </polygon>
    <attributes>rotation=0.0</attributes>
  </object>
  <object>
    <name>lane</name>
    <deleted>0</deleted>
    <verified>0</verified>
    <occluded>no</occluded>
    <date></date>
    <id>11</id>
    <parts>
      <hasparts></hasparts>
      <ispartof></ispartof>
    </parts>
    <type>bounding_box</type>
    <polygon>
      <pt>
        <x>406.28</x>
        <y>199.91</y>
      </pt>
      <pt>
        <x>411.66</x>
        <y>199.91</y>
      </pt>
      <pt>
        <x>411.66</x>
        <y>202.04</y>
      </pt>
      <pt>
        <x>406.28</x>
        <y>202.04</y>
      </pt>
      <username></username>
    </polygon>
    <attributes>rotation=0.0</attributes>
  </object>
  <object>
    <name>lane</name>
    <deleted>0</deleted>
    <verified>0</verified>
    <occluded>no</occluded>
    <date></date>
    <id>12</id>
    <parts>
      <hasparts></hasparts>
      <ispartof></ispartof>
    </parts>
    <type>bounding_box</type>
    <polygon>
      <pt>
        <x>406.00</x>
        <y>203.45</y>
      </pt>
      <pt>
        <x>411.51</x>
        <y>203.45</y>
      </pt>
      <pt>
        <x>411.51</x>
        <y>205.43</y>
      </pt>
      <pt>
        <x>406.00</x>
        <y>205.43</y>
      </pt>
      <username></username>
    </polygon>
    <attributes>rotation=0.0</attributes>
  </object>
  <object>
    <name>lane</name>
    <deleted>0</deleted>
    <verified>0</verified>
    <occluded>no</occluded>
    <date></date>
    <id>13</id>
    <parts>
      <hasparts></hasparts>
      <ispartof></ispartof>
    </parts>
    <polygon>
      <pt>
        <x>433.53</x>
        <y>842.57</y>
      </pt>
      <pt>
        <x>482.55</x>
        <y>846.20</y>
      </pt>
      <pt>
        <x>522.49</x>
        <y>1194.79</y>
      </pt>
      <pt>
        <x>449.87</x>
        <y>1189.34</y>
      </pt>
      <username></username>
    </polygon>
    <attributes></attributes>
  </object>
  <object>
    <name>lane</name>
    <deleted>0</deleted>
    <verified>0</verified>
    <occluded>no</occluded>
    <date></date>
    <id>14</id>
    <parts>
      <hasparts></hasparts>
      <ispartof></ispartof>
    </parts>
    <type>bounding_box</type>
    <polygon>
      <pt>
        <x>411.74</x>
        <y>323.33</y>
      </pt>
      <pt>
        <x>426.27</x>
        <y>323.33</y>
      </pt>
      <pt>
        <x>426.27</x>
        <y>346.93</y>
      </pt>
      <pt>
        <x>411.74</x>
        <y>346.93</y>
      </pt>
      <username></username>
    </polygon>
    <attributes>rotation=0.0</attributes>
  </object>
</annotation>
