<annotation>
  <filename>image_2139.jpg</filename>
  <folder></folder>
  <source>
    <sourceImage></sourceImage>
    <sourceAnnotation>Datumaro</sourceAnnotation>
  </source>
  <imagesize>
    <nrows>1920</nrows>
    <ncols>1080</ncols>
  </imagesize>
  <object>
    <name>lane</name>
    <deleted>0</deleted>
    <verified>0</verified>
    <occluded>no</occluded>
    <date></date>
    <id>0</id>
    <parts>
      <hasparts></hasparts>
      <ispartof></ispartof>
    </parts>
    <polygon>
      <pt>
        <x>664.31</x>
        <y>659.25</y>
      </pt>
      <pt>
        <x>670.23</x>
        <y>660.10</y>
      </pt>
      <pt>
        <x>683.34</x>
        <y>655.17</y>
      </pt>
      <pt>
        <x>679.11</x>
        <y>655.17</y>
      </pt>
      <username></username>
    </polygon>
    <attributes></attributes>
  </object>
  <object>
    <name>lane</name>
    <deleted>0</deleted>
    <verified>0</verified>
    <occluded>no</occluded>
    <date></date>
    <id>1</id>
    <parts>
      <hasparts></hasparts>
      <ispartof></ispartof>
    </parts>
    <polygon>
      <pt>
        <x>584.70</x>
        <y>690.89</y>
      </pt>
      <pt>
        <x>590.92</x>
        <y>691.93</y>
      </pt>
      <pt>
        <x>609.79</x>
        <y>682.18</y>
      </pt>
      <pt>
        <x>602.95</x>
        <y>681.98</y>
      </pt>
      <username></username>
    </polygon>
    <attributes></attributes>
  </object>
  <object>
    <name>lane</name>
    <deleted>0</deleted>
    <verified>0</verified>
    <occluded>no</occluded>
    <date></date>
    <id>2</id>
    <parts>
      <hasparts></hasparts>
      <ispartof></ispartof>
    </parts>
    <polygon>
      <pt>
        <x>464.44</x>
        <y>986.21</y>
      </pt>
      <pt>
        <x>435.95</x>
        <y>1263.60</y>
      </pt>
      <pt>
        <x>490.44</x>
        <y>1266.70</y>
      </pt>
      <pt>
        <x>493.54</x>
        <y>986.83</y>
      </pt>
      <username></username>
    </polygon>
    <attributes></attributes>
  </object>
  <object>
    <name>lane</name>
    <deleted>0</deleted>
    <verified>0</verified>
    <occluded>no</occluded>
    <date></date>
    <id>3</id>
    <parts>
      <hasparts></hasparts>
      <ispartof></ispartof>
    </parts>
    <polygon>
      <pt>
        <x>495.40</x>
        <y>806.80</y>
      </pt>
      <pt>
        <x>513.90</x>
        <y>804.23</y>
      </pt>
      <pt>
        <x>500.60</x>
        <y>867.90</y>
      </pt>
      <pt>
        <x>480.80</x>
        <y>870.88</y>
      </pt>
      <username></username>
    </polygon>
    <attributes></attributes>
  </object>
  <object>
    <name>lane</name>
    <deleted>0</deleted>
    <verified>0</verified>
    <occluded>no</occluded>
    <date></date>
    <id>4</id>
    <parts>
      <hasparts></hasparts>
      <ispartof></ispartof>
    </parts>
    <polygon>
      <pt>
        <x>528.30</x>
        <y>738.17</y>
      </pt>
      <pt>
        <x>540.33</x>
        <y>737.55</y>
      </pt>
      <pt>
        <x>526.02</x>
        <y>764.92</y>
      </pt>
      <pt>
        <x>513.16</x>
        <y>766.16</y>
      </pt>
      <username></username>
    </polygon>
    <attributes></attributes>
  </object>
  <object>
    <name>lane</name>
    <deleted>0</deleted>
    <verified>0</verified>
    <occluded>no</occluded>
    <date></date>
    <id>5</id>
    <parts>
      <hasparts></hasparts>
      <ispartof></ispartof>
    </parts>
    <polygon>
      <pt>
        <x>546.55</x>
        <y>719.30</y>
      </pt>
      <pt>
        <x>553.60</x>
        <y>719.09</y>
      </pt>
      <pt>
        <x>571.85</x>
        <y>704.99</y>
      </pt>
      <pt>
        <x>565.21</x>
        <y>703.54</y>
      </pt>
      <username></username>
    </polygon>
    <attributes></attributes>
  </object>
  <object>
    <name>lane</name>
    <deleted>0</deleted>
    <verified>0</verified>
    <occluded>no</occluded>
    <date></date>
    <id>6</id>
    <parts>
      <hasparts></hasparts>
      <ispartof></ispartof>
    </parts>
    <polygon>
      <pt>
        <x>622.86</x>
        <y>672.64</y>
      </pt>
      <pt>
        <x>629.49</x>
        <y>672.64</y>
      </pt>
      <pt>
        <x>649.61</x>
        <y>665.39</y>
      </pt>
      <pt>
        <x>641.11</x>
        <y>666.84</y>
      </pt>
      <username></username>
    </polygon>
    <attributes></attributes>
  </object>
</annotation>
