<annotation>
  <filename>image_964.jpg</filename>
  <folder></folder>
  <source>
    <sourceImage></sourceImage>
    <sourceAnnotation>Datumaro</sourceAnnotation>
  </source>
  <imagesize>
    <nrows>1920</nrows>
    <ncols>1080</ncols>
  </imagesize>
  <object>
    <name>lane</name>
    <deleted>0</deleted>
    <verified>0</verified>
    <occluded>no</occluded>
    <date></date>
    <id>0</id>
    <parts>
      <hasparts></hasparts>
      <ispartof></ispartof>
    </parts>
    <polygon>
      <pt>
        <x>3.95</x>
        <y>39.57</y>
      </pt>
      <pt>
        <x>7.76</x>
        <y>36.93</y>
      </pt>
      <pt>
        <x>51.74</x>
        <y>46.02</y>
      </pt>
      <pt>
        <x>46.17</x>
        <y>47.78</y>
      </pt>
      <username></username>
    </polygon>
    <attributes></attributes>
  </object>
  <object>
    <name>lane</name>
    <deleted>0</deleted>
    <verified>0</verified>
    <occluded>no</occluded>
    <date></date>
    <id>1</id>
    <parts>
      <hasparts></hasparts>
      <ispartof></ispartof>
    </parts>
    <polygon>
      <pt>
        <x>403.85</x>
        <y>204.31</y>
      </pt>
      <pt>
        <x>418.54</x>
        <y>200.77</y>
      </pt>
      <pt>
        <x>457.05</x>
        <y>240.29</y>
      </pt>
      <pt>
        <x>438.81</x>
        <y>242.32</y>
      </pt>
      <username></username>
    </polygon>
    <attributes></attributes>
  </object>
  <object>
    <name>lane</name>
    <deleted>0</deleted>
    <verified>0</verified>
    <occluded>no</occluded>
    <date></date>
    <id>2</id>
    <parts>
      <hasparts></hasparts>
      <ispartof></ispartof>
    </parts>
    <polygon>
      <pt>
        <x>533.17</x>
        <y>799.00</y>
      </pt>
      <pt>
        <x>587.64</x>
        <y>792.95</y>
      </pt>
      <pt>
        <x>584.61</x>
        <y>1289.19</y>
      </pt>
      <pt>
        <x>504.43</x>
        <y>1281.63</y>
      </pt>
      <username></username>
    </polygon>
    <attributes></attributes>
  </object>
  <object>
    <name>lane</name>
    <deleted>0</deleted>
    <verified>0</verified>
    <occluded>no</occluded>
    <date></date>
    <id>3</id>
    <parts>
      <hasparts></hasparts>
      <ispartof></ispartof>
    </parts>
    <polygon>
      <pt>
        <x>515.02</x>
        <y>431.35</y>
      </pt>
      <pt>
        <x>546.79</x>
        <y>425.30</y>
      </pt>
      <pt>
        <x>574.02</x>
        <y>562.98</y>
      </pt>
      <pt>
        <x>534.69</x>
        <y>558.44</y>
      </pt>
      <username></username>
    </polygon>
    <attributes></attributes>
  </object>
  <object>
    <name>lane</name>
    <deleted>0</deleted>
    <verified>0</verified>
    <occluded>no</occluded>
    <date></date>
    <id>4</id>
    <parts>
      <hasparts></hasparts>
      <ispartof></ispartof>
    </parts>
    <polygon>
      <pt>
        <x>209.79</x>
        <y>90.82</y>
      </pt>
      <pt>
        <x>215.36</x>
        <y>88.79</y>
      </pt>
      <pt>
        <x>250.83</x>
        <y>102.47</y>
      </pt>
      <pt>
        <x>239.68</x>
        <y>104.50</y>
      </pt>
      <username></username>
    </polygon>
    <attributes></attributes>
  </object>
  <object>
    <name>lane</name>
    <deleted>0</deleted>
    <verified>0</verified>
    <occluded>no</occluded>
    <date></date>
    <id>5</id>
    <parts>
      <hasparts></hasparts>
      <ispartof></ispartof>
    </parts>
    <polygon>
      <pt>
        <x>465.86</x>
        <y>284.99</y>
      </pt>
      <pt>
        <x>485.56</x>
        <y>280.61</y>
      </pt>
      <pt>
        <x>520.58</x>
        <y>345.55</y>
      </pt>
      <pt>
        <x>495.78</x>
        <y>346.28</y>
      </pt>
      <username></username>
    </polygon>
    <attributes></attributes>
  </object>
  <object>
    <name>lane</name>
    <deleted>0</deleted>
    <verified>0</verified>
    <occluded>no</occluded>
    <date></date>
    <id>6</id>
    <parts>
      <hasparts></hasparts>
      <ispartof></ispartof>
    </parts>
    <polygon>
      <pt>
        <x>271.60</x>
        <y>114.63</y>
      </pt>
      <pt>
        <x>279.71</x>
        <y>111.59</y>
      </pt>
      <pt>
        <x>319.23</x>
        <y>130.34</y>
      </pt>
      <pt>
        <x>304.03</x>
        <y>133.89</y>
      </pt>
      <username></username>
    </polygon>
    <attributes></attributes>
  </object>
  <object>
    <name>lane</name>
    <deleted>0</deleted>
    <verified>0</verified>
    <occluded>no</occluded>
    <date></date>
    <id>7</id>
    <parts>
      <hasparts></hasparts>
      <ispartof></ispartof>
    </parts>
    <polygon>
      <pt>
        <x>149.49</x>
        <y>69.03</y>
      </pt>
      <pt>
        <x>154.60</x>
        <y>67.00</y>
      </pt>
      <pt>
        <x>188.50</x>
        <y>79.70</y>
      </pt>
      <pt>
        <x>183.44</x>
        <y>82.20</y>
      </pt>
      <username></username>
    </polygon>
    <attributes></attributes>
  </object>
  <object>
    <name>lane</name>
    <deleted>0</deleted>
    <verified>0</verified>
    <occluded>no</occluded>
    <date></date>
    <id>8</id>
    <parts>
      <hasparts></hasparts>
      <ispartof></ispartof>
    </parts>
    <polygon>
      <pt>
        <x>335.95</x>
        <y>151.62</y>
      </pt>
      <pt>
        <x>349.63</x>
        <y>148.58</y>
      </pt>
      <pt>
        <x>387.63</x>
        <y>176.45</y>
      </pt>
      <pt>
        <x>372.43</x>
        <y>176.95</y>
      </pt>
      <username></username>
    </polygon>
    <attributes></attributes>
  </object>
  <object>
    <name>lane</name>
    <deleted>0</deleted>
    <verified>0</verified>
    <occluded>no</occluded>
    <date></date>
    <id>9</id>
    <parts>
      <hasparts></hasparts>
      <ispartof></ispartof>
    </parts>
    <polygon>
      <pt>
        <x>83.12</x>
        <y>53.65</y>
      </pt>
      <pt>
        <x>84.88</x>
        <y>50.42</y>
      </pt>
      <pt>
        <x>131.20</x>
        <y>60.10</y>
      </pt>
      <pt>
        <x>126.51</x>
        <y>62.44</y>
      </pt>
      <username></username>
    </polygon>
    <attributes></attributes>
  </object>
</annotation>
