<annotation>
  <filename>image_2175.jpg</filename>
  <folder></folder>
  <source>
    <sourceImage></sourceImage>
    <sourceAnnotation>Datumaro</sourceAnnotation>
  </source>
  <imagesize>
    <nrows>1920</nrows>
    <ncols>1080</ncols>
  </imagesize>
  <object>
    <name>lane</name>
    <deleted>0</deleted>
    <verified>0</verified>
    <occluded>no</occluded>
    <date></date>
    <id>0</id>
    <parts>
      <hasparts></hasparts>
      <ispartof></ispartof>
    </parts>
    <polygon>
      <pt>
        <x>659.64</x>
        <y>573.84</y>
      </pt>
      <pt>
        <x>663.58</x>
        <y>572.80</y>
      </pt>
      <pt>
        <x>668.35</x>
        <y>581.30</y>
      </pt>
      <pt>
        <x>663.37</x>
        <y>581.72</y>
      </pt>
      <username></username>
    </polygon>
    <attributes></attributes>
  </object>
  <object>
    <name>lane</name>
    <deleted>0</deleted>
    <verified>0</verified>
    <occluded>no</occluded>
    <date></date>
    <id>1</id>
    <parts>
      <hasparts></hasparts>
      <ispartof></ispartof>
    </parts>
    <polygon>
      <pt>
        <x>625.06</x>
        <y>562.80</y>
      </pt>
      <pt>
        <x>625.31</x>
        <y>560.85</y>
      </pt>
      <pt>
        <x>637.77</x>
        <y>563.54</y>
      </pt>
      <pt>
        <x>653.17</x>
        <y>566.23</y>
      </pt>
      <pt>
        <x>650.97</x>
        <y>569.40</y>
      </pt>
      <pt>
        <x>639.73</x>
        <y>566.47</y>
      </pt>
      <username></username>
    </polygon>
    <attributes></attributes>
  </object>
  <object>
    <name>lane</name>
    <deleted>0</deleted>
    <verified>0</verified>
    <occluded>no</occluded>
    <date></date>
    <id>2</id>
    <parts>
      <hasparts></hasparts>
      <ispartof></ispartof>
    </parts>
    <polygon>
      <pt>
        <x>615.47</x>
        <y>630.07</y>
      </pt>
      <pt>
        <x>630.40</x>
        <y>613.95</y>
      </pt>
      <pt>
        <x>641.15</x>
        <y>614.84</y>
      </pt>
      <pt>
        <x>622.34</x>
        <y>630.97</y>
      </pt>
      <username></username>
    </polygon>
    <attributes></attributes>
  </object>
  <object>
    <name>lane</name>
    <deleted>0</deleted>
    <verified>0</verified>
    <occluded>no</occluded>
    <date></date>
    <id>3</id>
    <parts>
      <hasparts></hasparts>
      <ispartof></ispartof>
    </parts>
    <polygon>
      <pt>
        <x>548.29</x>
        <y>724.76</y>
      </pt>
      <pt>
        <x>525.59</x>
        <y>791.94</y>
      </pt>
      <pt>
        <x>547.69</x>
        <y>793.14</y>
      </pt>
      <pt>
        <x>563.81</x>
        <y>725.33</y>
      </pt>
      <username></username>
    </polygon>
    <attributes></attributes>
  </object>
  <object>
    <name>lane</name>
    <deleted>0</deleted>
    <verified>0</verified>
    <occluded>no</occluded>
    <date></date>
    <id>4</id>
    <parts>
      <hasparts></hasparts>
      <ispartof></ispartof>
    </parts>
    <polygon>
      <pt>
        <x>503.46</x>
        <y>909.75</y>
      </pt>
      <pt>
        <x>486.95</x>
        <y>1132.13</y>
      </pt>
      <pt>
        <x>487.47</x>
        <y>1194.57</y>
      </pt>
      <pt>
        <x>534.42</x>
        <y>1194.05</y>
      </pt>
      <pt>
        <x>531.33</x>
        <y>1122.85</y>
      </pt>
      <pt>
        <x>532.88</x>
        <y>911.29</y>
      </pt>
      <username></username>
    </polygon>
    <attributes></attributes>
  </object>
  <object>
    <name>lane</name>
    <deleted>0</deleted>
    <verified>0</verified>
    <occluded>no</occluded>
    <date></date>
    <id>5</id>
    <parts>
      <hasparts></hasparts>
      <ispartof></ispartof>
    </parts>
    <polygon>
      <pt>
        <x>591.29</x>
        <y>651.27</y>
      </pt>
      <pt>
        <x>567.40</x>
        <y>682.03</y>
      </pt>
      <pt>
        <x>582.92</x>
        <y>682.93</y>
      </pt>
      <pt>
        <x>603.53</x>
        <y>649.81</y>
      </pt>
      <username></username>
    </polygon>
    <attributes></attributes>
  </object>
</annotation>
