<annotation>
  <filename>image_160.jpg</filename>
  <folder></folder>
  <source>
    <sourceImage></sourceImage>
    <sourceAnnotation>Datumaro</sourceAnnotation>
  </source>
  <imagesize>
    <nrows>1920</nrows>
    <ncols>1080</ncols>
  </imagesize>
  <object>
    <name>lane</name>
    <deleted>0</deleted>
    <verified>0</verified>
    <occluded>no</occluded>
    <date></date>
    <id>0</id>
    <parts>
      <hasparts></hasparts>
      <ispartof></ispartof>
    </parts>
    <polygon>
      <pt>
        <x>261.74</x>
        <y>424.02</y>
      </pt>
      <pt>
        <x>262.90</x>
        <y>421.30</y>
      </pt>
      <pt>
        <x>272.93</x>
        <y>424.40</y>
      </pt>
      <pt>
        <x>284.90</x>
        <y>428.65</y>
      </pt>
      <pt>
        <x>282.58</x>
        <y>430.19</y>
      </pt>
      <pt>
        <x>270.23</x>
        <y>426.72</y>
      </pt>
      <username></username>
    </polygon>
    <attributes></attributes>
  </object>
  <object>
    <name>lane</name>
    <deleted>0</deleted>
    <verified>0</verified>
    <occluded>no</occluded>
    <date></date>
    <id>1</id>
    <parts>
      <hasparts></hasparts>
      <ispartof></ispartof>
    </parts>
    <polygon>
      <pt>
        <x>295.70</x>
        <y>435.21</y>
      </pt>
      <pt>
        <x>299.17</x>
        <y>432.89</y>
      </pt>
      <pt>
        <x>306.12</x>
        <y>437.53</y>
      </pt>
      <pt>
        <x>321.17</x>
        <y>442.54</y>
      </pt>
      <pt>
        <x>315.77</x>
        <y>445.24</y>
      </pt>
      <pt>
        <x>305.70</x>
        <y>440.60</y>
      </pt>
      <username></username>
    </polygon>
    <attributes></attributes>
  </object>
  <object>
    <name>lane</name>
    <deleted>0</deleted>
    <verified>0</verified>
    <occluded>no</occluded>
    <date></date>
    <id>2</id>
    <parts>
      <hasparts></hasparts>
      <ispartof></ispartof>
    </parts>
    <polygon>
      <pt>
        <x>329.66</x>
        <y>452.19</y>
      </pt>
      <pt>
        <x>337.38</x>
        <y>450.26</y>
      </pt>
      <pt>
        <x>348.57</x>
        <y>455.28</y>
      </pt>
      <pt>
        <x>357.06</x>
        <y>461.45</y>
      </pt>
      <pt>
        <x>355.13</x>
        <y>465.70</y>
      </pt>
      <pt>
        <x>343.17</x>
        <y>457.21</y>
      </pt>
      <username></username>
    </polygon>
    <attributes></attributes>
  </object>
  <object>
    <name>lane</name>
    <deleted>0</deleted>
    <verified>0</verified>
    <occluded>no</occluded>
    <date></date>
    <id>3</id>
    <parts>
      <hasparts></hasparts>
      <ispartof></ispartof>
    </parts>
    <polygon>
      <pt>
        <x>411.44</x>
        <y>510.63</y>
      </pt>
      <pt>
        <x>419.31</x>
        <y>507.85</y>
      </pt>
      <pt>
        <x>430.42</x>
        <y>519.43</y>
      </pt>
      <pt>
        <x>444.32</x>
        <y>537.03</y>
      </pt>
      <pt>
        <x>431.35</x>
        <y>538.42</y>
      </pt>
      <pt>
        <x>422.09</x>
        <y>521.75</y>
      </pt>
      <username></username>
    </polygon>
    <attributes></attributes>
  </object>
  <object>
    <name>lane</name>
    <deleted>0</deleted>
    <verified>0</verified>
    <occluded>no</occluded>
    <date></date>
    <id>4</id>
    <parts>
      <hasparts></hasparts>
      <ispartof></ispartof>
    </parts>
    <polygon>
      <pt>
        <x>493.08</x>
        <y>1254.55</y>
      </pt>
      <pt>
        <x>547.55</x>
        <y>1251.52</y>
      </pt>
      <pt>
        <x>574.65</x>
        <y>1920.00</y>
      </pt>
      <pt>
        <x>484.00</x>
        <y>1920.00</y>
      </pt>
      <username></username>
    </polygon>
    <attributes></attributes>
  </object>
  <object>
    <name>lane</name>
    <deleted>0</deleted>
    <verified>0</verified>
    <occluded>no</occluded>
    <date></date>
    <id>5</id>
    <parts>
      <hasparts></hasparts>
      <ispartof></ispartof>
    </parts>
    <polygon>
      <pt>
        <x>448.88</x>
        <y>574.33</y>
      </pt>
      <pt>
        <x>465.27</x>
        <y>570.54</y>
      </pt>
      <pt>
        <x>486.70</x>
        <y>627.28</y>
      </pt>
      <pt>
        <x>469.05</x>
        <y>626.02</y>
      </pt>
      <username></username>
    </polygon>
    <attributes></attributes>
  </object>
  <object>
    <name>lane</name>
    <deleted>0</deleted>
    <verified>0</verified>
    <occluded>no</occluded>
    <date></date>
    <id>6</id>
    <parts>
      <hasparts></hasparts>
      <ispartof></ispartof>
    </parts>
    <polygon>
      <pt>
        <x>477.87</x>
        <y>705.45</y>
      </pt>
      <pt>
        <x>501.83</x>
        <y>702.93</y>
      </pt>
      <pt>
        <x>525.78</x>
        <y>866.83</y>
      </pt>
      <pt>
        <x>495.53</x>
        <y>864.31</y>
      </pt>
      <username></username>
    </polygon>
    <attributes></attributes>
  </object>
</annotation>
