<annotation>
  <filename>image_322.jpg</filename>
  <folder></folder>
  <source>
    <sourceImage></sourceImage>
    <sourceAnnotation>Datumaro</sourceAnnotation>
  </source>
  <imagesize>
    <nrows>1920</nrows>
    <ncols>1080</ncols>
  </imagesize>
  <object>
    <name>lane</name>
    <deleted>0</deleted>
    <verified>0</verified>
    <occluded>no</occluded>
    <date></date>
    <id>0</id>
    <parts>
      <hasparts></hasparts>
      <ispartof></ispartof>
    </parts>
    <type>bounding_box</type>
    <polygon>
      <pt>
        <x>517.95</x>
        <y>427.56</y>
      </pt>
      <pt>
        <x>521.12</x>
        <y>427.56</y>
      </pt>
      <pt>
        <x>521.12</x>
        <y>430.72</y>
      </pt>
      <pt>
        <x>517.95</x>
        <y>430.72</y>
      </pt>
      <username></username>
    </polygon>
    <attributes>rotation=0.0</attributes>
  </object>
  <object>
    <name>lane</name>
    <deleted>0</deleted>
    <verified>0</verified>
    <occluded>no</occluded>
    <date></date>
    <id>1</id>
    <parts>
      <hasparts></hasparts>
      <ispartof></ispartof>
    </parts>
    <type>bounding_box</type>
    <polygon>
      <pt>
        <x>518.68</x>
        <y>423.66</y>
      </pt>
      <pt>
        <x>521.12</x>
        <y>423.66</y>
      </pt>
      <pt>
        <x>521.12</x>
        <y>425.61</y>
      </pt>
      <pt>
        <x>518.68</x>
        <y>425.61</y>
      </pt>
      <username></username>
    </polygon>
    <attributes>rotation=0.0</attributes>
  </object>
  <object>
    <name>lane</name>
    <deleted>0</deleted>
    <verified>0</verified>
    <occluded>no</occluded>
    <date></date>
    <id>2</id>
    <parts>
      <hasparts></hasparts>
      <ispartof></ispartof>
    </parts>
    <polygon>
      <pt>
        <x>521.77</x>
        <y>444.12</y>
      </pt>
      <pt>
        <x>522.12</x>
        <y>439.60</y>
      </pt>
      <pt>
        <x>517.83</x>
        <y>438.90</y>
      </pt>
      <pt>
        <x>517.80</x>
        <y>443.90</y>
      </pt>
      <username></username>
    </polygon>
    <attributes></attributes>
  </object>
  <object>
    <name>lane</name>
    <deleted>0</deleted>
    <verified>0</verified>
    <occluded>no</occluded>
    <date></date>
    <id>3</id>
    <parts>
      <hasparts></hasparts>
      <ispartof></ispartof>
    </parts>
    <polygon>
      <pt>
        <x>522.01</x>
        <y>437.40</y>
      </pt>
      <pt>
        <x>521.77</x>
        <y>433.10</y>
      </pt>
      <pt>
        <x>518.29</x>
        <y>433.10</y>
      </pt>
      <pt>
        <x>518.18</x>
        <y>437.51</y>
      </pt>
      <username></username>
    </polygon>
    <attributes></attributes>
  </object>
  <object>
    <name>lane</name>
    <deleted>0</deleted>
    <verified>0</verified>
    <occluded>no</occluded>
    <date></date>
    <id>4</id>
    <parts>
      <hasparts></hasparts>
      <ispartof></ispartof>
    </parts>
    <polygon>
      <pt>
        <x>526.85</x>
        <y>724.75</y>
      </pt>
      <pt>
        <x>529.85</x>
        <y>639.75</y>
      </pt>
      <pt>
        <x>508.29</x>
        <y>638.55</y>
      </pt>
      <pt>
        <x>506.50</x>
        <y>727.15</y>
      </pt>
      <username></username>
    </polygon>
    <attributes></attributes>
  </object>
  <object>
    <name>lane</name>
    <deleted>0</deleted>
    <verified>0</verified>
    <occluded>no</occluded>
    <date></date>
    <id>5</id>
    <parts>
      <hasparts></hasparts>
      <ispartof></ispartof>
    </parts>
    <polygon>
      <pt>
        <x>525.89</x>
        <y>593.96</y>
      </pt>
      <pt>
        <x>526.23</x>
        <y>560.01</y>
      </pt>
      <pt>
        <x>513.42</x>
        <y>557.93</y>
      </pt>
      <pt>
        <x>512.03</x>
        <y>595.34</y>
      </pt>
      <username></username>
    </polygon>
    <attributes></attributes>
  </object>
  <object>
    <name>lane</name>
    <deleted>0</deleted>
    <verified>0</verified>
    <occluded>no</occluded>
    <date></date>
    <id>6</id>
    <parts>
      <hasparts></hasparts>
      <ispartof></ispartof>
    </parts>
    <polygon>
      <pt>
        <x>524.85</x>
        <y>536.45</y>
      </pt>
      <pt>
        <x>524.85</x>
        <y>514.97</y>
      </pt>
      <pt>
        <x>514.80</x>
        <y>514.97</y>
      </pt>
      <pt>
        <x>514.11</x>
        <y>535.76</y>
      </pt>
      <username></username>
    </polygon>
    <attributes></attributes>
  </object>
  <object>
    <name>lane</name>
    <deleted>0</deleted>
    <verified>0</verified>
    <occluded>no</occluded>
    <date></date>
    <id>7</id>
    <parts>
      <hasparts></hasparts>
      <ispartof></ispartof>
    </parts>
    <polygon>
      <pt>
        <x>524.15</x>
        <y>503.89</y>
      </pt>
      <pt>
        <x>523.11</x>
        <y>490.03</y>
      </pt>
      <pt>
        <x>515.15</x>
        <y>489.34</y>
      </pt>
      <pt>
        <x>516.19</x>
        <y>502.16</y>
      </pt>
      <username></username>
    </polygon>
    <attributes></attributes>
  </object>
  <object>
    <name>lane</name>
    <deleted>0</deleted>
    <verified>0</verified>
    <occluded>no</occluded>
    <date></date>
    <id>8</id>
    <parts>
      <hasparts></hasparts>
      <ispartof></ispartof>
    </parts>
    <polygon>
      <pt>
        <x>523.41</x>
        <y>481.26</y>
      </pt>
      <pt>
        <x>523.74</x>
        <y>470.90</y>
      </pt>
      <pt>
        <x>517.06</x>
        <y>470.73</y>
      </pt>
      <pt>
        <x>516.89</x>
        <y>481.26</y>
      </pt>
      <username></username>
    </polygon>
    <attributes></attributes>
  </object>
  <object>
    <name>lane</name>
    <deleted>0</deleted>
    <verified>0</verified>
    <occluded>no</occluded>
    <date></date>
    <id>9</id>
    <parts>
      <hasparts></hasparts>
      <ispartof></ispartof>
    </parts>
    <polygon>
      <pt>
        <x>522.47</x>
        <y>463.85</y>
      </pt>
      <pt>
        <x>522.47</x>
        <y>457.23</y>
      </pt>
      <pt>
        <x>517.25</x>
        <y>456.77</y>
      </pt>
      <pt>
        <x>517.48</x>
        <y>463.73</y>
      </pt>
      <username></username>
    </polygon>
    <attributes></attributes>
  </object>
  <object>
    <name>lane</name>
    <deleted>0</deleted>
    <verified>0</verified>
    <occluded>no</occluded>
    <date></date>
    <id>10</id>
    <parts>
      <hasparts></hasparts>
      <ispartof></ispartof>
    </parts>
    <polygon>
      <pt>
        <x>521.89</x>
        <y>452.94</y>
      </pt>
      <pt>
        <x>522.12</x>
        <y>446.56</y>
      </pt>
      <pt>
        <x>516.79</x>
        <y>446.44</y>
      </pt>
      <pt>
        <x>517.37</x>
        <y>452.36</y>
      </pt>
      <username></username>
    </polygon>
    <attributes></attributes>
  </object>
  <object>
    <name>lane</name>
    <deleted>0</deleted>
    <verified>0</verified>
    <occluded>no</occluded>
    <date></date>
    <id>11</id>
    <parts>
      <hasparts></hasparts>
      <ispartof></ispartof>
    </parts>
    <polygon>
      <pt>
        <x>498.01</x>
        <y>871.76</y>
      </pt>
      <pt>
        <x>526.56</x>
        <y>868.04</y>
      </pt>
      <pt>
        <x>534.01</x>
        <y>1265.25</y>
      </pt>
      <pt>
        <x>474.43</x>
        <y>1271.46</y>
      </pt>
      <username></username>
    </polygon>
    <attributes></attributes>
  </object>
</annotation>
