<annotation>
  <filename>image_1284.jpg</filename>
  <folder></folder>
  <source>
    <sourceImage></sourceImage>
    <sourceAnnotation>Datumaro</sourceAnnotation>
  </source>
  <imagesize>
    <nrows>1920</nrows>
    <ncols>1080</ncols>
  </imagesize>
  <object>
    <name>lane</name>
    <deleted>0</deleted>
    <verified>0</verified>
    <occluded>no</occluded>
    <date></date>
    <id>0</id>
    <parts>
      <hasparts></hasparts>
      <ispartof></ispartof>
    </parts>
    <type>bounding_box</type>
    <polygon>
      <pt>
        <x>489.12</x>
        <y>5.49</y>
      </pt>
      <pt>
        <x>500.78</x>
        <y>5.49</y>
      </pt>
      <pt>
        <x>500.78</x>
        <y>16.64</y>
      </pt>
      <pt>
        <x>489.12</x>
        <y>16.64</y>
      </pt>
      <username></username>
    </polygon>
    <attributes>rotation=0.0</attributes>
  </object>
  <object>
    <name>lane</name>
    <deleted>0</deleted>
    <verified>0</verified>
    <occluded>no</occluded>
    <date></date>
    <id>1</id>
    <parts>
      <hasparts></hasparts>
      <ispartof></ispartof>
    </parts>
    <type>bounding_box</type>
    <polygon>
      <pt>
        <x>479.70</x>
        <y>77.60</y>
      </pt>
      <pt>
        <x>503.06</x>
        <y>77.60</y>
      </pt>
      <pt>
        <x>503.06</x>
        <y>105.28</y>
      </pt>
      <pt>
        <x>479.70</x>
        <y>105.28</y>
      </pt>
      <username></username>
    </polygon>
    <attributes>rotation=0.0</attributes>
  </object>
  <object>
    <name>lane</name>
    <deleted>0</deleted>
    <verified>0</verified>
    <occluded>no</occluded>
    <date></date>
    <id>2</id>
    <parts>
      <hasparts></hasparts>
      <ispartof></ispartof>
    </parts>
    <type>bounding_box</type>
    <polygon>
      <pt>
        <x>486.08</x>
        <y>31.33</y>
      </pt>
      <pt>
        <x>501.28</x>
        <y>31.33</y>
      </pt>
      <pt>
        <x>501.28</x>
        <y>53.63</y>
      </pt>
      <pt>
        <x>486.08</x>
        <y>53.63</y>
      </pt>
      <username></username>
    </polygon>
    <attributes>rotation=0.0</attributes>
  </object>
  <object>
    <name>lane</name>
    <deleted>0</deleted>
    <verified>0</verified>
    <occluded>no</occluded>
    <date></date>
    <id>3</id>
    <parts>
      <hasparts></hasparts>
      <ispartof></ispartof>
    </parts>
    <polygon>
      <pt>
        <x>399.15</x>
        <y>1255.10</y>
      </pt>
      <pt>
        <x>488.04</x>
        <y>1252.48</y>
      </pt>
      <pt>
        <x>498.39</x>
        <y>1920.00</y>
      </pt>
      <pt>
        <x>357.43</x>
        <y>1920.00</y>
      </pt>
      <username></username>
    </polygon>
    <attributes></attributes>
  </object>
  <object>
    <name>lane</name>
    <deleted>0</deleted>
    <verified>0</verified>
    <occluded>no</occluded>
    <date></date>
    <id>4</id>
    <parts>
      <hasparts></hasparts>
      <ispartof></ispartof>
    </parts>
    <type>bounding_box</type>
    <polygon>
      <pt>
        <x>479.46</x>
        <y>136.14</y>
      </pt>
      <pt>
        <x>499.43</x>
        <y>136.14</y>
      </pt>
      <pt>
        <x>499.43</x>
        <y>186.98</y>
      </pt>
      <pt>
        <x>479.46</x>
        <y>186.98</y>
      </pt>
      <username></username>
    </polygon>
    <attributes>rotation=0.0</attributes>
  </object>
  <object>
    <name>lane</name>
    <deleted>0</deleted>
    <verified>0</verified>
    <occluded>no</occluded>
    <date></date>
    <id>5</id>
    <parts>
      <hasparts></hasparts>
      <ispartof></ispartof>
    </parts>
    <type>bounding_box</type>
    <polygon>
      <pt>
        <x>468.57</x>
        <y>241.44</y>
      </pt>
      <pt>
        <x>495.80</x>
        <y>241.44</y>
      </pt>
      <pt>
        <x>495.80</x>
        <y>332.22</y>
      </pt>
      <pt>
        <x>468.57</x>
        <y>332.22</y>
      </pt>
      <username></username>
    </polygon>
    <attributes>rotation=0.0</attributes>
  </object>
  <object>
    <name>lane</name>
    <deleted>0</deleted>
    <verified>0</verified>
    <occluded>no</occluded>
    <date></date>
    <id>6</id>
    <parts>
      <hasparts></hasparts>
      <ispartof></ispartof>
    </parts>
    <type>bounding_box</type>
    <polygon>
      <pt>
        <x>450.41</x>
        <y>472.02</y>
      </pt>
      <pt>
        <x>501.25</x>
        <y>472.02</y>
      </pt>
      <pt>
        <x>501.25</x>
        <y>708.04</y>
      </pt>
      <pt>
        <x>450.41</x>
        <y>708.04</y>
      </pt>
      <username></username>
    </polygon>
    <attributes>rotation=0.0</attributes>
  </object>
</annotation>
