<annotation>
  <filename>image_528.jpg</filename>
  <folder></folder>
  <source>
    <sourceImage></sourceImage>
    <sourceAnnotation>Datumaro</sourceAnnotation>
  </source>
  <imagesize>
    <nrows>1920</nrows>
    <ncols>1080</ncols>
  </imagesize>
  <object>
    <name>lane</name>
    <deleted>0</deleted>
    <verified>0</verified>
    <occluded>no</occluded>
    <date></date>
    <id>0</id>
    <parts>
      <hasparts></hasparts>
      <ispartof></ispartof>
    </parts>
    <polygon>
      <pt>
        <x>337.33</x>
        <y>89.70</y>
      </pt>
      <pt>
        <x>337.33</x>
        <y>100.09</y>
      </pt>
      <pt>
        <x>348.08</x>
        <y>99.73</y>
      </pt>
      <pt>
        <x>347.01</x>
        <y>90.06</y>
      </pt>
      <username></username>
    </polygon>
    <attributes></attributes>
  </object>
  <object>
    <name>lane</name>
    <deleted>0</deleted>
    <verified>0</verified>
    <occluded>no</occluded>
    <date></date>
    <id>1</id>
    <parts>
      <hasparts></hasparts>
      <ispartof></ispartof>
    </parts>
    <polygon>
      <pt>
        <x>337.33</x>
        <y>112.27</y>
      </pt>
      <pt>
        <x>349.51</x>
        <y>112.27</y>
      </pt>
      <pt>
        <x>349.51</x>
        <y>127.68</y>
      </pt>
      <pt>
        <x>336.61</x>
        <y>128.04</y>
      </pt>
      <username></username>
    </polygon>
    <attributes></attributes>
  </object>
  <object>
    <name>lane</name>
    <deleted>0</deleted>
    <verified>0</verified>
    <occluded>no</occluded>
    <date></date>
    <id>2</id>
    <parts>
      <hasparts></hasparts>
      <ispartof></ispartof>
    </parts>
    <polygon>
      <pt>
        <x>337.69</x>
        <y>146.31</y>
      </pt>
      <pt>
        <x>351.31</x>
        <y>146.31</y>
      </pt>
      <pt>
        <x>352.38</x>
        <y>166.02</y>
      </pt>
      <pt>
        <x>336.26</x>
        <y>166.38</y>
      </pt>
      <username></username>
    </polygon>
    <attributes></attributes>
  </object>
  <object>
    <name>lane</name>
    <deleted>0</deleted>
    <verified>0</verified>
    <occluded>no</occluded>
    <date></date>
    <id>3</id>
    <parts>
      <hasparts></hasparts>
      <ispartof></ispartof>
    </parts>
    <polygon>
      <pt>
        <x>337.58</x>
        <y>191.33</y>
      </pt>
      <pt>
        <x>353.68</x>
        <y>190.71</y>
      </pt>
      <pt>
        <x>356.15</x>
        <y>222.29</y>
      </pt>
      <pt>
        <x>335.10</x>
        <y>222.91</y>
      </pt>
      <username></username>
    </polygon>
    <attributes></attributes>
  </object>
  <object>
    <name>lane</name>
    <deleted>0</deleted>
    <verified>0</verified>
    <occluded>no</occluded>
    <date></date>
    <id>4</id>
    <parts>
      <hasparts></hasparts>
      <ispartof></ispartof>
    </parts>
    <polygon>
      <pt>
        <x>338.82</x>
        <y>260.68</y>
      </pt>
      <pt>
        <x>338.20</x>
        <y>320.12</y>
      </pt>
      <pt>
        <x>364.20</x>
        <y>321.97</y>
      </pt>
      <pt>
        <x>360.49</x>
        <y>264.39</y>
      </pt>
      <username></username>
    </polygon>
    <attributes></attributes>
  </object>
  <object>
    <name>lane</name>
    <deleted>0</deleted>
    <verified>0</verified>
    <occluded>no</occluded>
    <date></date>
    <id>5</id>
    <parts>
      <hasparts></hasparts>
      <ispartof></ispartof>
    </parts>
    <polygon>
      <pt>
        <x>340.67</x>
        <y>395.04</y>
      </pt>
      <pt>
        <x>343.15</x>
        <y>512.06</y>
      </pt>
      <pt>
        <x>379.06</x>
        <y>511.44</y>
      </pt>
      <pt>
        <x>366.06</x>
        <y>393.80</y>
      </pt>
      <username></username>
    </polygon>
    <attributes></attributes>
  </object>
  <object>
    <name>lane</name>
    <deleted>0</deleted>
    <verified>0</verified>
    <occluded>no</occluded>
    <date></date>
    <id>6</id>
    <parts>
      <hasparts></hasparts>
      <ispartof></ispartof>
    </parts>
    <polygon>
      <pt>
        <x>341.20</x>
        <y>687.50</y>
      </pt>
      <pt>
        <x>359.02</x>
        <y>1058.40</y>
      </pt>
      <pt>
        <x>431.24</x>
        <y>1056.61</y>
      </pt>
      <pt>
        <x>390.23</x>
        <y>684.81</y>
      </pt>
      <username></username>
    </polygon>
    <attributes></attributes>
  </object>
</annotation>
