<annotation>
  <filename>image_2661.jpg</filename>
  <folder></folder>
  <source>
    <sourceImage></sourceImage>
    <sourceAnnotation>Datumaro</sourceAnnotation>
  </source>
  <imagesize>
    <nrows>1920</nrows>
    <ncols>1080</ncols>
  </imagesize>
  <object>
    <name>lane</name>
    <deleted>0</deleted>
    <verified>0</verified>
    <occluded>no</occluded>
    <date></date>
    <id>0</id>
    <parts>
      <hasparts></hasparts>
      <ispartof></ispartof>
    </parts>
    <polygon>
      <pt>
        <x>423.68</x>
        <y>934.06</y>
      </pt>
      <pt>
        <x>465.70</x>
        <y>930.83</y>
      </pt>
      <pt>
        <x>491.56</x>
        <y>1771.23</y>
      </pt>
      <pt>
        <x>394.59</x>
        <y>1771.23</y>
      </pt>
      <username></username>
    </polygon>
    <attributes></attributes>
  </object>
  <object>
    <name>lane</name>
    <deleted>0</deleted>
    <verified>0</verified>
    <occluded>no</occluded>
    <date></date>
    <id>1</id>
    <parts>
      <hasparts></hasparts>
      <ispartof></ispartof>
    </parts>
    <polygon>
      <pt>
        <x>457.96</x>
        <y>594.79</y>
      </pt>
      <pt>
        <x>479.61</x>
        <y>594.79</y>
      </pt>
      <pt>
        <x>470.95</x>
        <y>708.45</y>
      </pt>
      <pt>
        <x>447.14</x>
        <y>711.70</y>
      </pt>
      <username></username>
    </polygon>
    <attributes></attributes>
  </object>
  <object>
    <name>lane</name>
    <deleted>0</deleted>
    <verified>0</verified>
    <occluded>no</occluded>
    <date></date>
    <id>2</id>
    <parts>
      <hasparts></hasparts>
      <ispartof></ispartof>
    </parts>
    <polygon>
      <pt>
        <x>487.21</x>
        <y>482.07</y>
      </pt>
      <pt>
        <x>501.13</x>
        <y>484.68</y>
      </pt>
      <pt>
        <x>490.69</x>
        <y>529.49</y>
      </pt>
      <pt>
        <x>475.46</x>
        <y>529.49</y>
      </pt>
      <username></username>
    </polygon>
    <attributes></attributes>
  </object>
  <object>
    <name>lane</name>
    <deleted>0</deleted>
    <verified>0</verified>
    <occluded>no</occluded>
    <date></date>
    <id>3</id>
    <parts>
      <hasparts></hasparts>
      <ispartof></ispartof>
    </parts>
    <polygon>
      <pt>
        <x>501.13</x>
        <y>452.92</y>
      </pt>
      <pt>
        <x>512.44</x>
        <y>453.36</y>
      </pt>
      <pt>
        <x>525.92</x>
        <y>428.56</y>
      </pt>
      <pt>
        <x>515.05</x>
        <y>428.13</y>
      </pt>
      <username></username>
    </polygon>
    <attributes></attributes>
  </object>
  <object>
    <name>lane</name>
    <deleted>0</deleted>
    <verified>0</verified>
    <occluded>no</occluded>
    <date></date>
    <id>4</id>
    <parts>
      <hasparts></hasparts>
      <ispartof></ispartof>
    </parts>
    <polygon>
      <pt>
        <x>530.71</x>
        <y>412.47</y>
      </pt>
      <pt>
        <x>538.97</x>
        <y>412.47</y>
      </pt>
      <pt>
        <x>552.90</x>
        <y>398.11</y>
      </pt>
      <pt>
        <x>546.37</x>
        <y>395.50</y>
      </pt>
      <username></username>
    </polygon>
    <attributes></attributes>
  </object>
  <object>
    <name>lane</name>
    <deleted>0</deleted>
    <verified>0</verified>
    <occluded>no</occluded>
    <date></date>
    <id>5</id>
    <parts>
      <hasparts></hasparts>
      <ispartof></ispartof>
    </parts>
    <polygon>
      <pt>
        <x>561.20</x>
        <y>386.50</y>
      </pt>
      <pt>
        <x>568.12</x>
        <y>387.13</y>
      </pt>
      <pt>
        <x>585.53</x>
        <y>375.80</y>
      </pt>
      <pt>
        <x>578.82</x>
        <y>374.33</y>
      </pt>
      <username></username>
    </polygon>
    <attributes></attributes>
  </object>
  <object>
    <name>lane</name>
    <deleted>0</deleted>
    <verified>0</verified>
    <occluded>no</occluded>
    <date></date>
    <id>6</id>
    <parts>
      <hasparts></hasparts>
      <ispartof></ispartof>
    </parts>
    <polygon>
      <pt>
        <x>595.60</x>
        <y>366.99</y>
      </pt>
      <pt>
        <x>600.85</x>
        <y>368.04</y>
      </pt>
      <pt>
        <x>619.73</x>
        <y>359.44</y>
      </pt>
      <pt>
        <x>617.63</x>
        <y>358.81</y>
      </pt>
      <username></username>
    </polygon>
    <attributes></attributes>
  </object>
  <object>
    <name>lane</name>
    <deleted>0</deleted>
    <verified>0</verified>
    <occluded>no</occluded>
    <date></date>
    <id>7</id>
    <parts>
      <hasparts></hasparts>
      <ispartof></ispartof>
    </parts>
    <polygon>
      <pt>
        <x>634.42</x>
        <y>352.93</y>
      </pt>
      <pt>
        <x>638.19</x>
        <y>354.19</y>
      </pt>
      <pt>
        <x>658.33</x>
        <y>348.32</y>
      </pt>
      <pt>
        <x>656.44</x>
        <y>347.06</y>
      </pt>
      <username></username>
    </polygon>
    <attributes></attributes>
  </object>
  <object>
    <name>lane</name>
    <deleted>0</deleted>
    <verified>0</verified>
    <occluded>no</occluded>
    <date></date>
    <id>8</id>
    <parts>
      <hasparts></hasparts>
      <ispartof></ispartof>
    </parts>
    <polygon>
      <pt>
        <x>673.23</x>
        <y>342.02</y>
      </pt>
      <pt>
        <x>676.37</x>
        <y>342.86</y>
      </pt>
      <pt>
        <x>696.09</x>
        <y>338.46</y>
      </pt>
      <pt>
        <x>692.95</x>
        <y>337.41</y>
      </pt>
      <username></username>
    </polygon>
    <attributes></attributes>
  </object>
  <object>
    <name>lane</name>
    <deleted>0</deleted>
    <verified>0</verified>
    <occluded>no</occluded>
    <date></date>
    <id>9</id>
    <parts>
      <hasparts></hasparts>
      <ispartof></ispartof>
    </parts>
    <polygon>
      <pt>
        <x>710.78</x>
        <y>333.84</y>
      </pt>
      <pt>
        <x>713.30</x>
        <y>335.52</y>
      </pt>
      <pt>
        <x>729.45</x>
        <y>331.74</y>
      </pt>
      <pt>
        <x>728.19</x>
        <y>329.85</y>
      </pt>
      <username></username>
    </polygon>
    <attributes></attributes>
  </object>
  <object>
    <name>lane</name>
    <deleted>0</deleted>
    <verified>0</verified>
    <occluded>no</occluded>
    <date></date>
    <id>10</id>
    <parts>
      <hasparts></hasparts>
      <ispartof></ispartof>
    </parts>
    <polygon>
      <pt>
        <x>746.03</x>
        <y>326.08</y>
      </pt>
      <pt>
        <x>747.70</x>
        <y>328.81</y>
      </pt>
      <pt>
        <x>767.84</x>
        <y>325.24</y>
      </pt>
      <pt>
        <x>767.43</x>
        <y>323.77</y>
      </pt>
      <username></username>
    </polygon>
    <attributes></attributes>
  </object>
  <object>
    <name>lane</name>
    <deleted>0</deleted>
    <verified>0</verified>
    <occluded>no</occluded>
    <date></date>
    <id>11</id>
    <parts>
      <hasparts></hasparts>
      <ispartof></ispartof>
    </parts>
    <polygon>
      <pt>
        <x>783.79</x>
        <y>322.51</y>
      </pt>
      <pt>
        <x>783.79</x>
        <y>323.98</y>
      </pt>
      <pt>
        <x>807.08</x>
        <y>322.51</y>
      </pt>
      <pt>
        <x>807.08</x>
        <y>321.25</y>
      </pt>
      <username></username>
    </polygon>
    <attributes></attributes>
  </object>
</annotation>
