<annotation>
  <filename>image_865.jpg</filename>
  <folder></folder>
  <source>
    <sourceImage></sourceImage>
    <sourceAnnotation>Datumaro</sourceAnnotation>
  </source>
  <imagesize>
    <nrows>1920</nrows>
    <ncols>1080</ncols>
  </imagesize>
  <object>
    <name>lane</name>
    <deleted>0</deleted>
    <verified>0</verified>
    <occluded>no</occluded>
    <date></date>
    <id>0</id>
    <parts>
      <hasparts></hasparts>
      <ispartof></ispartof>
    </parts>
    <polygon>
      <pt>
        <x>366.71</x>
        <y>322.78</y>
      </pt>
      <pt>
        <x>373.01</x>
        <y>311.47</y>
      </pt>
      <pt>
        <x>384.75</x>
        <y>310.39</y>
      </pt>
      <pt>
        <x>377.57</x>
        <y>324.08</y>
      </pt>
      <username></username>
    </polygon>
    <attributes></attributes>
  </object>
  <object>
    <name>lane</name>
    <deleted>0</deleted>
    <verified>0</verified>
    <occluded>no</occluded>
    <date></date>
    <id>1</id>
    <parts>
      <hasparts></hasparts>
      <ispartof></ispartof>
    </parts>
    <polygon>
      <pt>
        <x>382.36</x>
        <y>301.04</y>
      </pt>
      <pt>
        <x>396.92</x>
        <y>288.00</y>
      </pt>
      <pt>
        <x>407.35</x>
        <y>288.65</y>
      </pt>
      <pt>
        <x>391.92</x>
        <y>301.26</y>
      </pt>
      <username></username>
    </polygon>
    <attributes></attributes>
  </object>
  <object>
    <name>lane</name>
    <deleted>0</deleted>
    <verified>0</verified>
    <occluded>no</occluded>
    <date></date>
    <id>2</id>
    <parts>
      <hasparts></hasparts>
      <ispartof></ispartof>
    </parts>
    <polygon>
      <pt>
        <x>430.83</x>
        <y>278.65</y>
      </pt>
      <pt>
        <x>480.39</x>
        <y>268.43</y>
      </pt>
      <pt>
        <x>491.91</x>
        <y>270.17</y>
      </pt>
      <pt>
        <x>438.87</x>
        <y>280.61</y>
      </pt>
      <username></username>
    </polygon>
    <attributes></attributes>
  </object>
  <object>
    <name>lane</name>
    <deleted>0</deleted>
    <verified>0</verified>
    <occluded>no</occluded>
    <date></date>
    <id>3</id>
    <parts>
      <hasparts></hasparts>
      <ispartof></ispartof>
    </parts>
    <polygon>
      <pt>
        <x>237.92</x>
        <y>380.84</y>
      </pt>
      <pt>
        <x>246.56</x>
        <y>377.46</y>
      </pt>
      <pt>
        <x>329.95</x>
        <y>400.37</y>
      </pt>
      <pt>
        <x>318.68</x>
        <y>403.38</y>
      </pt>
      <username></username>
    </polygon>
    <attributes></attributes>
  </object>
  <object>
    <name>lane</name>
    <deleted>0</deleted>
    <verified>0</verified>
    <occluded>no</occluded>
    <date></date>
    <id>4</id>
    <parts>
      <hasparts></hasparts>
      <ispartof></ispartof>
    </parts>
    <polygon>
      <pt>
        <x>362.25</x>
        <y>410.89</y>
      </pt>
      <pt>
        <x>376.90</x>
        <y>408.26</y>
      </pt>
      <pt>
        <x>382.16</x>
        <y>443.94</y>
      </pt>
      <pt>
        <x>363.00</x>
        <y>444.32</y>
      </pt>
      <username></username>
    </polygon>
    <attributes></attributes>
  </object>
  <object>
    <name>lane</name>
    <deleted>0</deleted>
    <verified>0</verified>
    <occluded>no</occluded>
    <date></date>
    <id>5</id>
    <parts>
      <hasparts></hasparts>
      <ispartof></ispartof>
    </parts>
    <polygon>
      <pt>
        <x>363.38</x>
        <y>365.82</y>
      </pt>
      <pt>
        <x>376.15</x>
        <y>365.82</y>
      </pt>
      <pt>
        <x>375.39</x>
        <y>387.23</y>
      </pt>
      <pt>
        <x>360.37</x>
        <y>387.23</y>
      </pt>
      <username></username>
    </polygon>
    <attributes></attributes>
  </object>
  <object>
    <name>lane</name>
    <deleted>0</deleted>
    <verified>0</verified>
    <occluded>no</occluded>
    <date></date>
    <id>6</id>
    <parts>
      <hasparts></hasparts>
      <ispartof></ispartof>
    </parts>
    <polygon>
      <pt>
        <x>361.56</x>
        <y>485.14</y>
      </pt>
      <pt>
        <x>382.98</x>
        <y>483.84</y>
      </pt>
      <pt>
        <x>386.87</x>
        <y>544.85</y>
      </pt>
      <pt>
        <x>359.61</x>
        <y>546.15</y>
      </pt>
      <username></username>
    </polygon>
    <attributes></attributes>
  </object>
  <object>
    <name>lane</name>
    <deleted>0</deleted>
    <verified>0</verified>
    <occluded>no</occluded>
    <date></date>
    <id>7</id>
    <parts>
      <hasparts></hasparts>
      <ispartof></ispartof>
    </parts>
    <polygon>
      <pt>
        <x>360.93</x>
        <y>621.51</y>
      </pt>
      <pt>
        <x>393.64</x>
        <y>614.97</y>
      </pt>
      <pt>
        <x>406.73</x>
        <y>762.64</y>
      </pt>
      <pt>
        <x>363.73</x>
        <y>759.83</y>
      </pt>
      <username></username>
    </polygon>
    <attributes></attributes>
  </object>
  <object>
    <name>lane</name>
    <deleted>0</deleted>
    <verified>0</verified>
    <occluded>no</occluded>
    <date></date>
    <id>8</id>
    <parts>
      <hasparts></hasparts>
      <ispartof></ispartof>
    </parts>
    <polygon>
      <pt>
        <x>362.70</x>
        <y>985.46</y>
      </pt>
      <pt>
        <x>419.22</x>
        <y>982.23</y>
      </pt>
      <pt>
        <x>453.14</x>
        <y>1434.45</y>
      </pt>
      <pt>
        <x>372.39</x>
        <y>1434.45</y>
      </pt>
      <username></username>
    </polygon>
    <attributes></attributes>
  </object>
</annotation>
