<annotation>
  <filename>image_2247.jpg</filename>
  <folder></folder>
  <source>
    <sourceImage></sourceImage>
    <sourceAnnotation>Datumaro</sourceAnnotation>
  </source>
  <imagesize>
    <nrows>486</nrows>
    <ncols>1080</ncols>
  </imagesize>
  <object>
    <name>lane</name>
    <deleted>0</deleted>
    <verified>0</verified>
    <occluded>no</occluded>
    <date></date>
    <id>0</id>
    <parts>
      <hasparts></hasparts>
      <ispartof></ispartof>
    </parts>
    <polygon>
      <pt>
        <x>260.97</x>
        <y>216.96</y>
      </pt>
      <pt>
        <x>260.97</x>
        <y>221.86</y>
      </pt>
      <pt>
        <x>276.09</x>
        <y>222.72</y>
      </pt>
      <pt>
        <x>275.51</x>
        <y>216.39</y>
      </pt>
      <username></username>
    </polygon>
    <attributes></attributes>
  </object>
  <object>
    <name>lane</name>
    <deleted>0</deleted>
    <verified>0</verified>
    <occluded>no</occluded>
    <date></date>
    <id>1</id>
    <parts>
      <hasparts></hasparts>
      <ispartof></ispartof>
    </parts>
    <polygon>
      <pt>
        <x>289.45</x>
        <y>217.59</y>
      </pt>
      <pt>
        <x>289.60</x>
        <y>223.70</y>
      </pt>
      <pt>
        <x>327.77</x>
        <y>227.54</y>
      </pt>
      <pt>
        <x>328.27</x>
        <y>219.08</y>
      </pt>
      <username></username>
    </polygon>
    <attributes></attributes>
  </object>
  <object>
    <name>lane</name>
    <deleted>0</deleted>
    <verified>0</verified>
    <occluded>no</occluded>
    <date></date>
    <id>2</id>
    <parts>
      <hasparts></hasparts>
      <ispartof></ispartof>
    </parts>
    <polygon>
      <pt>
        <x>375.67</x>
        <y>220.27</y>
      </pt>
      <pt>
        <x>375.67</x>
        <y>232.45</y>
      </pt>
      <pt>
        <x>477.79</x>
        <y>242.13</y>
      </pt>
      <pt>
        <x>477.79</x>
        <y>223.49</y>
      </pt>
      <username></username>
    </polygon>
    <attributes></attributes>
  </object>
  <object>
    <name>lane</name>
    <deleted>0</deleted>
    <verified>0</verified>
    <occluded>no</occluded>
    <date></date>
    <id>3</id>
    <parts>
      <hasparts></hasparts>
      <ispartof></ispartof>
    </parts>
    <polygon>
      <pt>
        <x>750.74</x>
        <y>229.15</y>
      </pt>
      <pt>
        <x>747.03</x>
        <y>265.06</y>
      </pt>
      <pt>
        <x>1080.00</x>
        <y>296.45</y>
      </pt>
      <pt>
        <x>1080.00</x>
        <y>260.23</y>
      </pt>
      <pt>
        <x>1078.90</x>
        <y>240.30</y>
      </pt>
      <username></username>
    </polygon>
    <attributes></attributes>
  </object>
  <object>
    <name>lane</name>
    <deleted>0</deleted>
    <verified>0</verified>
    <occluded>no</occluded>
    <date></date>
    <id>4</id>
    <parts>
      <hasparts></hasparts>
      <ispartof></ispartof>
    </parts>
    <polygon>
      <pt>
        <x>228.32</x>
        <y>215.51</y>
      </pt>
      <pt>
        <x>227.82</x>
        <y>217.51</y>
      </pt>
      <pt>
        <x>233.82</x>
        <y>218.81</y>
      </pt>
      <pt>
        <x>234.32</x>
        <y>216.21</y>
      </pt>
      <username></username>
    </polygon>
    <attributes></attributes>
  </object>
  <object>
    <name>lane</name>
    <deleted>0</deleted>
    <verified>0</verified>
    <occluded>no</occluded>
    <date></date>
    <id>5</id>
    <parts>
      <hasparts></hasparts>
      <ispartof></ispartof>
    </parts>
    <polygon>
      <pt>
        <x>238.72</x>
        <y>215.11</y>
      </pt>
      <pt>
        <x>238.32</x>
        <y>220.41</y>
      </pt>
      <pt>
        <x>248.72</x>
        <y>220.61</y>
      </pt>
      <pt>
        <x>249.32</x>
        <y>214.91</y>
      </pt>
      <username></username>
    </polygon>
    <attributes></attributes>
  </object>
</annotation>
