<annotation>
  <filename>image_2346.jpg</filename>
  <folder></folder>
  <source>
    <sourceImage></sourceImage>
    <sourceAnnotation>Datumaro</sourceAnnotation>
  </source>
  <imagesize>
    <nrows>1920</nrows>
    <ncols>1080</ncols>
  </imagesize>
  <object>
    <name>lane</name>
    <deleted>0</deleted>
    <verified>0</verified>
    <occluded>no</occluded>
    <date></date>
    <id>0</id>
    <parts>
      <hasparts></hasparts>
      <ispartof></ispartof>
    </parts>
    <type>bounding_box</type>
    <polygon>
      <pt>
        <x>489.91</x>
        <y>171.67</y>
      </pt>
      <pt>
        <x>493.65</x>
        <y>171.67</y>
      </pt>
      <pt>
        <x>493.65</x>
        <y>175.84</y>
      </pt>
      <pt>
        <x>489.91</x>
        <y>175.84</y>
      </pt>
      <username></username>
    </polygon>
    <attributes>rotation=0.0</attributes>
  </object>
  <object>
    <name>lane</name>
    <deleted>0</deleted>
    <verified>0</verified>
    <occluded>no</occluded>
    <date></date>
    <id>1</id>
    <parts>
      <hasparts></hasparts>
      <ispartof></ispartof>
    </parts>
    <type>bounding_box</type>
    <polygon>
      <pt>
        <x>489.91</x>
        <y>177.57</y>
      </pt>
      <pt>
        <x>494.37</x>
        <y>177.57</y>
      </pt>
      <pt>
        <x>494.37</x>
        <y>181.32</y>
      </pt>
      <pt>
        <x>489.91</x>
        <y>181.32</y>
      </pt>
      <username></username>
    </polygon>
    <attributes>rotation=0.0</attributes>
  </object>
  <object>
    <name>lane</name>
    <deleted>0</deleted>
    <verified>0</verified>
    <occluded>no</occluded>
    <date></date>
    <id>2</id>
    <parts>
      <hasparts></hasparts>
      <ispartof></ispartof>
    </parts>
    <type>bounding_box</type>
    <polygon>
      <pt>
        <x>490.20</x>
        <y>184.34</y>
      </pt>
      <pt>
        <x>494.66</x>
        <y>184.34</y>
      </pt>
      <pt>
        <x>494.66</x>
        <y>189.24</y>
      </pt>
      <pt>
        <x>490.20</x>
        <y>189.24</y>
      </pt>
      <username></username>
    </polygon>
    <attributes>rotation=0.0</attributes>
  </object>
  <object>
    <name>lane</name>
    <deleted>0</deleted>
    <verified>0</verified>
    <occluded>no</occluded>
    <date></date>
    <id>3</id>
    <parts>
      <hasparts></hasparts>
      <ispartof></ispartof>
    </parts>
    <type>bounding_box</type>
    <polygon>
      <pt>
        <x>484.16</x>
        <y>277.92</y>
      </pt>
      <pt>
        <x>496.01</x>
        <y>277.92</y>
      </pt>
      <pt>
        <x>496.01</x>
        <y>301.62</y>
      </pt>
      <pt>
        <x>484.16</x>
        <y>301.62</y>
      </pt>
      <username></username>
    </polygon>
    <attributes>rotation=0.0</attributes>
  </object>
  <object>
    <name>lane</name>
    <deleted>0</deleted>
    <verified>0</verified>
    <occluded>no</occluded>
    <date></date>
    <id>4</id>
    <parts>
      <hasparts></hasparts>
      <ispartof></ispartof>
    </parts>
    <type>bounding_box</type>
    <polygon>
      <pt>
        <x>486.13</x>
        <y>246.32</y>
      </pt>
      <pt>
        <x>495.22</x>
        <y>246.32</y>
      </pt>
      <pt>
        <x>495.22</x>
        <y>262.12</y>
      </pt>
      <pt>
        <x>486.13</x>
        <y>262.12</y>
      </pt>
      <username></username>
    </polygon>
    <attributes>rotation=0.0</attributes>
  </object>
  <object>
    <name>lane</name>
    <deleted>0</deleted>
    <verified>0</verified>
    <occluded>no</occluded>
    <date></date>
    <id>5</id>
    <parts>
      <hasparts></hasparts>
      <ispartof></ispartof>
    </parts>
    <type>bounding_box</type>
    <polygon>
      <pt>
        <x>488.32</x>
        <y>226.00</y>
      </pt>
      <pt>
        <x>495.18</x>
        <y>226.00</y>
      </pt>
      <pt>
        <x>495.18</x>
        <y>237.05</y>
      </pt>
      <pt>
        <x>488.32</x>
        <y>237.05</y>
      </pt>
      <username></username>
    </polygon>
    <attributes>rotation=0.0</attributes>
  </object>
  <object>
    <name>lane</name>
    <deleted>0</deleted>
    <verified>0</verified>
    <occluded>no</occluded>
    <date></date>
    <id>6</id>
    <parts>
      <hasparts></hasparts>
      <ispartof></ispartof>
    </parts>
    <type>bounding_box</type>
    <polygon>
      <pt>
        <x>489.21</x>
        <y>211.28</y>
      </pt>
      <pt>
        <x>494.55</x>
        <y>211.28</y>
      </pt>
      <pt>
        <x>494.55</x>
        <y>220.23</y>
      </pt>
      <pt>
        <x>489.21</x>
        <y>220.23</y>
      </pt>
      <username></username>
    </polygon>
    <attributes>rotation=0.0</attributes>
  </object>
  <object>
    <name>lane</name>
    <deleted>0</deleted>
    <verified>0</verified>
    <occluded>no</occluded>
    <date></date>
    <id>7</id>
    <parts>
      <hasparts></hasparts>
      <ispartof></ispartof>
    </parts>
    <type>bounding_box</type>
    <polygon>
      <pt>
        <x>488.83</x>
        <y>200.61</y>
      </pt>
      <pt>
        <x>494.17</x>
        <y>200.61</y>
      </pt>
      <pt>
        <x>494.17</x>
        <y>207.27</y>
      </pt>
      <pt>
        <x>488.83</x>
        <y>207.27</y>
      </pt>
      <username></username>
    </polygon>
    <attributes>rotation=0.0</attributes>
  </object>
  <object>
    <name>lane</name>
    <deleted>0</deleted>
    <verified>0</verified>
    <occluded>no</occluded>
    <date></date>
    <id>8</id>
    <parts>
      <hasparts></hasparts>
      <ispartof></ispartof>
    </parts>
    <type>bounding_box</type>
    <polygon>
      <pt>
        <x>489.40</x>
        <y>192.23</y>
      </pt>
      <pt>
        <x>494.93</x>
        <y>192.23</y>
      </pt>
      <pt>
        <x>494.93</x>
        <y>197.75</y>
      </pt>
      <pt>
        <x>489.40</x>
        <y>197.75</y>
      </pt>
      <username></username>
    </polygon>
    <attributes>rotation=0.0</attributes>
  </object>
  <object>
    <name>lane</name>
    <deleted>0</deleted>
    <verified>0</verified>
    <occluded>no</occluded>
    <date></date>
    <id>9</id>
    <parts>
      <hasparts></hasparts>
      <ispartof></ispartof>
    </parts>
    <polygon>
      <pt>
        <x>452.36</x>
        <y>766.24</y>
      </pt>
      <pt>
        <x>494.82</x>
        <y>764.54</y>
      </pt>
      <pt>
        <x>516.90</x>
        <y>1185.77</y>
      </pt>
      <pt>
        <x>516.90</x>
        <y>1547.56</y>
      </pt>
      <pt>
        <x>435.37</x>
        <y>1547.56</y>
      </pt>
      <pt>
        <x>454.05</x>
        <y>953.08</y>
      </pt>
      <username></username>
    </polygon>
    <attributes></attributes>
  </object>
  <object>
    <name>lane</name>
    <deleted>0</deleted>
    <verified>0</verified>
    <occluded>no</occluded>
    <date></date>
    <id>10</id>
    <parts>
      <hasparts></hasparts>
      <ispartof></ispartof>
    </parts>
    <type>bounding_box</type>
    <polygon>
      <pt>
        <x>478.18</x>
        <y>434.44</y>
      </pt>
      <pt>
        <x>500.30</x>
        <y>434.44</y>
      </pt>
      <pt>
        <x>500.30</x>
        <y>557.31</y>
      </pt>
      <pt>
        <x>478.18</x>
        <y>557.31</y>
      </pt>
      <username></username>
    </polygon>
    <attributes>rotation=0.0</attributes>
  </object>
  <object>
    <name>lane</name>
    <deleted>0</deleted>
    <verified>0</verified>
    <occluded>no</occluded>
    <date></date>
    <id>11</id>
    <parts>
      <hasparts></hasparts>
      <ispartof></ispartof>
    </parts>
    <type>bounding_box</type>
    <polygon>
      <pt>
        <x>481.39</x>
        <y>329.27</y>
      </pt>
      <pt>
        <x>497.20</x>
        <y>329.27</y>
      </pt>
      <pt>
        <x>497.20</x>
        <y>377.46</y>
      </pt>
      <pt>
        <x>481.39</x>
        <y>377.46</y>
      </pt>
      <username></username>
    </polygon>
    <attributes>rotation=0.0</attributes>
  </object>
</annotation>
