<annotation>
  <filename>image_2391.jpg</filename>
  <folder></folder>
  <source>
    <sourceImage></sourceImage>
    <sourceAnnotation>Datumaro</sourceAnnotation>
  </source>
  <imagesize>
    <nrows>1920</nrows>
    <ncols>1080</ncols>
  </imagesize>
  <object>
    <name>lane</name>
    <deleted>0</deleted>
    <verified>0</verified>
    <occluded>no</occluded>
    <date></date>
    <id>0</id>
    <parts>
      <hasparts></hasparts>
      <ispartof></ispartof>
    </parts>
    <type>bounding_box</type>
    <polygon>
      <pt>
        <x>428.21</x>
        <y>388.39</y>
      </pt>
      <pt>
        <x>440.98</x>
        <y>388.39</y>
      </pt>
      <pt>
        <x>440.98</x>
        <y>415.75</y>
      </pt>
      <pt>
        <x>428.21</x>
        <y>415.75</y>
      </pt>
      <username></username>
    </polygon>
    <attributes>rotation=0.0</attributes>
  </object>
  <object>
    <name>lane</name>
    <deleted>0</deleted>
    <verified>0</verified>
    <occluded>no</occluded>
    <date></date>
    <id>1</id>
    <parts>
      <hasparts></hasparts>
      <ispartof></ispartof>
    </parts>
    <polygon>
      <pt>
        <x>421.50</x>
        <y>1012.61</y>
      </pt>
      <pt>
        <x>431.90</x>
        <y>1920.00</y>
      </pt>
      <pt>
        <x>541.45</x>
        <y>1920.00</y>
      </pt>
      <pt>
        <x>484.25</x>
        <y>1007.39</y>
      </pt>
      <username></username>
    </polygon>
    <attributes></attributes>
  </object>
  <object>
    <name>lane</name>
    <deleted>0</deleted>
    <verified>0</verified>
    <occluded>no</occluded>
    <date></date>
    <id>2</id>
    <parts>
      <hasparts></hasparts>
      <ispartof></ispartof>
    </parts>
    <type>bounding_box</type>
    <polygon>
      <pt>
        <x>425.54</x>
        <y>573.65</y>
      </pt>
      <pt>
        <x>462.02</x>
        <y>573.65</y>
      </pt>
      <pt>
        <x>462.02</x>
        <y>714.10</y>
      </pt>
      <pt>
        <x>425.54</x>
        <y>714.10</y>
      </pt>
      <username></username>
    </polygon>
    <attributes>rotation=0.0</attributes>
  </object>
  <object>
    <name>lane</name>
    <deleted>0</deleted>
    <verified>0</verified>
    <occluded>no</occluded>
    <date></date>
    <id>3</id>
    <parts>
      <hasparts></hasparts>
      <ispartof></ispartof>
    </parts>
    <type>bounding_box</type>
    <polygon>
      <pt>
        <x>427.60</x>
        <y>444.33</y>
      </pt>
      <pt>
        <x>447.06</x>
        <y>444.33</y>
      </pt>
      <pt>
        <x>447.06</x>
        <y>502.09</y>
      </pt>
      <pt>
        <x>427.60</x>
        <y>502.09</y>
      </pt>
      <username></username>
    </polygon>
    <attributes>rotation=0.0</attributes>
  </object>
  <object>
    <name>lane</name>
    <deleted>0</deleted>
    <verified>0</verified>
    <occluded>no</occluded>
    <date></date>
    <id>4</id>
    <parts>
      <hasparts></hasparts>
      <ispartof></ispartof>
    </parts>
    <type>bounding_box</type>
    <polygon>
      <pt>
        <x>425.78</x>
        <y>327.59</y>
      </pt>
      <pt>
        <x>436.12</x>
        <y>327.59</y>
      </pt>
      <pt>
        <x>436.12</x>
        <y>344.00</y>
      </pt>
      <pt>
        <x>425.78</x>
        <y>344.00</y>
      </pt>
      <username></username>
    </polygon>
    <attributes>rotation=0.0</attributes>
  </object>
  <object>
    <name>lane</name>
    <deleted>0</deleted>
    <verified>0</verified>
    <occluded>no</occluded>
    <date></date>
    <id>5</id>
    <parts>
      <hasparts></hasparts>
      <ispartof></ispartof>
    </parts>
    <type>bounding_box</type>
    <polygon>
      <pt>
        <x>426.39</x>
        <y>350.08</y>
      </pt>
      <pt>
        <x>436.12</x>
        <y>350.08</y>
      </pt>
      <pt>
        <x>436.12</x>
        <y>367.71</y>
      </pt>
      <pt>
        <x>426.39</x>
        <y>367.71</y>
      </pt>
      <username></username>
    </polygon>
    <attributes>rotation=0.0</attributes>
  </object>
</annotation>
