<annotation>
  <filename>image_2458.jpg</filename>
  <folder></folder>
  <source>
    <sourceImage></sourceImage>
    <sourceAnnotation>Datumaro</sourceAnnotation>
  </source>
  <imagesize>
    <nrows>486</nrows>
    <ncols>1080</ncols>
  </imagesize>
  <object>
    <name>lane</name>
    <deleted>0</deleted>
    <verified>0</verified>
    <occluded>no</occluded>
    <date></date>
    <id>0</id>
    <parts>
      <hasparts></hasparts>
      <ispartof></ispartof>
    </parts>
    <polygon>
      <pt>
        <x>357.10</x>
        <y>215.23</y>
      </pt>
      <pt>
        <x>542.83</x>
        <y>213.94</y>
      </pt>
      <pt>
        <x>543.47</x>
        <y>242.31</y>
      </pt>
      <pt>
        <x>359.68</x>
        <y>232.64</y>
      </pt>
      <username></username>
    </polygon>
    <attributes></attributes>
  </object>
  <object>
    <name>lane</name>
    <deleted>0</deleted>
    <verified>0</verified>
    <occluded>no</occluded>
    <date></date>
    <id>1</id>
    <parts>
      <hasparts></hasparts>
      <ispartof></ispartof>
    </parts>
    <polygon>
      <pt>
        <x>246.83</x>
        <y>217.81</y>
      </pt>
      <pt>
        <x>287.46</x>
        <y>218.45</y>
      </pt>
      <pt>
        <x>287.46</x>
        <y>230.71</y>
      </pt>
      <pt>
        <x>248.12</x>
        <y>228.13</y>
      </pt>
      <username></username>
    </polygon>
    <attributes></attributes>
  </object>
  <object>
    <name>lane</name>
    <deleted>0</deleted>
    <verified>0</verified>
    <occluded>no</occluded>
    <date></date>
    <id>2</id>
    <parts>
      <hasparts></hasparts>
      <ispartof></ispartof>
    </parts>
    <type>bounding_box</type>
    <polygon>
      <pt>
        <x>200.49</x>
        <y>218.11</y>
      </pt>
      <pt>
        <x>220.57</x>
        <y>218.11</y>
      </pt>
      <pt>
        <x>220.57</x>
        <y>223.73</y>
      </pt>
      <pt>
        <x>200.49</x>
        <y>223.73</y>
      </pt>
      <username></username>
    </polygon>
    <attributes>rotation=0.0</attributes>
  </object>
  <object>
    <name>lane</name>
    <deleted>0</deleted>
    <verified>0</verified>
    <occluded>no</occluded>
    <date></date>
    <id>3</id>
    <parts>
      <hasparts></hasparts>
      <ispartof></ispartof>
    </parts>
    <type>bounding_box</type>
    <polygon>
      <pt>
        <x>178.03</x>
        <y>222.65</y>
      </pt>
      <pt>
        <x>189.04</x>
        <y>222.65</y>
      </pt>
      <pt>
        <x>189.04</x>
        <y>226.10</y>
      </pt>
      <pt>
        <x>178.03</x>
        <y>226.10</y>
      </pt>
      <username></username>
    </polygon>
    <attributes>rotation=0.0</attributes>
  </object>
  <object>
    <name>lane</name>
    <deleted>0</deleted>
    <verified>0</verified>
    <occluded>no</occluded>
    <date></date>
    <id>4</id>
    <parts>
      <hasparts></hasparts>
      <ispartof></ispartof>
    </parts>
    <type>bounding_box</type>
    <polygon>
      <pt>
        <x>163.34</x>
        <y>222.65</y>
      </pt>
      <pt>
        <x>171.12</x>
        <y>222.65</y>
      </pt>
      <pt>
        <x>171.12</x>
        <y>226.75</y>
      </pt>
      <pt>
        <x>163.34</x>
        <y>226.75</y>
      </pt>
      <username></username>
    </polygon>
    <attributes>rotation=0.0</attributes>
  </object>
</annotation>
