<annotation>
  <filename>image_313.jpg</filename>
  <folder></folder>
  <source>
    <sourceImage></sourceImage>
    <sourceAnnotation>Datumaro</sourceAnnotation>
  </source>
  <imagesize>
    <nrows>1920</nrows>
    <ncols>1080</ncols>
  </imagesize>
  <object>
    <name>lane</name>
    <deleted>0</deleted>
    <verified>0</verified>
    <occluded>no</occluded>
    <date></date>
    <id>0</id>
    <parts>
      <hasparts></hasparts>
      <ispartof></ispartof>
    </parts>
    <polygon>
      <pt>
        <x>440.78</x>
        <y>725.74</y>
      </pt>
      <pt>
        <x>467.53</x>
        <y>724.85</y>
      </pt>
      <pt>
        <x>488.93</x>
        <y>934.37</y>
      </pt>
      <pt>
        <x>443.45</x>
        <y>937.94</y>
      </pt>
      <username></username>
    </polygon>
    <attributes></attributes>
  </object>
  <object>
    <name>lane</name>
    <deleted>0</deleted>
    <verified>0</verified>
    <occluded>no</occluded>
    <date></date>
    <id>1</id>
    <parts>
      <hasparts></hasparts>
      <ispartof></ispartof>
    </parts>
    <polygon>
      <pt>
        <x>461.96</x>
        <y>1597.23</y>
      </pt>
      <pt>
        <x>532.96</x>
        <y>1599.44</y>
      </pt>
      <pt>
        <x>567.38</x>
        <y>1920.00</y>
      </pt>
      <pt>
        <x>466.38</x>
        <y>1920.00</y>
      </pt>
      <username></username>
    </polygon>
    <attributes></attributes>
  </object>
  <object>
    <name>lane</name>
    <deleted>0</deleted>
    <verified>0</verified>
    <occluded>no</occluded>
    <date></date>
    <id>2</id>
    <parts>
      <hasparts></hasparts>
      <ispartof></ispartof>
    </parts>
    <polygon>
      <pt>
        <x>462.39</x>
        <y>619.63</y>
      </pt>
      <pt>
        <x>456.37</x>
        <y>560.73</y>
      </pt>
      <pt>
        <x>440.46</x>
        <y>558.15</y>
      </pt>
      <pt>
        <x>441.75</x>
        <y>622.21</y>
      </pt>
      <username></username>
    </polygon>
    <attributes></attributes>
  </object>
  <object>
    <name>lane</name>
    <deleted>0</deleted>
    <verified>0</verified>
    <occluded>no</occluded>
    <date></date>
    <id>3</id>
    <parts>
      <hasparts></hasparts>
      <ispartof></ispartof>
    </parts>
    <polygon>
      <pt>
        <x>452.50</x>
        <y>518.16</y>
      </pt>
      <pt>
        <x>449.92</x>
        <y>486.34</y>
      </pt>
      <pt>
        <x>438.74</x>
        <y>486.34</y>
      </pt>
      <pt>
        <x>439.60</x>
        <y>518.59</y>
      </pt>
      <username></username>
    </polygon>
    <attributes></attributes>
  </object>
  <object>
    <name>lane</name>
    <deleted>0</deleted>
    <verified>0</verified>
    <occluded>no</occluded>
    <date></date>
    <id>4</id>
    <parts>
      <hasparts></hasparts>
      <ispartof></ispartof>
    </parts>
    <polygon>
      <pt>
        <x>448.92</x>
        <y>466.42</y>
      </pt>
      <pt>
        <x>446.22</x>
        <y>449.42</y>
      </pt>
      <pt>
        <x>438.55</x>
        <y>449.83</y>
      </pt>
      <pt>
        <x>439.17</x>
        <y>466.83</y>
      </pt>
      <username></username>
    </polygon>
    <attributes></attributes>
  </object>
  <object>
    <name>lane</name>
    <deleted>0</deleted>
    <verified>0</verified>
    <occluded>no</occluded>
    <date></date>
    <id>5</id>
    <parts>
      <hasparts></hasparts>
      <ispartof></ispartof>
    </parts>
    <polygon>
      <pt>
        <x>445.06</x>
        <y>437.53</y>
      </pt>
      <pt>
        <x>444.20</x>
        <y>425.29</y>
      </pt>
      <pt>
        <x>437.28</x>
        <y>425.00</y>
      </pt>
      <pt>
        <x>437.28</x>
        <y>438.39</y>
      </pt>
      <username></username>
    </polygon>
    <attributes></attributes>
  </object>
  <object>
    <name>lane</name>
    <deleted>0</deleted>
    <verified>0</verified>
    <occluded>no</occluded>
    <date></date>
    <id>6</id>
    <parts>
      <hasparts></hasparts>
      <ispartof></ispartof>
    </parts>
    <polygon>
      <pt>
        <x>443.95</x>
        <y>417.28</y>
      </pt>
      <pt>
        <x>442.39</x>
        <y>408.04</y>
      </pt>
      <pt>
        <x>436.15</x>
        <y>407.92</y>
      </pt>
      <pt>
        <x>437.23</x>
        <y>416.56</y>
      </pt>
      <username></username>
    </polygon>
    <attributes></attributes>
  </object>
  <object>
    <name>lane</name>
    <deleted>0</deleted>
    <verified>0</verified>
    <occluded>no</occluded>
    <date></date>
    <id>7</id>
    <parts>
      <hasparts></hasparts>
      <ispartof></ispartof>
    </parts>
    <polygon>
      <pt>
        <x>441.91</x>
        <y>402.40</y>
      </pt>
      <pt>
        <x>441.55</x>
        <y>395.20</y>
      </pt>
      <pt>
        <x>435.67</x>
        <y>395.20</y>
      </pt>
      <pt>
        <x>436.03</x>
        <y>402.64</y>
      </pt>
      <username></username>
    </polygon>
    <attributes></attributes>
  </object>
  <object>
    <name>lane</name>
    <deleted>0</deleted>
    <verified>0</verified>
    <occluded>no</occluded>
    <date></date>
    <id>8</id>
    <parts>
      <hasparts></hasparts>
      <ispartof></ispartof>
    </parts>
    <polygon>
      <pt>
        <x>441.00</x>
        <y>390.60</y>
      </pt>
      <pt>
        <x>441.00</x>
        <y>384.90</y>
      </pt>
      <pt>
        <x>435.70</x>
        <y>385.00</y>
      </pt>
      <pt>
        <x>435.91</x>
        <y>390.76</y>
      </pt>
      <username></username>
    </polygon>
    <attributes></attributes>
  </object>
  <object>
    <name>lane</name>
    <deleted>0</deleted>
    <verified>0</verified>
    <occluded>no</occluded>
    <date></date>
    <id>9</id>
    <parts>
      <hasparts></hasparts>
      <ispartof></ispartof>
    </parts>
    <polygon>
      <pt>
        <x>440.40</x>
        <y>381.80</y>
      </pt>
      <pt>
        <x>439.40</x>
        <y>377.70</y>
      </pt>
      <pt>
        <x>435.00</x>
        <y>377.40</y>
      </pt>
      <pt>
        <x>435.19</x>
        <y>382.00</y>
      </pt>
      <username></username>
    </polygon>
    <attributes></attributes>
  </object>
  <object>
    <name>lane</name>
    <deleted>0</deleted>
    <verified>0</verified>
    <occluded>no</occluded>
    <date></date>
    <id>10</id>
    <parts>
      <hasparts></hasparts>
      <ispartof></ispartof>
    </parts>
    <type>bounding_box</type>
    <polygon>
      <pt>
        <x>435.48</x>
        <y>371.11</y>
      </pt>
      <pt>
        <x>438.65</x>
        <y>371.11</y>
      </pt>
      <pt>
        <x>438.65</x>
        <y>374.14</y>
      </pt>
      <pt>
        <x>435.48</x>
        <y>374.14</y>
      </pt>
      <username></username>
    </polygon>
    <attributes>rotation=0.0</attributes>
  </object>
  <object>
    <name>lane</name>
    <deleted>0</deleted>
    <verified>0</verified>
    <occluded>no</occluded>
    <date></date>
    <id>11</id>
    <parts>
      <hasparts></hasparts>
      <ispartof></ispartof>
    </parts>
    <type>bounding_box</type>
    <polygon>
      <pt>
        <x>434.04</x>
        <y>353.55</y>
      </pt>
      <pt>
        <x>436.20</x>
        <y>353.55</y>
      </pt>
      <pt>
        <x>436.20</x>
        <y>355.71</y>
      </pt>
      <pt>
        <x>434.04</x>
        <y>355.71</y>
      </pt>
      <username></username>
    </polygon>
    <attributes>rotation=0.0</attributes>
  </object>
  <object>
    <name>lane</name>
    <deleted>0</deleted>
    <verified>0</verified>
    <occluded>no</occluded>
    <date></date>
    <id>12</id>
    <parts>
      <hasparts></hasparts>
      <ispartof></ispartof>
    </parts>
    <type>bounding_box</type>
    <polygon>
      <pt>
        <x>435.05</x>
        <y>363.34</y>
      </pt>
      <pt>
        <x>437.35</x>
        <y>363.34</y>
      </pt>
      <pt>
        <x>437.35</x>
        <y>364.63</y>
      </pt>
      <pt>
        <x>435.05</x>
        <y>364.63</y>
      </pt>
      <username></username>
    </polygon>
    <attributes>rotation=0.0</attributes>
  </object>
  <object>
    <name>lane</name>
    <deleted>0</deleted>
    <verified>0</verified>
    <occluded>no</occluded>
    <date></date>
    <id>13</id>
    <parts>
      <hasparts></hasparts>
      <ispartof></ispartof>
    </parts>
    <type>bounding_box</type>
    <polygon>
      <pt>
        <x>434.62</x>
        <y>358.73</y>
      </pt>
      <pt>
        <x>437.07</x>
        <y>358.73</y>
      </pt>
      <pt>
        <x>437.07</x>
        <y>361.32</y>
      </pt>
      <pt>
        <x>434.62</x>
        <y>361.32</y>
      </pt>
      <username></username>
    </polygon>
    <attributes>rotation=0.0</attributes>
  </object>
  <object>
    <name>lane</name>
    <deleted>0</deleted>
    <verified>0</verified>
    <occluded>no</occluded>
    <date></date>
    <id>14</id>
    <parts>
      <hasparts></hasparts>
      <ispartof></ispartof>
    </parts>
    <type>bounding_box</type>
    <polygon>
      <pt>
        <x>434.33</x>
        <y>356.14</y>
      </pt>
      <pt>
        <x>436.63</x>
        <y>356.14</y>
      </pt>
      <pt>
        <x>436.63</x>
        <y>357.72</y>
      </pt>
      <pt>
        <x>434.33</x>
        <y>357.72</y>
      </pt>
      <username></username>
    </polygon>
    <attributes>rotation=0.0</attributes>
  </object>
  <object>
    <name>lane</name>
    <deleted>0</deleted>
    <verified>0</verified>
    <occluded>no</occluded>
    <date></date>
    <id>15</id>
    <parts>
      <hasparts></hasparts>
      <ispartof></ispartof>
    </parts>
    <type>bounding_box</type>
    <polygon>
      <pt>
        <x>434.91</x>
        <y>366.36</y>
      </pt>
      <pt>
        <x>437.64</x>
        <y>366.36</y>
      </pt>
      <pt>
        <x>437.64</x>
        <y>369.82</y>
      </pt>
      <pt>
        <x>434.91</x>
        <y>369.82</y>
      </pt>
      <username></username>
    </polygon>
    <attributes>rotation=0.0</attributes>
  </object>
</annotation>
