<annotation>
  <filename>image_2032.jpg</filename>
  <folder></folder>
  <source>
    <sourceImage></sourceImage>
    <sourceAnnotation>Datumaro</sourceAnnotation>
  </source>
  <imagesize>
    <nrows>1920</nrows>
    <ncols>1080</ncols>
  </imagesize>
  <object>
    <name>lane</name>
    <deleted>0</deleted>
    <verified>0</verified>
    <occluded>no</occluded>
    <date></date>
    <id>0</id>
    <parts>
      <hasparts></hasparts>
      <ispartof></ispartof>
    </parts>
    <polygon>
      <pt>
        <x>442.15</x>
        <y>661.18</y>
      </pt>
      <pt>
        <x>466.23</x>
        <y>658.27</y>
      </pt>
      <pt>
        <x>407.86</x>
        <y>606.46</y>
      </pt>
      <pt>
        <x>358.24</x>
        <y>571.44</y>
      </pt>
      <pt>
        <x>335.62</x>
        <y>575.09</y>
      </pt>
      <pt>
        <x>393.27</x>
        <y>613.76</y>
      </pt>
      <username></username>
    </polygon>
    <attributes></attributes>
  </object>
  <object>
    <name>lane</name>
    <deleted>0</deleted>
    <verified>0</verified>
    <occluded>no</occluded>
    <date></date>
    <id>1</id>
    <parts>
      <hasparts></hasparts>
      <ispartof></ispartof>
    </parts>
    <polygon>
      <pt>
        <x>576.67</x>
        <y>1838.63</y>
      </pt>
      <pt>
        <x>670.78</x>
        <y>1830.78</y>
      </pt>
      <pt>
        <x>592.35</x>
        <y>1255.62</y>
      </pt>
      <pt>
        <x>547.91</x>
        <y>947.12</y>
      </pt>
      <pt>
        <x>503.46</x>
        <y>947.12</y>
      </pt>
      <pt>
        <x>555.75</x>
        <y>1647.78</y>
      </pt>
      <username></username>
    </polygon>
    <attributes></attributes>
  </object>
  <object>
    <name>lane</name>
    <deleted>0</deleted>
    <verified>0</verified>
    <occluded>no</occluded>
    <date></date>
    <id>2</id>
    <parts>
      <hasparts></hasparts>
      <ispartof></ispartof>
    </parts>
    <polygon>
      <pt>
        <x>518.71</x>
        <y>457.25</y>
      </pt>
      <pt>
        <x>530.37</x>
        <y>457.76</y>
      </pt>
      <pt>
        <x>534.42</x>
        <y>446.10</y>
      </pt>
      <pt>
        <x>537.97</x>
        <y>432.93</y>
      </pt>
      <pt>
        <x>527.33</x>
        <y>431.41</y>
      </pt>
      <pt>
        <x>524.29</x>
        <y>443.06</y>
      </pt>
      <username></username>
    </polygon>
    <attributes></attributes>
  </object>
  <object>
    <name>lane</name>
    <deleted>0</deleted>
    <verified>0</verified>
    <occluded>no</occluded>
    <date></date>
    <id>3</id>
    <parts>
      <hasparts></hasparts>
      <ispartof></ispartof>
    </parts>
    <polygon>
      <pt>
        <x>494.68</x>
        <y>715.18</y>
      </pt>
      <pt>
        <x>525.33</x>
        <y>719.55</y>
      </pt>
      <pt>
        <x>518.76</x>
        <y>651.70</y>
      </pt>
      <pt>
        <x>518.03</x>
        <y>602.08</y>
      </pt>
      <pt>
        <x>496.14</x>
        <y>602.81</y>
      </pt>
      <pt>
        <x>493.95</x>
        <y>656.08</y>
      </pt>
      <username></username>
    </polygon>
    <attributes></attributes>
  </object>
  <object>
    <name>lane</name>
    <deleted>0</deleted>
    <verified>0</verified>
    <occluded>no</occluded>
    <date></date>
    <id>4</id>
    <parts>
      <hasparts></hasparts>
      <ispartof></ispartof>
    </parts>
    <polygon>
      <pt>
        <x>503.51</x>
        <y>534.77</y>
      </pt>
      <pt>
        <x>518.71</x>
        <y>535.79</y>
      </pt>
      <pt>
        <x>521.75</x>
        <y>509.95</y>
      </pt>
      <pt>
        <x>526.82</x>
        <y>488.67</y>
      </pt>
      <pt>
        <x>510.10</x>
        <y>487.65</y>
      </pt>
      <pt>
        <x>508.58</x>
        <y>504.37</y>
      </pt>
      <username></username>
    </polygon>
    <attributes></attributes>
  </object>
  <object>
    <name>lane</name>
    <deleted>0</deleted>
    <verified>0</verified>
    <occluded>no</occluded>
    <date></date>
    <id>5</id>
    <parts>
      <hasparts></hasparts>
      <ispartof></ispartof>
    </parts>
    <polygon>
      <pt>
        <x>545.03</x>
        <y>401.36</y>
      </pt>
      <pt>
        <x>535.75</x>
        <y>416.02</y>
      </pt>
      <pt>
        <x>542.84</x>
        <y>417.48</y>
      </pt>
      <pt>
        <x>552.85</x>
        <y>401.11</y>
      </pt>
      <username></username>
    </polygon>
    <attributes></attributes>
  </object>
  <object>
    <name>lane</name>
    <deleted>0</deleted>
    <verified>0</verified>
    <occluded>no</occluded>
    <date></date>
    <id>6</id>
    <parts>
      <hasparts></hasparts>
      <ispartof></ispartof>
    </parts>
    <polygon>
      <pt>
        <x>554.12</x>
        <y>390.54</y>
      </pt>
      <pt>
        <x>560.57</x>
        <y>390.21</y>
      </pt>
      <pt>
        <x>572.28</x>
        <y>381.38</y>
      </pt>
      <pt>
        <x>566.17</x>
        <y>379.51</y>
      </pt>
      <username></username>
    </polygon>
    <attributes></attributes>
  </object>
  <object>
    <name>lane</name>
    <deleted>0</deleted>
    <verified>0</verified>
    <occluded>no</occluded>
    <date></date>
    <id>7</id>
    <parts>
      <hasparts></hasparts>
      <ispartof></ispartof>
    </parts>
    <polygon>
      <pt>
        <x>577.64</x>
        <y>372.35</y>
      </pt>
      <pt>
        <x>595.46</x>
        <y>364.72</y>
      </pt>
      <pt>
        <x>598.51</x>
        <y>365.57</y>
      </pt>
      <pt>
        <x>582.56</x>
        <y>373.20</y>
      </pt>
      <username></username>
    </polygon>
    <attributes></attributes>
  </object>
  <object>
    <name>lane</name>
    <deleted>0</deleted>
    <verified>0</verified>
    <occluded>no</occluded>
    <date></date>
    <id>8</id>
    <parts>
      <hasparts></hasparts>
      <ispartof></ispartof>
    </parts>
    <polygon>
      <pt>
        <x>612.94</x>
        <y>359.80</y>
      </pt>
      <pt>
        <x>615.65</x>
        <y>361.15</y>
      </pt>
      <pt>
        <x>637.37</x>
        <y>357.42</y>
      </pt>
      <pt>
        <x>634.32</x>
        <y>355.56</y>
      </pt>
      <username></username>
    </polygon>
    <attributes></attributes>
  </object>
  <object>
    <name>lane</name>
    <deleted>0</deleted>
    <verified>0</verified>
    <occluded>no</occluded>
    <date></date>
    <id>9</id>
    <parts>
      <hasparts></hasparts>
      <ispartof></ispartof>
    </parts>
    <polygon>
      <pt>
        <x>654.17</x>
        <y>352.16</y>
      </pt>
      <pt>
        <x>656.72</x>
        <y>352.84</y>
      </pt>
      <pt>
        <x>673.18</x>
        <y>349.45</y>
      </pt>
      <pt>
        <x>668.93</x>
        <y>348.60</y>
      </pt>
      <username></username>
    </polygon>
    <attributes></attributes>
  </object>
  <object>
    <name>lane</name>
    <deleted>0</deleted>
    <verified>0</verified>
    <occluded>no</occluded>
    <date></date>
    <id>10</id>
    <parts>
      <hasparts></hasparts>
      <ispartof></ispartof>
    </parts>
    <polygon>
      <pt>
        <x>688.45</x>
        <y>345.03</y>
      </pt>
      <pt>
        <x>691.50</x>
        <y>346.05</y>
      </pt>
      <pt>
        <x>707.11</x>
        <y>343.00</y>
      </pt>
      <pt>
        <x>703.72</x>
        <y>342.15</y>
      </pt>
      <username></username>
    </polygon>
    <attributes></attributes>
  </object>
  <object>
    <name>lane</name>
    <deleted>0</deleted>
    <verified>0</verified>
    <occluded>no</occluded>
    <date></date>
    <id>11</id>
    <parts>
      <hasparts></hasparts>
      <ispartof></ispartof>
    </parts>
    <polygon>
      <pt>
        <x>792.18</x>
        <y>332.06</y>
      </pt>
      <pt>
        <x>792.78</x>
        <y>333.16</y>
      </pt>
      <pt>
        <x>811.88</x>
        <y>331.86</y>
      </pt>
      <pt>
        <x>809.88</x>
        <y>330.66</y>
      </pt>
      <username></username>
    </polygon>
    <attributes></attributes>
  </object>
  <object>
    <name>lane</name>
    <deleted>0</deleted>
    <verified>0</verified>
    <occluded>no</occluded>
    <date></date>
    <id>12</id>
    <parts>
      <hasparts></hasparts>
      <ispartof></ispartof>
    </parts>
    <polygon>
      <pt>
        <x>721.38</x>
        <y>339.72</y>
      </pt>
      <pt>
        <x>723.92</x>
        <y>341.14</y>
      </pt>
      <pt>
        <x>744.14</x>
        <y>338.31</y>
      </pt>
      <pt>
        <x>740.47</x>
        <y>336.75</y>
      </pt>
      <username></username>
    </polygon>
    <attributes></attributes>
  </object>
  <object>
    <name>lane</name>
    <deleted>0</deleted>
    <verified>0</verified>
    <occluded>no</occluded>
    <date></date>
    <id>13</id>
    <parts>
      <hasparts></hasparts>
      <ispartof></ispartof>
    </parts>
    <polygon>
      <pt>
        <x>757.63</x>
        <y>335.40</y>
      </pt>
      <pt>
        <x>758.06</x>
        <y>336.39</y>
      </pt>
      <pt>
        <x>776.16</x>
        <y>334.41</y>
      </pt>
      <pt>
        <x>775.45</x>
        <y>332.99</y>
      </pt>
      <username></username>
    </polygon>
    <attributes></attributes>
  </object>
  <object>
    <name>lane</name>
    <deleted>0</deleted>
    <verified>0</verified>
    <occluded>no</occluded>
    <date></date>
    <id>14</id>
    <parts>
      <hasparts></hasparts>
      <ispartof></ispartof>
    </parts>
    <polygon>
      <pt>
        <x>829.68</x>
        <y>329.16</y>
      </pt>
      <pt>
        <x>830.68</x>
        <y>329.86</y>
      </pt>
      <pt>
        <x>847.49</x>
        <y>329.86</y>
      </pt>
      <pt>
        <x>845.88</x>
        <y>328.96</y>
      </pt>
      <username></username>
    </polygon>
    <attributes></attributes>
  </object>
  <object>
    <name>lane</name>
    <deleted>0</deleted>
    <verified>0</verified>
    <occluded>no</occluded>
    <date></date>
    <id>15</id>
    <parts>
      <hasparts></hasparts>
      <ispartof></ispartof>
    </parts>
    <polygon>
      <pt>
        <x>69.60</x>
        <y>492.90</y>
      </pt>
      <pt>
        <x>85.63</x>
        <y>491.19</y>
      </pt>
      <pt>
        <x>231.73</x>
        <y>525.81</y>
      </pt>
      <pt>
        <x>218.21</x>
        <y>528.77</y>
      </pt>
      <username></username>
    </polygon>
    <attributes></attributes>
  </object>
</annotation>
