<annotation>
  <filename>image_847.jpg</filename>
  <folder></folder>
  <source>
    <sourceImage></sourceImage>
    <sourceAnnotation>Datumaro</sourceAnnotation>
  </source>
  <imagesize>
    <nrows>1920</nrows>
    <ncols>1080</ncols>
  </imagesize>
  <object>
    <name>lane</name>
    <deleted>0</deleted>
    <verified>0</verified>
    <occluded>no</occluded>
    <date></date>
    <id>0</id>
    <parts>
      <hasparts></hasparts>
      <ispartof></ispartof>
    </parts>
    <polygon>
      <pt>
        <x>492.42</x>
        <y>747.86</y>
      </pt>
      <pt>
        <x>560.25</x>
        <y>743.98</y>
      </pt>
      <pt>
        <x>616.45</x>
        <y>1435.87</y>
      </pt>
      <pt>
        <x>507.92</x>
        <y>1439.75</y>
      </pt>
      <username></username>
    </polygon>
    <attributes></attributes>
  </object>
  <object>
    <name>lane</name>
    <deleted>0</deleted>
    <verified>0</verified>
    <occluded>no</occluded>
    <date></date>
    <id>1</id>
    <parts>
      <hasparts></hasparts>
      <ispartof></ispartof>
    </parts>
    <polygon>
      <pt>
        <x>476.83</x>
        <y>123.75</y>
      </pt>
      <pt>
        <x>502.79</x>
        <y>123.10</y>
      </pt>
      <pt>
        <x>509.93</x>
        <y>187.35</y>
      </pt>
      <pt>
        <x>481.38</x>
        <y>189.95</y>
      </pt>
      <username></username>
    </polygon>
    <attributes></attributes>
  </object>
  <object>
    <name>lane</name>
    <deleted>0</deleted>
    <verified>0</verified>
    <occluded>no</occluded>
    <date></date>
    <id>2</id>
    <parts>
      <hasparts></hasparts>
      <ispartof></ispartof>
    </parts>
    <polygon>
      <pt>
        <x>477.48</x>
        <y>23.79</y>
      </pt>
      <pt>
        <x>497.60</x>
        <y>21.20</y>
      </pt>
      <pt>
        <x>501.50</x>
        <y>69.87</y>
      </pt>
      <pt>
        <x>477.48</x>
        <y>69.87</y>
      </pt>
      <username></username>
    </polygon>
    <attributes></attributes>
  </object>
  <object>
    <name>lane</name>
    <deleted>0</deleted>
    <verified>0</verified>
    <occluded>no</occluded>
    <date></date>
    <id>3</id>
    <parts>
      <hasparts></hasparts>
      <ispartof></ispartof>
    </parts>
    <polygon>
      <pt>
        <x>483.32</x>
        <y>289.38</y>
      </pt>
      <pt>
        <x>519.93</x>
        <y>284.71</y>
      </pt>
      <pt>
        <x>534.73</x>
        <y>446.72</y>
      </pt>
      <pt>
        <x>491.11</x>
        <y>449.05</y>
      </pt>
      <username></username>
    </polygon>
    <attributes></attributes>
  </object>
</annotation>
