<annotation>
  <filename>image_43.jpg</filename>
  <folder></folder>
  <source>
    <sourceImage></sourceImage>
    <sourceAnnotation>Datumaro</sourceAnnotation>
  </source>
  <imagesize>
    <nrows>1920</nrows>
    <ncols>1080</ncols>
  </imagesize>
  <object>
    <name>lane</name>
    <deleted>0</deleted>
    <verified>0</verified>
    <occluded>no</occluded>
    <date></date>
    <id>0</id>
    <parts>
      <hasparts></hasparts>
      <ispartof></ispartof>
    </parts>
    <polygon>
      <pt>
        <x>263.62</x>
        <y>458.97</y>
      </pt>
      <pt>
        <x>268.10</x>
        <y>458.73</y>
      </pt>
      <pt>
        <x>284.02</x>
        <y>462.96</y>
      </pt>
      <pt>
        <x>282.28</x>
        <y>464.70</y>
      </pt>
      <username></username>
    </polygon>
    <attributes></attributes>
  </object>
  <object>
    <name>lane</name>
    <deleted>0</deleted>
    <verified>0</verified>
    <occluded>no</occluded>
    <date></date>
    <id>1</id>
    <parts>
      <hasparts></hasparts>
      <ispartof></ispartof>
    </parts>
    <polygon>
      <pt>
        <x>321.84</x>
        <y>475.15</y>
      </pt>
      <pt>
        <x>325.58</x>
        <y>474.40</y>
      </pt>
      <pt>
        <x>338.27</x>
        <y>481.12</y>
      </pt>
      <pt>
        <x>336.03</x>
        <y>482.36</y>
      </pt>
      <username></username>
    </polygon>
    <attributes></attributes>
  </object>
  <object>
    <name>lane</name>
    <deleted>0</deleted>
    <verified>0</verified>
    <occluded>no</occluded>
    <date></date>
    <id>2</id>
    <parts>
      <hasparts></hasparts>
      <ispartof></ispartof>
    </parts>
    <polygon>
      <pt>
        <x>296.71</x>
        <y>467.43</y>
      </pt>
      <pt>
        <x>300.19</x>
        <y>467.43</y>
      </pt>
      <pt>
        <x>319.11</x>
        <y>471.42</y>
      </pt>
      <pt>
        <x>316.37</x>
        <y>472.66</y>
      </pt>
      <username></username>
    </polygon>
    <attributes></attributes>
  </object>
  <object>
    <name>lane</name>
    <deleted>0</deleted>
    <verified>0</verified>
    <occluded>no</occluded>
    <date></date>
    <id>3</id>
    <parts>
      <hasparts></hasparts>
      <ispartof></ispartof>
    </parts>
    <polygon>
      <pt>
        <x>230.27</x>
        <y>453.50</y>
      </pt>
      <pt>
        <x>233.76</x>
        <y>453.00</y>
      </pt>
      <pt>
        <x>249.68</x>
        <y>455.99</y>
      </pt>
      <pt>
        <x>249.18</x>
        <y>456.98</y>
      </pt>
      <username></username>
    </polygon>
    <attributes></attributes>
  </object>
  <object>
    <name>lane</name>
    <deleted>0</deleted>
    <verified>0</verified>
    <occluded>no</occluded>
    <date></date>
    <id>4</id>
    <parts>
      <hasparts></hasparts>
      <ispartof></ispartof>
    </parts>
    <polygon>
      <pt>
        <x>381.81</x>
        <y>515.97</y>
      </pt>
      <pt>
        <x>390.41</x>
        <y>515.97</y>
      </pt>
      <pt>
        <x>372.78</x>
        <y>501.78</y>
      </pt>
      <pt>
        <x>368.91</x>
        <y>504.36</y>
      </pt>
      <username></username>
    </polygon>
    <attributes></attributes>
  </object>
  <object>
    <name>lane</name>
    <deleted>0</deleted>
    <verified>0</verified>
    <occluded>no</occluded>
    <date></date>
    <id>5</id>
    <parts>
      <hasparts></hasparts>
      <ispartof></ispartof>
    </parts>
    <polygon>
      <pt>
        <x>494.45</x>
        <y>962.01</y>
      </pt>
      <pt>
        <x>491.24</x>
        <y>768.36</y>
      </pt>
      <pt>
        <x>512.64</x>
        <y>766.22</y>
      </pt>
      <pt>
        <x>526.55</x>
        <y>965.22</y>
      </pt>
      <username></username>
    </polygon>
    <attributes></attributes>
  </object>
  <object>
    <name>lane</name>
    <deleted>0</deleted>
    <verified>0</verified>
    <occluded>no</occluded>
    <date></date>
    <id>6</id>
    <parts>
      <hasparts></hasparts>
      <ispartof></ispartof>
    </parts>
    <polygon>
      <pt>
        <x>503.13</x>
        <y>687.03</y>
      </pt>
      <pt>
        <x>485.30</x>
        <y>685.54</y>
      </pt>
      <pt>
        <x>465.98</x>
        <y>629.07</y>
      </pt>
      <pt>
        <x>484.56</x>
        <y>629.07</y>
      </pt>
      <username></username>
    </polygon>
    <attributes></attributes>
  </object>
  <object>
    <name>lane</name>
    <deleted>0</deleted>
    <verified>0</verified>
    <occluded>no</occluded>
    <date></date>
    <id>7</id>
    <parts>
      <hasparts></hasparts>
      <ispartof></ispartof>
    </parts>
    <polygon>
      <pt>
        <x>453.19</x>
        <y>599.38</y>
      </pt>
      <pt>
        <x>465.66</x>
        <y>596.37</y>
      </pt>
      <pt>
        <x>442.01</x>
        <y>564.55</y>
      </pt>
      <pt>
        <x>432.12</x>
        <y>566.27</y>
      </pt>
      <username></username>
    </polygon>
    <attributes></attributes>
  </object>
  <object>
    <name>lane</name>
    <deleted>0</deleted>
    <verified>0</verified>
    <occluded>no</occluded>
    <date></date>
    <id>8</id>
    <parts>
      <hasparts></hasparts>
      <ispartof></ispartof>
    </parts>
    <polygon>
      <pt>
        <x>414.92</x>
        <y>547.36</y>
      </pt>
      <pt>
        <x>422.66</x>
        <y>546.50</y>
      </pt>
      <pt>
        <x>404.60</x>
        <y>526.72</y>
      </pt>
      <pt>
        <x>397.29</x>
        <y>528.01</y>
      </pt>
      <username></username>
    </polygon>
    <attributes></attributes>
  </object>
  <object>
    <name>lane</name>
    <deleted>0</deleted>
    <verified>0</verified>
    <occluded>no</occluded>
    <date></date>
    <id>9</id>
    <parts>
      <hasparts></hasparts>
      <ispartof></ispartof>
    </parts>
    <polygon>
      <pt>
        <x>356.44</x>
        <y>495.33</y>
      </pt>
      <pt>
        <x>361.17</x>
        <y>493.61</y>
      </pt>
      <pt>
        <x>348.27</x>
        <y>486.30</y>
      </pt>
      <pt>
        <x>344.83</x>
        <y>488.02</y>
      </pt>
      <username></username>
    </polygon>
    <attributes></attributes>
  </object>
  <object>
    <name>lane</name>
    <deleted>0</deleted>
    <verified>0</verified>
    <occluded>no</occluded>
    <date></date>
    <id>10</id>
    <parts>
      <hasparts></hasparts>
      <ispartof></ispartof>
    </parts>
    <polygon>
      <pt>
        <x>390.97</x>
        <y>1911.16</y>
      </pt>
      <pt>
        <x>448.65</x>
        <y>1474.09</y>
      </pt>
      <pt>
        <x>515.21</x>
        <y>1467.44</y>
      </pt>
      <pt>
        <x>486.79</x>
        <y>1920.00</y>
      </pt>
      <pt>
        <x>445.27</x>
        <y>1920.00</y>
      </pt>
      <username></username>
    </polygon>
    <attributes></attributes>
  </object>
</annotation>
