<annotation>
  <filename>image_1648.jpg</filename>
  <folder></folder>
  <source>
    <sourceImage></sourceImage>
    <sourceAnnotation>Datumaro</sourceAnnotation>
  </source>
  <imagesize>
    <nrows>486</nrows>
    <ncols>1080</ncols>
  </imagesize>
  <object>
    <name>lane</name>
    <deleted>0</deleted>
    <verified>0</verified>
    <occluded>no</occluded>
    <date></date>
    <id>0</id>
    <parts>
      <hasparts></hasparts>
      <ispartof></ispartof>
    </parts>
    <polygon>
      <pt>
        <x>268.27</x>
        <y>216.50</y>
      </pt>
      <pt>
        <x>268.47</x>
        <y>213.21</y>
      </pt>
      <pt>
        <x>264.81</x>
        <y>212.51</y>
      </pt>
      <pt>
        <x>264.81</x>
        <y>215.63</y>
      </pt>
      <username></username>
    </polygon>
    <attributes></attributes>
  </object>
  <object>
    <name>lane</name>
    <deleted>0</deleted>
    <verified>0</verified>
    <occluded>no</occluded>
    <date></date>
    <id>1</id>
    <parts>
      <hasparts></hasparts>
      <ispartof></ispartof>
    </parts>
    <polygon>
      <pt>
        <x>295.88</x>
        <y>219.81</y>
      </pt>
      <pt>
        <x>295.60</x>
        <y>213.54</y>
      </pt>
      <pt>
        <x>287.05</x>
        <y>213.54</y>
      </pt>
      <pt>
        <x>285.91</x>
        <y>218.10</y>
      </pt>
      <username></username>
    </polygon>
    <attributes></attributes>
  </object>
  <object>
    <name>lane</name>
    <deleted>0</deleted>
    <verified>0</verified>
    <occluded>no</occluded>
    <date></date>
    <id>2</id>
    <parts>
      <hasparts></hasparts>
      <ispartof></ispartof>
    </parts>
    <polygon>
      <pt>
        <x>323.24</x>
        <y>221.81</y>
      </pt>
      <pt>
        <x>323.81</x>
        <y>214.11</y>
      </pt>
      <pt>
        <x>307.85</x>
        <y>213.83</y>
      </pt>
      <pt>
        <x>307.00</x>
        <y>220.67</y>
      </pt>
      <username></username>
    </polygon>
    <attributes></attributes>
  </object>
  <object>
    <name>lane</name>
    <deleted>0</deleted>
    <verified>0</verified>
    <occluded>no</occluded>
    <date></date>
    <id>3</id>
    <parts>
      <hasparts></hasparts>
      <ispartof></ispartof>
    </parts>
    <polygon>
      <pt>
        <x>378.94</x>
        <y>226.57</y>
      </pt>
      <pt>
        <x>380.99</x>
        <y>214.94</y>
      </pt>
      <pt>
        <x>345.08</x>
        <y>213.58</y>
      </pt>
      <pt>
        <x>344.74</x>
        <y>223.84</y>
      </pt>
      <username></username>
    </polygon>
    <attributes></attributes>
  </object>
  <object>
    <name>lane</name>
    <deleted>0</deleted>
    <verified>0</verified>
    <occluded>no</occluded>
    <date></date>
    <id>4</id>
    <parts>
      <hasparts></hasparts>
      <ispartof></ispartof>
    </parts>
    <polygon>
      <pt>
        <x>589.64</x>
        <y>243.06</y>
      </pt>
      <pt>
        <x>593.19</x>
        <y>218.24</y>
      </pt>
      <pt>
        <x>443.55</x>
        <y>215.40</y>
      </pt>
      <pt>
        <x>442.84</x>
        <y>231.00</y>
      </pt>
      <username></username>
    </polygon>
    <attributes></attributes>
  </object>
  <object>
    <name>lane</name>
    <deleted>0</deleted>
    <verified>0</verified>
    <occluded>no</occluded>
    <date></date>
    <id>5</id>
    <parts>
      <hasparts></hasparts>
      <ispartof></ispartof>
    </parts>
    <polygon>
      <pt>
        <x>261.53</x>
        <y>215.81</y>
      </pt>
      <pt>
        <x>261.53</x>
        <y>212.86</y>
      </pt>
      <pt>
        <x>258.58</x>
        <y>211.99</y>
      </pt>
      <pt>
        <x>258.58</x>
        <y>215.63</y>
      </pt>
      <username></username>
    </polygon>
    <attributes></attributes>
  </object>
  <object>
    <name>lane</name>
    <deleted>0</deleted>
    <verified>0</verified>
    <occluded>no</occluded>
    <date></date>
    <id>6</id>
    <parts>
      <hasparts></hasparts>
      <ispartof></ispartof>
    </parts>
    <polygon>
      <pt>
        <x>272.80</x>
        <y>213.38</y>
      </pt>
      <pt>
        <x>278.35</x>
        <y>213.38</y>
      </pt>
      <pt>
        <x>278.35</x>
        <y>217.37</y>
      </pt>
      <pt>
        <x>274.19</x>
        <y>217.20</y>
      </pt>
      <username></username>
    </polygon>
    <attributes></attributes>
  </object>
</annotation>
