<annotation>
  <filename>image_676.jpg</filename>
  <folder></folder>
  <source>
    <sourceImage></sourceImage>
    <sourceAnnotation>Datumaro</sourceAnnotation>
  </source>
  <imagesize>
    <nrows>1920</nrows>
    <ncols>1080</ncols>
  </imagesize>
  <object>
    <name>lane</name>
    <deleted>0</deleted>
    <verified>0</verified>
    <occluded>no</occluded>
    <date></date>
    <id>0</id>
    <parts>
      <hasparts></hasparts>
      <ispartof></ispartof>
    </parts>
    <polygon>
      <pt>
        <x>170.00</x>
        <y>260.10</y>
      </pt>
      <pt>
        <x>179.50</x>
        <y>258.50</y>
      </pt>
      <pt>
        <x>216.66</x>
        <y>279.09</y>
      </pt>
      <pt>
        <x>203.63</x>
        <y>280.28</y>
      </pt>
      <username></username>
    </polygon>
    <attributes></attributes>
  </object>
  <object>
    <name>lane</name>
    <deleted>0</deleted>
    <verified>0</verified>
    <occluded>no</occluded>
    <date></date>
    <id>1</id>
    <parts>
      <hasparts></hasparts>
      <ispartof></ispartof>
    </parts>
    <polygon>
      <pt>
        <x>103.10</x>
        <y>228.80</y>
      </pt>
      <pt>
        <x>139.00</x>
        <y>245.10</y>
      </pt>
      <pt>
        <x>146.66</x>
        <y>243.85</y>
      </pt>
      <pt>
        <x>109.60</x>
        <y>226.10</y>
      </pt>
      <username></username>
    </polygon>
    <attributes></attributes>
  </object>
  <object>
    <name>lane</name>
    <deleted>0</deleted>
    <verified>0</verified>
    <occluded>no</occluded>
    <date></date>
    <id>2</id>
    <parts>
      <hasparts></hasparts>
      <ispartof></ispartof>
    </parts>
    <polygon>
      <pt>
        <x>40.30</x>
        <y>203.40</y>
      </pt>
      <pt>
        <x>81.80</x>
        <y>216.50</y>
      </pt>
      <pt>
        <x>78.40</x>
        <y>218.80</y>
      </pt>
      <pt>
        <x>40.30</x>
        <y>206.90</y>
      </pt>
      <username></username>
    </polygon>
    <attributes></attributes>
  </object>
  <object>
    <name>lane</name>
    <deleted>0</deleted>
    <verified>0</verified>
    <occluded>no</occluded>
    <date></date>
    <id>3</id>
    <parts>
      <hasparts></hasparts>
      <ispartof></ispartof>
    </parts>
    <polygon>
      <pt>
        <x>426.70</x>
        <y>1276.20</y>
      </pt>
      <pt>
        <x>500.40</x>
        <y>1277.60</y>
      </pt>
      <pt>
        <x>498.80</x>
        <y>1920.00</y>
      </pt>
      <pt>
        <x>381.50</x>
        <y>1917.10</y>
      </pt>
      <pt>
        <x>408.30</x>
        <y>1532.50</y>
      </pt>
      <username></username>
    </polygon>
    <attributes></attributes>
  </object>
  <object>
    <name>lane</name>
    <deleted>0</deleted>
    <verified>0</verified>
    <occluded>no</occluded>
    <date></date>
    <id>4</id>
    <parts>
      <hasparts></hasparts>
      <ispartof></ispartof>
    </parts>
    <polygon>
      <pt>
        <x>428.20</x>
        <y>658.20</y>
      </pt>
      <pt>
        <x>465.50</x>
        <y>659.20</y>
      </pt>
      <pt>
        <x>487.15</x>
        <y>861.74</y>
      </pt>
      <pt>
        <x>437.01</x>
        <y>859.78</y>
      </pt>
      <pt>
        <x>433.10</x>
        <y>752.60</y>
      </pt>
      <username></username>
    </polygon>
    <attributes></attributes>
  </object>
  <object>
    <name>lane</name>
    <deleted>0</deleted>
    <verified>0</verified>
    <occluded>no</occluded>
    <date></date>
    <id>5</id>
    <parts>
      <hasparts></hasparts>
      <ispartof></ispartof>
    </parts>
    <polygon>
      <pt>
        <x>364.30</x>
        <y>458.30</y>
      </pt>
      <pt>
        <x>392.20</x>
        <y>462.50</y>
      </pt>
      <pt>
        <x>426.90</x>
        <y>539.80</y>
      </pt>
      <pt>
        <x>397.00</x>
        <y>539.80</y>
      </pt>
      <pt>
        <x>379.47</x>
        <y>492.89</y>
      </pt>
      <pt>
        <x>379.47</x>
        <y>492.89</y>
      </pt>
      <username></username>
    </polygon>
    <attributes></attributes>
  </object>
  <object>
    <name>lane</name>
    <deleted>0</deleted>
    <verified>0</verified>
    <occluded>no</occluded>
    <date></date>
    <id>6</id>
    <parts>
      <hasparts></hasparts>
      <ispartof></ispartof>
    </parts>
    <polygon>
      <pt>
        <x>299.30</x>
        <y>361.10</y>
      </pt>
      <pt>
        <x>317.80</x>
        <y>360.10</y>
      </pt>
      <pt>
        <x>354.30</x>
        <y>407.10</y>
      </pt>
      <pt>
        <x>332.53</x>
        <y>407.07</y>
      </pt>
      <username></username>
    </polygon>
    <attributes></attributes>
  </object>
  <object>
    <name>lane</name>
    <deleted>0</deleted>
    <verified>0</verified>
    <occluded>no</occluded>
    <date></date>
    <id>7</id>
    <parts>
      <hasparts></hasparts>
      <ispartof></ispartof>
    </parts>
    <polygon>
      <pt>
        <x>235.60</x>
        <y>302.40</y>
      </pt>
      <pt>
        <x>251.40</x>
        <y>302.00</y>
      </pt>
      <pt>
        <x>286.50</x>
        <y>330.10</y>
      </pt>
      <pt>
        <x>268.70</x>
        <y>330.10</y>
      </pt>
      <username></username>
    </polygon>
    <attributes></attributes>
  </object>
</annotation>
