<annotation>
  <filename>image_2782.jpg</filename>
  <folder></folder>
  <source>
    <sourceImage></sourceImage>
    <sourceAnnotation>Datumaro</sourceAnnotation>
  </source>
  <imagesize>
    <nrows>1920</nrows>
    <ncols>1080</ncols>
  </imagesize>
  <object>
    <name>lane</name>
    <deleted>0</deleted>
    <verified>0</verified>
    <occluded>no</occluded>
    <date></date>
    <id>0</id>
    <parts>
      <hasparts></hasparts>
      <ispartof></ispartof>
    </parts>
    <type>bounding_box</type>
    <polygon>
      <pt>
        <x>507.74</x>
        <y>814.63</y>
      </pt>
      <pt>
        <x>511.41</x>
        <y>814.63</y>
      </pt>
      <pt>
        <x>511.41</x>
        <y>817.89</y>
      </pt>
      <pt>
        <x>507.74</x>
        <y>817.89</y>
      </pt>
      <username></username>
    </polygon>
    <attributes>rotation=0.0</attributes>
  </object>
  <object>
    <name>lane</name>
    <deleted>0</deleted>
    <verified>0</verified>
    <occluded>no</occluded>
    <date></date>
    <id>1</id>
    <parts>
      <hasparts></hasparts>
      <ispartof></ispartof>
    </parts>
    <type>bounding_box</type>
    <polygon>
      <pt>
        <x>507.95</x>
        <y>820.53</y>
      </pt>
      <pt>
        <x>512.22</x>
        <y>820.53</y>
      </pt>
      <pt>
        <x>512.22</x>
        <y>823.79</y>
      </pt>
      <pt>
        <x>507.95</x>
        <y>823.79</y>
      </pt>
      <username></username>
    </polygon>
    <attributes>rotation=0.0</attributes>
  </object>
  <object>
    <name>lane</name>
    <deleted>0</deleted>
    <verified>0</verified>
    <occluded>no</occluded>
    <date></date>
    <id>2</id>
    <parts>
      <hasparts></hasparts>
      <ispartof></ispartof>
    </parts>
    <polygon>
      <pt>
        <x>507.14</x>
        <y>860.17</y>
      </pt>
      <pt>
        <x>515.44</x>
        <y>859.68</y>
      </pt>
      <pt>
        <x>516.18</x>
        <y>874.10</y>
      </pt>
      <username></username>
    </polygon>
    <attributes></attributes>
  </object>
  <object>
    <name>lane</name>
    <deleted>0</deleted>
    <verified>0</verified>
    <occluded>no</occluded>
    <date></date>
    <id>3</id>
    <parts>
      <hasparts></hasparts>
      <ispartof></ispartof>
    </parts>
    <polygon>
      <pt>
        <x>507.62</x>
        <y>828.16</y>
      </pt>
      <pt>
        <x>513.49</x>
        <y>828.16</y>
      </pt>
      <pt>
        <x>514.47</x>
        <y>836.23</y>
      </pt>
      <pt>
        <x>508.36</x>
        <y>836.23</y>
      </pt>
      <username></username>
    </polygon>
    <attributes></attributes>
  </object>
  <object>
    <name>lane</name>
    <deleted>0</deleted>
    <verified>0</verified>
    <occluded>no</occluded>
    <date></date>
    <id>4</id>
    <parts>
      <hasparts></hasparts>
      <ispartof></ispartof>
    </parts>
    <polygon>
      <pt>
        <x>508.36</x>
        <y>841.11</y>
      </pt>
      <pt>
        <x>513.98</x>
        <y>841.36</y>
      </pt>
      <pt>
        <x>514.71</x>
        <y>851.13</y>
      </pt>
      <pt>
        <x>507.87</x>
        <y>851.38</y>
      </pt>
      <username></username>
    </polygon>
    <attributes></attributes>
  </object>
  <object>
    <name>lane</name>
    <deleted>0</deleted>
    <verified>0</verified>
    <occluded>no</occluded>
    <date></date>
    <id>5</id>
    <parts>
      <hasparts></hasparts>
      <ispartof></ispartof>
    </parts>
    <polygon>
      <pt>
        <x>506.65</x>
        <y>885.34</y>
      </pt>
      <pt>
        <x>516.18</x>
        <y>885.10</y>
      </pt>
      <pt>
        <x>517.64</x>
        <y>906.35</y>
      </pt>
      <pt>
        <x>507.38</x>
        <y>906.35</y>
      </pt>
      <username></username>
    </polygon>
    <attributes></attributes>
  </object>
  <object>
    <name>lane</name>
    <deleted>0</deleted>
    <verified>0</verified>
    <occluded>no</occluded>
    <date></date>
    <id>6</id>
    <parts>
      <hasparts></hasparts>
      <ispartof></ispartof>
    </parts>
    <polygon>
      <pt>
        <x>504.56</x>
        <y>1017.07</y>
      </pt>
      <pt>
        <x>523.47</x>
        <y>1017.07</y>
      </pt>
      <pt>
        <x>531.03</x>
        <y>1110.37</y>
      </pt>
      <pt>
        <x>505.82</x>
        <y>1107.85</y>
      </pt>
      <username></username>
    </polygon>
    <attributes></attributes>
  </object>
  <object>
    <name>lane</name>
    <deleted>0</deleted>
    <verified>0</verified>
    <occluded>no</occluded>
    <date></date>
    <id>7</id>
    <parts>
      <hasparts></hasparts>
      <ispartof></ispartof>
    </parts>
    <polygon>
      <pt>
        <x>500.09</x>
        <y>1311.28</y>
      </pt>
      <pt>
        <x>549.11</x>
        <y>1311.28</y>
      </pt>
      <pt>
        <x>583.61</x>
        <y>1915.85</y>
      </pt>
      <pt>
        <x>494.65</x>
        <y>1915.85</y>
      </pt>
      <username></username>
    </polygon>
    <attributes></attributes>
  </object>
  <object>
    <name>lane</name>
    <deleted>0</deleted>
    <verified>0</verified>
    <occluded>no</occluded>
    <date></date>
    <id>8</id>
    <parts>
      <hasparts></hasparts>
      <ispartof></ispartof>
    </parts>
    <polygon>
      <pt>
        <x>506.62</x>
        <y>928.09</y>
      </pt>
      <pt>
        <x>518.17</x>
        <y>928.10</y>
      </pt>
      <pt>
        <x>524.25</x>
        <y>963.97</y>
      </pt>
      <pt>
        <x>509.05</x>
        <y>963.97</y>
      </pt>
      <username></username>
    </polygon>
    <attributes></attributes>
  </object>
</annotation>
