<annotation>
  <filename>image_779.jpg</filename>
  <folder></folder>
  <source>
    <sourceImage></sourceImage>
    <sourceAnnotation>Datumaro</sourceAnnotation>
  </source>
  <imagesize>
    <nrows>1920</nrows>
    <ncols>1080</ncols>
  </imagesize>
  <object>
    <name>lane</name>
    <deleted>0</deleted>
    <verified>0</verified>
    <occluded>no</occluded>
    <date></date>
    <id>0</id>
    <parts>
      <hasparts></hasparts>
      <ispartof></ispartof>
    </parts>
    <polygon>
      <pt>
        <x>610.00</x>
        <y>565.20</y>
      </pt>
      <pt>
        <x>640.42</x>
        <y>566.75</y>
      </pt>
      <pt>
        <x>788.90</x>
        <y>467.40</y>
      </pt>
      <pt>
        <x>764.00</x>
        <y>467.90</y>
      </pt>
      <username></username>
    </polygon>
    <attributes></attributes>
  </object>
  <object>
    <name>lane</name>
    <deleted>0</deleted>
    <verified>0</verified>
    <occluded>no</occluded>
    <date></date>
    <id>1</id>
    <parts>
      <hasparts></hasparts>
      <ispartof></ispartof>
    </parts>
    <polygon>
      <pt>
        <x>950.80</x>
        <y>380.90</y>
      </pt>
      <pt>
        <x>1055.10</x>
        <y>342.90</y>
      </pt>
      <pt>
        <x>1075.41</x>
        <y>343.33</y>
      </pt>
      <pt>
        <x>961.40</x>
        <y>385.13</y>
      </pt>
      <username></username>
    </polygon>
    <attributes></attributes>
  </object>
  <object>
    <name>lane</name>
    <deleted>0</deleted>
    <verified>0</verified>
    <occluded>no</occluded>
    <date></date>
    <id>2</id>
    <parts>
      <hasparts></hasparts>
      <ispartof></ispartof>
    </parts>
    <polygon>
      <pt>
        <x>884.60</x>
        <y>323.90</y>
      </pt>
      <pt>
        <x>896.40</x>
        <y>326.40</y>
      </pt>
      <pt>
        <x>1080.00</x>
        <y>293.17</y>
      </pt>
      <pt>
        <x>1079.60</x>
        <y>290.10</y>
      </pt>
      <pt>
        <x>984.20</x>
        <y>306.20</y>
      </pt>
      <username></username>
    </polygon>
    <attributes></attributes>
  </object>
  <object>
    <name>lane</name>
    <deleted>0</deleted>
    <verified>0</verified>
    <occluded>no</occluded>
    <date></date>
    <id>3</id>
    <parts>
      <hasparts></hasparts>
      <ispartof></ispartof>
    </parts>
    <polygon>
      <pt>
        <x>465.90</x>
        <y>721.20</y>
      </pt>
      <pt>
        <x>508.20</x>
        <y>719.00</y>
      </pt>
      <pt>
        <x>466.60</x>
        <y>829.90</y>
      </pt>
      <pt>
        <x>432.30</x>
        <y>985.30</y>
      </pt>
      <pt>
        <x>371.70</x>
        <y>986.70</y>
      </pt>
      <pt>
        <x>428.65</x>
        <y>816.74</y>
      </pt>
      <username></username>
    </polygon>
    <attributes></attributes>
  </object>
</annotation>
