<annotation>
  <filename>image_70.jpg</filename>
  <folder></folder>
  <source>
    <sourceImage></sourceImage>
    <sourceAnnotation>Datumaro</sourceAnnotation>
  </source>
  <imagesize>
    <nrows>1920</nrows>
    <ncols>1080</ncols>
  </imagesize>
  <object>
    <name>lane</name>
    <deleted>0</deleted>
    <verified>0</verified>
    <occluded>no</occluded>
    <date></date>
    <id>0</id>
    <parts>
      <hasparts></hasparts>
      <ispartof></ispartof>
    </parts>
    <polygon>
      <pt>
        <x>436.80</x>
        <y>542.40</y>
      </pt>
      <pt>
        <x>450.40</x>
        <y>541.80</y>
      </pt>
      <pt>
        <x>496.90</x>
        <y>598.40</y>
      </pt>
      <pt>
        <x>480.71</x>
        <y>599.46</y>
      </pt>
      <username></username>
    </polygon>
    <attributes></attributes>
  </object>
  <object>
    <name>lane</name>
    <deleted>0</deleted>
    <verified>0</verified>
    <occluded>no</occluded>
    <date></date>
    <id>1</id>
    <parts>
      <hasparts></hasparts>
      <ispartof></ispartof>
    </parts>
    <polygon>
      <pt>
        <x>501.26</x>
        <y>929.28</y>
      </pt>
      <pt>
        <x>536.10</x>
        <y>930.80</y>
      </pt>
      <pt>
        <x>601.10</x>
        <y>1570.80</y>
      </pt>
      <pt>
        <x>520.90</x>
        <y>1573.80</y>
      </pt>
      <username></username>
    </polygon>
    <attributes></attributes>
  </object>
  <object>
    <name>lane</name>
    <deleted>0</deleted>
    <verified>0</verified>
    <occluded>no</occluded>
    <date></date>
    <id>2</id>
    <parts>
      <hasparts></hasparts>
      <ispartof></ispartof>
    </parts>
    <polygon>
      <pt>
        <x>540.00</x>
        <y>673.70</y>
      </pt>
      <pt>
        <x>562.50</x>
        <y>674.30</y>
      </pt>
      <pt>
        <x>709.10</x>
        <y>823.80</y>
      </pt>
      <pt>
        <x>685.30</x>
        <y>831.10</y>
      </pt>
      <username></username>
    </polygon>
    <attributes></attributes>
  </object>
  <object>
    <name>lane</name>
    <deleted>0</deleted>
    <verified>0</verified>
    <occluded>no</occluded>
    <date></date>
    <id>3</id>
    <parts>
      <hasparts></hasparts>
      <ispartof></ispartof>
    </parts>
    <polygon>
      <pt>
        <x>478.14</x>
        <y>625.17</y>
      </pt>
      <pt>
        <x>497.14</x>
        <y>625.17</y>
      </pt>
      <pt>
        <x>521.20</x>
        <y>754.80</y>
      </pt>
      <pt>
        <x>497.10</x>
        <y>754.80</y>
      </pt>
      <username></username>
    </polygon>
    <attributes></attributes>
  </object>
  <object>
    <name>lane</name>
    <deleted>0</deleted>
    <verified>0</verified>
    <occluded>no</occluded>
    <date></date>
    <id>4</id>
    <parts>
      <hasparts></hasparts>
      <ispartof></ispartof>
    </parts>
    <polygon>
      <pt>
        <x>388.50</x>
        <y>480.20</y>
      </pt>
      <pt>
        <x>398.70</x>
        <y>480.40</y>
      </pt>
      <pt>
        <x>425.60</x>
        <y>509.80</y>
      </pt>
      <pt>
        <x>415.80</x>
        <y>509.80</y>
      </pt>
      <username></username>
    </polygon>
    <attributes></attributes>
  </object>
  <object>
    <name>lane</name>
    <deleted>0</deleted>
    <verified>0</verified>
    <occluded>no</occluded>
    <date></date>
    <id>5</id>
    <parts>
      <hasparts></hasparts>
      <ispartof></ispartof>
    </parts>
    <polygon>
      <pt>
        <x>350.70</x>
        <y>447.60</y>
      </pt>
      <pt>
        <x>358.70</x>
        <y>447.20</y>
      </pt>
      <pt>
        <x>378.90</x>
        <y>462.80</y>
      </pt>
      <pt>
        <x>370.20</x>
        <y>463.80</y>
      </pt>
      <pt>
        <x>362.30</x>
        <y>455.30</y>
      </pt>
      <username></username>
    </polygon>
    <attributes></attributes>
  </object>
  <object>
    <name>lane</name>
    <deleted>0</deleted>
    <verified>0</verified>
    <occluded>no</occluded>
    <date></date>
    <id>6</id>
    <parts>
      <hasparts></hasparts>
      <ispartof></ispartof>
    </parts>
    <polygon>
      <pt>
        <x>319.70</x>
        <y>425.10</y>
      </pt>
      <pt>
        <x>325.90</x>
        <y>423.80</y>
      </pt>
      <pt>
        <x>343.30</x>
        <y>436.60</y>
      </pt>
      <pt>
        <x>336.50</x>
        <y>437.30</y>
      </pt>
      <username></username>
    </polygon>
    <attributes></attributes>
  </object>
  <object>
    <name>lane</name>
    <deleted>0</deleted>
    <verified>0</verified>
    <occluded>no</occluded>
    <date></date>
    <id>7</id>
    <parts>
      <hasparts></hasparts>
      <ispartof></ispartof>
    </parts>
    <polygon>
      <pt>
        <x>290.94</x>
        <y>408.65</y>
      </pt>
      <pt>
        <x>295.00</x>
        <y>408.30</y>
      </pt>
      <pt>
        <x>313.40</x>
        <y>417.10</y>
      </pt>
      <pt>
        <x>307.60</x>
        <y>417.40</y>
      </pt>
      <username></username>
    </polygon>
    <attributes></attributes>
  </object>
  <object>
    <name>lane</name>
    <deleted>0</deleted>
    <verified>0</verified>
    <occluded>no</occluded>
    <date></date>
    <id>8</id>
    <parts>
      <hasparts></hasparts>
      <ispartof></ispartof>
    </parts>
    <polygon>
      <pt>
        <x>262.10</x>
        <y>397.49</y>
      </pt>
      <pt>
        <x>264.64</x>
        <y>395.65</y>
      </pt>
      <pt>
        <x>281.89</x>
        <y>402.87</y>
      </pt>
      <pt>
        <x>279.06</x>
        <y>404.42</y>
      </pt>
      <username></username>
    </polygon>
    <attributes></attributes>
  </object>
  <object>
    <name>lane</name>
    <deleted>0</deleted>
    <verified>0</verified>
    <occluded>no</occluded>
    <date></date>
    <id>9</id>
    <parts>
      <hasparts></hasparts>
      <ispartof></ispartof>
    </parts>
    <polygon>
      <pt>
        <x>201.91</x>
        <y>382.77</y>
      </pt>
      <pt>
        <x>204.46</x>
        <y>381.92</y>
      </pt>
      <pt>
        <x>219.17</x>
        <y>385.18</y>
      </pt>
      <pt>
        <x>218.32</x>
        <y>386.45</y>
      </pt>
      <username></username>
    </polygon>
    <attributes></attributes>
  </object>
  <object>
    <name>lane</name>
    <deleted>0</deleted>
    <verified>0</verified>
    <occluded>no</occluded>
    <date></date>
    <id>10</id>
    <parts>
      <hasparts></hasparts>
      <ispartof></ispartof>
    </parts>
    <polygon>
      <pt>
        <x>230.99</x>
        <y>389.43</y>
      </pt>
      <pt>
        <x>234.80</x>
        <y>388.44</y>
      </pt>
      <pt>
        <x>251.21</x>
        <y>393.82</y>
      </pt>
      <pt>
        <x>248.80</x>
        <y>394.81</y>
      </pt>
      <username></username>
    </polygon>
    <attributes></attributes>
  </object>
</annotation>
