<annotation>
  <filename>image_2562.jpg</filename>
  <folder></folder>
  <source>
    <sourceImage></sourceImage>
    <sourceAnnotation>Datumaro</sourceAnnotation>
  </source>
  <imagesize>
    <nrows>1920</nrows>
    <ncols>1080</ncols>
  </imagesize>
  <object>
    <name>lane</name>
    <deleted>0</deleted>
    <verified>0</verified>
    <occluded>no</occluded>
    <date></date>
    <id>0</id>
    <parts>
      <hasparts></hasparts>
      <ispartof></ispartof>
    </parts>
    <type>bounding_box</type>
    <polygon>
      <pt>
        <x>415.89</x>
        <y>396.55</y>
      </pt>
      <pt>
        <x>430.12</x>
        <y>396.55</y>
      </pt>
      <pt>
        <x>430.12</x>
        <y>440.17</y>
      </pt>
      <pt>
        <x>415.89</x>
        <y>440.17</y>
      </pt>
      <username></username>
    </polygon>
    <attributes>rotation=0.0</attributes>
  </object>
  <object>
    <name>lane</name>
    <deleted>0</deleted>
    <verified>0</verified>
    <occluded>no</occluded>
    <date></date>
    <id>1</id>
    <parts>
      <hasparts></hasparts>
      <ispartof></ispartof>
    </parts>
    <polygon>
      <pt>
        <x>426.76</x>
        <y>563.54</y>
      </pt>
      <pt>
        <x>452.25</x>
        <y>563.54</y>
      </pt>
      <pt>
        <x>463.58</x>
        <y>699.47</y>
      </pt>
      <pt>
        <x>438.09</x>
        <y>702.30</y>
      </pt>
      <username></username>
    </polygon>
    <attributes></attributes>
  </object>
  <object>
    <name>lane</name>
    <deleted>0</deleted>
    <verified>0</verified>
    <occluded>no</occluded>
    <date></date>
    <id>2</id>
    <parts>
      <hasparts></hasparts>
      <ispartof></ispartof>
    </parts>
    <polygon>
      <pt>
        <x>455.08</x>
        <y>1152.57</y>
      </pt>
      <pt>
        <x>511.72</x>
        <y>1141.24</y>
      </pt>
      <pt>
        <x>602.01</x>
        <y>1920.00</y>
      </pt>
      <pt>
        <x>495.76</x>
        <y>1920.00</y>
      </pt>
      <username></username>
    </polygon>
    <attributes></attributes>
  </object>
  <object>
    <name>lane</name>
    <deleted>0</deleted>
    <verified>0</verified>
    <occluded>no</occluded>
    <date></date>
    <id>3</id>
    <parts>
      <hasparts></hasparts>
      <ispartof></ispartof>
    </parts>
    <polygon>
      <pt>
        <x>191.01</x>
        <y>324.26</y>
      </pt>
      <pt>
        <x>196.30</x>
        <y>322.22</y>
      </pt>
      <pt>
        <x>221.75</x>
        <y>328.33</y>
      </pt>
      <pt>
        <x>247.21</x>
        <y>333.83</y>
      </pt>
      <pt>
        <x>244.56</x>
        <y>337.09</y>
      </pt>
      <pt>
        <x>206.28</x>
        <y>327.52</y>
      </pt>
      <username></username>
    </polygon>
    <attributes></attributes>
  </object>
  <object>
    <name>lane</name>
    <deleted>0</deleted>
    <verified>0</verified>
    <occluded>no</occluded>
    <date></date>
    <id>4</id>
    <parts>
      <hasparts></hasparts>
      <ispartof></ispartof>
    </parts>
    <polygon>
      <pt>
        <x>526.76</x>
        <y>332.62</y>
      </pt>
      <pt>
        <x>551.97</x>
        <y>329.10</y>
      </pt>
      <pt>
        <x>579.24</x>
        <y>324.11</y>
      </pt>
      <pt>
        <x>582.18</x>
        <y>327.05</y>
      </pt>
      <pt>
        <x>553.73</x>
        <y>331.15</y>
      </pt>
      <pt>
        <x>530.28</x>
        <y>335.26</y>
      </pt>
      <username></username>
    </polygon>
    <attributes></attributes>
  </object>
  <object>
    <name>lane</name>
    <deleted>0</deleted>
    <verified>0</verified>
    <occluded>no</occluded>
    <date></date>
    <id>5</id>
    <parts>
      <hasparts></hasparts>
      <ispartof></ispartof>
    </parts>
    <polygon>
      <pt>
        <x>436.74</x>
        <y>358.13</y>
      </pt>
      <pt>
        <x>454.63</x>
        <y>347.86</y>
      </pt>
      <pt>
        <x>473.98</x>
        <y>342.00</y>
      </pt>
      <pt>
        <x>481.60</x>
        <y>344.64</y>
      </pt>
      <pt>
        <x>461.96</x>
        <y>347.86</y>
      </pt>
      <pt>
        <x>442.90</x>
        <y>359.01</y>
      </pt>
      <username></username>
    </polygon>
    <attributes></attributes>
  </object>
  <object>
    <name>lane</name>
    <deleted>0</deleted>
    <verified>0</verified>
    <occluded>no</occluded>
    <date></date>
    <id>6</id>
    <parts>
      <hasparts></hasparts>
      <ispartof></ispartof>
    </parts>
    <polygon>
      <pt>
        <x>293.94</x>
        <y>351.38</y>
      </pt>
      <pt>
        <x>300.69</x>
        <y>349.04</y>
      </pt>
      <pt>
        <x>324.44</x>
        <y>357.25</y>
      </pt>
      <pt>
        <x>355.22</x>
        <y>369.56</y>
      </pt>
      <pt>
        <x>345.25</x>
        <y>372.49</y>
      </pt>
      <pt>
        <x>307.72</x>
        <y>356.66</y>
      </pt>
      <username></username>
    </polygon>
    <attributes></attributes>
  </object>
  <object>
    <name>lane</name>
    <deleted>0</deleted>
    <verified>0</verified>
    <occluded>no</occluded>
    <date></date>
    <id>7</id>
    <parts>
      <hasparts></hasparts>
      <ispartof></ispartof>
    </parts>
    <polygon>
      <pt>
        <x>90.05</x>
        <y>302.43</y>
      </pt>
      <pt>
        <x>93.28</x>
        <y>300.91</y>
      </pt>
      <pt>
        <x>123.14</x>
        <y>306.51</y>
      </pt>
      <pt>
        <x>142.83</x>
        <y>310.41</y>
      </pt>
      <pt>
        <x>139.60</x>
        <y>311.94</y>
      </pt>
      <pt>
        <x>110.25</x>
        <y>306.51</y>
      </pt>
      <username></username>
    </polygon>
    <attributes></attributes>
  </object>
</annotation>
