<annotation>
  <filename>image_829.jpg</filename>
  <folder></folder>
  <source>
    <sourceImage></sourceImage>
    <sourceAnnotation>Datumaro</sourceAnnotation>
  </source>
  <imagesize>
    <nrows>1920</nrows>
    <ncols>1080</ncols>
  </imagesize>
  <object>
    <name>lane</name>
    <deleted>0</deleted>
    <verified>0</verified>
    <occluded>no</occluded>
    <date></date>
    <id>0</id>
    <parts>
      <hasparts></hasparts>
      <ispartof></ispartof>
    </parts>
    <polygon>
      <pt>
        <x>499.01</x>
        <y>552.14</y>
      </pt>
      <pt>
        <x>549.07</x>
        <y>555.37</y>
      </pt>
      <pt>
        <x>555.54</x>
        <y>910.69</y>
      </pt>
      <pt>
        <x>481.24</x>
        <y>910.69</y>
      </pt>
      <username></username>
    </polygon>
    <attributes></attributes>
  </object>
  <object>
    <name>lane</name>
    <deleted>0</deleted>
    <verified>0</verified>
    <occluded>no</occluded>
    <date></date>
    <id>1</id>
    <parts>
      <hasparts></hasparts>
      <ispartof></ispartof>
    </parts>
    <polygon>
      <pt>
        <x>518.39</x>
        <y>248.51</y>
      </pt>
      <pt>
        <x>547.46</x>
        <y>250.13</y>
      </pt>
      <pt>
        <x>547.46</x>
        <y>369.64</y>
      </pt>
      <pt>
        <x>507.08</x>
        <y>368.03</y>
      </pt>
      <username></username>
    </polygon>
    <attributes></attributes>
  </object>
</annotation>
