<annotation>
  <filename>image_1149.jpg</filename>
  <folder></folder>
  <source>
    <sourceImage></sourceImage>
    <sourceAnnotation>Datumaro</sourceAnnotation>
  </source>
  <imagesize>
    <nrows>1920</nrows>
    <ncols>1080</ncols>
  </imagesize>
  <object>
    <name>lane</name>
    <deleted>0</deleted>
    <verified>0</verified>
    <occluded>no</occluded>
    <date></date>
    <id>0</id>
    <parts>
      <hasparts></hasparts>
      <ispartof></ispartof>
    </parts>
    <type>bounding_box</type>
    <polygon>
      <pt>
        <x>553.20</x>
        <y>239.73</y>
      </pt>
      <pt>
        <x>570.72</x>
        <y>239.73</y>
      </pt>
      <pt>
        <x>570.72</x>
        <y>277.80</y>
      </pt>
      <pt>
        <x>553.20</x>
        <y>277.80</y>
      </pt>
      <username></username>
    </polygon>
    <attributes>rotation=0.0</attributes>
  </object>
  <object>
    <name>lane</name>
    <deleted>0</deleted>
    <verified>0</verified>
    <occluded>no</occluded>
    <date></date>
    <id>1</id>
    <parts>
      <hasparts></hasparts>
      <ispartof></ispartof>
    </parts>
    <polygon>
      <pt>
        <x>548.80</x>
        <y>481.14</y>
      </pt>
      <pt>
        <x>579.78</x>
        <y>479.72</y>
      </pt>
      <pt>
        <x>587.26</x>
        <y>618.60</y>
      </pt>
      <pt>
        <x>546.67</x>
        <y>622.16</y>
      </pt>
      <username></username>
    </polygon>
    <attributes></attributes>
  </object>
  <object>
    <name>lane</name>
    <deleted>0</deleted>
    <verified>0</verified>
    <occluded>no</occluded>
    <date></date>
    <id>2</id>
    <parts>
      <hasparts></hasparts>
      <ispartof></ispartof>
    </parts>
    <polygon>
      <pt>
        <x>545.42</x>
        <y>872.52</y>
      </pt>
      <pt>
        <x>599.32</x>
        <y>871.04</y>
      </pt>
      <pt>
        <x>630.33</x>
        <y>1455.10</y>
      </pt>
      <pt>
        <x>539.51</x>
        <y>1458.79</y>
      </pt>
      <username></username>
    </polygon>
    <attributes></attributes>
  </object>
  <object>
    <name>lane</name>
    <deleted>0</deleted>
    <verified>0</verified>
    <occluded>no</occluded>
    <date></date>
    <id>3</id>
    <parts>
      <hasparts></hasparts>
      <ispartof></ispartof>
    </parts>
    <type>bounding_box</type>
    <polygon>
      <pt>
        <x>554.12</x>
        <y>114.11</y>
      </pt>
      <pt>
        <x>563.79</x>
        <y>114.11</y>
      </pt>
      <pt>
        <x>563.79</x>
        <y>123.79</y>
      </pt>
      <pt>
        <x>554.12</x>
        <y>123.79</y>
      </pt>
      <username></username>
    </polygon>
    <attributes>rotation=0.0</attributes>
  </object>
  <object>
    <name>lane</name>
    <deleted>0</deleted>
    <verified>0</verified>
    <occluded>no</occluded>
    <date></date>
    <id>4</id>
    <parts>
      <hasparts></hasparts>
      <ispartof></ispartof>
    </parts>
    <type>bounding_box</type>
    <polygon>
      <pt>
        <x>554.12</x>
        <y>100.03</y>
      </pt>
      <pt>
        <x>561.45</x>
        <y>100.03</y>
      </pt>
      <pt>
        <x>561.45</x>
        <y>108.25</y>
      </pt>
      <pt>
        <x>554.12</x>
        <y>108.25</y>
      </pt>
      <username></username>
    </polygon>
    <attributes>rotation=0.0</attributes>
  </object>
  <object>
    <name>lane</name>
    <deleted>0</deleted>
    <verified>0</verified>
    <occluded>no</occluded>
    <date></date>
    <id>5</id>
    <parts>
      <hasparts></hasparts>
      <ispartof></ispartof>
    </parts>
    <type>bounding_box</type>
    <polygon>
      <pt>
        <x>552.94</x>
        <y>155.75</y>
      </pt>
      <pt>
        <x>564.38</x>
        <y>155.75</y>
      </pt>
      <pt>
        <x>564.38</x>
        <y>172.46</y>
      </pt>
      <pt>
        <x>552.94</x>
        <y>172.46</y>
      </pt>
      <username></username>
    </polygon>
    <attributes>rotation=0.0</attributes>
  </object>
  <object>
    <name>lane</name>
    <deleted>0</deleted>
    <verified>0</verified>
    <occluded>no</occluded>
    <date></date>
    <id>6</id>
    <parts>
      <hasparts></hasparts>
      <ispartof></ispartof>
    </parts>
    <type>bounding_box</type>
    <polygon>
      <pt>
        <x>554.12</x>
        <y>135.22</y>
      </pt>
      <pt>
        <x>563.79</x>
        <y>135.22</y>
      </pt>
      <pt>
        <x>563.79</x>
        <y>142.85</y>
      </pt>
      <pt>
        <x>554.12</x>
        <y>142.85</y>
      </pt>
      <username></username>
    </polygon>
    <attributes>rotation=0.0</attributes>
  </object>
  <object>
    <name>lane</name>
    <deleted>0</deleted>
    <verified>0</verified>
    <occluded>no</occluded>
    <date></date>
    <id>7</id>
    <parts>
      <hasparts></hasparts>
      <ispartof></ispartof>
    </parts>
    <type>bounding_box</type>
    <polygon>
      <pt>
        <x>553.53</x>
        <y>190.35</y>
      </pt>
      <pt>
        <x>565.26</x>
        <y>190.35</y>
      </pt>
      <pt>
        <x>565.26</x>
        <y>210.29</y>
      </pt>
      <pt>
        <x>553.53</x>
        <y>210.29</y>
      </pt>
      <username></username>
    </polygon>
    <attributes>rotation=0.0</attributes>
  </object>
  <object>
    <name>lane</name>
    <deleted>0</deleted>
    <verified>0</verified>
    <occluded>no</occluded>
    <date></date>
    <id>8</id>
    <parts>
      <hasparts></hasparts>
      <ispartof></ispartof>
    </parts>
    <type>bounding_box</type>
    <polygon>
      <pt>
        <x>551.19</x>
        <y>320.66</y>
      </pt>
      <pt>
        <x>572.40</x>
        <y>320.66</y>
      </pt>
      <pt>
        <x>572.40</x>
        <y>392.00</y>
      </pt>
      <pt>
        <x>551.19</x>
        <y>392.00</y>
      </pt>
      <username></username>
    </polygon>
    <attributes>rotation=0.0</attributes>
  </object>
</annotation>
