<annotation>
  <filename>image_1851.jpg</filename>
  <folder></folder>
  <source>
    <sourceImage></sourceImage>
    <sourceAnnotation>Datumaro</sourceAnnotation>
  </source>
  <imagesize>
    <nrows>1920</nrows>
    <ncols>1080</ncols>
  </imagesize>
  <object>
    <name>lane</name>
    <deleted>0</deleted>
    <verified>0</verified>
    <occluded>no</occluded>
    <date></date>
    <id>0</id>
    <parts>
      <hasparts></hasparts>
      <ispartof></ispartof>
    </parts>
    <polygon>
      <pt>
        <x>176.77</x>
        <y>149.28</y>
      </pt>
      <pt>
        <x>184.20</x>
        <y>145.57</y>
      </pt>
      <pt>
        <x>216.89</x>
        <y>179.00</y>
      </pt>
      <pt>
        <x>202.78</x>
        <y>177.52</y>
      </pt>
      <pt>
        <x>191.80</x>
        <y>165.20</y>
      </pt>
      <username></username>
    </polygon>
    <attributes></attributes>
  </object>
  <object>
    <name>lane</name>
    <deleted>0</deleted>
    <verified>0</verified>
    <occluded>no</occluded>
    <date></date>
    <id>1</id>
    <parts>
      <hasparts></hasparts>
      <ispartof></ispartof>
    </parts>
    <polygon>
      <pt>
        <x>17.19</x>
        <y>57.67</y>
      </pt>
      <pt>
        <x>44.49</x>
        <y>69.42</y>
      </pt>
      <pt>
        <x>48.98</x>
        <y>68.56</y>
      </pt>
      <pt>
        <x>21.85</x>
        <y>57.15</y>
      </pt>
      <username></username>
    </polygon>
    <attributes></attributes>
  </object>
  <object>
    <name>lane</name>
    <deleted>0</deleted>
    <verified>0</verified>
    <occluded>no</occluded>
    <date></date>
    <id>2</id>
    <parts>
      <hasparts></hasparts>
      <ispartof></ispartof>
    </parts>
    <polygon>
      <pt>
        <x>70.08</x>
        <y>80.45</y>
      </pt>
      <pt>
        <x>74.02</x>
        <y>78.58</y>
      </pt>
      <pt>
        <x>103.26</x>
        <y>92.06</y>
      </pt>
      <pt>
        <x>97.87</x>
        <y>93.51</y>
      </pt>
      <username></username>
    </polygon>
    <attributes></attributes>
  </object>
  <object>
    <name>lane</name>
    <deleted>0</deleted>
    <verified>0</verified>
    <occluded>no</occluded>
    <date></date>
    <id>3</id>
    <parts>
      <hasparts></hasparts>
      <ispartof></ispartof>
    </parts>
    <polygon>
      <pt>
        <x>292.75</x>
        <y>970.13</y>
      </pt>
      <pt>
        <x>358.10</x>
        <y>967.52</y>
      </pt>
      <pt>
        <x>392.09</x>
        <y>1919.15</y>
      </pt>
      <pt>
        <x>277.06</x>
        <y>1919.15</y>
      </pt>
      <pt>
        <x>274.44</x>
        <y>1707.39</y>
      </pt>
      <pt>
        <x>282.29</x>
        <y>1456.41</y>
      </pt>
      <username></username>
    </polygon>
    <attributes></attributes>
  </object>
  <object>
    <name>lane</name>
    <deleted>0</deleted>
    <verified>0</verified>
    <occluded>no</occluded>
    <date></date>
    <id>4</id>
    <parts>
      <hasparts></hasparts>
      <ispartof></ispartof>
    </parts>
    <polygon>
      <pt>
        <x>123.79</x>
        <y>109.10</y>
      </pt>
      <pt>
        <x>128.97</x>
        <y>106.62</y>
      </pt>
      <pt>
        <x>158.62</x>
        <y>126.94</y>
      </pt>
      <pt>
        <x>152.40</x>
        <y>127.14</y>
      </pt>
      <username></username>
    </polygon>
    <attributes></attributes>
  </object>
  <object>
    <name>lane</name>
    <deleted>0</deleted>
    <verified>0</verified>
    <occluded>no</occluded>
    <date></date>
    <id>5</id>
    <parts>
      <hasparts></hasparts>
      <ispartof></ispartof>
    </parts>
    <polygon>
      <pt>
        <x>292.54</x>
        <y>471.16</y>
      </pt>
      <pt>
        <x>320.88</x>
        <y>467.46</y>
      </pt>
      <pt>
        <x>298.70</x>
        <y>339.35</y>
      </pt>
      <pt>
        <x>278.99</x>
        <y>340.58</y>
      </pt>
      <username></username>
    </polygon>
    <attributes></attributes>
  </object>
  <object>
    <name>lane</name>
    <deleted>0</deleted>
    <verified>0</verified>
    <occluded>no</occluded>
    <date></date>
    <id>6</id>
    <parts>
      <hasparts></hasparts>
      <ispartof></ispartof>
    </parts>
    <polygon>
      <pt>
        <x>253.87</x>
        <y>265.93</y>
      </pt>
      <pt>
        <x>274.07</x>
        <y>264.14</y>
      </pt>
      <pt>
        <x>245.55</x>
        <y>211.87</y>
      </pt>
      <pt>
        <x>231.29</x>
        <y>211.28</y>
      </pt>
      <username></username>
    </polygon>
    <attributes></attributes>
  </object>
  <object>
    <name>lane</name>
    <deleted>0</deleted>
    <verified>0</verified>
    <occluded>no</occluded>
    <date></date>
    <id>7</id>
    <parts>
      <hasparts></hasparts>
      <ispartof></ispartof>
    </parts>
    <polygon>
      <pt>
        <x>296.64</x>
        <y>261.77</y>
      </pt>
      <pt>
        <x>423.76</x>
        <y>222.56</y>
      </pt>
      <pt>
        <x>310.90</x>
        <y>268.30</y>
      </pt>
      <pt>
        <x>301.99</x>
        <y>267.12</y>
      </pt>
      <username></username>
    </polygon>
    <attributes></attributes>
  </object>
</annotation>
