<annotation>
  <filename>image_757.jpg</filename>
  <folder></folder>
  <source>
    <sourceImage></sourceImage>
    <sourceAnnotation>Datumaro</sourceAnnotation>
  </source>
  <imagesize>
    <nrows>1920</nrows>
    <ncols>1080</ncols>
  </imagesize>
  <object>
    <name>lane</name>
    <deleted>0</deleted>
    <verified>0</verified>
    <occluded>no</occluded>
    <date></date>
    <id>0</id>
    <parts>
      <hasparts></hasparts>
      <ispartof></ispartof>
    </parts>
    <polygon>
      <pt>
        <x>373.03</x>
        <y>214.66</y>
      </pt>
      <pt>
        <x>388.20</x>
        <y>232.68</y>
      </pt>
      <pt>
        <x>403.40</x>
        <y>258.10</y>
      </pt>
      <pt>
        <x>424.70</x>
        <y>258.20</y>
      </pt>
      <pt>
        <x>390.40</x>
        <y>213.70</y>
      </pt>
      <username></username>
    </polygon>
    <attributes></attributes>
  </object>
  <object>
    <name>lane</name>
    <deleted>0</deleted>
    <verified>0</verified>
    <occluded>no</occluded>
    <date></date>
    <id>1</id>
    <parts>
      <hasparts></hasparts>
      <ispartof></ispartof>
    </parts>
    <polygon>
      <pt>
        <x>432.70</x>
        <y>315.40</y>
      </pt>
      <pt>
        <x>461.56</x>
        <y>390.47</y>
      </pt>
      <pt>
        <x>489.60</x>
        <y>390.50</y>
      </pt>
      <pt>
        <x>456.80</x>
        <y>315.00</y>
      </pt>
      <username></username>
    </polygon>
    <attributes></attributes>
  </object>
  <object>
    <name>lane</name>
    <deleted>0</deleted>
    <verified>0</verified>
    <occluded>no</occluded>
    <date></date>
    <id>2</id>
    <parts>
      <hasparts></hasparts>
      <ispartof></ispartof>
    </parts>
    <polygon>
      <pt>
        <x>497.90</x>
        <y>1058.90</y>
      </pt>
      <pt>
        <x>562.45</x>
        <y>1055.48</y>
      </pt>
      <pt>
        <x>554.00</x>
        <y>1478.50</y>
      </pt>
      <pt>
        <x>526.90</x>
        <y>1920.00</y>
      </pt>
      <pt>
        <x>481.81</x>
        <y>1920.00</y>
      </pt>
      <pt>
        <x>406.14</x>
        <y>1916.85</y>
      </pt>
      <pt>
        <x>460.50</x>
        <y>1476.80</y>
      </pt>
      <username></username>
    </polygon>
    <attributes></attributes>
  </object>
  <object>
    <name>lane</name>
    <deleted>0</deleted>
    <verified>0</verified>
    <occluded>no</occluded>
    <date></date>
    <id>3</id>
    <parts>
      <hasparts></hasparts>
      <ispartof></ispartof>
    </parts>
    <polygon>
      <pt>
        <x>490.30</x>
        <y>505.20</y>
      </pt>
      <pt>
        <x>500.20</x>
        <y>582.20</y>
      </pt>
      <pt>
        <x>512.50</x>
        <y>685.50</y>
      </pt>
      <pt>
        <x>557.50</x>
        <y>687.90</y>
      </pt>
      <pt>
        <x>538.70</x>
        <y>579.70</y>
      </pt>
      <pt>
        <x>523.90</x>
        <y>504.40</y>
      </pt>
      <username></username>
    </polygon>
    <attributes></attributes>
  </object>
  <object>
    <name>lane</name>
    <deleted>0</deleted>
    <verified>0</verified>
    <occluded>no</occluded>
    <date></date>
    <id>4</id>
    <parts>
      <hasparts></hasparts>
      <ispartof></ispartof>
    </parts>
    <polygon>
      <pt>
        <x>121.10</x>
        <y>70.20</y>
      </pt>
      <pt>
        <x>129.60</x>
        <y>69.00</y>
      </pt>
      <pt>
        <x>165.46</x>
        <y>83.24</y>
      </pt>
      <pt>
        <x>154.70</x>
        <y>84.70</y>
      </pt>
      <username></username>
    </polygon>
    <attributes></attributes>
  </object>
  <object>
    <name>lane</name>
    <deleted>0</deleted>
    <verified>0</verified>
    <occluded>no</occluded>
    <date></date>
    <id>5</id>
    <parts>
      <hasparts></hasparts>
      <ispartof></ispartof>
    </parts>
    <polygon>
      <pt>
        <x>184.40</x>
        <y>94.90</y>
      </pt>
      <pt>
        <x>195.60</x>
        <y>93.70</y>
      </pt>
      <pt>
        <x>231.00</x>
        <y>108.40</y>
      </pt>
      <pt>
        <x>218.90</x>
        <y>109.30</y>
      </pt>
      <username></username>
    </polygon>
    <attributes></attributes>
  </object>
  <object>
    <name>lane</name>
    <deleted>0</deleted>
    <verified>0</verified>
    <occluded>no</occluded>
    <date></date>
    <id>6</id>
    <parts>
      <hasparts></hasparts>
      <ispartof></ispartof>
    </parts>
    <polygon>
      <pt>
        <x>245.80</x>
        <y>124.80</y>
      </pt>
      <pt>
        <x>255.60</x>
        <y>122.90</y>
      </pt>
      <pt>
        <x>295.63</x>
        <y>142.80</y>
      </pt>
      <pt>
        <x>281.45</x>
        <y>143.46</y>
      </pt>
      <username></username>
    </polygon>
    <attributes></attributes>
  </object>
  <object>
    <name>lane</name>
    <deleted>0</deleted>
    <verified>0</verified>
    <occluded>no</occluded>
    <date></date>
    <id>7</id>
    <parts>
      <hasparts></hasparts>
      <ispartof></ispartof>
    </parts>
    <polygon>
      <pt>
        <x>305.20</x>
        <y>155.10</y>
      </pt>
      <pt>
        <x>320.00</x>
        <y>155.30</y>
      </pt>
      <pt>
        <x>333.82</x>
        <y>165.20</y>
      </pt>
      <pt>
        <x>320.50</x>
        <y>166.60</y>
      </pt>
      <username></username>
    </polygon>
    <attributes></attributes>
  </object>
  <object>
    <name>lane</name>
    <deleted>0</deleted>
    <verified>0</verified>
    <occluded>no</occluded>
    <date></date>
    <id>8</id>
    <parts>
      <hasparts></hasparts>
      <ispartof></ispartof>
    </parts>
    <polygon>
      <pt>
        <x>543.29</x>
        <y>204.79</y>
      </pt>
      <pt>
        <x>616.39</x>
        <y>185.44</y>
      </pt>
      <pt>
        <x>650.43</x>
        <y>176.48</y>
      </pt>
      <pt>
        <x>674.79</x>
        <y>177.20</y>
      </pt>
      <pt>
        <x>627.50</x>
        <y>189.38</y>
      </pt>
      <pt>
        <x>562.28</x>
        <y>205.86</y>
      </pt>
      <username></username>
    </polygon>
    <attributes></attributes>
  </object>
</annotation>
