<annotation>
  <filename>image_1608.jpg</filename>
  <folder></folder>
  <source>
    <sourceImage></sourceImage>
    <sourceAnnotation>Datumaro</sourceAnnotation>
  </source>
  <imagesize>
    <nrows>1920</nrows>
    <ncols>1080</ncols>
  </imagesize>
  <object>
    <name>lane</name>
    <deleted>0</deleted>
    <verified>0</verified>
    <occluded>no</occluded>
    <date></date>
    <id>0</id>
    <parts>
      <hasparts></hasparts>
      <ispartof></ispartof>
    </parts>
    <type>bounding_box</type>
    <polygon>
      <pt>
        <x>569.62</x>
        <y>439.67</y>
      </pt>
      <pt>
        <x>574.13</x>
        <y>439.67</y>
      </pt>
      <pt>
        <x>574.13</x>
        <y>448.67</y>
      </pt>
      <pt>
        <x>569.62</x>
        <y>448.67</y>
      </pt>
      <username></username>
    </polygon>
    <attributes>rotation=0.0</attributes>
  </object>
  <object>
    <name>lane</name>
    <deleted>0</deleted>
    <verified>0</verified>
    <occluded>no</occluded>
    <date></date>
    <id>1</id>
    <parts>
      <hasparts></hasparts>
      <ispartof></ispartof>
    </parts>
    <polygon>
      <pt>
        <x>447.04</x>
        <y>1915.23</y>
      </pt>
      <pt>
        <x>562.51</x>
        <y>1906.51</y>
      </pt>
      <pt>
        <x>564.68</x>
        <y>1146.17</y>
      </pt>
      <pt>
        <x>518.93</x>
        <y>1135.27</y>
      </pt>
      <username></username>
    </polygon>
    <attributes></attributes>
  </object>
  <object>
    <name>lane</name>
    <deleted>0</deleted>
    <verified>0</verified>
    <occluded>no</occluded>
    <date></date>
    <id>2</id>
    <parts>
      <hasparts></hasparts>
      <ispartof></ispartof>
    </parts>
    <type>bounding_box</type>
    <polygon>
      <pt>
        <x>546.21</x>
        <y>697.15</y>
      </pt>
      <pt>
        <x>571.60</x>
        <y>697.15</y>
      </pt>
      <pt>
        <x>571.60</x>
        <y>833.74</y>
      </pt>
      <pt>
        <x>546.21</x>
        <y>833.74</y>
      </pt>
      <username></username>
    </polygon>
    <attributes>rotation=0.0</attributes>
  </object>
  <object>
    <name>lane</name>
    <deleted>0</deleted>
    <verified>0</verified>
    <occluded>no</occluded>
    <date></date>
    <id>3</id>
    <parts>
      <hasparts></hasparts>
      <ispartof></ispartof>
    </parts>
    <type>bounding_box</type>
    <polygon>
      <pt>
        <x>559.34</x>
        <y>570.20</y>
      </pt>
      <pt>
        <x>572.48</x>
        <y>570.20</y>
      </pt>
      <pt>
        <x>572.48</x>
        <y>621.86</y>
      </pt>
      <pt>
        <x>559.34</x>
        <y>621.86</y>
      </pt>
      <username></username>
    </polygon>
    <attributes>rotation=0.0</attributes>
  </object>
  <object>
    <name>lane</name>
    <deleted>0</deleted>
    <verified>0</verified>
    <occluded>no</occluded>
    <date></date>
    <id>4</id>
    <parts>
      <hasparts></hasparts>
      <ispartof></ispartof>
    </parts>
    <type>bounding_box</type>
    <polygon>
      <pt>
        <x>562.84</x>
        <y>511.54</y>
      </pt>
      <pt>
        <x>574.23</x>
        <y>511.54</y>
      </pt>
      <pt>
        <x>574.23</x>
        <y>538.68</y>
      </pt>
      <pt>
        <x>562.84</x>
        <y>538.68</y>
      </pt>
      <username></username>
    </polygon>
    <attributes>rotation=0.0</attributes>
  </object>
  <object>
    <name>lane</name>
    <deleted>0</deleted>
    <verified>0</verified>
    <occluded>no</occluded>
    <date></date>
    <id>5</id>
    <parts>
      <hasparts></hasparts>
      <ispartof></ispartof>
    </parts>
    <type>bounding_box</type>
    <polygon>
      <pt>
        <x>566.09</x>
        <y>480.19</y>
      </pt>
      <pt>
        <x>574.13</x>
        <y>480.19</y>
      </pt>
      <pt>
        <x>574.13</x>
        <y>492.41</y>
      </pt>
      <pt>
        <x>566.09</x>
        <y>492.41</y>
      </pt>
      <username></username>
    </polygon>
    <attributes>rotation=0.0</attributes>
  </object>
  <object>
    <name>lane</name>
    <deleted>0</deleted>
    <verified>0</verified>
    <occluded>no</occluded>
    <date></date>
    <id>6</id>
    <parts>
      <hasparts></hasparts>
      <ispartof></ispartof>
    </parts>
    <type>bounding_box</type>
    <polygon>
      <pt>
        <x>570.27</x>
        <y>428.09</y>
      </pt>
      <pt>
        <x>575.73</x>
        <y>428.09</y>
      </pt>
      <pt>
        <x>575.73</x>
        <y>432.91</y>
      </pt>
      <pt>
        <x>570.27</x>
        <y>432.91</y>
      </pt>
      <username></username>
    </polygon>
    <attributes>rotation=0.0</attributes>
  </object>
  <object>
    <name>lane</name>
    <deleted>0</deleted>
    <verified>0</verified>
    <occluded>no</occluded>
    <date></date>
    <id>7</id>
    <parts>
      <hasparts></hasparts>
      <ispartof></ispartof>
    </parts>
    <type>bounding_box</type>
    <polygon>
      <pt>
        <x>568.02</x>
        <y>456.07</y>
      </pt>
      <pt>
        <x>574.45</x>
        <y>456.07</y>
      </pt>
      <pt>
        <x>574.45</x>
        <y>466.04</y>
      </pt>
      <pt>
        <x>568.02</x>
        <y>466.04</y>
      </pt>
      <username></username>
    </polygon>
    <attributes>rotation=0.0</attributes>
  </object>
</annotation>
