<annotation>
  <filename>image_1086.jpg</filename>
  <folder></folder>
  <source>
    <sourceImage></sourceImage>
    <sourceAnnotation>Datumaro</sourceAnnotation>
  </source>
  <imagesize>
    <nrows>1920</nrows>
    <ncols>1080</ncols>
  </imagesize>
  <object>
    <name>lane</name>
    <deleted>0</deleted>
    <verified>0</verified>
    <occluded>no</occluded>
    <date></date>
    <id>0</id>
    <parts>
      <hasparts></hasparts>
      <ispartof></ispartof>
    </parts>
    <type>bounding_box</type>
    <polygon>
      <pt>
        <x>356.39</x>
        <y>163.05</y>
      </pt>
      <pt>
        <x>362.21</x>
        <y>163.05</y>
      </pt>
      <pt>
        <x>362.21</x>
        <y>166.62</y>
      </pt>
      <pt>
        <x>356.39</x>
        <y>166.62</y>
      </pt>
      <username></username>
    </polygon>
    <attributes>rotation=0.0</attributes>
  </object>
  <object>
    <name>lane</name>
    <deleted>0</deleted>
    <verified>0</verified>
    <occluded>no</occluded>
    <date></date>
    <id>1</id>
    <parts>
      <hasparts></hasparts>
      <ispartof></ispartof>
    </parts>
    <type>bounding_box</type>
    <polygon>
      <pt>
        <x>355.43</x>
        <y>267.94</y>
      </pt>
      <pt>
        <x>369.72</x>
        <y>267.94</y>
      </pt>
      <pt>
        <x>369.72</x>
        <y>289.48</y>
      </pt>
      <pt>
        <x>355.43</x>
        <y>289.48</y>
      </pt>
      <username></username>
    </polygon>
    <attributes>rotation=0.0</attributes>
  </object>
  <object>
    <name>lane</name>
    <deleted>0</deleted>
    <verified>0</verified>
    <occluded>no</occluded>
    <date></date>
    <id>2</id>
    <parts>
      <hasparts></hasparts>
      <ispartof></ispartof>
    </parts>
    <type>bounding_box</type>
    <polygon>
      <pt>
        <x>354.85</x>
        <y>234.22</y>
      </pt>
      <pt>
        <x>367.40</x>
        <y>234.22</y>
      </pt>
      <pt>
        <x>367.40</x>
        <y>251.56</y>
      </pt>
      <pt>
        <x>354.85</x>
        <y>251.56</y>
      </pt>
      <username></username>
    </polygon>
    <attributes>rotation=0.0</attributes>
  </object>
  <object>
    <name>lane</name>
    <deleted>0</deleted>
    <verified>0</verified>
    <occluded>no</occluded>
    <date></date>
    <id>3</id>
    <parts>
      <hasparts></hasparts>
      <ispartof></ispartof>
    </parts>
    <type>bounding_box</type>
    <polygon>
      <pt>
        <x>356.52</x>
        <y>153.92</y>
      </pt>
      <pt>
        <x>361.28</x>
        <y>153.92</y>
      </pt>
      <pt>
        <x>361.28</x>
        <y>159.21</y>
      </pt>
      <pt>
        <x>356.52</x>
        <y>159.21</y>
      </pt>
      <username></username>
    </polygon>
    <attributes>rotation=0.0</attributes>
  </object>
  <object>
    <name>lane</name>
    <deleted>0</deleted>
    <verified>0</verified>
    <occluded>no</occluded>
    <date></date>
    <id>4</id>
    <parts>
      <hasparts></hasparts>
      <ispartof></ispartof>
    </parts>
    <polygon>
      <pt>
        <x>349.45</x>
        <y>816.21</y>
      </pt>
      <pt>
        <x>404.37</x>
        <y>816.21</y>
      </pt>
      <pt>
        <x>409.21</x>
        <y>990.63</y>
      </pt>
      <pt>
        <x>422.13</x>
        <y>1177.98</y>
      </pt>
      <pt>
        <x>354.30</x>
        <y>1184.44</y>
      </pt>
      <pt>
        <x>351.07</x>
        <y>997.09</y>
      </pt>
      <username></username>
    </polygon>
    <attributes></attributes>
  </object>
  <object>
    <name>lane</name>
    <deleted>0</deleted>
    <verified>0</verified>
    <occluded>no</occluded>
    <date></date>
    <id>5</id>
    <parts>
      <hasparts></hasparts>
      <ispartof></ispartof>
    </parts>
    <type>bounding_box</type>
    <polygon>
      <pt>
        <x>355.73</x>
        <y>171.78</y>
      </pt>
      <pt>
        <x>361.95</x>
        <y>171.78</y>
      </pt>
      <pt>
        <x>361.95</x>
        <y>177.60</y>
      </pt>
      <pt>
        <x>355.73</x>
        <y>177.60</y>
      </pt>
      <username></username>
    </polygon>
    <attributes>rotation=0.0</attributes>
  </object>
  <object>
    <name>lane</name>
    <deleted>0</deleted>
    <verified>0</verified>
    <occluded>no</occluded>
    <date></date>
    <id>6</id>
    <parts>
      <hasparts></hasparts>
      <ispartof></ispartof>
    </parts>
    <type>bounding_box</type>
    <polygon>
      <pt>
        <x>354.93</x>
        <y>181.89</y>
      </pt>
      <pt>
        <x>362.36</x>
        <y>181.89</y>
      </pt>
      <pt>
        <x>362.36</x>
        <y>189.90</y>
      </pt>
      <pt>
        <x>354.93</x>
        <y>189.90</y>
      </pt>
      <username></username>
    </polygon>
    <attributes>rotation=0.0</attributes>
  </object>
  <object>
    <name>lane</name>
    <deleted>0</deleted>
    <verified>0</verified>
    <occluded>no</occluded>
    <date></date>
    <id>7</id>
    <parts>
      <hasparts></hasparts>
      <ispartof></ispartof>
    </parts>
    <type>bounding_box</type>
    <polygon>
      <pt>
        <x>355.69</x>
        <y>196.18</y>
      </pt>
      <pt>
        <x>363.70</x>
        <y>196.18</y>
      </pt>
      <pt>
        <x>363.70</x>
        <y>203.04</y>
      </pt>
      <pt>
        <x>355.69</x>
        <y>203.04</y>
      </pt>
      <username></username>
    </polygon>
    <attributes>rotation=0.0</attributes>
  </object>
  <object>
    <name>lane</name>
    <deleted>0</deleted>
    <verified>0</verified>
    <occluded>no</occluded>
    <date></date>
    <id>8</id>
    <parts>
      <hasparts></hasparts>
      <ispartof></ispartof>
    </parts>
    <type>bounding_box</type>
    <polygon>
      <pt>
        <x>354.93</x>
        <y>212.00</y>
      </pt>
      <pt>
        <x>365.98</x>
        <y>212.00</y>
      </pt>
      <pt>
        <x>365.98</x>
        <y>223.43</y>
      </pt>
      <pt>
        <x>354.93</x>
        <y>223.43</y>
      </pt>
      <username></username>
    </polygon>
    <attributes>rotation=0.0</attributes>
  </object>
  <object>
    <name>lane</name>
    <deleted>0</deleted>
    <verified>0</verified>
    <occluded>no</occluded>
    <date></date>
    <id>9</id>
    <parts>
      <hasparts></hasparts>
      <ispartof></ispartof>
    </parts>
    <polygon>
      <pt>
        <x>351.36</x>
        <y>516.23</y>
      </pt>
      <pt>
        <x>381.64</x>
        <y>516.23</y>
      </pt>
      <pt>
        <x>388.37</x>
        <y>579.04</y>
      </pt>
      <pt>
        <x>391.74</x>
        <y>623.90</y>
      </pt>
      <pt>
        <x>358.09</x>
        <y>627.27</y>
      </pt>
      <pt>
        <x>356.97</x>
        <y>576.80</y>
      </pt>
      <username></username>
    </polygon>
    <attributes></attributes>
  </object>
  <object>
    <name>lane</name>
    <deleted>0</deleted>
    <verified>0</verified>
    <occluded>no</occluded>
    <date></date>
    <id>10</id>
    <parts>
      <hasparts></hasparts>
      <ispartof></ispartof>
    </parts>
    <polygon>
      <pt>
        <x>352.73</x>
        <y>387.78</y>
      </pt>
      <pt>
        <x>375.45</x>
        <y>387.78</y>
      </pt>
      <pt>
        <x>376.10</x>
        <y>413.09</y>
      </pt>
      <pt>
        <x>379.34</x>
        <y>440.36</y>
      </pt>
      <pt>
        <x>357.28</x>
        <y>439.71</y>
      </pt>
      <pt>
        <x>356.63</x>
        <y>415.04</y>
      </pt>
      <username></username>
    </polygon>
    <attributes></attributes>
  </object>
  <object>
    <name>lane</name>
    <deleted>0</deleted>
    <verified>0</verified>
    <occluded>no</occluded>
    <date></date>
    <id>11</id>
    <parts>
      <hasparts></hasparts>
      <ispartof></ispartof>
    </parts>
    <polygon>
      <pt>
        <x>354.80</x>
        <y>314.20</y>
      </pt>
      <pt>
        <x>373.18</x>
        <y>313.68</y>
      </pt>
      <pt>
        <x>372.64</x>
        <y>325.04</y>
      </pt>
      <pt>
        <x>374.30</x>
        <y>345.60</y>
      </pt>
      <pt>
        <x>356.40</x>
        <y>346.60</y>
      </pt>
      <pt>
        <x>354.80</x>
        <y>327.20</y>
      </pt>
      <username></username>
    </polygon>
    <attributes></attributes>
  </object>
</annotation>
