<annotation>
  <filename>image_2746.jpg</filename>
  <folder></folder>
  <source>
    <sourceImage></sourceImage>
    <sourceAnnotation>Datumaro</sourceAnnotation>
  </source>
  <imagesize>
    <nrows>1920</nrows>
    <ncols>1080</ncols>
  </imagesize>
  <object>
    <name>lane</name>
    <deleted>0</deleted>
    <verified>0</verified>
    <occluded>no</occluded>
    <date></date>
    <id>0</id>
    <parts>
      <hasparts></hasparts>
      <ispartof></ispartof>
    </parts>
    <polygon>
      <pt>
        <x>557.19</x>
        <y>330.19</y>
      </pt>
      <pt>
        <x>566.05</x>
        <y>330.66</y>
      </pt>
      <pt>
        <x>552.96</x>
        <y>347.97</y>
      </pt>
      <pt>
        <x>543.25</x>
        <y>348.35</y>
      </pt>
      <username></username>
    </polygon>
    <attributes></attributes>
  </object>
  <object>
    <name>lane</name>
    <deleted>0</deleted>
    <verified>0</verified>
    <occluded>no</occluded>
    <date></date>
    <id>1</id>
    <parts>
      <hasparts></hasparts>
      <ispartof></ispartof>
    </parts>
    <polygon>
      <pt>
        <x>480.22</x>
        <y>586.69</y>
      </pt>
      <pt>
        <x>503.86</x>
        <y>586.69</y>
      </pt>
      <pt>
        <x>508.24</x>
        <y>771.43</y>
      </pt>
      <pt>
        <x>474.97</x>
        <y>771.43</y>
      </pt>
      <username></username>
    </polygon>
    <attributes></attributes>
  </object>
  <object>
    <name>lane</name>
    <deleted>0</deleted>
    <verified>0</verified>
    <occluded>no</occluded>
    <date></date>
    <id>2</id>
    <parts>
      <hasparts></hasparts>
      <ispartof></ispartof>
    </parts>
    <polygon>
      <pt>
        <x>480.52</x>
        <y>1219.74</y>
      </pt>
      <pt>
        <x>543.70</x>
        <y>1204.49</y>
      </pt>
      <pt>
        <x>622.00</x>
        <y>1920.00</y>
      </pt>
      <pt>
        <x>589.92</x>
        <y>1920.00</y>
      </pt>
      <pt>
        <x>511.02</x>
        <y>1916.91</y>
      </pt>
      <username></username>
    </polygon>
    <attributes></attributes>
  </object>
  <object>
    <name>lane</name>
    <deleted>0</deleted>
    <verified>0</verified>
    <occluded>no</occluded>
    <date></date>
    <id>3</id>
    <parts>
      <hasparts></hasparts>
      <ispartof></ispartof>
    </parts>
    <polygon>
      <pt>
        <x>502.72</x>
        <y>434.06</y>
      </pt>
      <pt>
        <x>518.76</x>
        <y>434.06</y>
      </pt>
      <pt>
        <x>506.94</x>
        <y>494.02</y>
      </pt>
      <pt>
        <x>488.36</x>
        <y>494.91</y>
      </pt>
      <username></username>
    </polygon>
    <attributes></attributes>
  </object>
  <object>
    <name>lane</name>
    <deleted>0</deleted>
    <verified>0</verified>
    <occluded>no</occluded>
    <date></date>
    <id>4</id>
    <parts>
      <hasparts></hasparts>
      <ispartof></ispartof>
    </parts>
    <polygon>
      <pt>
        <x>594.77</x>
        <y>296.83</y>
      </pt>
      <pt>
        <x>598.57</x>
        <y>297.72</y>
      </pt>
      <pt>
        <x>609.54</x>
        <y>290.08</y>
      </pt>
      <pt>
        <x>606.17</x>
        <y>288.43</y>
      </pt>
      <username></username>
    </polygon>
    <attributes></attributes>
  </object>
  <object>
    <name>lane</name>
    <deleted>0</deleted>
    <verified>0</verified>
    <occluded>no</occluded>
    <date></date>
    <id>5</id>
    <parts>
      <hasparts></hasparts>
      <ispartof></ispartof>
    </parts>
    <polygon>
      <pt>
        <x>618.83</x>
        <y>282.94</y>
      </pt>
      <pt>
        <x>623.06</x>
        <y>282.94</y>
      </pt>
      <pt>
        <x>630.66</x>
        <y>277.83</y>
      </pt>
      <pt>
        <x>629.81</x>
        <y>276.19</y>
      </pt>
      <username></username>
    </polygon>
    <attributes></attributes>
  </object>
  <object>
    <name>lane</name>
    <deleted>0</deleted>
    <verified>0</verified>
    <occluded>no</occluded>
    <date></date>
    <id>6</id>
    <parts>
      <hasparts></hasparts>
      <ispartof></ispartof>
    </parts>
    <polygon>
      <pt>
        <x>571.54</x>
        <y>318.41</y>
      </pt>
      <pt>
        <x>577.03</x>
        <y>318.41</y>
      </pt>
      <pt>
        <x>588.01</x>
        <y>306.12</y>
      </pt>
      <pt>
        <x>581.68</x>
        <y>306.12</y>
      </pt>
      <username></username>
    </polygon>
    <attributes></attributes>
  </object>
  <object>
    <name>lane</name>
    <deleted>0</deleted>
    <verified>0</verified>
    <occluded>no</occluded>
    <date></date>
    <id>7</id>
    <parts>
      <hasparts></hasparts>
      <ispartof></ispartof>
    </parts>
    <polygon>
      <pt>
        <x>528.90</x>
        <y>367.39</y>
      </pt>
      <pt>
        <x>539.87</x>
        <y>367.77</y>
      </pt>
      <pt>
        <x>528.05</x>
        <y>396.53</y>
      </pt>
      <pt>
        <x>514.54</x>
        <y>396.95</y>
      </pt>
      <username></username>
    </polygon>
    <attributes></attributes>
  </object>
</annotation>
