<annotation>
  <filename>image_1059.jpg</filename>
  <folder></folder>
  <source>
    <sourceImage></sourceImage>
    <sourceAnnotation>Datumaro</sourceAnnotation>
  </source>
  <imagesize>
    <nrows>1920</nrows>
    <ncols>1080</ncols>
  </imagesize>
  <object>
    <name>lane</name>
    <deleted>0</deleted>
    <verified>0</verified>
    <occluded>no</occluded>
    <date></date>
    <id>0</id>
    <parts>
      <hasparts></hasparts>
      <ispartof></ispartof>
    </parts>
    <polygon>
      <pt>
        <x>461.64</x>
        <y>218.81</y>
      </pt>
      <pt>
        <x>460.66</x>
        <y>230.99</y>
      </pt>
      <pt>
        <x>471.85</x>
        <y>232.64</y>
      </pt>
      <pt>
        <x>470.86</x>
        <y>218.48</y>
      </pt>
      <username></username>
    </polygon>
    <attributes></attributes>
  </object>
  <object>
    <name>lane</name>
    <deleted>0</deleted>
    <verified>0</verified>
    <occluded>no</occluded>
    <date></date>
    <id>1</id>
    <parts>
      <hasparts></hasparts>
      <ispartof></ispartof>
    </parts>
    <polygon>
      <pt>
        <x>459.97</x>
        <y>317.20</y>
      </pt>
      <pt>
        <x>473.88</x>
        <y>316.58</y>
      </pt>
      <pt>
        <x>476.37</x>
        <y>349.97</y>
      </pt>
      <pt>
        <x>457.69</x>
        <y>350.79</y>
      </pt>
      <username></username>
    </polygon>
    <attributes></attributes>
  </object>
  <object>
    <name>lane</name>
    <deleted>0</deleted>
    <verified>0</verified>
    <occluded>no</occluded>
    <date></date>
    <id>2</id>
    <parts>
      <hasparts></hasparts>
      <ispartof></ispartof>
    </parts>
    <type>bounding_box</type>
    <polygon>
      <pt>
        <x>460.34</x>
        <y>167.40</y>
      </pt>
      <pt>
        <x>468.34</x>
        <y>167.40</y>
      </pt>
      <pt>
        <x>468.34</x>
        <y>170.83</y>
      </pt>
      <pt>
        <x>460.34</x>
        <y>170.83</y>
      </pt>
      <username></username>
    </polygon>
    <attributes>rotation=0.0</attributes>
  </object>
  <object>
    <name>lane</name>
    <deleted>0</deleted>
    <verified>0</verified>
    <occluded>no</occluded>
    <date></date>
    <id>3</id>
    <parts>
      <hasparts></hasparts>
      <ispartof></ispartof>
    </parts>
    <polygon>
      <pt>
        <x>471.20</x>
        <y>202.00</y>
      </pt>
      <pt>
        <x>469.88</x>
        <y>210.91</y>
      </pt>
      <pt>
        <x>460.99</x>
        <y>210.58</y>
      </pt>
      <pt>
        <x>461.64</x>
        <y>201.69</y>
      </pt>
      <username></username>
    </polygon>
    <attributes></attributes>
  </object>
  <object>
    <name>lane</name>
    <deleted>0</deleted>
    <verified>0</verified>
    <occluded>no</occluded>
    <date></date>
    <id>4</id>
    <parts>
      <hasparts></hasparts>
      <ispartof></ispartof>
    </parts>
    <type>bounding_box</type>
    <polygon>
      <pt>
        <x>462.40</x>
        <y>160.77</y>
      </pt>
      <pt>
        <x>469.03</x>
        <y>160.77</y>
      </pt>
      <pt>
        <x>469.03</x>
        <y>164.89</y>
      </pt>
      <pt>
        <x>462.40</x>
        <y>164.89</y>
      </pt>
      <username></username>
    </polygon>
    <attributes>rotation=0.0</attributes>
  </object>
  <object>
    <name>lane</name>
    <deleted>0</deleted>
    <verified>0</verified>
    <occluded>no</occluded>
    <date></date>
    <id>5</id>
    <parts>
      <hasparts></hasparts>
      <ispartof></ispartof>
    </parts>
    <polygon>
      <pt>
        <x>460.00</x>
        <y>238.90</y>
      </pt>
      <pt>
        <x>458.35</x>
        <y>258.32</y>
      </pt>
      <pt>
        <x>472.18</x>
        <y>258.32</y>
      </pt>
      <pt>
        <x>471.52</x>
        <y>239.22</y>
      </pt>
      <username></username>
    </polygon>
    <attributes></attributes>
  </object>
  <object>
    <name>lane</name>
    <deleted>0</deleted>
    <verified>0</verified>
    <occluded>no</occluded>
    <date></date>
    <id>6</id>
    <parts>
      <hasparts></hasparts>
      <ispartof></ispartof>
    </parts>
    <polygon>
      <pt>
        <x>459.34</x>
        <y>272.81</y>
      </pt>
      <pt>
        <x>457.03</x>
        <y>293.88</y>
      </pt>
      <pt>
        <x>475.47</x>
        <y>295.20</y>
      </pt>
      <pt>
        <x>471.85</x>
        <y>275.11</y>
      </pt>
      <username></username>
    </polygon>
    <attributes></attributes>
  </object>
  <object>
    <name>lane</name>
    <deleted>0</deleted>
    <verified>0</verified>
    <occluded>no</occluded>
    <date></date>
    <id>7</id>
    <parts>
      <hasparts></hasparts>
      <ispartof></ispartof>
    </parts>
    <polygon>
      <pt>
        <x>453.46</x>
        <y>779.06</y>
      </pt>
      <pt>
        <x>499.98</x>
        <y>777.12</y>
      </pt>
      <pt>
        <x>505.79</x>
        <y>941.86</y>
      </pt>
      <pt>
        <x>515.48</x>
        <y>1071.71</y>
      </pt>
      <pt>
        <x>449.59</x>
        <y>1069.77</y>
      </pt>
      <pt>
        <x>459.28</x>
        <y>922.48</y>
      </pt>
      <username></username>
    </polygon>
    <attributes></attributes>
  </object>
  <object>
    <name>lane</name>
    <deleted>0</deleted>
    <verified>0</verified>
    <occluded>no</occluded>
    <date></date>
    <id>8</id>
    <parts>
      <hasparts></hasparts>
      <ispartof></ispartof>
    </parts>
    <polygon>
      <pt>
        <x>458.79</x>
        <y>514.09</y>
      </pt>
      <pt>
        <x>486.05</x>
        <y>512.53</y>
      </pt>
      <pt>
        <x>489.94</x>
        <y>563.93</y>
      </pt>
      <pt>
        <x>491.50</x>
        <y>615.34</y>
      </pt>
      <pt>
        <x>461.12</x>
        <y>615.34</y>
      </pt>
      <pt>
        <x>459.57</x>
        <y>561.60</y>
      </pt>
      <username></username>
    </polygon>
    <attributes></attributes>
  </object>
  <object>
    <name>lane</name>
    <deleted>0</deleted>
    <verified>0</verified>
    <occluded>no</occluded>
    <date></date>
    <id>9</id>
    <parts>
      <hasparts></hasparts>
      <ispartof></ispartof>
    </parts>
    <polygon>
      <pt>
        <x>458.37</x>
        <y>389.40</y>
      </pt>
      <pt>
        <x>478.20</x>
        <y>389.40</y>
      </pt>
      <pt>
        <x>481.80</x>
        <y>417.80</y>
      </pt>
      <pt>
        <x>483.61</x>
        <y>440.34</y>
      </pt>
      <pt>
        <x>459.27</x>
        <y>441.24</y>
      </pt>
      <pt>
        <x>460.62</x>
        <y>414.65</y>
      </pt>
      <username></username>
    </polygon>
    <attributes></attributes>
  </object>
  <object>
    <name>lane</name>
    <deleted>0</deleted>
    <verified>0</verified>
    <occluded>no</occluded>
    <date></date>
    <id>10</id>
    <parts>
      <hasparts></hasparts>
      <ispartof></ispartof>
    </parts>
    <type>bounding_box</type>
    <polygon>
      <pt>
        <x>460.80</x>
        <y>175.86</y>
      </pt>
      <pt>
        <x>469.48</x>
        <y>175.86</y>
      </pt>
      <pt>
        <x>469.48</x>
        <y>182.04</y>
      </pt>
      <pt>
        <x>460.80</x>
        <y>182.04</y>
      </pt>
      <username></username>
    </polygon>
    <attributes>rotation=0.0</attributes>
  </object>
  <object>
    <name>lane</name>
    <deleted>0</deleted>
    <verified>0</verified>
    <occluded>no</occluded>
    <date></date>
    <id>11</id>
    <parts>
      <hasparts></hasparts>
      <ispartof></ispartof>
    </parts>
    <type>bounding_box</type>
    <polygon>
      <pt>
        <x>461.25</x>
        <y>186.61</y>
      </pt>
      <pt>
        <x>470.17</x>
        <y>186.61</y>
      </pt>
      <pt>
        <x>470.17</x>
        <y>195.07</y>
      </pt>
      <pt>
        <x>461.25</x>
        <y>195.07</y>
      </pt>
      <username></username>
    </polygon>
    <attributes>rotation=0.0</attributes>
  </object>
  <object>
    <name>lane</name>
    <deleted>0</deleted>
    <verified>0</verified>
    <occluded>no</occluded>
    <date></date>
    <id>12</id>
    <parts>
      <hasparts></hasparts>
      <ispartof></ispartof>
    </parts>
    <type>bounding_box</type>
    <polygon>
      <pt>
        <x>462.40</x>
        <y>153.68</y>
      </pt>
      <pt>
        <x>467.65</x>
        <y>153.68</y>
      </pt>
      <pt>
        <x>467.65</x>
        <y>157.80</y>
      </pt>
      <pt>
        <x>462.40</x>
        <y>157.80</y>
      </pt>
      <username></username>
    </polygon>
    <attributes>rotation=0.0</attributes>
  </object>
</annotation>
