<annotation>
  <filename>image_1747.jpg</filename>
  <folder></folder>
  <source>
    <sourceImage></sourceImage>
    <sourceAnnotation>Datumaro</sourceAnnotation>
  </source>
  <imagesize>
    <nrows>1920</nrows>
    <ncols>1080</ncols>
  </imagesize>
  <object>
    <name>lane</name>
    <deleted>0</deleted>
    <verified>0</verified>
    <occluded>no</occluded>
    <date></date>
    <id>0</id>
    <parts>
      <hasparts></hasparts>
      <ispartof></ispartof>
    </parts>
    <type>bounding_box</type>
    <polygon>
      <pt>
        <x>314.23</x>
        <y>453.01</y>
      </pt>
      <pt>
        <x>318.33</x>
        <y>453.01</y>
      </pt>
      <pt>
        <x>318.33</x>
        <y>458.86</y>
      </pt>
      <pt>
        <x>314.23</x>
        <y>458.86</y>
      </pt>
      <username></username>
    </polygon>
    <attributes>rotation=0.0</attributes>
  </object>
  <object>
    <name>lane</name>
    <deleted>0</deleted>
    <verified>0</verified>
    <occluded>no</occluded>
    <date></date>
    <id>1</id>
    <parts>
      <hasparts></hasparts>
      <ispartof></ispartof>
    </parts>
    <type>bounding_box</type>
    <polygon>
      <pt>
        <x>313.36</x>
        <y>440.74</y>
      </pt>
      <pt>
        <x>317.45</x>
        <y>440.74</y>
      </pt>
      <pt>
        <x>317.45</x>
        <y>446.88</y>
      </pt>
      <pt>
        <x>313.36</x>
        <y>446.88</y>
      </pt>
      <username></username>
    </polygon>
    <attributes>rotation=0.0</attributes>
  </object>
  <object>
    <name>lane</name>
    <deleted>0</deleted>
    <verified>0</verified>
    <occluded>no</occluded>
    <date></date>
    <id>2</id>
    <parts>
      <hasparts></hasparts>
      <ispartof></ispartof>
    </parts>
    <polygon>
      <pt>
        <x>362.51</x>
        <y>1435.27</y>
      </pt>
      <pt>
        <x>427.87</x>
        <y>1426.56</y>
      </pt>
      <pt>
        <x>375.58</x>
        <y>916.75</y>
      </pt>
      <pt>
        <x>338.54</x>
        <y>916.75</y>
      </pt>
      <username></username>
    </polygon>
    <attributes></attributes>
  </object>
  <object>
    <name>lane</name>
    <deleted>0</deleted>
    <verified>0</verified>
    <occluded>no</occluded>
    <date></date>
    <id>3</id>
    <parts>
      <hasparts></hasparts>
      <ispartof></ispartof>
    </parts>
    <polygon>
      <pt>
        <x>331.83</x>
        <y>745.67</y>
      </pt>
      <pt>
        <x>358.10</x>
        <y>746.40</y>
      </pt>
      <pt>
        <x>347.15</x>
        <y>654.47</y>
      </pt>
      <pt>
        <x>328.18</x>
        <y>654.47</y>
      </pt>
      <username></username>
    </polygon>
    <attributes></attributes>
  </object>
  <object>
    <name>lane</name>
    <deleted>0</deleted>
    <verified>0</verified>
    <occluded>no</occluded>
    <date></date>
    <id>4</id>
    <parts>
      <hasparts></hasparts>
      <ispartof></ispartof>
    </parts>
    <polygon>
      <pt>
        <x>323.80</x>
        <y>600.48</y>
      </pt>
      <pt>
        <x>339.13</x>
        <y>600.48</y>
      </pt>
      <pt>
        <x>334.02</x>
        <y>559.62</y>
      </pt>
      <pt>
        <x>320.89</x>
        <y>563.27</y>
      </pt>
      <username></username>
    </polygon>
    <attributes></attributes>
  </object>
  <object>
    <name>lane</name>
    <deleted>0</deleted>
    <verified>0</verified>
    <occluded>no</occluded>
    <date></date>
    <id>5</id>
    <parts>
      <hasparts></hasparts>
      <ispartof></ispartof>
    </parts>
    <polygon>
      <pt>
        <x>320.89</x>
        <y>536.27</y>
      </pt>
      <pt>
        <x>334.02</x>
        <y>536.27</y>
      </pt>
      <pt>
        <x>328.91</x>
        <y>512.19</y>
      </pt>
      <pt>
        <x>318.70</x>
        <y>512.19</y>
      </pt>
      <username></username>
    </polygon>
    <attributes></attributes>
  </object>
  <object>
    <name>lane</name>
    <deleted>0</deleted>
    <verified>0</verified>
    <occluded>no</occluded>
    <date></date>
    <id>6</id>
    <parts>
      <hasparts></hasparts>
      <ispartof></ispartof>
    </parts>
    <type>bounding_box</type>
    <polygon>
      <pt>
        <x>316.28</x>
        <y>486.04</y>
      </pt>
      <pt>
        <x>324.46</x>
        <y>486.04</y>
      </pt>
      <pt>
        <x>324.46</x>
        <y>496.85</y>
      </pt>
      <pt>
        <x>316.28</x>
        <y>496.85</y>
      </pt>
      <username></username>
    </polygon>
    <attributes>rotation=0.0</attributes>
  </object>
  <object>
    <name>lane</name>
    <deleted>0</deleted>
    <verified>0</verified>
    <occluded>no</occluded>
    <date></date>
    <id>7</id>
    <parts>
      <hasparts></hasparts>
      <ispartof></ispartof>
    </parts>
    <type>bounding_box</type>
    <polygon>
      <pt>
        <x>315.70</x>
        <y>467.33</y>
      </pt>
      <pt>
        <x>322.12</x>
        <y>467.33</y>
      </pt>
      <pt>
        <x>322.12</x>
        <y>476.98</y>
      </pt>
      <pt>
        <x>315.70</x>
        <y>476.98</y>
      </pt>
      <username></username>
    </polygon>
    <attributes>rotation=0.0</attributes>
  </object>
</annotation>
