<annotation>
  <filename>image_429.jpg</filename>
  <folder></folder>
  <source>
    <sourceImage></sourceImage>
    <sourceAnnotation>Datumaro</sourceAnnotation>
  </source>
  <imagesize>
    <nrows>1920</nrows>
    <ncols>864</ncols>
  </imagesize>
  <object>
    <name>lane</name>
    <deleted>0</deleted>
    <verified>0</verified>
    <occluded>no</occluded>
    <date></date>
    <id>0</id>
    <parts>
      <hasparts></hasparts>
      <ispartof></ispartof>
    </parts>
    <polygon>
      <pt>
        <x>459.52</x>
        <y>919.44</y>
      </pt>
      <pt>
        <x>497.24</x>
        <y>923.88</y>
      </pt>
      <pt>
        <x>128.63</x>
        <y>1920.00</y>
      </pt>
      <pt>
        <x>57.75</x>
        <y>1920.00</y>
      </pt>
      <pt>
        <x>31.33</x>
        <y>1915.60</y>
      </pt>
      <username></username>
    </polygon>
    <attributes></attributes>
  </object>
  <object>
    <name>lane</name>
    <deleted>0</deleted>
    <verified>0</verified>
    <occluded>no</occluded>
    <date></date>
    <id>1</id>
    <parts>
      <hasparts></hasparts>
      <ispartof></ispartof>
    </parts>
    <polygon>
      <pt>
        <x>528.14</x>
        <y>410.55</y>
      </pt>
      <pt>
        <x>533.81</x>
        <y>409.36</y>
      </pt>
      <pt>
        <x>543.67</x>
        <y>419.21</y>
      </pt>
      <pt>
        <x>536.80</x>
        <y>421.00</y>
      </pt>
      <username></username>
    </polygon>
    <attributes></attributes>
  </object>
  <object>
    <name>lane</name>
    <deleted>0</deleted>
    <verified>0</verified>
    <occluded>no</occluded>
    <date></date>
    <id>2</id>
    <parts>
      <hasparts></hasparts>
      <ispartof></ispartof>
    </parts>
    <polygon>
      <pt>
        <x>540.98</x>
        <y>429.37</y>
      </pt>
      <pt>
        <x>549.04</x>
        <y>430.26</y>
      </pt>
      <pt>
        <x>554.72</x>
        <y>444.59</y>
      </pt>
      <pt>
        <x>546.36</x>
        <y>443.70</y>
      </pt>
      <username></username>
    </polygon>
    <attributes></attributes>
  </object>
  <object>
    <name>lane</name>
    <deleted>0</deleted>
    <verified>0</verified>
    <occluded>no</occluded>
    <date></date>
    <id>3</id>
    <parts>
      <hasparts></hasparts>
      <ispartof></ispartof>
    </parts>
    <polygon>
      <pt>
        <x>551.43</x>
        <y>459.82</y>
      </pt>
      <pt>
        <x>558.00</x>
        <y>458.93</y>
      </pt>
      <pt>
        <x>565.47</x>
        <y>482.81</y>
      </pt>
      <pt>
        <x>555.61</x>
        <y>483.11</y>
      </pt>
      <username></username>
    </polygon>
    <attributes></attributes>
  </object>
  <object>
    <name>lane</name>
    <deleted>0</deleted>
    <verified>0</verified>
    <occluded>no</occluded>
    <date></date>
    <id>4</id>
    <parts>
      <hasparts></hasparts>
      <ispartof></ispartof>
    </parts>
    <polygon>
      <pt>
        <x>554.12</x>
        <y>512.08</y>
      </pt>
      <pt>
        <x>566.36</x>
        <y>512.08</y>
      </pt>
      <pt>
        <x>568.75</x>
        <y>563.44</y>
      </pt>
      <pt>
        <x>552.33</x>
        <y>563.44</y>
      </pt>
      <username></username>
    </polygon>
    <attributes></attributes>
  </object>
  <object>
    <name>lane</name>
    <deleted>0</deleted>
    <verified>0</verified>
    <occluded>no</occluded>
    <date></date>
    <id>5</id>
    <parts>
      <hasparts></hasparts>
      <ispartof></ispartof>
    </parts>
    <polygon>
      <pt>
        <x>492.80</x>
        <y>1256.67</y>
      </pt>
      <pt>
        <x>530.52</x>
        <y>1252.23</y>
      </pt>
      <pt>
        <x>526.18</x>
        <y>1920.00</y>
      </pt>
      <pt>
        <x>441.95</x>
        <y>1920.00</y>
      </pt>
      <username></username>
    </polygon>
    <attributes></attributes>
  </object>
  <object>
    <name>lane</name>
    <deleted>0</deleted>
    <verified>0</verified>
    <occluded>no</occluded>
    <date></date>
    <id>6</id>
    <parts>
      <hasparts></hasparts>
      <ispartof></ispartof>
    </parts>
    <polygon>
      <pt>
        <x>542.20</x>
        <y>641.18</y>
      </pt>
      <pt>
        <x>559.82</x>
        <y>641.18</y>
      </pt>
      <pt>
        <x>550.79</x>
        <y>803.28</y>
      </pt>
      <pt>
        <x>522.85</x>
        <y>803.28</y>
      </pt>
      <username></username>
    </polygon>
    <attributes></attributes>
  </object>
  <object>
    <name>lane</name>
    <deleted>0</deleted>
    <verified>0</verified>
    <occluded>no</occluded>
    <date></date>
    <id>7</id>
    <parts>
      <hasparts></hasparts>
      <ispartof></ispartof>
    </parts>
    <polygon>
      <pt>
        <x>395.10</x>
        <y>368.20</y>
      </pt>
      <pt>
        <x>398.83</x>
        <y>367.45</y>
      </pt>
      <pt>
        <x>414.51</x>
        <y>369.44</y>
      </pt>
      <pt>
        <x>412.77</x>
        <y>370.94</y>
      </pt>
      <username></username>
    </polygon>
    <attributes></attributes>
  </object>
  <object>
    <name>lane</name>
    <deleted>0</deleted>
    <verified>0</verified>
    <occluded>no</occluded>
    <date></date>
    <id>8</id>
    <parts>
      <hasparts></hasparts>
      <ispartof></ispartof>
    </parts>
    <polygon>
      <pt>
        <x>449.10</x>
        <y>375.67</y>
      </pt>
      <pt>
        <x>452.33</x>
        <y>374.17</y>
      </pt>
      <pt>
        <x>468.01</x>
        <y>377.66</y>
      </pt>
      <pt>
        <x>466.26</x>
        <y>378.65</y>
      </pt>
      <username></username>
    </polygon>
    <attributes></attributes>
  </object>
  <object>
    <name>lane</name>
    <deleted>0</deleted>
    <verified>0</verified>
    <occluded>no</occluded>
    <date></date>
    <id>9</id>
    <parts>
      <hasparts></hasparts>
      <ispartof></ispartof>
    </parts>
    <polygon>
      <pt>
        <x>495.63</x>
        <y>388.36</y>
      </pt>
      <pt>
        <x>499.36</x>
        <y>385.87</y>
      </pt>
      <pt>
        <x>510.06</x>
        <y>393.58</y>
      </pt>
      <pt>
        <x>507.32</x>
        <y>394.58</y>
      </pt>
      <username></username>
    </polygon>
    <attributes></attributes>
  </object>
  <object>
    <name>lane</name>
    <deleted>0</deleted>
    <verified>0</verified>
    <occluded>no</occluded>
    <date></date>
    <id>10</id>
    <parts>
      <hasparts></hasparts>
      <ispartof></ispartof>
    </parts>
    <polygon>
      <pt>
        <x>420.98</x>
        <y>371.68</y>
      </pt>
      <pt>
        <x>423.96</x>
        <y>370.44</y>
      </pt>
      <pt>
        <x>437.65</x>
        <y>372.18</y>
      </pt>
      <pt>
        <x>436.16</x>
        <y>373.43</y>
      </pt>
      <username></username>
    </polygon>
    <attributes></attributes>
  </object>
  <object>
    <name>lane</name>
    <deleted>0</deleted>
    <verified>0</verified>
    <occluded>no</occluded>
    <date></date>
    <id>11</id>
    <parts>
      <hasparts></hasparts>
      <ispartof></ispartof>
    </parts>
    <polygon>
      <pt>
        <x>476.96</x>
        <y>381.14</y>
      </pt>
      <pt>
        <x>478.21</x>
        <y>379.15</y>
      </pt>
      <pt>
        <x>491.40</x>
        <y>384.13</y>
      </pt>
      <pt>
        <x>489.16</x>
        <y>384.87</y>
      </pt>
      <username></username>
    </polygon>
    <attributes></attributes>
  </object>
  <object>
    <name>lane</name>
    <deleted>0</deleted>
    <verified>0</verified>
    <occluded>no</occluded>
    <date></date>
    <id>12</id>
    <parts>
      <hasparts></hasparts>
      <ispartof></ispartof>
    </parts>
    <polygon>
      <pt>
        <x>514.29</x>
        <y>397.56</y>
      </pt>
      <pt>
        <x>517.03</x>
        <y>396.82</y>
      </pt>
      <pt>
        <x>526.98</x>
        <y>404.03</y>
      </pt>
      <pt>
        <x>522.25</x>
        <y>404.78</y>
      </pt>
      <username></username>
    </polygon>
    <attributes></attributes>
  </object>
</annotation>
