<annotation>
  <filename>image_2579.jpg</filename>
  <folder></folder>
  <source>
    <sourceImage></sourceImage>
    <sourceAnnotation>Datumaro</sourceAnnotation>
  </source>
  <imagesize>
    <nrows>1920</nrows>
    <ncols>1080</ncols>
  </imagesize>
  <object>
    <name>lane</name>
    <deleted>0</deleted>
    <verified>0</verified>
    <occluded>no</occluded>
    <date></date>
    <id>0</id>
    <parts>
      <hasparts></hasparts>
      <ispartof></ispartof>
    </parts>
    <polygon>
      <pt>
        <x>219.88</x>
        <y>357.75</y>
      </pt>
      <pt>
        <x>228.94</x>
        <y>358.93</y>
      </pt>
      <pt>
        <x>293.11</x>
        <y>382.15</y>
      </pt>
      <pt>
        <x>286.02</x>
        <y>384.52</y>
      </pt>
      <username></username>
    </polygon>
    <attributes></attributes>
  </object>
  <object>
    <name>lane</name>
    <deleted>0</deleted>
    <verified>0</verified>
    <occluded>no</occluded>
    <date></date>
    <id>1</id>
    <parts>
      <hasparts></hasparts>
      <ispartof></ispartof>
    </parts>
    <polygon>
      <pt>
        <x>342.71</x>
        <y>412.47</y>
      </pt>
      <pt>
        <x>353.73</x>
        <y>410.89</y>
      </pt>
      <pt>
        <x>417.50</x>
        <y>454.19</y>
      </pt>
      <pt>
        <x>408.45</x>
        <y>456.95</y>
      </pt>
      <username></username>
    </polygon>
    <attributes></attributes>
  </object>
  <object>
    <name>lane</name>
    <deleted>0</deleted>
    <verified>0</verified>
    <occluded>no</occluded>
    <date></date>
    <id>2</id>
    <parts>
      <hasparts></hasparts>
      <ispartof></ispartof>
    </parts>
    <polygon>
      <pt>
        <x>542.69</x>
        <y>428.61</y>
      </pt>
      <pt>
        <x>557.26</x>
        <y>428.21</y>
      </pt>
      <pt>
        <x>569.07</x>
        <y>408.92</y>
      </pt>
      <pt>
        <x>604.89</x>
        <y>393.57</y>
      </pt>
      <pt>
        <x>595.05</x>
        <y>391.99</y>
      </pt>
      <pt>
        <x>579.70</x>
        <y>397.51</y>
      </pt>
      <pt>
        <x>560.01</x>
        <y>406.56</y>
      </pt>
      <pt>
        <x>550.17</x>
        <y>418.37</y>
      </pt>
      <username></username>
    </polygon>
    <attributes></attributes>
  </object>
  <object>
    <name>lane</name>
    <deleted>0</deleted>
    <verified>0</verified>
    <occluded>no</occluded>
    <date></date>
    <id>3</id>
    <parts>
      <hasparts></hasparts>
      <ispartof></ispartof>
    </parts>
    <polygon>
      <pt>
        <x>662.46</x>
        <y>371.25</y>
      </pt>
      <pt>
        <x>667.93</x>
        <y>374.26</y>
      </pt>
      <pt>
        <x>699.09</x>
        <y>364.69</y>
      </pt>
      <pt>
        <x>731.35</x>
        <y>356.76</y>
      </pt>
      <pt>
        <x>742.01</x>
        <y>354.58</y>
      </pt>
      <pt>
        <x>737.09</x>
        <y>353.48</y>
      </pt>
      <pt>
        <x>702.92</x>
        <y>359.77</y>
      </pt>
      <pt>
        <x>681.59</x>
        <y>366.33</y>
      </pt>
      <username></username>
    </polygon>
    <attributes></attributes>
  </object>
  <object>
    <name>lane</name>
    <deleted>0</deleted>
    <verified>0</verified>
    <occluded>no</occluded>
    <date></date>
    <id>4</id>
    <parts>
      <hasparts></hasparts>
      <ispartof></ispartof>
    </parts>
    <polygon>
      <pt>
        <x>108.87</x>
        <y>327.79</y>
      </pt>
      <pt>
        <x>116.74</x>
        <y>325.03</y>
      </pt>
      <pt>
        <x>172.64</x>
        <y>339.60</y>
      </pt>
      <pt>
        <x>166.74</x>
        <y>341.96</y>
      </pt>
      <username></username>
    </polygon>
    <attributes></attributes>
  </object>
  <object>
    <name>lane</name>
    <deleted>0</deleted>
    <verified>0</verified>
    <occluded>no</occluded>
    <date></date>
    <id>5</id>
    <parts>
      <hasparts></hasparts>
      <ispartof></ispartof>
    </parts>
    <polygon>
      <pt>
        <x>514.80</x>
        <y>541.80</y>
      </pt>
      <pt>
        <x>518.30</x>
        <y>670.70</y>
      </pt>
      <pt>
        <x>545.70</x>
        <y>673.98</y>
      </pt>
      <pt>
        <x>534.40</x>
        <y>548.90</y>
      </pt>
      <username></username>
    </polygon>
    <attributes></attributes>
  </object>
  <object>
    <name>lane</name>
    <deleted>0</deleted>
    <verified>0</verified>
    <occluded>no</occluded>
    <date></date>
    <id>6</id>
    <parts>
      <hasparts></hasparts>
      <ispartof></ispartof>
    </parts>
    <polygon>
      <pt>
        <x>525.88</x>
        <y>1815.22</y>
      </pt>
      <pt>
        <x>543.77</x>
        <y>1920.00</y>
      </pt>
      <pt>
        <x>646.62</x>
        <y>1920.00</y>
      </pt>
      <pt>
        <x>636.32</x>
        <y>1806.73</y>
      </pt>
      <username></username>
    </polygon>
    <attributes></attributes>
  </object>
</annotation>
