<annotation>
  <filename>image_2580.jpg</filename>
  <folder></folder>
  <source>
    <sourceImage></sourceImage>
    <sourceAnnotation>Datumaro</sourceAnnotation>
  </source>
  <imagesize>
    <nrows>1920</nrows>
    <ncols>1080</ncols>
  </imagesize>
  <object>
    <name>lane</name>
    <deleted>0</deleted>
    <verified>0</verified>
    <occluded>no</occluded>
    <date></date>
    <id>0</id>
    <parts>
      <hasparts></hasparts>
      <ispartof></ispartof>
    </parts>
    <polygon>
      <pt>
        <x>600.42</x>
        <y>491.71</y>
      </pt>
      <pt>
        <x>608.62</x>
        <y>493.08</y>
      </pt>
      <pt>
        <x>657.78</x>
        <y>457.57</y>
      </pt>
      <pt>
        <x>648.22</x>
        <y>454.84</y>
      </pt>
      <username></username>
    </polygon>
    <attributes></attributes>
  </object>
  <object>
    <name>lane</name>
    <deleted>0</deleted>
    <verified>0</verified>
    <occluded>no</occluded>
    <date></date>
    <id>1</id>
    <parts>
      <hasparts></hasparts>
      <ispartof></ispartof>
    </parts>
    <polygon>
      <pt>
        <x>719.24</x>
        <y>439.82</y>
      </pt>
      <pt>
        <x>728.80</x>
        <y>439.82</y>
      </pt>
      <pt>
        <x>801.18</x>
        <y>419.33</y>
      </pt>
      <pt>
        <x>801.18</x>
        <y>412.51</y>
      </pt>
      <username></username>
    </polygon>
    <attributes></attributes>
  </object>
  <object>
    <name>lane</name>
    <deleted>0</deleted>
    <verified>0</verified>
    <occluded>no</occluded>
    <date></date>
    <id>2</id>
    <parts>
      <hasparts></hasparts>
      <ispartof></ispartof>
    </parts>
    <polygon>
      <pt>
        <x>394.21</x>
        <y>468.50</y>
      </pt>
      <pt>
        <x>401.03</x>
        <y>468.50</y>
      </pt>
      <pt>
        <x>458.39</x>
        <y>516.30</y>
      </pt>
      <pt>
        <x>451.56</x>
        <y>523.12</y>
      </pt>
      <username></username>
    </polygon>
    <attributes></attributes>
  </object>
  <object>
    <name>lane</name>
    <deleted>0</deleted>
    <verified>0</verified>
    <occluded>no</occluded>
    <date></date>
    <id>3</id>
    <parts>
      <hasparts></hasparts>
      <ispartof></ispartof>
    </parts>
    <polygon>
      <pt>
        <x>559.86</x>
        <y>620.18</y>
      </pt>
      <pt>
        <x>591.01</x>
        <y>620.18</y>
      </pt>
      <pt>
        <x>588.18</x>
        <y>767.43</y>
      </pt>
      <pt>
        <x>559.86</x>
        <y>767.43</y>
      </pt>
      <username></username>
    </polygon>
    <attributes></attributes>
  </object>
  <object>
    <name>lane</name>
    <deleted>0</deleted>
    <verified>0</verified>
    <occluded>no</occluded>
    <date></date>
    <id>4</id>
    <parts>
      <hasparts></hasparts>
      <ispartof></ispartof>
    </parts>
    <polygon>
      <pt>
        <x>161.81</x>
        <y>369.58</y>
      </pt>
      <pt>
        <x>168.14</x>
        <y>367.47</y>
      </pt>
      <pt>
        <x>194.18</x>
        <y>375.56</y>
      </pt>
      <pt>
        <x>227.25</x>
        <y>385.06</y>
      </pt>
      <pt>
        <x>220.57</x>
        <y>388.93</y>
      </pt>
      <pt>
        <x>186.44</x>
        <y>378.03</y>
      </pt>
      <username></username>
    </polygon>
    <attributes></attributes>
  </object>
  <object>
    <name>lane</name>
    <deleted>0</deleted>
    <verified>0</verified>
    <occluded>no</occluded>
    <date></date>
    <id>5</id>
    <parts>
      <hasparts></hasparts>
      <ispartof></ispartof>
    </parts>
    <polygon>
      <pt>
        <x>269.83</x>
        <y>407.93</y>
      </pt>
      <pt>
        <x>280.03</x>
        <y>407.23</y>
      </pt>
      <pt>
        <x>314.51</x>
        <y>420.25</y>
      </pt>
      <pt>
        <x>345.48</x>
        <y>435.03</y>
      </pt>
      <pt>
        <x>339.50</x>
        <y>436.44</y>
      </pt>
      <pt>
        <x>298.68</x>
        <y>418.84</y>
      </pt>
      <username></username>
    </polygon>
    <attributes></attributes>
  </object>
</annotation>
