<annotation>
  <filename>image_735.jpg</filename>
  <folder></folder>
  <source>
    <sourceImage></sourceImage>
    <sourceAnnotation>Datumaro</sourceAnnotation>
  </source>
  <imagesize>
    <nrows>1920</nrows>
    <ncols>1080</ncols>
  </imagesize>
  <object>
    <name>lane</name>
    <deleted>0</deleted>
    <verified>0</verified>
    <occluded>no</occluded>
    <date></date>
    <id>0</id>
    <parts>
      <hasparts></hasparts>
      <ispartof></ispartof>
    </parts>
    <polygon>
      <pt>
        <x>308.40</x>
        <y>116.10</y>
      </pt>
      <pt>
        <x>350.90</x>
        <y>146.90</y>
      </pt>
      <pt>
        <x>366.40</x>
        <y>146.20</y>
      </pt>
      <pt>
        <x>319.90</x>
        <y>113.70</y>
      </pt>
      <username></username>
    </polygon>
    <attributes></attributes>
  </object>
  <object>
    <name>lane</name>
    <deleted>0</deleted>
    <verified>0</verified>
    <occluded>no</occluded>
    <date></date>
    <id>1</id>
    <parts>
      <hasparts></hasparts>
      <ispartof></ispartof>
    </parts>
    <polygon>
      <pt>
        <x>157.01</x>
        <y>38.66</y>
      </pt>
      <pt>
        <x>196.10</x>
        <y>55.50</y>
      </pt>
      <pt>
        <x>207.30</x>
        <y>54.50</y>
      </pt>
      <pt>
        <x>166.68</x>
        <y>36.96</y>
      </pt>
      <username></username>
    </polygon>
    <attributes></attributes>
  </object>
  <object>
    <name>lane</name>
    <deleted>0</deleted>
    <verified>0</verified>
    <occluded>no</occluded>
    <date></date>
    <id>2</id>
    <parts>
      <hasparts></hasparts>
      <ispartof></ispartof>
    </parts>
    <polygon>
      <pt>
        <x>500.10</x>
        <y>531.34</y>
      </pt>
      <pt>
        <x>522.90</x>
        <y>678.10</y>
      </pt>
      <pt>
        <x>526.27</x>
        <y>787.37</y>
      </pt>
      <pt>
        <x>584.90</x>
        <y>789.60</y>
      </pt>
      <pt>
        <x>562.69</x>
        <y>637.17</y>
      </pt>
      <pt>
        <x>542.77</x>
        <y>533.04</y>
      </pt>
      <username></username>
    </polygon>
    <attributes></attributes>
  </object>
  <object>
    <name>lane</name>
    <deleted>0</deleted>
    <verified>0</verified>
    <occluded>no</occluded>
    <date></date>
    <id>3</id>
    <parts>
      <hasparts></hasparts>
      <ispartof></ispartof>
    </parts>
    <polygon>
      <pt>
        <x>446.90</x>
        <y>295.30</y>
      </pt>
      <pt>
        <x>460.84</x>
        <y>333.33</y>
      </pt>
      <pt>
        <x>476.00</x>
        <y>388.30</y>
      </pt>
      <pt>
        <x>509.20</x>
        <y>389.66</y>
      </pt>
      <pt>
        <x>488.70</x>
        <y>330.60</y>
      </pt>
      <pt>
        <x>475.80</x>
        <y>299.20</y>
      </pt>
      <username></username>
    </polygon>
    <attributes></attributes>
  </object>
  <object>
    <name>lane</name>
    <deleted>0</deleted>
    <verified>0</verified>
    <occluded>no</occluded>
    <date></date>
    <id>4</id>
    <parts>
      <hasparts></hasparts>
      <ispartof></ispartof>
    </parts>
    <polygon>
      <pt>
        <x>380.90</x>
        <y>177.80</y>
      </pt>
      <pt>
        <x>417.60</x>
        <y>230.92</y>
      </pt>
      <pt>
        <x>438.60</x>
        <y>231.40</y>
      </pt>
      <pt>
        <x>400.20</x>
        <y>179.60</y>
      </pt>
      <username></username>
    </polygon>
    <attributes></attributes>
  </object>
  <object>
    <name>lane</name>
    <deleted>0</deleted>
    <verified>0</verified>
    <occluded>no</occluded>
    <date></date>
    <id>5</id>
    <parts>
      <hasparts></hasparts>
      <ispartof></ispartof>
    </parts>
    <polygon>
      <pt>
        <x>543.60</x>
        <y>1329.40</y>
      </pt>
      <pt>
        <x>629.60</x>
        <y>1327.00</y>
      </pt>
      <pt>
        <x>658.70</x>
        <y>1738.30</y>
      </pt>
      <pt>
        <x>672.40</x>
        <y>1920.00</y>
      </pt>
      <pt>
        <x>597.98</x>
        <y>1920.00</y>
      </pt>
      <pt>
        <x>553.71</x>
        <y>1915.23</y>
      </pt>
      <pt>
        <x>549.00</x>
        <y>1608.50</y>
      </pt>
      <username></username>
    </polygon>
    <attributes></attributes>
  </object>
  <object>
    <name>lane</name>
    <deleted>0</deleted>
    <verified>0</verified>
    <occluded>no</occluded>
    <date></date>
    <id>6</id>
    <parts>
      <hasparts></hasparts>
      <ispartof></ispartof>
    </parts>
    <polygon>
      <pt>
        <x>229.00</x>
        <y>71.80</y>
      </pt>
      <pt>
        <x>267.96</x>
        <y>93.23</y>
      </pt>
      <pt>
        <x>282.75</x>
        <y>93.80</y>
      </pt>
      <pt>
        <x>242.92</x>
        <y>71.04</y>
      </pt>
      <username></username>
    </polygon>
    <attributes></attributes>
  </object>
</annotation>
