<annotation>
  <filename>image_2328.jpg</filename>
  <folder></folder>
  <source>
    <sourceImage></sourceImage>
    <sourceAnnotation>Datumaro</sourceAnnotation>
  </source>
  <imagesize>
    <nrows>1920</nrows>
    <ncols>1080</ncols>
  </imagesize>
  <object>
    <name>lane</name>
    <deleted>0</deleted>
    <verified>0</verified>
    <occluded>no</occluded>
    <date></date>
    <id>0</id>
    <parts>
      <hasparts></hasparts>
      <ispartof></ispartof>
    </parts>
    <type>bounding_box</type>
    <polygon>
      <pt>
        <x>538.92</x>
        <y>377.70</y>
      </pt>
      <pt>
        <x>544.52</x>
        <y>377.70</y>
      </pt>
      <pt>
        <x>544.52</x>
        <y>385.79</y>
      </pt>
      <pt>
        <x>538.92</x>
        <y>385.79</y>
      </pt>
      <username></username>
    </polygon>
    <attributes>rotation=0.0</attributes>
  </object>
  <object>
    <name>lane</name>
    <deleted>0</deleted>
    <verified>0</verified>
    <occluded>no</occluded>
    <date></date>
    <id>1</id>
    <parts>
      <hasparts></hasparts>
      <ispartof></ispartof>
    </parts>
    <type>bounding_box</type>
    <polygon>
      <pt>
        <x>534.48</x>
        <y>413.56</y>
      </pt>
      <pt>
        <x>542.22</x>
        <y>413.56</y>
      </pt>
      <pt>
        <x>542.22</x>
        <y>430.33</y>
      </pt>
      <pt>
        <x>534.48</x>
        <y>430.33</y>
      </pt>
      <username></username>
    </polygon>
    <attributes>rotation=0.0</attributes>
  </object>
  <object>
    <name>lane</name>
    <deleted>0</deleted>
    <verified>0</verified>
    <occluded>no</occluded>
    <date></date>
    <id>2</id>
    <parts>
      <hasparts></hasparts>
      <ispartof></ispartof>
    </parts>
    <type>bounding_box</type>
    <polygon>
      <pt>
        <x>540.79</x>
        <y>356.96</y>
      </pt>
      <pt>
        <x>545.56</x>
        <y>356.96</y>
      </pt>
      <pt>
        <x>545.56</x>
        <y>361.53</y>
      </pt>
      <pt>
        <x>540.79</x>
        <y>361.53</y>
      </pt>
      <username></username>
    </polygon>
    <attributes>rotation=0.0</attributes>
  </object>
  <object>
    <name>lane</name>
    <deleted>0</deleted>
    <verified>0</verified>
    <occluded>no</occluded>
    <date></date>
    <id>3</id>
    <parts>
      <hasparts></hasparts>
      <ispartof></ispartof>
    </parts>
    <type>bounding_box</type>
    <polygon>
      <pt>
        <x>542.24</x>
        <y>350.74</y>
      </pt>
      <pt>
        <x>545.35</x>
        <y>350.74</y>
      </pt>
      <pt>
        <x>545.35</x>
        <y>354.89</y>
      </pt>
      <pt>
        <x>542.24</x>
        <y>354.89</y>
      </pt>
      <username></username>
    </polygon>
    <attributes>rotation=0.0</attributes>
  </object>
  <object>
    <name>lane</name>
    <deleted>0</deleted>
    <verified>0</verified>
    <occluded>no</occluded>
    <date></date>
    <id>4</id>
    <parts>
      <hasparts></hasparts>
      <ispartof></ispartof>
    </parts>
    <type>bounding_box</type>
    <polygon>
      <pt>
        <x>540.37</x>
        <y>366.09</y>
      </pt>
      <pt>
        <x>544.73</x>
        <y>366.09</y>
      </pt>
      <pt>
        <x>544.73</x>
        <y>372.72</y>
      </pt>
      <pt>
        <x>540.37</x>
        <y>372.72</y>
      </pt>
      <username></username>
    </polygon>
    <attributes>rotation=0.0</attributes>
  </object>
  <object>
    <name>lane</name>
    <deleted>0</deleted>
    <verified>0</verified>
    <occluded>no</occluded>
    <date></date>
    <id>5</id>
    <parts>
      <hasparts></hasparts>
      <ispartof></ispartof>
    </parts>
    <type>bounding_box</type>
    <polygon>
      <pt>
        <x>537.06</x>
        <y>392.01</y>
      </pt>
      <pt>
        <x>543.07</x>
        <y>392.01</y>
      </pt>
      <pt>
        <x>543.07</x>
        <y>402.79</y>
      </pt>
      <pt>
        <x>537.06</x>
        <y>402.79</y>
      </pt>
      <username></username>
    </polygon>
    <attributes>rotation=0.0</attributes>
  </object>
  <object>
    <name>lane</name>
    <deleted>0</deleted>
    <verified>0</verified>
    <occluded>no</occluded>
    <date></date>
    <id>6</id>
    <parts>
      <hasparts></hasparts>
      <ispartof></ispartof>
    </parts>
    <type>bounding_box</type>
    <polygon>
      <pt>
        <x>522.09</x>
        <y>501.03</y>
      </pt>
      <pt>
        <x>538.43</x>
        <y>501.03</y>
      </pt>
      <pt>
        <x>538.43</x>
        <y>560.94</y>
      </pt>
      <pt>
        <x>522.09</x>
        <y>560.94</y>
      </pt>
      <username></username>
    </polygon>
    <attributes>rotation=0.0</attributes>
  </object>
  <object>
    <name>lane</name>
    <deleted>0</deleted>
    <verified>0</verified>
    <occluded>no</occluded>
    <date></date>
    <id>7</id>
    <parts>
      <hasparts></hasparts>
      <ispartof></ispartof>
    </parts>
    <type>bounding_box</type>
    <polygon>
      <pt>
        <x>511.20</x>
        <y>629.93</y>
      </pt>
      <pt>
        <x>529.35</x>
        <y>629.93</y>
      </pt>
      <pt>
        <x>529.35</x>
        <y>782.44</y>
      </pt>
      <pt>
        <x>511.20</x>
        <y>782.44</y>
      </pt>
      <username></username>
    </polygon>
    <attributes>rotation=0.0</attributes>
  </object>
  <object>
    <name>lane</name>
    <deleted>0</deleted>
    <verified>0</verified>
    <occluded>no</occluded>
    <date></date>
    <id>8</id>
    <parts>
      <hasparts></hasparts>
      <ispartof></ispartof>
    </parts>
    <polygon>
      <pt>
        <x>464.88</x>
        <y>1128.07</y>
      </pt>
      <pt>
        <x>519.10</x>
        <y>1128.07</y>
      </pt>
      <pt>
        <x>505.54</x>
        <y>1597.91</y>
      </pt>
      <pt>
        <x>505.54</x>
        <y>1914.15</y>
      </pt>
      <pt>
        <x>432.36</x>
        <y>1920.00</y>
      </pt>
      <pt>
        <x>392.89</x>
        <y>1920.00</y>
      </pt>
      <pt>
        <x>442.30</x>
        <y>1376.55</y>
      </pt>
      <username></username>
    </polygon>
    <attributes></attributes>
  </object>
  <object>
    <name>lane</name>
    <deleted>0</deleted>
    <verified>0</verified>
    <occluded>no</occluded>
    <date></date>
    <id>9</id>
    <parts>
      <hasparts></hasparts>
      <ispartof></ispartof>
    </parts>
    <type>bounding_box</type>
    <polygon>
      <pt>
        <x>532.98</x>
        <y>442.93</y>
      </pt>
      <pt>
        <x>540.25</x>
        <y>442.93</y>
      </pt>
      <pt>
        <x>540.25</x>
        <y>479.24</y>
      </pt>
      <pt>
        <x>532.98</x>
        <y>479.24</y>
      </pt>
      <username></username>
    </polygon>
    <attributes>rotation=0.0</attributes>
  </object>
</annotation>
