<annotation>
  <filename>image_1693.jpg</filename>
  <folder></folder>
  <source>
    <sourceImage></sourceImage>
    <sourceAnnotation>Datumaro</sourceAnnotation>
  </source>
  <imagesize>
    <nrows>1920</nrows>
    <ncols>1080</ncols>
  </imagesize>
  <object>
    <name>lane</name>
    <deleted>0</deleted>
    <verified>0</verified>
    <occluded>no</occluded>
    <date></date>
    <id>0</id>
    <parts>
      <hasparts></hasparts>
      <ispartof></ispartof>
    </parts>
    <type>bounding_box</type>
    <polygon>
      <pt>
        <x>501.85</x>
        <y>488.32</y>
      </pt>
      <pt>
        <x>509.92</x>
        <y>488.32</y>
      </pt>
      <pt>
        <x>509.92</x>
        <y>502.34</y>
      </pt>
      <pt>
        <x>501.85</x>
        <y>502.34</y>
      </pt>
      <username></username>
    </polygon>
    <attributes>rotation=0.0</attributes>
  </object>
  <object>
    <name>lane</name>
    <deleted>0</deleted>
    <verified>0</verified>
    <occluded>no</occluded>
    <date></date>
    <id>1</id>
    <parts>
      <hasparts></hasparts>
      <ispartof></ispartof>
    </parts>
    <type>bounding_box</type>
    <polygon>
      <pt>
        <x>508.05</x>
        <y>431.75</y>
      </pt>
      <pt>
        <x>511.30</x>
        <y>431.75</y>
      </pt>
      <pt>
        <x>511.30</x>
        <y>434.79</y>
      </pt>
      <pt>
        <x>508.05</x>
        <y>434.79</y>
      </pt>
      <username></username>
    </polygon>
    <attributes>rotation=0.0</attributes>
  </object>
  <object>
    <name>lane</name>
    <deleted>0</deleted>
    <verified>0</verified>
    <occluded>no</occluded>
    <date></date>
    <id>2</id>
    <parts>
      <hasparts></hasparts>
      <ispartof></ispartof>
    </parts>
    <type>bounding_box</type>
    <polygon>
      <pt>
        <x>507.04</x>
        <y>438.24</y>
      </pt>
      <pt>
        <x>511.50</x>
        <y>438.24</y>
      </pt>
      <pt>
        <x>511.50</x>
        <y>441.69</y>
      </pt>
      <pt>
        <x>507.04</x>
        <y>441.69</y>
      </pt>
      <username></username>
    </polygon>
    <attributes>rotation=0.0</attributes>
  </object>
  <object>
    <name>lane</name>
    <deleted>0</deleted>
    <verified>0</verified>
    <occluded>no</occluded>
    <date></date>
    <id>3</id>
    <parts>
      <hasparts></hasparts>
      <ispartof></ispartof>
    </parts>
    <type>bounding_box</type>
    <polygon>
      <pt>
        <x>505.82</x>
        <y>445.95</y>
      </pt>
      <pt>
        <x>510.49</x>
        <y>445.95</y>
      </pt>
      <pt>
        <x>510.49</x>
        <y>451.64</y>
      </pt>
      <pt>
        <x>505.82</x>
        <y>451.64</y>
      </pt>
      <username></username>
    </polygon>
    <attributes>rotation=0.0</attributes>
  </object>
  <object>
    <name>lane</name>
    <deleted>0</deleted>
    <verified>0</verified>
    <occluded>no</occluded>
    <date></date>
    <id>4</id>
    <parts>
      <hasparts></hasparts>
      <ispartof></ispartof>
    </parts>
    <type>bounding_box</type>
    <polygon>
      <pt>
        <x>505.01</x>
        <y>456.10</y>
      </pt>
      <pt>
        <x>510.69</x>
        <y>456.10</y>
      </pt>
      <pt>
        <x>510.69</x>
        <y>463.81</y>
      </pt>
      <pt>
        <x>505.01</x>
        <y>463.81</y>
      </pt>
      <username></username>
    </polygon>
    <attributes>rotation=0.0</attributes>
  </object>
  <object>
    <name>lane</name>
    <deleted>0</deleted>
    <verified>0</verified>
    <occluded>no</occluded>
    <date></date>
    <id>5</id>
    <parts>
      <hasparts></hasparts>
      <ispartof></ispartof>
    </parts>
    <polygon>
      <pt>
        <x>478.35</x>
        <y>768.77</y>
      </pt>
      <pt>
        <x>501.99</x>
        <y>770.53</y>
      </pt>
      <pt>
        <x>506.37</x>
        <y>672.46</y>
      </pt>
      <pt>
        <x>485.36</x>
        <y>669.84</y>
      </pt>
      <username></username>
    </polygon>
    <attributes></attributes>
  </object>
  <object>
    <name>lane</name>
    <deleted>0</deleted>
    <verified>0</verified>
    <occluded>no</occluded>
    <date></date>
    <id>6</id>
    <parts>
      <hasparts></hasparts>
      <ispartof></ispartof>
    </parts>
    <polygon>
      <pt>
        <x>491.72</x>
        <y>610.16</y>
      </pt>
      <pt>
        <x>508.13</x>
        <y>609.55</y>
      </pt>
      <pt>
        <x>508.74</x>
        <y>569.42</y>
      </pt>
      <pt>
        <x>495.36</x>
        <y>569.42</y>
      </pt>
      <username></username>
    </polygon>
    <attributes></attributes>
  </object>
  <object>
    <name>lane</name>
    <deleted>0</deleted>
    <verified>0</verified>
    <occluded>no</occluded>
    <date></date>
    <id>7</id>
    <parts>
      <hasparts></hasparts>
      <ispartof></ispartof>
    </parts>
    <polygon>
      <pt>
        <x>500.10</x>
        <y>539.40</y>
      </pt>
      <pt>
        <x>507.40</x>
        <y>540.80</y>
      </pt>
      <pt>
        <x>509.70</x>
        <y>518.10</y>
      </pt>
      <pt>
        <x>499.62</x>
        <y>517.74</y>
      </pt>
      <username></username>
    </polygon>
    <attributes></attributes>
  </object>
  <object>
    <name>lane</name>
    <deleted>0</deleted>
    <verified>0</verified>
    <occluded>no</occluded>
    <date></date>
    <id>8</id>
    <parts>
      <hasparts></hasparts>
      <ispartof></ispartof>
    </parts>
    <type>bounding_box</type>
    <polygon>
      <pt>
        <x>504.20</x>
        <y>469.90</y>
      </pt>
      <pt>
        <x>510.49</x>
        <y>469.90</y>
      </pt>
      <pt>
        <x>510.49</x>
        <y>480.25</y>
      </pt>
      <pt>
        <x>504.20</x>
        <y>480.25</y>
      </pt>
      <username></username>
    </polygon>
    <attributes>rotation=0.0</attributes>
  </object>
  <object>
    <name>lane</name>
    <deleted>0</deleted>
    <verified>0</verified>
    <occluded>no</occluded>
    <date></date>
    <id>9</id>
    <parts>
      <hasparts></hasparts>
      <ispartof></ispartof>
    </parts>
    <polygon>
      <pt>
        <x>397.80</x>
        <y>1653.40</y>
      </pt>
      <pt>
        <x>482.30</x>
        <y>1662.40</y>
      </pt>
      <pt>
        <x>497.50</x>
        <y>976.80</y>
      </pt>
      <pt>
        <x>459.00</x>
        <y>972.50</y>
      </pt>
      <username></username>
    </polygon>
    <attributes></attributes>
  </object>
</annotation>
