<annotation>
  <filename>image_2377.jpg</filename>
  <folder></folder>
  <source>
    <sourceImage></sourceImage>
    <sourceAnnotation>Datumaro</sourceAnnotation>
  </source>
  <imagesize>
    <nrows>1920</nrows>
    <ncols>1080</ncols>
  </imagesize>
  <object>
    <name>lane</name>
    <deleted>0</deleted>
    <verified>0</verified>
    <occluded>no</occluded>
    <date></date>
    <id>0</id>
    <parts>
      <hasparts></hasparts>
      <ispartof></ispartof>
    </parts>
    <type>bounding_box</type>
    <polygon>
      <pt>
        <x>527.91</x>
        <y>321.03</y>
      </pt>
      <pt>
        <x>539.05</x>
        <y>321.03</y>
      </pt>
      <pt>
        <x>539.05</x>
        <y>344.34</y>
      </pt>
      <pt>
        <x>527.91</x>
        <y>344.34</y>
      </pt>
      <username></username>
    </polygon>
    <attributes>rotation=0.0</attributes>
  </object>
  <object>
    <name>lane</name>
    <deleted>0</deleted>
    <verified>0</verified>
    <occluded>no</occluded>
    <date></date>
    <id>1</id>
    <parts>
      <hasparts></hasparts>
      <ispartof></ispartof>
    </parts>
    <type>bounding_box</type>
    <polygon>
      <pt>
        <x>529.43</x>
        <y>290.63</y>
      </pt>
      <pt>
        <x>540.57</x>
        <y>290.63</y>
      </pt>
      <pt>
        <x>540.57</x>
        <y>305.83</y>
      </pt>
      <pt>
        <x>529.43</x>
        <y>305.83</y>
      </pt>
      <username></username>
    </polygon>
    <attributes>rotation=0.0</attributes>
  </object>
  <object>
    <name>lane</name>
    <deleted>0</deleted>
    <verified>0</verified>
    <occluded>no</occluded>
    <date></date>
    <id>2</id>
    <parts>
      <hasparts></hasparts>
      <ispartof></ispartof>
    </parts>
    <type>bounding_box</type>
    <polygon>
      <pt>
        <x>531.45</x>
        <y>268.33</y>
      </pt>
      <pt>
        <x>538.55</x>
        <y>268.33</y>
      </pt>
      <pt>
        <x>538.55</x>
        <y>278.97</y>
      </pt>
      <pt>
        <x>531.45</x>
        <y>278.97</y>
      </pt>
      <username></username>
    </polygon>
    <attributes>rotation=0.0</attributes>
  </object>
  <object>
    <name>lane</name>
    <deleted>0</deleted>
    <verified>0</verified>
    <occluded>no</occluded>
    <date></date>
    <id>3</id>
    <parts>
      <hasparts></hasparts>
      <ispartof></ispartof>
    </parts>
    <type>bounding_box</type>
    <polygon>
      <pt>
        <x>532.97</x>
        <y>253.13</y>
      </pt>
      <pt>
        <x>537.03</x>
        <y>253.13</y>
      </pt>
      <pt>
        <x>537.03</x>
        <y>262.76</y>
      </pt>
      <pt>
        <x>532.97</x>
        <y>262.76</y>
      </pt>
      <username></username>
    </polygon>
    <attributes>rotation=0.0</attributes>
  </object>
  <object>
    <name>lane</name>
    <deleted>0</deleted>
    <verified>0</verified>
    <occluded>no</occluded>
    <date></date>
    <id>4</id>
    <parts>
      <hasparts></hasparts>
      <ispartof></ispartof>
    </parts>
    <polygon>
      <pt>
        <x>476.33</x>
        <y>1304.97</y>
      </pt>
      <pt>
        <x>503.56</x>
        <y>746.69</y>
      </pt>
      <pt>
        <x>536.84</x>
        <y>746.69</y>
      </pt>
      <pt>
        <x>541.38</x>
        <y>1306.48</y>
      </pt>
      <username></username>
    </polygon>
    <attributes></attributes>
  </object>
  <object>
    <name>lane</name>
    <deleted>0</deleted>
    <verified>0</verified>
    <occluded>no</occluded>
    <date></date>
    <id>5</id>
    <parts>
      <hasparts></hasparts>
      <ispartof></ispartof>
    </parts>
    <type>bounding_box</type>
    <polygon>
      <pt>
        <x>519.35</x>
        <y>470.65</y>
      </pt>
      <pt>
        <x>540.64</x>
        <y>470.65</y>
      </pt>
      <pt>
        <x>540.64</x>
        <y>570.37</y>
      </pt>
      <pt>
        <x>519.35</x>
        <y>570.37</y>
      </pt>
      <username></username>
    </polygon>
    <attributes>rotation=0.0</attributes>
  </object>
  <object>
    <name>lane</name>
    <deleted>0</deleted>
    <verified>0</verified>
    <occluded>no</occluded>
    <date></date>
    <id>6</id>
    <parts>
      <hasparts></hasparts>
      <ispartof></ispartof>
    </parts>
    <type>bounding_box</type>
    <polygon>
      <pt>
        <x>526.65</x>
        <y>369.72</y>
      </pt>
      <pt>
        <x>540.64</x>
        <y>369.72</y>
      </pt>
      <pt>
        <x>540.64</x>
        <y>414.71</y>
      </pt>
      <pt>
        <x>526.65</x>
        <y>414.71</y>
      </pt>
      <username></username>
    </polygon>
    <attributes>rotation=0.0</attributes>
  </object>
</annotation>
