<annotation>
  <filename>image_1819.jpg</filename>
  <folder></folder>
  <source>
    <sourceImage></sourceImage>
    <sourceAnnotation>Datumaro</sourceAnnotation>
  </source>
  <imagesize>
    <nrows>1920</nrows>
    <ncols>1080</ncols>
  </imagesize>
  <object>
    <name>lane</name>
    <deleted>0</deleted>
    <verified>0</verified>
    <occluded>no</occluded>
    <date></date>
    <id>0</id>
    <parts>
      <hasparts></hasparts>
      <ispartof></ispartof>
    </parts>
    <polygon>
      <pt>
        <x>349.65</x>
        <y>892.07</y>
      </pt>
      <pt>
        <x>394.13</x>
        <y>902.34</y>
      </pt>
      <pt>
        <x>418.94</x>
        <y>662.82</y>
      </pt>
      <pt>
        <x>391.56</x>
        <y>660.25</y>
      </pt>
      <username></username>
    </polygon>
    <attributes></attributes>
  </object>
  <object>
    <name>lane</name>
    <deleted>0</deleted>
    <verified>0</verified>
    <occluded>no</occluded>
    <date></date>
    <id>1</id>
    <parts>
      <hasparts></hasparts>
      <ispartof></ispartof>
    </parts>
    <polygon>
      <pt>
        <x>388.95</x>
        <y>1918.70</y>
      </pt>
      <pt>
        <x>487.42</x>
        <y>1920.00</y>
      </pt>
      <pt>
        <x>501.26</x>
        <y>1920.00</y>
      </pt>
      <pt>
        <x>467.29</x>
        <y>1714.72</y>
      </pt>
      <pt>
        <x>368.25</x>
        <y>1730.98</y>
      </pt>
      <username></username>
    </polygon>
    <attributes></attributes>
  </object>
  <object>
    <name>lane</name>
    <deleted>0</deleted>
    <verified>0</verified>
    <occluded>no</occluded>
    <date></date>
    <id>2</id>
    <parts>
      <hasparts></hasparts>
      <ispartof></ispartof>
    </parts>
    <polygon>
      <pt>
        <x>508.23</x>
        <y>423.76</y>
      </pt>
      <pt>
        <x>523.35</x>
        <y>427.89</y>
      </pt>
      <pt>
        <x>555.33</x>
        <y>392.82</y>
      </pt>
      <pt>
        <x>544.67</x>
        <y>390.76</y>
      </pt>
      <username></username>
    </polygon>
    <attributes></attributes>
  </object>
  <object>
    <name>lane</name>
    <deleted>0</deleted>
    <verified>0</verified>
    <occluded>no</occluded>
    <date></date>
    <id>3</id>
    <parts>
      <hasparts></hasparts>
      <ispartof></ispartof>
    </parts>
    <polygon>
      <pt>
        <x>433.97</x>
        <y>547.67</y>
      </pt>
      <pt>
        <x>455.01</x>
        <y>550.97</y>
      </pt>
      <pt>
        <x>488.01</x>
        <y>478.36</y>
      </pt>
      <pt>
        <x>471.51</x>
        <y>477.95</y>
      </pt>
      <username></username>
    </polygon>
    <attributes></attributes>
  </object>
</annotation>
