<annotation>
  <filename>image_61.jpg</filename>
  <folder></folder>
  <source>
    <sourceImage></sourceImage>
    <sourceAnnotation>Datumaro</sourceAnnotation>
  </source>
  <imagesize>
    <nrows>1920</nrows>
    <ncols>1080</ncols>
  </imagesize>
  <object>
    <name>lane</name>
    <deleted>0</deleted>
    <verified>0</verified>
    <occluded>no</occluded>
    <date></date>
    <id>0</id>
    <parts>
      <hasparts></hasparts>
      <ispartof></ispartof>
    </parts>
    <polygon>
      <pt>
        <x>492.10</x>
        <y>482.30</y>
      </pt>
      <pt>
        <x>505.00</x>
        <y>534.93</y>
      </pt>
      <pt>
        <x>521.51</x>
        <y>535.45</y>
      </pt>
      <pt>
        <x>503.45</x>
        <y>481.78</y>
      </pt>
      <username></username>
    </polygon>
    <attributes></attributes>
  </object>
  <object>
    <name>lane</name>
    <deleted>0</deleted>
    <verified>0</verified>
    <occluded>no</occluded>
    <date></date>
    <id>1</id>
    <parts>
      <hasparts></hasparts>
      <ispartof></ispartof>
    </parts>
    <polygon>
      <pt>
        <x>472.65</x>
        <y>420.54</y>
      </pt>
      <pt>
        <x>488.13</x>
        <y>459.24</y>
      </pt>
      <pt>
        <x>501.55</x>
        <y>459.24</y>
      </pt>
      <pt>
        <x>484.00</x>
        <y>421.57</y>
      </pt>
      <username></username>
    </polygon>
    <attributes></attributes>
  </object>
  <object>
    <name>lane</name>
    <deleted>0</deleted>
    <verified>0</verified>
    <occluded>no</occluded>
    <date></date>
    <id>2</id>
    <parts>
      <hasparts></hasparts>
      <ispartof></ispartof>
    </parts>
    <polygon>
      <pt>
        <x>443.01</x>
        <y>391.71</y>
      </pt>
      <pt>
        <x>451.67</x>
        <y>390.79</y>
      </pt>
      <pt>
        <x>482.43</x>
        <y>412.88</y>
      </pt>
      <pt>
        <x>475.86</x>
        <y>413.78</y>
      </pt>
      <username></username>
    </polygon>
    <attributes></attributes>
  </object>
  <object>
    <name>lane</name>
    <deleted>0</deleted>
    <verified>0</verified>
    <occluded>no</occluded>
    <date></date>
    <id>3</id>
    <parts>
      <hasparts></hasparts>
      <ispartof></ispartof>
    </parts>
    <polygon>
      <pt>
        <x>402.57</x>
        <y>363.15</y>
      </pt>
      <pt>
        <x>409.21</x>
        <y>363.15</y>
      </pt>
      <pt>
        <x>432.23</x>
        <y>376.84</y>
      </pt>
      <pt>
        <x>425.59</x>
        <y>377.88</y>
      </pt>
      <username></username>
    </polygon>
    <attributes></attributes>
  </object>
  <object>
    <name>lane</name>
    <deleted>0</deleted>
    <verified>0</verified>
    <occluded>no</occluded>
    <date></date>
    <id>4</id>
    <parts>
      <hasparts></hasparts>
      <ispartof></ispartof>
    </parts>
    <polygon>
      <pt>
        <x>335.17</x>
        <y>331.78</y>
      </pt>
      <pt>
        <x>338.77</x>
        <y>331.06</y>
      </pt>
      <pt>
        <x>355.69</x>
        <y>338.74</y>
      </pt>
      <pt>
        <x>352.21</x>
        <y>338.74</y>
      </pt>
      <username></username>
    </polygon>
    <attributes></attributes>
  </object>
  <object>
    <name>lane</name>
    <deleted>0</deleted>
    <verified>0</verified>
    <occluded>no</occluded>
    <date></date>
    <id>5</id>
    <parts>
      <hasparts></hasparts>
      <ispartof></ispartof>
    </parts>
    <polygon>
      <pt>
        <x>366.25</x>
        <y>345.22</y>
      </pt>
      <pt>
        <x>372.13</x>
        <y>345.10</y>
      </pt>
      <pt>
        <x>389.89</x>
        <y>353.86</y>
      </pt>
      <pt>
        <x>382.57</x>
        <y>353.86</y>
      </pt>
      <username></username>
    </polygon>
    <attributes></attributes>
  </object>
  <object>
    <name>lane</name>
    <deleted>0</deleted>
    <verified>0</verified>
    <occluded>no</occluded>
    <date></date>
    <id>6</id>
    <parts>
      <hasparts></hasparts>
      <ispartof></ispartof>
    </parts>
    <polygon>
      <pt>
        <x>573.51</x>
        <y>1166.68</y>
      </pt>
      <pt>
        <x>629.42</x>
        <y>1161.36</y>
      </pt>
      <pt>
        <x>706.63</x>
        <y>1749.73</y>
      </pt>
      <pt>
        <x>725.27</x>
        <y>1914.80</y>
      </pt>
      <pt>
        <x>621.44</x>
        <y>1914.80</y>
      </pt>
      <pt>
        <x>600.14</x>
        <y>1438.24</y>
      </pt>
      <username></username>
    </polygon>
    <attributes></attributes>
  </object>
  <object>
    <name>lane</name>
    <deleted>0</deleted>
    <verified>0</verified>
    <occluded>no</occluded>
    <date></date>
    <id>7</id>
    <parts>
      <hasparts></hasparts>
      <ispartof></ispartof>
    </parts>
    <polygon>
      <pt>
        <x>515.85</x>
        <y>622.85</y>
      </pt>
      <pt>
        <x>530.83</x>
        <y>706.30</y>
      </pt>
      <pt>
        <x>540.46</x>
        <y>779.06</y>
      </pt>
      <pt>
        <x>570.42</x>
        <y>779.06</y>
      </pt>
      <pt>
        <x>556.51</x>
        <y>700.95</y>
      </pt>
      <pt>
        <x>539.39</x>
        <y>624.99</y>
      </pt>
      <username></username>
    </polygon>
    <attributes></attributes>
  </object>
</annotation>
