<annotation>
  <filename>image_700.jpg</filename>
  <folder></folder>
  <source>
    <sourceImage></sourceImage>
    <sourceAnnotation>Datumaro</sourceAnnotation>
  </source>
  <imagesize>
    <nrows>1920</nrows>
    <ncols>1080</ncols>
  </imagesize>
  <object>
    <name>lane</name>
    <deleted>0</deleted>
    <verified>0</verified>
    <occluded>no</occluded>
    <date></date>
    <id>0</id>
    <parts>
      <hasparts></hasparts>
      <ispartof></ispartof>
    </parts>
    <polygon>
      <pt>
        <x>176.07</x>
        <y>376.92</y>
      </pt>
      <pt>
        <x>179.33</x>
        <y>375.70</y>
      </pt>
      <pt>
        <x>214.76</x>
        <y>384.05</y>
      </pt>
      <pt>
        <x>212.52</x>
        <y>385.68</y>
      </pt>
      <username></username>
    </polygon>
    <attributes></attributes>
  </object>
  <object>
    <name>lane</name>
    <deleted>0</deleted>
    <verified>0</verified>
    <occluded>no</occluded>
    <date></date>
    <id>1</id>
    <parts>
      <hasparts></hasparts>
      <ispartof></ispartof>
    </parts>
    <polygon>
      <pt>
        <x>108.87</x>
        <y>359.21</y>
      </pt>
      <pt>
        <x>110.91</x>
        <y>359.01</y>
      </pt>
      <pt>
        <x>145.53</x>
        <y>366.74</y>
      </pt>
      <pt>
        <x>143.90</x>
        <y>368.78</y>
      </pt>
      <username></username>
    </polygon>
    <attributes></attributes>
  </object>
  <object>
    <name>lane</name>
    <deleted>0</deleted>
    <verified>0</verified>
    <occluded>no</occluded>
    <date></date>
    <id>2</id>
    <parts>
      <hasparts></hasparts>
      <ispartof></ispartof>
    </parts>
    <polygon>
      <pt>
        <x>539.70</x>
        <y>1449.40</y>
      </pt>
      <pt>
        <x>610.30</x>
        <y>1455.70</y>
      </pt>
      <pt>
        <x>589.00</x>
        <y>1920.00</y>
      </pt>
      <pt>
        <x>531.90</x>
        <y>1920.00</y>
      </pt>
      <pt>
        <x>484.20</x>
        <y>1914.60</y>
      </pt>
      <username></username>
    </polygon>
    <attributes></attributes>
  </object>
  <object>
    <name>lane</name>
    <deleted>0</deleted>
    <verified>0</verified>
    <occluded>no</occluded>
    <date></date>
    <id>3</id>
    <parts>
      <hasparts></hasparts>
      <ispartof></ispartof>
    </parts>
    <polygon>
      <pt>
        <x>240.20</x>
        <y>396.00</y>
      </pt>
      <pt>
        <x>274.40</x>
        <y>409.50</y>
      </pt>
      <pt>
        <x>279.90</x>
        <y>408.20</y>
      </pt>
      <pt>
        <x>248.60</x>
        <y>394.70</y>
      </pt>
      <username></username>
    </polygon>
    <attributes></attributes>
  </object>
  <object>
    <name>lane</name>
    <deleted>0</deleted>
    <verified>0</verified>
    <occluded>no</occluded>
    <date></date>
    <id>4</id>
    <parts>
      <hasparts></hasparts>
      <ispartof></ispartof>
    </parts>
    <polygon>
      <pt>
        <x>300.10</x>
        <y>420.10</y>
      </pt>
      <pt>
        <x>307.10</x>
        <y>419.80</y>
      </pt>
      <pt>
        <x>341.40</x>
        <y>437.10</y>
      </pt>
      <pt>
        <x>331.20</x>
        <y>438.60</y>
      </pt>
      <username></username>
    </polygon>
    <attributes></attributes>
  </object>
  <object>
    <name>lane</name>
    <deleted>0</deleted>
    <verified>0</verified>
    <occluded>no</occluded>
    <date></date>
    <id>5</id>
    <parts>
      <hasparts></hasparts>
      <ispartof></ispartof>
    </parts>
    <polygon>
      <pt>
        <x>552.00</x>
        <y>854.40</y>
      </pt>
      <pt>
        <x>587.00</x>
        <y>857.00</y>
      </pt>
      <pt>
        <x>607.20</x>
        <y>1052.30</y>
      </pt>
      <pt>
        <x>560.80</x>
        <y>1045.30</y>
      </pt>
      <username></username>
    </polygon>
    <attributes></attributes>
  </object>
  <object>
    <name>lane</name>
    <deleted>0</deleted>
    <verified>0</verified>
    <occluded>no</occluded>
    <date></date>
    <id>6</id>
    <parts>
      <hasparts></hasparts>
      <ispartof></ispartof>
    </parts>
    <polygon>
      <pt>
        <x>518.10</x>
        <y>661.30</y>
      </pt>
      <pt>
        <x>540.20</x>
        <y>662.00</y>
      </pt>
      <pt>
        <x>564.90</x>
        <y>740.50</y>
      </pt>
      <pt>
        <x>537.10</x>
        <y>737.00</y>
      </pt>
      <username></username>
    </polygon>
    <attributes></attributes>
  </object>
  <object>
    <name>lane</name>
    <deleted>0</deleted>
    <verified>0</verified>
    <occluded>no</occluded>
    <date></date>
    <id>7</id>
    <parts>
      <hasparts></hasparts>
      <ispartof></ispartof>
    </parts>
    <polygon>
      <pt>
        <x>409.40</x>
        <y>497.10</y>
      </pt>
      <pt>
        <x>423.20</x>
        <y>498.00</y>
      </pt>
      <pt>
        <x>456.90</x>
        <y>529.30</y>
      </pt>
      <pt>
        <x>443.40</x>
        <y>528.10</y>
      </pt>
      <username></username>
    </polygon>
    <attributes></attributes>
  </object>
  <object>
    <name>lane</name>
    <deleted>0</deleted>
    <verified>0</verified>
    <occluded>no</occluded>
    <date></date>
    <id>8</id>
    <parts>
      <hasparts></hasparts>
      <ispartof></ispartof>
    </parts>
    <polygon>
      <pt>
        <x>357.20</x>
        <y>453.80</y>
      </pt>
      <pt>
        <x>386.30</x>
        <y>476.20</y>
      </pt>
      <pt>
        <x>399.04</x>
        <y>476.84</y>
      </pt>
      <pt>
        <x>367.60</x>
        <y>454.70</y>
      </pt>
      <username></username>
    </polygon>
    <attributes></attributes>
  </object>
  <object>
    <name>lane</name>
    <deleted>0</deleted>
    <verified>0</verified>
    <occluded>no</occluded>
    <date></date>
    <id>9</id>
    <parts>
      <hasparts></hasparts>
      <ispartof></ispartof>
    </parts>
    <polygon>
      <pt>
        <x>468.50</x>
        <y>557.20</y>
      </pt>
      <pt>
        <x>485.33</x>
        <y>558.39</y>
      </pt>
      <pt>
        <x>509.80</x>
        <y>605.10</y>
      </pt>
      <pt>
        <x>492.10</x>
        <y>602.30</y>
      </pt>
      <username></username>
    </polygon>
    <attributes></attributes>
  </object>
</annotation>
