<annotation>
  <filename>image_2687.jpg</filename>
  <folder></folder>
  <source>
    <sourceImage></sourceImage>
    <sourceAnnotation>Datumaro</sourceAnnotation>
  </source>
  <imagesize>
    <nrows>1920</nrows>
    <ncols>1080</ncols>
  </imagesize>
  <object>
    <name>lane</name>
    <deleted>0</deleted>
    <verified>0</verified>
    <occluded>no</occluded>
    <date></date>
    <id>0</id>
    <parts>
      <hasparts></hasparts>
      <ispartof></ispartof>
    </parts>
    <polygon>
      <pt>
        <x>795.27</x>
        <y>346.75</y>
      </pt>
      <pt>
        <x>798.82</x>
        <y>347.82</y>
      </pt>
      <pt>
        <x>816.23</x>
        <y>343.91</y>
      </pt>
      <pt>
        <x>813.75</x>
        <y>342.49</y>
      </pt>
      <username></username>
    </polygon>
    <attributes></attributes>
  </object>
  <object>
    <name>lane</name>
    <deleted>0</deleted>
    <verified>0</verified>
    <occluded>no</occluded>
    <date></date>
    <id>1</id>
    <parts>
      <hasparts></hasparts>
      <ispartof></ispartof>
    </parts>
    <polygon>
      <pt>
        <x>427.66</x>
        <y>1670.28</y>
      </pt>
      <pt>
        <x>516.38</x>
        <y>1670.28</y>
      </pt>
      <pt>
        <x>529.02</x>
        <y>1920.00</y>
      </pt>
      <pt>
        <x>415.18</x>
        <y>1920.00</y>
      </pt>
      <username></username>
    </polygon>
    <attributes></attributes>
  </object>
  <object>
    <name>lane</name>
    <deleted>0</deleted>
    <verified>0</verified>
    <occluded>no</occluded>
    <date></date>
    <id>2</id>
    <parts>
      <hasparts></hasparts>
      <ispartof></ispartof>
    </parts>
    <polygon>
      <pt>
        <x>678.00</x>
        <y>396.85</y>
      </pt>
      <pt>
        <x>684.76</x>
        <y>399.34</y>
      </pt>
      <pt>
        <x>706.43</x>
        <y>384.77</y>
      </pt>
      <pt>
        <x>700.04</x>
        <y>383.71</y>
      </pt>
      <username></username>
    </polygon>
    <attributes></attributes>
  </object>
  <object>
    <name>lane</name>
    <deleted>0</deleted>
    <verified>0</verified>
    <occluded>no</occluded>
    <date></date>
    <id>3</id>
    <parts>
      <hasparts></hasparts>
      <ispartof></ispartof>
    </parts>
    <polygon>
      <pt>
        <x>655.62</x>
        <y>410.36</y>
      </pt>
      <pt>
        <x>662.72</x>
        <y>410.36</y>
      </pt>
      <pt>
        <x>640.69</x>
        <y>431.68</y>
      </pt>
      <pt>
        <x>632.88</x>
        <y>429.19</y>
      </pt>
      <username></username>
    </polygon>
    <attributes></attributes>
  </object>
  <object>
    <name>lane</name>
    <deleted>0</deleted>
    <verified>0</verified>
    <occluded>no</occluded>
    <date></date>
    <id>4</id>
    <parts>
      <hasparts></hasparts>
      <ispartof></ispartof>
    </parts>
    <polygon>
      <pt>
        <x>612.31</x>
        <y>451.16</y>
      </pt>
      <pt>
        <x>621.89</x>
        <y>451.16</y>
      </pt>
      <pt>
        <x>602.73</x>
        <y>487.26</y>
      </pt>
      <pt>
        <x>590.94</x>
        <y>485.79</y>
      </pt>
      <username></username>
    </polygon>
    <attributes></attributes>
  </object>
  <object>
    <name>lane</name>
    <deleted>0</deleted>
    <verified>0</verified>
    <occluded>no</occluded>
    <date></date>
    <id>5</id>
    <parts>
      <hasparts></hasparts>
      <ispartof></ispartof>
    </parts>
    <polygon>
      <pt>
        <x>567.98</x>
        <y>524.94</y>
      </pt>
      <pt>
        <x>584.53</x>
        <y>526.22</y>
      </pt>
      <pt>
        <x>571.80</x>
        <y>593.70</y>
      </pt>
      <pt>
        <x>551.43</x>
        <y>593.70</y>
      </pt>
      <username></username>
    </polygon>
    <attributes></attributes>
  </object>
  <object>
    <name>lane</name>
    <deleted>0</deleted>
    <verified>0</verified>
    <occluded>no</occluded>
    <date></date>
    <id>6</id>
    <parts>
      <hasparts></hasparts>
      <ispartof></ispartof>
    </parts>
    <polygon>
      <pt>
        <x>525.96</x>
        <y>700.53</y>
      </pt>
      <pt>
        <x>548.88</x>
        <y>700.53</y>
      </pt>
      <pt>
        <x>538.69</x>
        <y>920.80</y>
      </pt>
      <pt>
        <x>497.95</x>
        <y>920.80</y>
      </pt>
      <username></username>
    </polygon>
    <attributes></attributes>
  </object>
  <object>
    <name>lane</name>
    <deleted>0</deleted>
    <verified>0</verified>
    <occluded>no</occluded>
    <date></date>
    <id>7</id>
    <parts>
      <hasparts></hasparts>
      <ispartof></ispartof>
    </parts>
    <polygon>
      <pt>
        <x>830.09</x>
        <y>338.22</y>
      </pt>
      <pt>
        <x>832.23</x>
        <y>339.64</y>
      </pt>
      <pt>
        <x>854.97</x>
        <y>336.80</y>
      </pt>
      <pt>
        <x>853.90</x>
        <y>335.73</y>
      </pt>
      <username></username>
    </polygon>
    <attributes></attributes>
  </object>
  <object>
    <name>lane</name>
    <deleted>0</deleted>
    <verified>0</verified>
    <occluded>no</occluded>
    <date></date>
    <id>8</id>
    <parts>
      <hasparts></hasparts>
      <ispartof></ispartof>
    </parts>
    <polygon>
      <pt>
        <x>760.09</x>
        <y>357.41</y>
      </pt>
      <pt>
        <x>762.93</x>
        <y>358.83</y>
      </pt>
      <pt>
        <x>781.06</x>
        <y>353.50</y>
      </pt>
      <pt>
        <x>778.92</x>
        <y>351.72</y>
      </pt>
      <username></username>
    </polygon>
    <attributes></attributes>
  </object>
  <object>
    <name>lane</name>
    <deleted>0</deleted>
    <verified>0</verified>
    <occluded>no</occluded>
    <date></date>
    <id>9</id>
    <parts>
      <hasparts></hasparts>
      <ispartof></ispartof>
    </parts>
    <polygon>
      <pt>
        <x>720.65</x>
        <y>373.76</y>
      </pt>
      <pt>
        <x>723.49</x>
        <y>375.53</y>
      </pt>
      <pt>
        <x>745.88</x>
        <y>365.94</y>
      </pt>
      <pt>
        <x>741.61</x>
        <y>364.52</y>
      </pt>
      <username></username>
    </polygon>
    <attributes></attributes>
  </object>
</annotation>
