<annotation>
  <filename>image_393.jpg</filename>
  <folder></folder>
  <source>
    <sourceImage></sourceImage>
    <sourceAnnotation>Datumaro</sourceAnnotation>
  </source>
  <imagesize>
    <nrows>1920</nrows>
    <ncols>1080</ncols>
  </imagesize>
  <object>
    <name>lane</name>
    <deleted>0</deleted>
    <verified>0</verified>
    <occluded>no</occluded>
    <date></date>
    <id>0</id>
    <parts>
      <hasparts></hasparts>
      <ispartof></ispartof>
    </parts>
    <type>bounding_box</type>
    <polygon>
      <pt>
        <x>471.62</x>
        <y>141.10</y>
      </pt>
      <pt>
        <x>481.47</x>
        <y>141.10</y>
      </pt>
      <pt>
        <x>481.47</x>
        <y>152.45</y>
      </pt>
      <pt>
        <x>471.62</x>
        <y>152.45</y>
      </pt>
      <username></username>
    </polygon>
    <attributes>rotation=0.0</attributes>
  </object>
  <object>
    <name>lane</name>
    <deleted>0</deleted>
    <verified>0</verified>
    <occluded>no</occluded>
    <date></date>
    <id>1</id>
    <parts>
      <hasparts></hasparts>
      <ispartof></ispartof>
    </parts>
    <type>bounding_box</type>
    <polygon>
      <pt>
        <x>473.11</x>
        <y>126.47</y>
      </pt>
      <pt>
        <x>479.68</x>
        <y>126.47</y>
      </pt>
      <pt>
        <x>479.68</x>
        <y>135.13</y>
      </pt>
      <pt>
        <x>473.11</x>
        <y>135.13</y>
      </pt>
      <username></username>
    </polygon>
    <attributes>rotation=0.0</attributes>
  </object>
  <object>
    <name>lane</name>
    <deleted>0</deleted>
    <verified>0</verified>
    <occluded>no</occluded>
    <date></date>
    <id>2</id>
    <parts>
      <hasparts></hasparts>
      <ispartof></ispartof>
    </parts>
    <type>bounding_box</type>
    <polygon>
      <pt>
        <x>473.11</x>
        <y>113.03</y>
      </pt>
      <pt>
        <x>480.57</x>
        <y>113.03</y>
      </pt>
      <pt>
        <x>480.57</x>
        <y>120.50</y>
      </pt>
      <pt>
        <x>473.11</x>
        <y>120.50</y>
      </pt>
      <username></username>
    </polygon>
    <attributes>rotation=0.0</attributes>
  </object>
  <object>
    <name>lane</name>
    <deleted>0</deleted>
    <verified>0</verified>
    <occluded>no</occluded>
    <date></date>
    <id>3</id>
    <parts>
      <hasparts></hasparts>
      <ispartof></ispartof>
    </parts>
    <type>bounding_box</type>
    <polygon>
      <pt>
        <x>473.41</x>
        <y>100.79</y>
      </pt>
      <pt>
        <x>479.68</x>
        <y>100.79</y>
      </pt>
      <pt>
        <x>479.68</x>
        <y>107.36</y>
      </pt>
      <pt>
        <x>473.41</x>
        <y>107.36</y>
      </pt>
      <username></username>
    </polygon>
    <attributes>rotation=0.0</attributes>
  </object>
  <object>
    <name>lane</name>
    <deleted>0</deleted>
    <verified>0</verified>
    <occluded>no</occluded>
    <date></date>
    <id>4</id>
    <parts>
      <hasparts></hasparts>
      <ispartof></ispartof>
    </parts>
    <type>bounding_box</type>
    <polygon>
      <pt>
        <x>472.81</x>
        <y>92.13</y>
      </pt>
      <pt>
        <x>479.38</x>
        <y>92.13</y>
      </pt>
      <pt>
        <x>479.38</x>
        <y>97.50</y>
      </pt>
      <pt>
        <x>472.81</x>
        <y>97.50</y>
      </pt>
      <username></username>
    </polygon>
    <attributes>rotation=0.0</attributes>
  </object>
  <object>
    <name>lane</name>
    <deleted>0</deleted>
    <verified>0</verified>
    <occluded>no</occluded>
    <date></date>
    <id>5</id>
    <parts>
      <hasparts></hasparts>
      <ispartof></ispartof>
    </parts>
    <polygon>
      <pt>
        <x>409.58</x>
        <y>1537.37</y>
      </pt>
      <pt>
        <x>429.61</x>
        <y>1164.52</y>
      </pt>
      <pt>
        <x>434.23</x>
        <y>911.85</y>
      </pt>
      <pt>
        <x>489.70</x>
        <y>904.14</y>
      </pt>
      <pt>
        <x>498.94</x>
        <y>1164.52</y>
      </pt>
      <pt>
        <x>512.81</x>
        <y>1540.45</y>
      </pt>
      <username></username>
    </polygon>
    <attributes></attributes>
  </object>
  <object>
    <name>lane</name>
    <deleted>0</deleted>
    <verified>0</verified>
    <occluded>no</occluded>
    <date></date>
    <id>6</id>
    <parts>
      <hasparts></hasparts>
      <ispartof></ispartof>
    </parts>
    <type>bounding_box</type>
    <polygon>
      <pt>
        <x>468.33</x>
        <y>221.08</y>
      </pt>
      <pt>
        <x>483.37</x>
        <y>221.08</y>
      </pt>
      <pt>
        <x>483.37</x>
        <y>246.02</y>
      </pt>
      <pt>
        <x>468.33</x>
        <y>246.02</y>
      </pt>
      <username></username>
    </polygon>
    <attributes>rotation=0.0</attributes>
  </object>
  <object>
    <name>lane</name>
    <deleted>0</deleted>
    <verified>0</verified>
    <occluded>no</occluded>
    <date></date>
    <id>7</id>
    <parts>
      <hasparts></hasparts>
      <ispartof></ispartof>
    </parts>
    <polygon>
      <pt>
        <x>444.70</x>
        <y>652.59</y>
      </pt>
      <pt>
        <x>454.33</x>
        <y>509.22</y>
      </pt>
      <pt>
        <x>489.64</x>
        <y>508.15</y>
      </pt>
      <pt>
        <x>489.64</x>
        <y>656.87</y>
      </pt>
      <username></username>
    </polygon>
    <attributes></attributes>
  </object>
  <object>
    <name>lane</name>
    <deleted>0</deleted>
    <verified>0</verified>
    <occluded>no</occluded>
    <date></date>
    <id>8</id>
    <parts>
      <hasparts></hasparts>
      <ispartof></ispartof>
    </parts>
    <type>bounding_box</type>
    <polygon>
      <pt>
        <x>465.39</x>
        <y>267.90</y>
      </pt>
      <pt>
        <x>483.96</x>
        <y>267.90</y>
      </pt>
      <pt>
        <x>483.96</x>
        <y>305.90</y>
      </pt>
      <pt>
        <x>465.39</x>
        <y>305.90</y>
      </pt>
      <username></username>
    </polygon>
    <attributes>rotation=0.0</attributes>
  </object>
  <object>
    <name>lane</name>
    <deleted>0</deleted>
    <verified>0</verified>
    <occluded>no</occluded>
    <date></date>
    <id>9</id>
    <parts>
      <hasparts></hasparts>
      <ispartof></ispartof>
    </parts>
    <type>bounding_box</type>
    <polygon>
      <pt>
        <x>460.13</x>
        <y>348.59</y>
      </pt>
      <pt>
        <x>485.09</x>
        <y>348.59</y>
      </pt>
      <pt>
        <x>485.09</x>
        <y>423.48</y>
      </pt>
      <pt>
        <x>460.13</x>
        <y>423.48</y>
      </pt>
      <username></username>
    </polygon>
    <attributes>rotation=0.0</attributes>
  </object>
  <object>
    <name>lane</name>
    <deleted>0</deleted>
    <verified>0</verified>
    <occluded>no</occluded>
    <date></date>
    <id>10</id>
    <parts>
      <hasparts></hasparts>
      <ispartof></ispartof>
    </parts>
    <type>bounding_box</type>
    <polygon>
      <pt>
        <x>469.53</x>
        <y>185.59</y>
      </pt>
      <pt>
        <x>481.77</x>
        <y>185.59</y>
      </pt>
      <pt>
        <x>481.77</x>
        <y>202.91</y>
      </pt>
      <pt>
        <x>469.53</x>
        <y>202.91</y>
      </pt>
      <username></username>
    </polygon>
    <attributes>rotation=0.0</attributes>
  </object>
  <object>
    <name>lane</name>
    <deleted>0</deleted>
    <verified>0</verified>
    <occluded>no</occluded>
    <date></date>
    <id>11</id>
    <parts>
      <hasparts></hasparts>
      <ispartof></ispartof>
    </parts>
    <type>bounding_box</type>
    <polygon>
      <pt>
        <x>471.02</x>
        <y>160.21</y>
      </pt>
      <pt>
        <x>481.47</x>
        <y>160.21</y>
      </pt>
      <pt>
        <x>481.47</x>
        <y>174.24</y>
      </pt>
      <pt>
        <x>471.02</x>
        <y>174.24</y>
      </pt>
      <username></username>
    </polygon>
    <attributes>rotation=0.0</attributes>
  </object>
</annotation>
