<annotation>
  <filename>image_892.jpg</filename>
  <folder></folder>
  <source>
    <sourceImage></sourceImage>
    <sourceAnnotation>Datumaro</sourceAnnotation>
  </source>
  <imagesize>
    <nrows>1920</nrows>
    <ncols>1080</ncols>
  </imagesize>
  <object>
    <name>lane</name>
    <deleted>0</deleted>
    <verified>0</verified>
    <occluded>no</occluded>
    <date></date>
    <id>0</id>
    <parts>
      <hasparts></hasparts>
      <ispartof></ispartof>
    </parts>
    <polygon>
      <pt>
        <x>661.76</x>
        <y>62.44</y>
      </pt>
      <pt>
        <x>743.64</x>
        <y>29.38</y>
      </pt>
      <pt>
        <x>749.65</x>
        <y>33.51</y>
      </pt>
      <pt>
        <x>669.65</x>
        <y>62.81</y>
      </pt>
      <username></username>
    </polygon>
    <attributes></attributes>
  </object>
  <object>
    <name>lane</name>
    <deleted>0</deleted>
    <verified>0</verified>
    <occluded>no</occluded>
    <date></date>
    <id>1</id>
    <parts>
      <hasparts></hasparts>
      <ispartof></ispartof>
    </parts>
    <polygon>
      <pt>
        <x>842.05</x>
        <y>24.50</y>
      </pt>
      <pt>
        <x>960.75</x>
        <y>15.48</y>
      </pt>
      <pt>
        <x>965.25</x>
        <y>19.99</y>
      </pt>
      <pt>
        <x>846.18</x>
        <y>26.38</y>
      </pt>
      <username></username>
    </polygon>
    <attributes></attributes>
  </object>
  <object>
    <name>lane</name>
    <deleted>0</deleted>
    <verified>0</verified>
    <occluded>no</occluded>
    <date></date>
    <id>2</id>
    <parts>
      <hasparts></hasparts>
      <ispartof></ispartof>
    </parts>
    <polygon>
      <pt>
        <x>557.80</x>
        <y>842.53</y>
      </pt>
      <pt>
        <x>622.40</x>
        <y>842.53</y>
      </pt>
      <pt>
        <x>693.46</x>
        <y>1559.62</y>
      </pt>
      <pt>
        <x>580.41</x>
        <y>1569.31</y>
      </pt>
      <username></username>
    </polygon>
    <attributes></attributes>
  </object>
  <object>
    <name>lane</name>
    <deleted>0</deleted>
    <verified>0</verified>
    <occluded>no</occluded>
    <date></date>
    <id>3</id>
    <parts>
      <hasparts></hasparts>
      <ispartof></ispartof>
    </parts>
    <polygon>
      <pt>
        <x>0.00</x>
        <y>338.87</y>
      </pt>
      <pt>
        <x>46.96</x>
        <y>375.19</y>
      </pt>
      <pt>
        <x>82.66</x>
        <y>375.19</y>
      </pt>
      <pt>
        <x>0.00</x>
        <y>313.03</y>
      </pt>
      <username></username>
    </polygon>
    <attributes></attributes>
  </object>
  <object>
    <name>lane</name>
    <deleted>0</deleted>
    <verified>0</verified>
    <occluded>no</occluded>
    <date></date>
    <id>4</id>
    <parts>
      <hasparts></hasparts>
      <ispartof></ispartof>
    </parts>
    <polygon>
      <pt>
        <x>199.99</x>
        <y>516.17</y>
      </pt>
      <pt>
        <x>242.98</x>
        <y>507.76</y>
      </pt>
      <pt>
        <x>449.50</x>
        <y>726.50</y>
      </pt>
      <pt>
        <x>393.46</x>
        <y>732.08</y>
      </pt>
      <username></username>
    </polygon>
    <attributes></attributes>
  </object>
  <object>
    <name>lane</name>
    <deleted>0</deleted>
    <verified>0</verified>
    <occluded>no</occluded>
    <date></date>
    <id>5</id>
    <parts>
      <hasparts></hasparts>
      <ispartof></ispartof>
    </parts>
    <polygon>
      <pt>
        <x>557.95</x>
        <y>407.76</y>
      </pt>
      <pt>
        <x>589.73</x>
        <y>408.69</y>
      </pt>
      <pt>
        <x>595.34</x>
        <y>559.17</y>
      </pt>
      <pt>
        <x>550.48</x>
        <y>560.10</y>
      </pt>
      <username></username>
    </polygon>
    <attributes></attributes>
  </object>
  <object>
    <name>lane</name>
    <deleted>0</deleted>
    <verified>0</verified>
    <occluded>no</occluded>
    <date></date>
    <id>6</id>
    <parts>
      <hasparts></hasparts>
      <ispartof></ispartof>
    </parts>
    <polygon>
      <pt>
        <x>571.24</x>
        <y>151.46</y>
      </pt>
      <pt>
        <x>590.02</x>
        <y>150.70</y>
      </pt>
      <pt>
        <x>579.50</x>
        <y>189.77</y>
      </pt>
      <pt>
        <x>558.09</x>
        <y>190.52</y>
      </pt>
      <username></username>
    </polygon>
    <attributes></attributes>
  </object>
  <object>
    <name>lane</name>
    <deleted>0</deleted>
    <verified>0</verified>
    <occluded>no</occluded>
    <date></date>
    <id>7</id>
    <parts>
      <hasparts></hasparts>
      <ispartof></ispartof>
    </parts>
    <polygon>
      <pt>
        <x>585.89</x>
        <y>117.27</y>
      </pt>
      <pt>
        <x>609.93</x>
        <y>87.60</y>
      </pt>
      <pt>
        <x>627.58</x>
        <y>86.85</y>
      </pt>
      <pt>
        <x>603.16</x>
        <y>116.15</y>
      </pt>
      <username></username>
    </polygon>
    <attributes></attributes>
  </object>
</annotation>
