<annotation>
  <filename>image_1774.jpg</filename>
  <folder></folder>
  <source>
    <sourceImage></sourceImage>
    <sourceAnnotation>Datumaro</sourceAnnotation>
  </source>
  <imagesize>
    <nrows>1920</nrows>
    <ncols>1080</ncols>
  </imagesize>
  <object>
    <name>lane</name>
    <deleted>0</deleted>
    <verified>0</verified>
    <occluded>no</occluded>
    <date></date>
    <id>0</id>
    <parts>
      <hasparts></hasparts>
      <ispartof></ispartof>
    </parts>
    <polygon>
      <pt>
        <x>492.92</x>
        <y>376.00</y>
      </pt>
      <pt>
        <x>498.52</x>
        <y>376.98</y>
      </pt>
      <pt>
        <x>516.78</x>
        <y>366.99</y>
      </pt>
      <pt>
        <x>511.67</x>
        <y>366.02</y>
      </pt>
      <username></username>
    </polygon>
    <attributes></attributes>
  </object>
  <object>
    <name>lane</name>
    <deleted>0</deleted>
    <verified>0</verified>
    <occluded>no</occluded>
    <date></date>
    <id>1</id>
    <parts>
      <hasparts></hasparts>
      <ispartof></ispartof>
    </parts>
    <polygon>
      <pt>
        <x>485.59</x>
        <y>387.93</y>
      </pt>
      <pt>
        <x>493.87</x>
        <y>388.18</y>
      </pt>
      <pt>
        <x>494.35</x>
        <y>402.30</y>
      </pt>
      <pt>
        <x>486.07</x>
        <y>402.06</y>
      </pt>
      <username></username>
    </polygon>
    <attributes></attributes>
  </object>
  <object>
    <name>lane</name>
    <deleted>0</deleted>
    <verified>0</verified>
    <occluded>no</occluded>
    <date></date>
    <id>2</id>
    <parts>
      <hasparts></hasparts>
      <ispartof></ispartof>
    </parts>
    <polygon>
      <pt>
        <x>479.28</x>
        <y>1287.20</y>
      </pt>
      <pt>
        <x>548.27</x>
        <y>1292.64</y>
      </pt>
      <pt>
        <x>521.04</x>
        <y>816.97</y>
      </pt>
      <pt>
        <x>482.91</x>
        <y>820.60</y>
      </pt>
      <username></username>
    </polygon>
    <attributes></attributes>
  </object>
  <object>
    <name>lane</name>
    <deleted>0</deleted>
    <verified>0</verified>
    <occluded>no</occluded>
    <date></date>
    <id>3</id>
    <parts>
      <hasparts></hasparts>
      <ispartof></ispartof>
    </parts>
    <polygon>
      <pt>
        <x>485.45</x>
        <y>649.61</y>
      </pt>
      <pt>
        <x>508.21</x>
        <y>649.61</y>
      </pt>
      <pt>
        <x>502.96</x>
        <y>558.55</y>
      </pt>
      <pt>
        <x>485.45</x>
        <y>558.55</y>
      </pt>
      <username></username>
    </polygon>
    <attributes></attributes>
  </object>
  <object>
    <name>lane</name>
    <deleted>0</deleted>
    <verified>0</verified>
    <occluded>no</occluded>
    <date></date>
    <id>4</id>
    <parts>
      <hasparts></hasparts>
      <ispartof></ispartof>
    </parts>
    <polygon>
      <pt>
        <x>485.39</x>
        <y>505.27</y>
      </pt>
      <pt>
        <x>501.20</x>
        <y>506.49</y>
      </pt>
      <pt>
        <x>498.77</x>
        <y>466.36</y>
      </pt>
      <pt>
        <x>482.96</x>
        <y>466.36</y>
      </pt>
      <username></username>
    </polygon>
    <attributes></attributes>
  </object>
  <object>
    <name>lane</name>
    <deleted>0</deleted>
    <verified>0</verified>
    <occluded>no</occluded>
    <date></date>
    <id>5</id>
    <parts>
      <hasparts></hasparts>
      <ispartof></ispartof>
    </parts>
    <polygon>
      <pt>
        <x>485.41</x>
        <y>439.73</y>
      </pt>
      <pt>
        <x>495.97</x>
        <y>438.46</y>
      </pt>
      <pt>
        <x>495.13</x>
        <y>418.62</y>
      </pt>
      <pt>
        <x>485.41</x>
        <y>418.19</y>
      </pt>
      <username></username>
    </polygon>
    <attributes></attributes>
  </object>
  <object>
    <name>lane</name>
    <deleted>0</deleted>
    <verified>0</verified>
    <occluded>no</occluded>
    <date></date>
    <id>6</id>
    <parts>
      <hasparts></hasparts>
      <ispartof></ispartof>
    </parts>
    <polygon>
      <pt>
        <x>696.51</x>
        <y>343.62</y>
      </pt>
      <pt>
        <x>699.05</x>
        <y>344.98</y>
      </pt>
      <pt>
        <x>735.58</x>
        <y>341.43</y>
      </pt>
      <pt>
        <x>730.84</x>
        <y>340.58</y>
      </pt>
      <username></username>
    </polygon>
    <attributes></attributes>
  </object>
  <object>
    <name>lane</name>
    <deleted>0</deleted>
    <verified>0</verified>
    <occluded>no</occluded>
    <date></date>
    <id>7</id>
    <parts>
      <hasparts></hasparts>
      <ispartof></ispartof>
    </parts>
    <polygon>
      <pt>
        <x>619.23</x>
        <y>352.59</y>
      </pt>
      <pt>
        <x>624.30</x>
        <y>353.60</y>
      </pt>
      <pt>
        <x>658.97</x>
        <y>349.71</y>
      </pt>
      <pt>
        <x>655.08</x>
        <y>348.36</y>
      </pt>
      <username></username>
    </polygon>
    <attributes></attributes>
  </object>
  <object>
    <name>lane</name>
    <deleted>0</deleted>
    <verified>0</verified>
    <occluded>no</occluded>
    <date></date>
    <id>8</id>
    <parts>
      <hasparts></hasparts>
      <ispartof></ispartof>
    </parts>
    <polygon>
      <pt>
        <x>544.99</x>
        <y>360.20</y>
      </pt>
      <pt>
        <x>551.25</x>
        <y>361.89</y>
      </pt>
      <pt>
        <x>584.39</x>
        <y>357.49</y>
      </pt>
      <pt>
        <x>581.69</x>
        <y>356.31</y>
      </pt>
      <username></username>
    </polygon>
    <attributes></attributes>
  </object>
  <object>
    <name>lane</name>
    <deleted>0</deleted>
    <verified>0</verified>
    <occluded>no</occluded>
    <date></date>
    <id>9</id>
    <parts>
      <hasparts></hasparts>
      <ispartof></ispartof>
    </parts>
    <polygon>
      <pt>
        <x>443.73</x>
        <y>367.24</y>
      </pt>
      <pt>
        <x>446.16</x>
        <y>365.53</y>
      </pt>
      <pt>
        <x>480.01</x>
        <y>374.78</y>
      </pt>
      <pt>
        <x>476.36</x>
        <y>375.76</y>
      </pt>
      <username></username>
    </polygon>
    <attributes></attributes>
  </object>
</annotation>
