<annotation>
  <filename>image_1828.jpg</filename>
  <folder></folder>
  <source>
    <sourceImage></sourceImage>
    <sourceAnnotation>Datumaro</sourceAnnotation>
  </source>
  <imagesize>
    <nrows>1920</nrows>
    <ncols>1080</ncols>
  </imagesize>
  <object>
    <name>lane</name>
    <deleted>0</deleted>
    <verified>0</verified>
    <occluded>no</occluded>
    <date></date>
    <id>0</id>
    <parts>
      <hasparts></hasparts>
      <ispartof></ispartof>
    </parts>
    <polygon>
      <pt>
        <x>423.40</x>
        <y>965.19</y>
      </pt>
      <pt>
        <x>468.57</x>
        <y>973.41</y>
      </pt>
      <pt>
        <x>481.91</x>
        <y>707.54</y>
      </pt>
      <pt>
        <x>452.15</x>
        <y>705.49</y>
      </pt>
      <username></username>
    </polygon>
    <attributes></attributes>
  </object>
  <object>
    <name>lane</name>
    <deleted>0</deleted>
    <verified>0</verified>
    <occluded>no</occluded>
    <date></date>
    <id>1</id>
    <parts>
      <hasparts></hasparts>
      <ispartof></ispartof>
    </parts>
    <polygon>
      <pt>
        <x>583.28</x>
        <y>462.94</y>
      </pt>
      <pt>
        <x>595.66</x>
        <y>465.91</y>
      </pt>
      <pt>
        <x>683.78</x>
        <y>438.19</y>
      </pt>
      <pt>
        <x>676.85</x>
        <y>435.22</y>
      </pt>
      <username></username>
    </polygon>
    <attributes></attributes>
  </object>
  <object>
    <name>lane</name>
    <deleted>0</deleted>
    <verified>0</verified>
    <occluded>no</occluded>
    <date></date>
    <id>2</id>
    <parts>
      <hasparts></hasparts>
      <ispartof></ispartof>
    </parts>
    <polygon>
      <pt>
        <x>484.77</x>
        <y>573.33</y>
      </pt>
      <pt>
        <x>506.55</x>
        <y>578.28</y>
      </pt>
      <pt>
        <x>538.24</x>
        <y>505.02</y>
      </pt>
      <pt>
        <x>522.39</x>
        <y>502.05</y>
      </pt>
      <username></username>
    </polygon>
    <attributes></attributes>
  </object>
</annotation>
