<annotation>
  <filename>image_2283.jpg</filename>
  <folder></folder>
  <source>
    <sourceImage></sourceImage>
    <sourceAnnotation>Datumaro</sourceAnnotation>
  </source>
  <imagesize>
    <nrows>1920</nrows>
    <ncols>1080</ncols>
  </imagesize>
  <object>
    <name>lane</name>
    <deleted>0</deleted>
    <verified>0</verified>
    <occluded>no</occluded>
    <date></date>
    <id>0</id>
    <parts>
      <hasparts></hasparts>
      <ispartof></ispartof>
    </parts>
    <type>bounding_box</type>
    <polygon>
      <pt>
        <x>512.36</x>
        <y>500.67</y>
      </pt>
      <pt>
        <x>535.96</x>
        <y>500.67</y>
      </pt>
      <pt>
        <x>535.96</x>
        <y>599.46</y>
      </pt>
      <pt>
        <x>512.36</x>
        <y>599.46</y>
      </pt>
      <username></username>
    </polygon>
    <attributes>rotation=0.0</attributes>
  </object>
  <object>
    <name>lane</name>
    <deleted>0</deleted>
    <verified>0</verified>
    <occluded>no</occluded>
    <date></date>
    <id>1</id>
    <parts>
      <hasparts></hasparts>
      <ispartof></ispartof>
    </parts>
    <type>bounding_box</type>
    <polygon>
      <pt>
        <x>534.35</x>
        <y>280.92</y>
      </pt>
      <pt>
        <x>539.33</x>
        <y>280.92</y>
      </pt>
      <pt>
        <x>539.33</x>
        <y>286.41</y>
      </pt>
      <pt>
        <x>534.35</x>
        <y>286.41</y>
      </pt>
      <username></username>
    </polygon>
    <attributes>rotation=0.0</attributes>
  </object>
  <object>
    <name>lane</name>
    <deleted>0</deleted>
    <verified>0</verified>
    <occluded>no</occluded>
    <date></date>
    <id>2</id>
    <parts>
      <hasparts></hasparts>
      <ispartof></ispartof>
    </parts>
    <type>bounding_box</type>
    <polygon>
      <pt>
        <x>534.22</x>
        <y>288.70</y>
      </pt>
      <pt>
        <x>538.69</x>
        <y>288.70</y>
      </pt>
      <pt>
        <x>538.69</x>
        <y>294.70</y>
      </pt>
      <pt>
        <x>534.22</x>
        <y>294.70</y>
      </pt>
      <username></username>
    </polygon>
    <attributes>rotation=0.0</attributes>
  </object>
  <object>
    <name>lane</name>
    <deleted>0</deleted>
    <verified>0</verified>
    <occluded>no</occluded>
    <date></date>
    <id>3</id>
    <parts>
      <hasparts></hasparts>
      <ispartof></ispartof>
    </parts>
    <type>bounding_box</type>
    <polygon>
      <pt>
        <x>532.10</x>
        <y>298.31</y>
      </pt>
      <pt>
        <x>537.82</x>
        <y>298.31</y>
      </pt>
      <pt>
        <x>537.82</x>
        <y>305.61</y>
      </pt>
      <pt>
        <x>532.10</x>
        <y>305.61</y>
      </pt>
      <username></username>
    </polygon>
    <attributes>rotation=0.0</attributes>
  </object>
  <object>
    <name>lane</name>
    <deleted>0</deleted>
    <verified>0</verified>
    <occluded>no</occluded>
    <date></date>
    <id>4</id>
    <parts>
      <hasparts></hasparts>
      <ispartof></ispartof>
    </parts>
    <type>bounding_box</type>
    <polygon>
      <pt>
        <x>529.88</x>
        <y>311.96</y>
      </pt>
      <pt>
        <x>538.45</x>
        <y>311.96</y>
      </pt>
      <pt>
        <x>538.45</x>
        <y>320.54</y>
      </pt>
      <pt>
        <x>529.88</x>
        <y>320.54</y>
      </pt>
      <username></username>
    </polygon>
    <attributes>rotation=0.0</attributes>
  </object>
  <object>
    <name>lane</name>
    <deleted>0</deleted>
    <verified>0</verified>
    <occluded>no</occluded>
    <date></date>
    <id>5</id>
    <parts>
      <hasparts></hasparts>
      <ispartof></ispartof>
    </parts>
    <type>bounding_box</type>
    <polygon>
      <pt>
        <x>529.56</x>
        <y>328.80</y>
      </pt>
      <pt>
        <x>536.86</x>
        <y>328.80</y>
      </pt>
      <pt>
        <x>536.86</x>
        <y>342.14</y>
      </pt>
      <pt>
        <x>529.56</x>
        <y>342.14</y>
      </pt>
      <username></username>
    </polygon>
    <attributes>rotation=0.0</attributes>
  </object>
  <object>
    <name>lane</name>
    <deleted>0</deleted>
    <verified>0</verified>
    <occluded>no</occluded>
    <date></date>
    <id>6</id>
    <parts>
      <hasparts></hasparts>
      <ispartof></ispartof>
    </parts>
    <type>bounding_box</type>
    <polygon>
      <pt>
        <x>527.97</x>
        <y>356.43</y>
      </pt>
      <pt>
        <x>537.82</x>
        <y>356.43</y>
      </pt>
      <pt>
        <x>537.82</x>
        <y>379.93</y>
      </pt>
      <pt>
        <x>527.97</x>
        <y>379.93</y>
      </pt>
      <username></username>
    </polygon>
    <attributes>rotation=0.0</attributes>
  </object>
  <object>
    <name>lane</name>
    <deleted>0</deleted>
    <verified>0</verified>
    <occluded>no</occluded>
    <date></date>
    <id>7</id>
    <parts>
      <hasparts></hasparts>
      <ispartof></ispartof>
    </parts>
    <type>bounding_box</type>
    <polygon>
      <pt>
        <x>522.79</x>
        <y>402.98</y>
      </pt>
      <pt>
        <x>534.31</x>
        <y>402.98</y>
      </pt>
      <pt>
        <x>534.31</x>
        <y>443.04</y>
      </pt>
      <pt>
        <x>522.79</x>
        <y>443.04</y>
      </pt>
      <username></username>
    </polygon>
    <attributes>rotation=0.0</attributes>
  </object>
  <object>
    <name>lane</name>
    <deleted>0</deleted>
    <verified>0</verified>
    <occluded>no</occluded>
    <date></date>
    <id>8</id>
    <parts>
      <hasparts></hasparts>
      <ispartof></ispartof>
    </parts>
    <polygon>
      <pt>
        <x>484.54</x>
        <y>768.12</y>
      </pt>
      <pt>
        <x>464.88</x>
        <y>1104.41</y>
      </pt>
      <pt>
        <x>445.21</x>
        <y>1320.73</y>
      </pt>
      <pt>
        <x>523.88</x>
        <y>1310.90</y>
      </pt>
      <pt>
        <x>521.91</x>
        <y>1090.64</y>
      </pt>
      <pt>
        <x>523.88</x>
        <y>775.99</y>
      </pt>
      <username></username>
    </polygon>
    <attributes></attributes>
  </object>
  <object>
    <name>lane</name>
    <deleted>0</deleted>
    <verified>0</verified>
    <occluded>no</occluded>
    <date></date>
    <id>9</id>
    <parts>
      <hasparts></hasparts>
      <ispartof></ispartof>
    </parts>
    <type>bounding_box</type>
    <polygon>
      <pt>
        <x>535.76</x>
        <y>270.34</y>
      </pt>
      <pt>
        <x>538.58</x>
        <y>270.34</y>
      </pt>
      <pt>
        <x>538.58</x>
        <y>273.16</y>
      </pt>
      <pt>
        <x>535.76</x>
        <y>273.16</y>
      </pt>
      <username></username>
    </polygon>
    <attributes>rotation=0.0</attributes>
  </object>
  <object>
    <name>lane</name>
    <deleted>0</deleted>
    <verified>0</verified>
    <occluded>no</occluded>
    <date></date>
    <id>10</id>
    <parts>
      <hasparts></hasparts>
      <ispartof></ispartof>
    </parts>
    <type>bounding_box</type>
    <polygon>
      <pt>
        <x>535.19</x>
        <y>275.55</y>
      </pt>
      <pt>
        <x>538.73</x>
        <y>275.55</y>
      </pt>
      <pt>
        <x>538.73</x>
        <y>278.38</y>
      </pt>
      <pt>
        <x>535.19</x>
        <y>278.38</y>
      </pt>
      <username></username>
    </polygon>
    <attributes>rotation=0.0</attributes>
  </object>
</annotation>
