<annotation>
  <filename>image_1806.jpg</filename>
  <folder></folder>
  <source>
    <sourceImage></sourceImage>
    <sourceAnnotation>Datumaro</sourceAnnotation>
  </source>
  <imagesize>
    <nrows>1920</nrows>
    <ncols>1080</ncols>
  </imagesize>
  <object>
    <name>lane</name>
    <deleted>0</deleted>
    <verified>0</verified>
    <occluded>no</occluded>
    <date></date>
    <id>0</id>
    <parts>
      <hasparts></hasparts>
      <ispartof></ispartof>
    </parts>
    <polygon>
      <pt>
        <x>534.84</x>
        <y>1707.49</y>
      </pt>
      <pt>
        <x>634.69</x>
        <y>1712.94</y>
      </pt>
      <pt>
        <x>533.02</x>
        <y>906.84</y>
      </pt>
      <pt>
        <x>484.00</x>
        <y>912.29</y>
      </pt>
      <username></username>
    </polygon>
    <attributes></attributes>
  </object>
  <object>
    <name>lane</name>
    <deleted>0</deleted>
    <verified>0</verified>
    <occluded>no</occluded>
    <date></date>
    <id>1</id>
    <parts>
      <hasparts></hasparts>
      <ispartof></ispartof>
    </parts>
    <polygon>
      <pt>
        <x>867.92</x>
        <y>423.76</y>
      </pt>
      <pt>
        <x>874.93</x>
        <y>425.16</y>
      </pt>
      <pt>
        <x>922.98</x>
        <y>412.53</y>
      </pt>
      <pt>
        <x>915.26</x>
        <y>411.13</y>
      </pt>
      <username></username>
    </polygon>
    <attributes></attributes>
  </object>
  <object>
    <name>lane</name>
    <deleted>0</deleted>
    <verified>0</verified>
    <occluded>no</occluded>
    <date></date>
    <id>2</id>
    <parts>
      <hasparts></hasparts>
      <ispartof></ispartof>
    </parts>
    <polygon>
      <pt>
        <x>756.76</x>
        <y>464.79</y>
      </pt>
      <pt>
        <x>817.07</x>
        <y>441.29</y>
      </pt>
      <pt>
        <x>825.14</x>
        <y>444.45</y>
      </pt>
      <pt>
        <x>766.60</x>
        <y>465.80</y>
      </pt>
      <username></username>
    </polygon>
    <attributes></attributes>
  </object>
  <object>
    <name>lane</name>
    <deleted>0</deleted>
    <verified>0</verified>
    <occluded>no</occluded>
    <date></date>
    <id>3</id>
    <parts>
      <hasparts></hasparts>
      <ispartof></ispartof>
    </parts>
    <polygon>
      <pt>
        <x>206.70</x>
        <y>526.30</y>
      </pt>
      <pt>
        <x>220.70</x>
        <y>524.60</y>
      </pt>
      <pt>
        <x>69.40</x>
        <y>480.40</y>
      </pt>
      <pt>
        <x>61.00</x>
        <y>483.20</y>
      </pt>
      <username></username>
    </polygon>
    <attributes></attributes>
  </object>
  <object>
    <name>lane</name>
    <deleted>0</deleted>
    <verified>0</verified>
    <occluded>no</occluded>
    <date></date>
    <id>4</id>
    <parts>
      <hasparts></hasparts>
      <ispartof></ispartof>
    </parts>
    <polygon>
      <pt>
        <x>622.07</x>
        <y>523.51</y>
      </pt>
      <pt>
        <x>696.00</x>
        <y>487.40</y>
      </pt>
      <pt>
        <x>710.32</x>
        <y>488.84</y>
      </pt>
      <pt>
        <x>633.62</x>
        <y>530.87</y>
      </pt>
      <username></username>
    </polygon>
    <attributes></attributes>
  </object>
  <object>
    <name>lane</name>
    <deleted>0</deleted>
    <verified>0</verified>
    <occluded>no</occluded>
    <date></date>
    <id>5</id>
    <parts>
      <hasparts></hasparts>
      <ispartof></ispartof>
    </parts>
    <polygon>
      <pt>
        <x>324.99</x>
        <y>583.53</y>
      </pt>
      <pt>
        <x>342.78</x>
        <y>581.48</y>
      </pt>
      <pt>
        <x>376.67</x>
        <y>602.36</y>
      </pt>
      <pt>
        <x>409.53</x>
        <y>628.03</y>
      </pt>
      <pt>
        <x>442.38</x>
        <y>664.31</y>
      </pt>
      <pt>
        <x>460.18</x>
        <y>686.90</y>
      </pt>
      <pt>
        <x>431.43</x>
        <y>685.87</y>
      </pt>
      <pt>
        <x>415.34</x>
        <y>660.88</y>
      </pt>
      <pt>
        <x>390.36</x>
        <y>634.19</y>
      </pt>
      <pt>
        <x>366.74</x>
        <y>613.99</y>
      </pt>
      <username></username>
    </polygon>
    <attributes></attributes>
  </object>
  <object>
    <name>lane</name>
    <deleted>0</deleted>
    <verified>0</verified>
    <occluded>no</occluded>
    <date></date>
    <id>6</id>
    <parts>
      <hasparts></hasparts>
      <ispartof></ispartof>
    </parts>
    <polygon>
      <pt>
        <x>498.51</x>
        <y>681.08</y>
      </pt>
      <pt>
        <x>512.55</x>
        <y>642.06</y>
      </pt>
      <pt>
        <x>531.37</x>
        <y>606.12</y>
      </pt>
      <pt>
        <x>550.20</x>
        <y>580.79</y>
      </pt>
      <pt>
        <x>573.13</x>
        <y>581.82</y>
      </pt>
      <pt>
        <x>553.28</x>
        <y>605.78</y>
      </pt>
      <pt>
        <x>542.32</x>
        <y>636.93</y>
      </pt>
      <pt>
        <x>528.29</x>
        <y>674.92</y>
      </pt>
      <pt>
        <x>528.98</x>
        <y>688.26</y>
      </pt>
      <username></username>
    </polygon>
    <attributes></attributes>
  </object>
</annotation>
