<annotation>
  <filename>image_195.jpg</filename>
  <folder></folder>
  <source>
    <sourceImage></sourceImage>
    <sourceAnnotation>Datumaro</sourceAnnotation>
  </source>
  <imagesize>
    <nrows>1920</nrows>
    <ncols>1080</ncols>
  </imagesize>
  <object>
    <name>lane</name>
    <deleted>0</deleted>
    <verified>0</verified>
    <occluded>no</occluded>
    <date></date>
    <id>0</id>
    <parts>
      <hasparts></hasparts>
      <ispartof></ispartof>
    </parts>
    <polygon>
      <pt>
        <x>484.58</x>
        <y>281.35</y>
      </pt>
      <pt>
        <x>493.03</x>
        <y>281.35</y>
      </pt>
      <pt>
        <x>509.57</x>
        <y>299.29</y>
      </pt>
      <pt>
        <x>501.83</x>
        <y>300.00</y>
      </pt>
      <username></username>
    </polygon>
    <attributes></attributes>
  </object>
  <object>
    <name>lane</name>
    <deleted>0</deleted>
    <verified>0</verified>
    <occluded>no</occluded>
    <date></date>
    <id>1</id>
    <parts>
      <hasparts></hasparts>
      <ispartof></ispartof>
    </parts>
    <polygon>
      <pt>
        <x>456.65</x>
        <y>257.99</y>
      </pt>
      <pt>
        <x>461.54</x>
        <y>257.99</y>
      </pt>
      <pt>
        <x>479.05</x>
        <y>270.21</y>
      </pt>
      <pt>
        <x>472.73</x>
        <y>271.02</y>
      </pt>
      <username></username>
    </polygon>
    <attributes></attributes>
  </object>
  <object>
    <name>lane</name>
    <deleted>0</deleted>
    <verified>0</verified>
    <occluded>no</occluded>
    <date></date>
    <id>2</id>
    <parts>
      <hasparts></hasparts>
      <ispartof></ispartof>
    </parts>
    <polygon>
      <pt>
        <x>528.39</x>
        <y>348.54</y>
      </pt>
      <pt>
        <x>539.28</x>
        <y>348.26</y>
      </pt>
      <pt>
        <x>531.83</x>
        <y>329.92</y>
      </pt>
      <pt>
        <x>522.66</x>
        <y>317.32</y>
      </pt>
      <pt>
        <x>513.78</x>
        <y>318.46</y>
      </pt>
      <pt>
        <x>520.95</x>
        <y>331.35</y>
      </pt>
      <username></username>
    </polygon>
    <attributes></attributes>
  </object>
  <object>
    <name>lane</name>
    <deleted>0</deleted>
    <verified>0</verified>
    <occluded>no</occluded>
    <date></date>
    <id>3</id>
    <parts>
      <hasparts></hasparts>
      <ispartof></ispartof>
    </parts>
    <polygon>
      <pt>
        <x>589.44</x>
        <y>1912.81</y>
      </pt>
      <pt>
        <x>661.34</x>
        <y>1920.00</y>
      </pt>
      <pt>
        <x>691.46</x>
        <y>1920.00</y>
      </pt>
      <pt>
        <x>663.51</x>
        <y>1361.09</y>
      </pt>
      <pt>
        <x>645.63</x>
        <y>1036.69</y>
      </pt>
      <pt>
        <x>594.55</x>
        <y>1023.92</y>
      </pt>
      <pt>
        <x>594.55</x>
        <y>1430.05</y>
      </pt>
      <username></username>
    </polygon>
    <attributes></attributes>
  </object>
  <object>
    <name>lane</name>
    <deleted>0</deleted>
    <verified>0</verified>
    <occluded>no</occluded>
    <date></date>
    <id>4</id>
    <parts>
      <hasparts></hasparts>
      <ispartof></ispartof>
    </parts>
    <polygon>
      <pt>
        <x>585.71</x>
        <y>680.46</y>
      </pt>
      <pt>
        <x>619.59</x>
        <y>679.43</y>
      </pt>
      <pt>
        <x>604.19</x>
        <y>582.94</y>
      </pt>
      <pt>
        <x>595.98</x>
        <y>522.38</y>
      </pt>
      <pt>
        <x>569.29</x>
        <y>525.46</y>
      </pt>
      <pt>
        <x>580.58</x>
        <y>588.07</y>
      </pt>
      <username></username>
    </polygon>
    <attributes></attributes>
  </object>
  <object>
    <name>lane</name>
    <deleted>0</deleted>
    <verified>0</verified>
    <occluded>no</occluded>
    <date></date>
    <id>5</id>
    <parts>
      <hasparts></hasparts>
      <ispartof></ispartof>
    </parts>
    <polygon>
      <pt>
        <x>555.84</x>
        <y>440.83</y>
      </pt>
      <pt>
        <x>574.25</x>
        <y>439.64</y>
      </pt>
      <pt>
        <x>564.75</x>
        <y>405.19</y>
      </pt>
      <pt>
        <x>553.46</x>
        <y>381.43</y>
      </pt>
      <pt>
        <x>539.21</x>
        <y>384.40</y>
      </pt>
      <pt>
        <x>549.90</x>
        <y>410.54</y>
      </pt>
      <username></username>
    </polygon>
    <attributes></attributes>
  </object>
</annotation>
