<annotation>
  <filename>image_2221.jpg</filename>
  <folder></folder>
  <source>
    <sourceImage></sourceImage>
    <sourceAnnotation>Datumaro</sourceAnnotation>
  </source>
  <imagesize>
    <nrows>1920</nrows>
    <ncols>1080</ncols>
  </imagesize>
  <object>
    <name>lane</name>
    <deleted>0</deleted>
    <verified>0</verified>
    <occluded>no</occluded>
    <date></date>
    <id>0</id>
    <parts>
      <hasparts></hasparts>
      <ispartof></ispartof>
    </parts>
    <polygon>
      <pt>
        <x>488.80</x>
        <y>922.10</y>
      </pt>
      <pt>
        <x>520.85</x>
        <y>922.08</y>
      </pt>
      <pt>
        <x>526.20</x>
        <y>1434.58</y>
      </pt>
      <pt>
        <x>453.45</x>
        <y>1444.20</y>
      </pt>
      <username></username>
    </polygon>
    <attributes></attributes>
  </object>
  <object>
    <name>lane</name>
    <deleted>0</deleted>
    <verified>0</verified>
    <occluded>no</occluded>
    <date></date>
    <id>1</id>
    <parts>
      <hasparts></hasparts>
      <ispartof></ispartof>
    </parts>
    <polygon>
      <pt>
        <x>493.27</x>
        <y>618.71</y>
      </pt>
      <pt>
        <x>508.95</x>
        <y>618.95</y>
      </pt>
      <pt>
        <x>511.19</x>
        <y>678.67</y>
      </pt>
      <pt>
        <x>491.53</x>
        <y>677.93</y>
      </pt>
      <username></username>
    </polygon>
    <attributes></attributes>
  </object>
  <object>
    <name>lane</name>
    <deleted>0</deleted>
    <verified>0</verified>
    <occluded>no</occluded>
    <date></date>
    <id>2</id>
    <parts>
      <hasparts></hasparts>
      <ispartof></ispartof>
    </parts>
    <polygon>
      <pt>
        <x>497.98</x>
        <y>555.25</y>
      </pt>
      <pt>
        <x>495.53</x>
        <y>577.42</y>
      </pt>
      <pt>
        <x>508.49</x>
        <y>577.71</y>
      </pt>
      <pt>
        <x>508.20</x>
        <y>557.26</y>
      </pt>
      <username></username>
    </polygon>
    <attributes></attributes>
  </object>
  <object>
    <name>lane</name>
    <deleted>0</deleted>
    <verified>0</verified>
    <occluded>no</occluded>
    <date></date>
    <id>3</id>
    <parts>
      <hasparts></hasparts>
      <ispartof></ispartof>
    </parts>
    <polygon>
      <pt>
        <x>498.83</x>
        <y>521.99</y>
      </pt>
      <pt>
        <x>498.11</x>
        <y>537.11</y>
      </pt>
      <pt>
        <x>506.75</x>
        <y>537.71</y>
      </pt>
      <pt>
        <x>507.11</x>
        <y>522.35</y>
      </pt>
      <username></username>
    </polygon>
    <attributes></attributes>
  </object>
  <object>
    <name>lane</name>
    <deleted>0</deleted>
    <verified>0</verified>
    <occluded>no</occluded>
    <date></date>
    <id>4</id>
    <parts>
      <hasparts></hasparts>
      <ispartof></ispartof>
    </parts>
    <polygon>
      <pt>
        <x>499.89</x>
        <y>497.75</y>
      </pt>
      <pt>
        <x>499.99</x>
        <y>509.05</y>
      </pt>
      <pt>
        <x>506.49</x>
        <y>509.35</y>
      </pt>
      <pt>
        <x>506.89</x>
        <y>499.25</y>
      </pt>
      <username></username>
    </polygon>
    <attributes></attributes>
  </object>
  <object>
    <name>lane</name>
    <deleted>0</deleted>
    <verified>0</verified>
    <occluded>no</occluded>
    <date></date>
    <id>5</id>
    <parts>
      <hasparts></hasparts>
      <ispartof></ispartof>
    </parts>
    <polygon>
      <pt>
        <x>500.99</x>
        <y>481.85</y>
      </pt>
      <pt>
        <x>500.49</x>
        <y>490.25</y>
      </pt>
      <pt>
        <x>506.89</x>
        <y>490.95</y>
      </pt>
      <pt>
        <x>507.19</x>
        <y>483.35</y>
      </pt>
      <username></username>
    </polygon>
    <attributes></attributes>
  </object>
  <object>
    <name>lane</name>
    <deleted>0</deleted>
    <verified>0</verified>
    <occluded>no</occluded>
    <date></date>
    <id>6</id>
    <parts>
      <hasparts></hasparts>
      <ispartof></ispartof>
    </parts>
    <polygon>
      <pt>
        <x>501.49</x>
        <y>472.25</y>
      </pt>
      <pt>
        <x>501.59</x>
        <y>476.95</y>
      </pt>
      <pt>
        <x>506.79</x>
        <y>476.95</y>
      </pt>
      <pt>
        <x>506.59</x>
        <y>472.85</y>
      </pt>
      <username></username>
    </polygon>
    <attributes></attributes>
  </object>
  <object>
    <name>lane</name>
    <deleted>0</deleted>
    <verified>0</verified>
    <occluded>no</occluded>
    <date></date>
    <id>7</id>
    <parts>
      <hasparts></hasparts>
      <ispartof></ispartof>
    </parts>
    <polygon>
      <pt>
        <x>502.09</x>
        <y>463.15</y>
      </pt>
      <pt>
        <x>501.39</x>
        <y>468.65</y>
      </pt>
      <pt>
        <x>505.29</x>
        <y>468.65</y>
      </pt>
      <pt>
        <x>505.69</x>
        <y>463.85</y>
      </pt>
      <username></username>
    </polygon>
    <attributes></attributes>
  </object>
  <object>
    <name>lane</name>
    <deleted>0</deleted>
    <verified>0</verified>
    <occluded>no</occluded>
    <date></date>
    <id>8</id>
    <parts>
      <hasparts></hasparts>
      <ispartof></ispartof>
    </parts>
    <polygon>
      <pt>
        <x>501.60</x>
        <y>455.70</y>
      </pt>
      <pt>
        <x>501.19</x>
        <y>460.35</y>
      </pt>
      <pt>
        <x>505.99</x>
        <y>460.55</y>
      </pt>
      <pt>
        <x>505.59</x>
        <y>457.25</y>
      </pt>
      <username></username>
    </polygon>
    <attributes></attributes>
  </object>
</annotation>
