<annotation>
  <filename>image_1707.jpg</filename>
  <folder></folder>
  <source>
    <sourceImage></sourceImage>
    <sourceAnnotation>Datumaro</sourceAnnotation>
  </source>
  <imagesize>
    <nrows>486</nrows>
    <ncols>1080</ncols>
  </imagesize>
  <object>
    <name>lane</name>
    <deleted>0</deleted>
    <verified>0</verified>
    <occluded>no</occluded>
    <date></date>
    <id>0</id>
    <parts>
      <hasparts></hasparts>
      <ispartof></ispartof>
    </parts>
    <polygon>
      <pt>
        <x>474.01</x>
        <y>247.24</y>
      </pt>
      <pt>
        <x>472.60</x>
        <y>230.10</y>
      </pt>
      <pt>
        <x>403.60</x>
        <y>234.70</y>
      </pt>
      <pt>
        <x>403.00</x>
        <y>246.00</y>
      </pt>
      <username></username>
    </polygon>
    <attributes></attributes>
  </object>
  <object>
    <name>lane</name>
    <deleted>0</deleted>
    <verified>0</verified>
    <occluded>no</occluded>
    <date></date>
    <id>1</id>
    <parts>
      <hasparts></hasparts>
      <ispartof></ispartof>
    </parts>
    <polygon>
      <pt>
        <x>1080.00</x>
        <y>267.20</y>
      </pt>
      <pt>
        <x>1077.65</x>
        <y>216.99</y>
      </pt>
      <pt>
        <x>633.30</x>
        <y>227.70</y>
      </pt>
      <pt>
        <x>632.20</x>
        <y>254.80</y>
      </pt>
      <username></username>
    </polygon>
    <attributes></attributes>
  </object>
  <object>
    <name>lane</name>
    <deleted>0</deleted>
    <verified>0</verified>
    <occluded>no</occluded>
    <date></date>
    <id>2</id>
    <parts>
      <hasparts></hasparts>
      <ispartof></ispartof>
    </parts>
    <polygon>
      <pt>
        <x>365.43</x>
        <y>245.25</y>
      </pt>
      <pt>
        <x>365.77</x>
        <y>236.01</y>
      </pt>
      <pt>
        <x>340.12</x>
        <y>236.70</y>
      </pt>
      <pt>
        <x>340.46</x>
        <y>244.56</y>
      </pt>
      <username></username>
    </polygon>
    <attributes></attributes>
  </object>
  <object>
    <name>lane</name>
    <deleted>0</deleted>
    <verified>0</verified>
    <occluded>no</occluded>
    <date></date>
    <id>3</id>
    <parts>
      <hasparts></hasparts>
      <ispartof></ispartof>
    </parts>
    <polygon>
      <pt>
        <x>320.28</x>
        <y>244.56</y>
      </pt>
      <pt>
        <x>320.97</x>
        <y>237.72</y>
      </pt>
      <pt>
        <x>310.71</x>
        <y>238.75</y>
      </pt>
      <pt>
        <x>310.71</x>
        <y>244.56</y>
      </pt>
      <username></username>
    </polygon>
    <attributes></attributes>
  </object>
</annotation>
