<annotation>
  <filename>image_2553.jpg</filename>
  <folder></folder>
  <source>
    <sourceImage></sourceImage>
    <sourceAnnotation>Datumaro</sourceAnnotation>
  </source>
  <imagesize>
    <nrows>1920</nrows>
    <ncols>1080</ncols>
  </imagesize>
  <object>
    <name>lane</name>
    <deleted>0</deleted>
    <verified>0</verified>
    <occluded>no</occluded>
    <date></date>
    <id>0</id>
    <parts>
      <hasparts></hasparts>
      <ispartof></ispartof>
    </parts>
    <polygon>
      <pt>
        <x>339.47</x>
        <y>257.51</y>
      </pt>
      <pt>
        <x>342.89</x>
        <y>254.83</y>
      </pt>
      <pt>
        <x>363.66</x>
        <y>258.00</y>
      </pt>
      <pt>
        <x>391.76</x>
        <y>261.67</y>
      </pt>
      <pt>
        <x>386.38</x>
        <y>264.60</y>
      </pt>
      <pt>
        <x>362.19</x>
        <y>260.20</y>
      </pt>
      <username></username>
    </polygon>
    <attributes></attributes>
  </object>
  <object>
    <name>lane</name>
    <deleted>0</deleted>
    <verified>0</verified>
    <occluded>no</occluded>
    <date></date>
    <id>1</id>
    <parts>
      <hasparts></hasparts>
      <ispartof></ispartof>
    </parts>
    <polygon>
      <pt>
        <x>424.72</x>
        <y>273.91</y>
      </pt>
      <pt>
        <x>427.53</x>
        <y>271.45</y>
      </pt>
      <pt>
        <x>444.07</x>
        <y>275.32</y>
      </pt>
      <pt>
        <x>474.68</x>
        <y>283.41</y>
      </pt>
      <pt>
        <x>467.65</x>
        <y>286.93</y>
      </pt>
      <pt>
        <x>447.59</x>
        <y>280.24</y>
      </pt>
      <username></username>
    </polygon>
    <attributes></attributes>
  </object>
  <object>
    <name>lane</name>
    <deleted>0</deleted>
    <verified>0</verified>
    <occluded>no</occluded>
    <date></date>
    <id>2</id>
    <parts>
      <hasparts></hasparts>
      <ispartof></ispartof>
    </parts>
    <polygon>
      <pt>
        <x>539.40</x>
        <y>273.90</y>
      </pt>
      <pt>
        <x>543.00</x>
        <y>276.30</y>
      </pt>
      <pt>
        <x>561.59</x>
        <y>269.69</y>
      </pt>
      <pt>
        <x>577.78</x>
        <y>265.82</y>
      </pt>
      <pt>
        <x>573.20</x>
        <y>264.06</y>
      </pt>
      <pt>
        <x>557.02</x>
        <y>266.87</y>
      </pt>
      <username></username>
    </polygon>
    <attributes></attributes>
  </object>
  <object>
    <name>lane</name>
    <deleted>0</deleted>
    <verified>0</verified>
    <occluded>no</occluded>
    <date></date>
    <id>3</id>
    <parts>
      <hasparts></hasparts>
      <ispartof></ispartof>
    </parts>
    <type>bounding_box</type>
    <polygon>
      <pt>
        <x>507.89</x>
        <y>545.44</y>
      </pt>
      <pt>
        <x>531.60</x>
        <y>545.44</y>
      </pt>
      <pt>
        <x>531.60</x>
        <y>677.27</y>
      </pt>
      <pt>
        <x>507.89</x>
        <y>677.27</y>
      </pt>
      <username></username>
    </polygon>
    <attributes>rotation=0.0</attributes>
  </object>
  <object>
    <name>lane</name>
    <deleted>0</deleted>
    <verified>0</verified>
    <occluded>no</occluded>
    <date></date>
    <id>4</id>
    <parts>
      <hasparts></hasparts>
      <ispartof></ispartof>
    </parts>
    <polygon>
      <pt>
        <x>466.41</x>
        <y>1036.46</y>
      </pt>
      <pt>
        <x>528.71</x>
        <y>1036.46</y>
      </pt>
      <pt>
        <x>523.04</x>
        <y>1908.67</y>
      </pt>
      <pt>
        <x>423.93</x>
        <y>1911.50</y>
      </pt>
      <username></username>
    </polygon>
    <attributes></attributes>
  </object>
  <object>
    <name>lane</name>
    <deleted>0</deleted>
    <verified>0</verified>
    <occluded>no</occluded>
    <date></date>
    <id>5</id>
    <parts>
      <hasparts></hasparts>
      <ispartof></ispartof>
    </parts>
    <type>bounding_box</type>
    <polygon>
      <pt>
        <x>515.47</x>
        <y>380.42</y>
      </pt>
      <pt>
        <x>531.60</x>
        <y>380.42</y>
      </pt>
      <pt>
        <x>531.60</x>
        <y>435.43</y>
      </pt>
      <pt>
        <x>515.47</x>
        <y>435.43</y>
      </pt>
      <username></username>
    </polygon>
    <attributes>rotation=0.0</attributes>
  </object>
  <object>
    <name>lane</name>
    <deleted>0</deleted>
    <verified>0</verified>
    <occluded>no</occluded>
    <date></date>
    <id>6</id>
    <parts>
      <hasparts></hasparts>
      <ispartof></ispartof>
    </parts>
    <type>bounding_box</type>
    <polygon>
      <pt>
        <x>522.11</x>
        <y>303.60</y>
      </pt>
      <pt>
        <x>532.54</x>
        <y>303.60</y>
      </pt>
      <pt>
        <x>532.54</x>
        <y>328.26</y>
      </pt>
      <pt>
        <x>522.11</x>
        <y>328.26</y>
      </pt>
      <username></username>
    </polygon>
    <attributes>rotation=0.0</attributes>
  </object>
</annotation>
