<annotation>
  <filename>image_2148.jpg</filename>
  <folder></folder>
  <source>
    <sourceImage></sourceImage>
    <sourceAnnotation>Datumaro</sourceAnnotation>
  </source>
  <imagesize>
    <nrows>1920</nrows>
    <ncols>1080</ncols>
  </imagesize>
  <object>
    <name>lane</name>
    <deleted>0</deleted>
    <verified>0</verified>
    <occluded>no</occluded>
    <date></date>
    <id>0</id>
    <parts>
      <hasparts></hasparts>
      <ispartof></ispartof>
    </parts>
    <polygon>
      <pt>
        <x>457.86</x>
        <y>705.20</y>
      </pt>
      <pt>
        <x>469.89</x>
        <y>706.86</y>
      </pt>
      <pt>
        <x>488.55</x>
        <y>682.18</y>
      </pt>
      <pt>
        <x>474.66</x>
        <y>683.43</y>
      </pt>
      <username></username>
    </polygon>
    <attributes></attributes>
  </object>
  <object>
    <name>lane</name>
    <deleted>0</deleted>
    <verified>0</verified>
    <occluded>no</occluded>
    <date></date>
    <id>1</id>
    <parts>
      <hasparts></hasparts>
      <ispartof></ispartof>
    </parts>
    <polygon>
      <pt>
        <x>374.93</x>
        <y>1471.31</y>
      </pt>
      <pt>
        <x>380.13</x>
        <y>1717.25</y>
      </pt>
      <pt>
        <x>375.83</x>
        <y>1920.00</y>
      </pt>
      <pt>
        <x>449.77</x>
        <y>1920.00</y>
      </pt>
      <pt>
        <x>478.21</x>
        <y>1917.12</y>
      </pt>
      <pt>
        <x>457.40</x>
        <y>1662.26</y>
      </pt>
      <pt>
        <x>442.54</x>
        <y>1458.68</y>
      </pt>
      <username></username>
    </polygon>
    <attributes></attributes>
  </object>
  <object>
    <name>lane</name>
    <deleted>0</deleted>
    <verified>0</verified>
    <occluded>no</occluded>
    <date></date>
    <id>2</id>
    <parts>
      <hasparts></hasparts>
      <ispartof></ispartof>
    </parts>
    <polygon>
      <pt>
        <x>409.61</x>
        <y>861.81</y>
      </pt>
      <pt>
        <x>396.19</x>
        <y>1014.03</y>
      </pt>
      <pt>
        <x>425.60</x>
        <y>1015.57</y>
      </pt>
      <pt>
        <x>435.92</x>
        <y>862.84</y>
      </pt>
      <username></username>
    </polygon>
    <attributes></attributes>
  </object>
  <object>
    <name>lane</name>
    <deleted>0</deleted>
    <verified>0</verified>
    <occluded>no</occluded>
    <date></date>
    <id>3</id>
    <parts>
      <hasparts></hasparts>
      <ispartof></ispartof>
    </parts>
    <polygon>
      <pt>
        <x>437.41</x>
        <y>734.39</y>
      </pt>
      <pt>
        <x>453.76</x>
        <y>735.88</y>
      </pt>
      <pt>
        <x>447.82</x>
        <y>785.66</y>
      </pt>
      <pt>
        <x>427.76</x>
        <y>786.41</y>
      </pt>
      <username></username>
    </polygon>
    <attributes></attributes>
  </object>
  <object>
    <name>lane</name>
    <deleted>0</deleted>
    <verified>0</verified>
    <occluded>no</occluded>
    <date></date>
    <id>4</id>
    <parts>
      <hasparts></hasparts>
      <ispartof></ispartof>
    </parts>
    <polygon>
      <pt>
        <x>536.50</x>
        <y>642.24</y>
      </pt>
      <pt>
        <x>544.75</x>
        <y>641.89</y>
      </pt>
      <pt>
        <x>563.74</x>
        <y>633.64</y>
      </pt>
      <pt>
        <x>557.64</x>
        <y>634.00</y>
      </pt>
      <username></username>
    </polygon>
    <attributes></attributes>
  </object>
  <object>
    <name>lane</name>
    <deleted>0</deleted>
    <verified>0</verified>
    <occluded>no</occluded>
    <date></date>
    <id>5</id>
    <parts>
      <hasparts></hasparts>
      <ispartof></ispartof>
    </parts>
    <polygon>
      <pt>
        <x>578.79</x>
        <y>626.12</y>
      </pt>
      <pt>
        <x>583.80</x>
        <y>628.27</y>
      </pt>
      <pt>
        <x>598.49</x>
        <y>622.18</y>
      </pt>
      <pt>
        <x>596.70</x>
        <y>621.46</y>
      </pt>
      <username></username>
    </polygon>
    <attributes></attributes>
  </object>
  <object>
    <name>lane</name>
    <deleted>0</deleted>
    <verified>0</verified>
    <occluded>no</occluded>
    <date></date>
    <id>6</id>
    <parts>
      <hasparts></hasparts>
      <ispartof></ispartof>
    </parts>
    <polygon>
      <pt>
        <x>496.01</x>
        <y>666.61</y>
      </pt>
      <pt>
        <x>506.76</x>
        <y>666.25</y>
      </pt>
      <pt>
        <x>524.68</x>
        <y>654.43</y>
      </pt>
      <pt>
        <x>516.08</x>
        <y>654.07</y>
      </pt>
      <username></username>
    </polygon>
    <attributes></attributes>
  </object>
</annotation>
