<annotation>
  <filename>image_2489.jpg</filename>
  <folder></folder>
  <source>
    <sourceImage></sourceImage>
    <sourceAnnotation>Datumaro</sourceAnnotation>
  </source>
  <imagesize>
    <nrows>1920</nrows>
    <ncols>1080</ncols>
  </imagesize>
  <object>
    <name>lane</name>
    <deleted>0</deleted>
    <verified>0</verified>
    <occluded>no</occluded>
    <date></date>
    <id>0</id>
    <parts>
      <hasparts></hasparts>
      <ispartof></ispartof>
    </parts>
    <polygon>
      <pt>
        <x>492.14</x>
        <y>338.68</y>
      </pt>
      <pt>
        <x>492.14</x>
        <y>327.74</y>
      </pt>
      <pt>
        <x>497.62</x>
        <y>327.74</y>
      </pt>
      <pt>
        <x>498.22</x>
        <y>339.29</y>
      </pt>
      <username></username>
    </polygon>
    <attributes></attributes>
  </object>
  <object>
    <name>lane</name>
    <deleted>0</deleted>
    <verified>0</verified>
    <occluded>no</occluded>
    <date></date>
    <id>1</id>
    <parts>
      <hasparts></hasparts>
      <ispartof></ispartof>
    </parts>
    <polygon>
      <pt>
        <x>457.08</x>
        <y>1039.11</y>
      </pt>
      <pt>
        <x>517.32</x>
        <y>1039.11</y>
      </pt>
      <pt>
        <x>521.08</x>
        <y>1916.28</y>
      </pt>
      <pt>
        <x>430.73</x>
        <y>1916.28</y>
      </pt>
      <username></username>
    </polygon>
    <attributes></attributes>
  </object>
  <object>
    <name>lane</name>
    <deleted>0</deleted>
    <verified>0</verified>
    <occluded>no</occluded>
    <date></date>
    <id>2</id>
    <parts>
      <hasparts></hasparts>
      <ispartof></ispartof>
    </parts>
    <polygon>
      <pt>
        <x>475.91</x>
        <y>719.11</y>
      </pt>
      <pt>
        <x>509.79</x>
        <y>722.87</y>
      </pt>
      <pt>
        <x>502.80</x>
        <y>580.10</y>
      </pt>
      <pt>
        <x>482.60</x>
        <y>578.20</y>
      </pt>
      <username></username>
    </polygon>
    <attributes></attributes>
  </object>
  <object>
    <name>lane</name>
    <deleted>0</deleted>
    <verified>0</verified>
    <occluded>no</occluded>
    <date></date>
    <id>3</id>
    <parts>
      <hasparts></hasparts>
      <ispartof></ispartof>
    </parts>
    <polygon>
      <pt>
        <x>483.63</x>
        <y>499.80</y>
      </pt>
      <pt>
        <x>501.26</x>
        <y>499.81</y>
      </pt>
      <pt>
        <x>500.05</x>
        <y>451.16</y>
      </pt>
      <pt>
        <x>486.67</x>
        <y>448.73</y>
      </pt>
      <username></username>
    </polygon>
    <attributes></attributes>
  </object>
  <object>
    <name>lane</name>
    <deleted>0</deleted>
    <verified>0</verified>
    <occluded>no</occluded>
    <date></date>
    <id>4</id>
    <parts>
      <hasparts></hasparts>
      <ispartof></ispartof>
    </parts>
    <polygon>
      <pt>
        <x>488.50</x>
        <y>411.03</y>
      </pt>
      <pt>
        <x>488.50</x>
        <y>386.71</y>
      </pt>
      <pt>
        <x>498.83</x>
        <y>387.32</y>
      </pt>
      <pt>
        <x>500.05</x>
        <y>412.86</y>
      </pt>
      <username></username>
    </polygon>
    <attributes></attributes>
  </object>
  <object>
    <name>lane</name>
    <deleted>0</deleted>
    <verified>0</verified>
    <occluded>no</occluded>
    <date></date>
    <id>5</id>
    <parts>
      <hasparts></hasparts>
      <ispartof></ispartof>
    </parts>
    <polygon>
      <pt>
        <x>490.32</x>
        <y>350.23</y>
      </pt>
      <pt>
        <x>497.62</x>
        <y>350.23</y>
      </pt>
      <pt>
        <x>500.05</x>
        <y>367.86</y>
      </pt>
      <pt>
        <x>492.14</x>
        <y>367.86</y>
      </pt>
      <username></username>
    </polygon>
    <attributes></attributes>
  </object>
  <object>
    <name>lane</name>
    <deleted>0</deleted>
    <verified>0</verified>
    <occluded>no</occluded>
    <date></date>
    <id>6</id>
    <parts>
      <hasparts></hasparts>
      <ispartof></ispartof>
    </parts>
    <type>bounding_box</type>
    <polygon>
      <pt>
        <x>493.27</x>
        <y>299.54</y>
      </pt>
      <pt>
        <x>497.54</x>
        <y>299.54</y>
      </pt>
      <pt>
        <x>497.54</x>
        <y>304.63</y>
      </pt>
      <pt>
        <x>493.27</x>
        <y>304.63</y>
      </pt>
      <username></username>
    </polygon>
    <attributes>rotation=0.0</attributes>
  </object>
  <object>
    <name>lane</name>
    <deleted>0</deleted>
    <verified>0</verified>
    <occluded>no</occluded>
    <date></date>
    <id>7</id>
    <parts>
      <hasparts></hasparts>
      <ispartof></ispartof>
    </parts>
    <type>bounding_box</type>
    <polygon>
      <pt>
        <x>492.04</x>
        <y>311.76</y>
      </pt>
      <pt>
        <x>498.56</x>
        <y>311.76</y>
      </pt>
      <pt>
        <x>498.56</x>
        <y>320.51</y>
      </pt>
      <pt>
        <x>492.04</x>
        <y>320.51</y>
      </pt>
      <username></username>
    </polygon>
    <attributes>rotation=0.0</attributes>
  </object>
</annotation>
