<annotation>
  <filename>image_2647.jpg</filename>
  <folder></folder>
  <source>
    <sourceImage></sourceImage>
    <sourceAnnotation>Datumaro</sourceAnnotation>
  </source>
  <imagesize>
    <nrows>1920</nrows>
    <ncols>1080</ncols>
  </imagesize>
  <object>
    <name>lane</name>
    <deleted>0</deleted>
    <verified>0</verified>
    <occluded>no</occluded>
    <date></date>
    <id>0</id>
    <parts>
      <hasparts></hasparts>
      <ispartof></ispartof>
    </parts>
    <polygon>
      <pt>
        <x>625.38</x>
        <y>358.52</y>
      </pt>
      <pt>
        <x>630.02</x>
        <y>359.37</y>
      </pt>
      <pt>
        <x>645.22</x>
        <y>350.50</y>
      </pt>
      <pt>
        <x>639.73</x>
        <y>349.23</y>
      </pt>
      <username></username>
    </polygon>
    <attributes></attributes>
  </object>
  <object>
    <name>lane</name>
    <deleted>0</deleted>
    <verified>0</verified>
    <occluded>no</occluded>
    <date></date>
    <id>1</id>
    <parts>
      <hasparts></hasparts>
      <ispartof></ispartof>
    </parts>
    <polygon>
      <pt>
        <x>595.82</x>
        <y>380.90</y>
      </pt>
      <pt>
        <x>603.42</x>
        <y>381.75</y>
      </pt>
      <pt>
        <x>618.20</x>
        <y>367.81</y>
      </pt>
      <pt>
        <x>610.18</x>
        <y>367.81</y>
      </pt>
      <username></username>
    </polygon>
    <attributes></attributes>
  </object>
  <object>
    <name>lane</name>
    <deleted>0</deleted>
    <verified>0</verified>
    <occluded>no</occluded>
    <date></date>
    <id>2</id>
    <parts>
      <hasparts></hasparts>
      <ispartof></ispartof>
    </parts>
    <polygon>
      <pt>
        <x>582.31</x>
        <y>396.53</y>
      </pt>
      <pt>
        <x>571.75</x>
        <y>418.48</y>
      </pt>
      <pt>
        <x>580.20</x>
        <y>420.17</y>
      </pt>
      <pt>
        <x>592.02</x>
        <y>397.37</y>
      </pt>
      <username></username>
    </polygon>
    <attributes></attributes>
  </object>
  <object>
    <name>lane</name>
    <deleted>0</deleted>
    <verified>0</verified>
    <occluded>no</occluded>
    <date></date>
    <id>3</id>
    <parts>
      <hasparts></hasparts>
      <ispartof></ispartof>
    </parts>
    <polygon>
      <pt>
        <x>554.09</x>
        <y>442.72</y>
      </pt>
      <pt>
        <x>567.74</x>
        <y>444.82</y>
      </pt>
      <pt>
        <x>559.34</x>
        <y>485.79</y>
      </pt>
      <pt>
        <x>542.53</x>
        <y>485.79</y>
      </pt>
      <username></username>
    </polygon>
    <attributes></attributes>
  </object>
  <object>
    <name>lane</name>
    <deleted>0</deleted>
    <verified>0</verified>
    <occluded>no</occluded>
    <date></date>
    <id>4</id>
    <parts>
      <hasparts></hasparts>
      <ispartof></ispartof>
    </parts>
    <polygon>
      <pt>
        <x>529.92</x>
        <y>536.22</y>
      </pt>
      <pt>
        <x>547.78</x>
        <y>539.38</y>
      </pt>
      <pt>
        <x>539.38</x>
        <y>637.09</y>
      </pt>
      <pt>
        <x>515.21</x>
        <y>637.09</y>
      </pt>
      <username></username>
    </polygon>
    <attributes></attributes>
  </object>
  <object>
    <name>lane</name>
    <deleted>0</deleted>
    <verified>0</verified>
    <occluded>no</occluded>
    <date></date>
    <id>5</id>
    <parts>
      <hasparts></hasparts>
      <ispartof></ispartof>
    </parts>
    <polygon>
      <pt>
        <x>839.45</x>
        <y>309.54</y>
      </pt>
      <pt>
        <x>839.87</x>
        <y>312.50</y>
      </pt>
      <pt>
        <x>862.67</x>
        <y>310.39</y>
      </pt>
      <pt>
        <x>862.67</x>
        <y>308.28</y>
      </pt>
      <username></username>
    </polygon>
    <attributes></attributes>
  </object>
  <object>
    <name>lane</name>
    <deleted>0</deleted>
    <verified>0</verified>
    <occluded>no</occluded>
    <date></date>
    <id>6</id>
    <parts>
      <hasparts></hasparts>
      <ispartof></ispartof>
    </parts>
    <polygon>
      <pt>
        <x>803.56</x>
        <y>314.19</y>
      </pt>
      <pt>
        <x>804.41</x>
        <y>316.72</y>
      </pt>
      <pt>
        <x>821.72</x>
        <y>313.77</y>
      </pt>
      <pt>
        <x>821.72</x>
        <y>311.23</y>
      </pt>
      <username></username>
    </polygon>
    <attributes></attributes>
  </object>
  <object>
    <name>lane</name>
    <deleted>0</deleted>
    <verified>0</verified>
    <occluded>no</occluded>
    <date></date>
    <id>7</id>
    <parts>
      <hasparts></hasparts>
      <ispartof></ispartof>
    </parts>
    <polygon>
      <pt>
        <x>764.72</x>
        <y>317.57</y>
      </pt>
      <pt>
        <x>767.25</x>
        <y>320.10</y>
      </pt>
      <pt>
        <x>785.41</x>
        <y>317.99</y>
      </pt>
      <pt>
        <x>784.56</x>
        <y>315.46</y>
      </pt>
      <username></username>
    </polygon>
    <attributes></attributes>
  </object>
  <object>
    <name>lane</name>
    <deleted>0</deleted>
    <verified>0</verified>
    <occluded>no</occluded>
    <date></date>
    <id>8</id>
    <parts>
      <hasparts></hasparts>
      <ispartof></ispartof>
    </parts>
    <polygon>
      <pt>
        <x>725.87</x>
        <y>324.32</y>
      </pt>
      <pt>
        <x>727.98</x>
        <y>326.01</y>
      </pt>
      <pt>
        <x>748.67</x>
        <y>323.06</y>
      </pt>
      <pt>
        <x>746.14</x>
        <y>321.79</y>
      </pt>
      <username></username>
    </polygon>
    <attributes></attributes>
  </object>
  <object>
    <name>lane</name>
    <deleted>0</deleted>
    <verified>0</verified>
    <occluded>no</occluded>
    <date></date>
    <id>9</id>
    <parts>
      <hasparts></hasparts>
      <ispartof></ispartof>
    </parts>
    <polygon>
      <pt>
        <x>654.51</x>
        <y>342.48</y>
      </pt>
      <pt>
        <x>657.89</x>
        <y>343.75</y>
      </pt>
      <pt>
        <x>676.47</x>
        <y>337.83</y>
      </pt>
      <pt>
        <x>672.25</x>
        <y>336.15</y>
      </pt>
      <username></username>
    </polygon>
    <attributes></attributes>
  </object>
  <object>
    <name>lane</name>
    <deleted>0</deleted>
    <verified>0</verified>
    <occluded>no</occluded>
    <date></date>
    <id>10</id>
    <parts>
      <hasparts></hasparts>
      <ispartof></ispartof>
    </parts>
    <polygon>
      <pt>
        <x>689.14</x>
        <y>332.35</y>
      </pt>
      <pt>
        <x>692.94</x>
        <y>333.61</y>
      </pt>
      <pt>
        <x>711.09</x>
        <y>328.97</y>
      </pt>
      <pt>
        <x>708.14</x>
        <y>327.28</y>
      </pt>
      <username></username>
    </polygon>
    <attributes></attributes>
  </object>
  <object>
    <name>lane</name>
    <deleted>0</deleted>
    <verified>0</verified>
    <occluded>no</occluded>
    <date></date>
    <id>11</id>
    <parts>
      <hasparts></hasparts>
      <ispartof></ispartof>
    </parts>
    <polygon>
      <pt>
        <x>499.19</x>
        <y>816.91</y>
      </pt>
      <pt>
        <x>531.87</x>
        <y>822.35</y>
      </pt>
      <pt>
        <x>553.65</x>
        <y>1301.66</y>
      </pt>
      <pt>
        <x>495.55</x>
        <y>1294.39</y>
      </pt>
      <username></username>
    </polygon>
    <attributes></attributes>
  </object>
</annotation>
