<annotation>
  <filename>image_577.jpg</filename>
  <folder></folder>
  <source>
    <sourceImage></sourceImage>
    <sourceAnnotation>Datumaro</sourceAnnotation>
  </source>
  <imagesize>
    <nrows>1920</nrows>
    <ncols>1080</ncols>
  </imagesize>
  <object>
    <name>lane</name>
    <deleted>0</deleted>
    <verified>0</verified>
    <occluded>no</occluded>
    <date></date>
    <id>0</id>
    <parts>
      <hasparts></hasparts>
      <ispartof></ispartof>
    </parts>
    <polygon>
      <pt>
        <x>541.11</x>
        <y>314.40</y>
      </pt>
      <pt>
        <x>535.02</x>
        <y>349.87</y>
      </pt>
      <pt>
        <x>554.72</x>
        <y>352.38</y>
      </pt>
      <pt>
        <x>556.52</x>
        <y>314.76</y>
      </pt>
      <username></username>
    </polygon>
    <attributes></attributes>
  </object>
  <object>
    <name>lane</name>
    <deleted>0</deleted>
    <verified>0</verified>
    <occluded>no</occluded>
    <date></date>
    <id>1</id>
    <parts>
      <hasparts></hasparts>
      <ispartof></ispartof>
    </parts>
    <polygon>
      <pt>
        <x>425.87</x>
        <y>1477.86</y>
      </pt>
      <pt>
        <x>526.18</x>
        <y>1468.07</y>
      </pt>
      <pt>
        <x>513.96</x>
        <y>1920.00</y>
      </pt>
      <pt>
        <x>392.23</x>
        <y>1920.00</y>
      </pt>
      <username></username>
    </polygon>
    <attributes></attributes>
  </object>
  <object>
    <name>lane</name>
    <deleted>0</deleted>
    <verified>0</verified>
    <occluded>no</occluded>
    <date></date>
    <id>2</id>
    <parts>
      <hasparts></hasparts>
      <ispartof></ispartof>
    </parts>
    <polygon>
      <pt>
        <x>49.40</x>
        <y>191.24</y>
      </pt>
      <pt>
        <x>54.59</x>
        <y>189.86</y>
      </pt>
      <pt>
        <x>150.15</x>
        <y>206.62</y>
      </pt>
      <pt>
        <x>131.31</x>
        <y>206.62</y>
      </pt>
      <username></username>
    </polygon>
    <attributes></attributes>
  </object>
  <object>
    <name>lane</name>
    <deleted>0</deleted>
    <verified>0</verified>
    <occluded>no</occluded>
    <date></date>
    <id>3</id>
    <parts>
      <hasparts></hasparts>
      <ispartof></ispartof>
    </parts>
    <polygon>
      <pt>
        <x>573.59</x>
        <y>267.42</y>
      </pt>
      <pt>
        <x>590.59</x>
        <y>258.09</y>
      </pt>
      <pt>
        <x>616.72</x>
        <y>250.63</y>
      </pt>
      <pt>
        <x>633.52</x>
        <y>248.34</y>
      </pt>
      <pt>
        <x>643.26</x>
        <y>248.76</y>
      </pt>
      <pt>
        <x>619.62</x>
        <y>253.53</y>
      </pt>
      <pt>
        <x>597.44</x>
        <y>259.96</y>
      </pt>
      <pt>
        <x>590.80</x>
        <y>266.38</y>
      </pt>
      <username></username>
    </polygon>
    <attributes></attributes>
  </object>
  <object>
    <name>lane</name>
    <deleted>0</deleted>
    <verified>0</verified>
    <occluded>no</occluded>
    <date></date>
    <id>4</id>
    <parts>
      <hasparts></hasparts>
      <ispartof></ispartof>
    </parts>
    <polygon>
      <pt>
        <x>714.80</x>
        <y>237.35</y>
      </pt>
      <pt>
        <x>726.41</x>
        <y>239.01</y>
      </pt>
      <pt>
        <x>817.86</x>
        <y>226.16</y>
      </pt>
      <pt>
        <x>811.64</x>
        <y>225.12</y>
      </pt>
      <username></username>
    </polygon>
    <attributes></attributes>
  </object>
  <object>
    <name>lane</name>
    <deleted>0</deleted>
    <verified>0</verified>
    <occluded>no</occluded>
    <date></date>
    <id>5</id>
    <parts>
      <hasparts></hasparts>
      <ispartof></ispartof>
    </parts>
    <polygon>
      <pt>
        <x>369.03</x>
        <y>257.05</y>
      </pt>
      <pt>
        <x>380.22</x>
        <y>255.56</y>
      </pt>
      <pt>
        <x>452.39</x>
        <y>279.70</y>
      </pt>
      <pt>
        <x>438.20</x>
        <y>279.95</y>
      </pt>
      <username></username>
    </polygon>
    <attributes></attributes>
  </object>
  <object>
    <name>lane</name>
    <deleted>0</deleted>
    <verified>0</verified>
    <occluded>no</occluded>
    <date></date>
    <id>6</id>
    <parts>
      <hasparts></hasparts>
      <ispartof></ispartof>
    </parts>
    <polygon>
      <pt>
        <x>210.80</x>
        <y>223.21</y>
      </pt>
      <pt>
        <x>220.99</x>
        <y>222.17</y>
      </pt>
      <pt>
        <x>307.22</x>
        <y>237.89</y>
      </pt>
      <pt>
        <x>296.68</x>
        <y>239.97</y>
      </pt>
      <username></username>
    </polygon>
    <attributes></attributes>
  </object>
  <object>
    <name>lane</name>
    <deleted>0</deleted>
    <verified>0</verified>
    <occluded>no</occluded>
    <date></date>
    <id>7</id>
    <parts>
      <hasparts></hasparts>
      <ispartof></ispartof>
    </parts>
    <polygon>
      <pt>
        <x>529.78</x>
        <y>448.10</y>
      </pt>
      <pt>
        <x>521.52</x>
        <y>531.69</y>
      </pt>
      <pt>
        <x>552.48</x>
        <y>531.69</y>
      </pt>
      <pt>
        <x>555.06</x>
        <y>448.10</y>
      </pt>
      <username></username>
    </polygon>
    <attributes></attributes>
  </object>
  <object>
    <name>lane</name>
    <deleted>0</deleted>
    <verified>0</verified>
    <occluded>no</occluded>
    <date></date>
    <id>8</id>
    <parts>
      <hasparts></hasparts>
      <ispartof></ispartof>
    </parts>
    <polygon>
      <pt>
        <x>508.07</x>
        <y>701.70</y>
      </pt>
      <pt>
        <x>487.27</x>
        <y>917.92</y>
      </pt>
      <pt>
        <x>542.25</x>
        <y>918.66</y>
      </pt>
      <pt>
        <x>545.97</x>
        <y>707.65</y>
      </pt>
      <username></username>
    </polygon>
    <attributes></attributes>
  </object>
</annotation>
