<annotation>
  <filename>image_2517.jpg</filename>
  <folder></folder>
  <source>
    <sourceImage></sourceImage>
    <sourceAnnotation>Datumaro</sourceAnnotation>
  </source>
  <imagesize>
    <nrows>1920</nrows>
    <ncols>1080</ncols>
  </imagesize>
  <object>
    <name>lane</name>
    <deleted>0</deleted>
    <verified>0</verified>
    <occluded>no</occluded>
    <date></date>
    <id>0</id>
    <parts>
      <hasparts></hasparts>
      <ispartof></ispartof>
    </parts>
    <type>bounding_box</type>
    <polygon>
      <pt>
        <x>542.63</x>
        <y>350.58</y>
      </pt>
      <pt>
        <x>549.21</x>
        <y>350.58</y>
      </pt>
      <pt>
        <x>549.21</x>
        <y>360.46</y>
      </pt>
      <pt>
        <x>542.63</x>
        <y>360.46</y>
      </pt>
      <username></username>
    </polygon>
    <attributes>rotation=0.0</attributes>
  </object>
  <object>
    <name>lane</name>
    <deleted>0</deleted>
    <verified>0</verified>
    <occluded>no</occluded>
    <date></date>
    <id>1</id>
    <parts>
      <hasparts></hasparts>
      <ispartof></ispartof>
    </parts>
    <type>bounding_box</type>
    <polygon>
      <pt>
        <x>545.26</x>
        <y>333.45</y>
      </pt>
      <pt>
        <x>550.53</x>
        <y>333.45</y>
      </pt>
      <pt>
        <x>550.53</x>
        <y>343.33</y>
      </pt>
      <pt>
        <x>545.26</x>
        <y>343.33</y>
      </pt>
      <username></username>
    </polygon>
    <attributes>rotation=0.0</attributes>
  </object>
  <object>
    <name>lane</name>
    <deleted>0</deleted>
    <verified>0</verified>
    <occluded>no</occluded>
    <date></date>
    <id>2</id>
    <parts>
      <hasparts></hasparts>
      <ispartof></ispartof>
    </parts>
    <polygon>
      <pt>
        <x>508.88</x>
        <y>753.27</y>
      </pt>
      <pt>
        <x>545.70</x>
        <y>753.27</y>
      </pt>
      <pt>
        <x>554.19</x>
        <y>1107.26</y>
      </pt>
      <pt>
        <x>503.22</x>
        <y>1115.75</y>
      </pt>
      <username></username>
    </polygon>
    <attributes></attributes>
  </object>
  <object>
    <name>lane</name>
    <deleted>0</deleted>
    <verified>0</verified>
    <occluded>no</occluded>
    <date></date>
    <id>3</id>
    <parts>
      <hasparts></hasparts>
      <ispartof></ispartof>
    </parts>
    <type>bounding_box</type>
    <polygon>
      <pt>
        <x>532.09</x>
        <y>529.72</y>
      </pt>
      <pt>
        <x>550.53</x>
        <y>529.72</y>
      </pt>
      <pt>
        <x>550.53</x>
        <y>617.31</y>
      </pt>
      <pt>
        <x>532.09</x>
        <y>617.31</y>
      </pt>
      <username></username>
    </polygon>
    <attributes>rotation=0.0</attributes>
  </object>
  <object>
    <name>lane</name>
    <deleted>0</deleted>
    <verified>0</verified>
    <occluded>no</occluded>
    <date></date>
    <id>4</id>
    <parts>
      <hasparts></hasparts>
      <ispartof></ispartof>
    </parts>
    <type>bounding_box</type>
    <polygon>
      <pt>
        <x>535.38</x>
        <y>444.76</y>
      </pt>
      <pt>
        <x>549.21</x>
        <y>444.76</y>
      </pt>
      <pt>
        <x>549.21</x>
        <y>483.61</y>
      </pt>
      <pt>
        <x>535.38</x>
        <y>483.61</y>
      </pt>
      <username></username>
    </polygon>
    <attributes>rotation=0.0</attributes>
  </object>
  <object>
    <name>lane</name>
    <deleted>0</deleted>
    <verified>0</verified>
    <occluded>no</occluded>
    <date></date>
    <id>5</id>
    <parts>
      <hasparts></hasparts>
      <ispartof></ispartof>
    </parts>
    <type>bounding_box</type>
    <polygon>
      <pt>
        <x>538.67</x>
        <y>399.31</y>
      </pt>
      <pt>
        <x>548.55</x>
        <y>399.31</y>
      </pt>
      <pt>
        <x>548.55</x>
        <y>416.44</y>
      </pt>
      <pt>
        <x>538.67</x>
        <y>416.44</y>
      </pt>
      <username></username>
    </polygon>
    <attributes>rotation=0.0</attributes>
  </object>
  <object>
    <name>lane</name>
    <deleted>0</deleted>
    <verified>0</verified>
    <occluded>no</occluded>
    <date></date>
    <id>6</id>
    <parts>
      <hasparts></hasparts>
      <ispartof></ispartof>
    </parts>
    <type>bounding_box</type>
    <polygon>
      <pt>
        <x>540.65</x>
        <y>368.36</y>
      </pt>
      <pt>
        <x>550.53</x>
        <y>368.36</y>
      </pt>
      <pt>
        <x>550.53</x>
        <y>382.19</y>
      </pt>
      <pt>
        <x>540.65</x>
        <y>382.19</y>
      </pt>
      <username></username>
    </polygon>
    <attributes>rotation=0.0</attributes>
  </object>
</annotation>
