<annotation>
  <filename>image_1936.jpg</filename>
  <folder></folder>
  <source>
    <sourceImage></sourceImage>
    <sourceAnnotation>Datumaro</sourceAnnotation>
  </source>
  <imagesize>
    <nrows>1920</nrows>
    <ncols>1080</ncols>
  </imagesize>
  <object>
    <name>lane</name>
    <deleted>0</deleted>
    <verified>0</verified>
    <occluded>no</occluded>
    <date></date>
    <id>0</id>
    <parts>
      <hasparts></hasparts>
      <ispartof></ispartof>
    </parts>
    <polygon>
      <pt>
        <x>468.66</x>
        <y>445.04</y>
      </pt>
      <pt>
        <x>492.61</x>
        <y>447.61</y>
      </pt>
      <pt>
        <x>489.19</x>
        <y>409.12</y>
      </pt>
      <pt>
        <x>489.19</x>
        <y>380.03</y>
      </pt>
      <pt>
        <x>472.08</x>
        <y>380.03</y>
      </pt>
      <pt>
        <x>473.79</x>
        <y>406.55</y>
      </pt>
      <username></username>
    </polygon>
    <attributes></attributes>
  </object>
  <object>
    <name>lane</name>
    <deleted>0</deleted>
    <verified>0</verified>
    <occluded>no</occluded>
    <date></date>
    <id>1</id>
    <parts>
      <hasparts></hasparts>
      <ispartof></ispartof>
    </parts>
    <polygon>
      <pt>
        <x>452.02</x>
        <y>787.32</y>
      </pt>
      <pt>
        <x>487.74</x>
        <y>789.78</y>
      </pt>
      <pt>
        <x>487.74</x>
        <y>666.60</y>
      </pt>
      <pt>
        <x>487.74</x>
        <y>565.59</y>
      </pt>
      <pt>
        <x>461.87</x>
        <y>565.59</y>
      </pt>
      <pt>
        <x>455.71</x>
        <y>671.53</y>
      </pt>
      <username></username>
    </polygon>
    <attributes></attributes>
  </object>
  <object>
    <name>lane</name>
    <deleted>0</deleted>
    <verified>0</verified>
    <occluded>no</occluded>
    <date></date>
    <id>2</id>
    <parts>
      <hasparts></hasparts>
      <ispartof></ispartof>
    </parts>
    <polygon>
      <pt>
        <x>488.06</x>
        <y>1920.00</y>
      </pt>
      <pt>
        <x>484.63</x>
        <y>1738.35</y>
      </pt>
      <pt>
        <x>497.04</x>
        <y>1560.97</y>
      </pt>
      <pt>
        <x>392.39</x>
        <y>1557.42</y>
      </pt>
      <pt>
        <x>388.84</x>
        <y>1729.48</y>
      </pt>
      <pt>
        <x>387.11</x>
        <y>1920.00</y>
      </pt>
      <username></username>
    </polygon>
    <attributes></attributes>
  </object>
  <object>
    <name>lane</name>
    <deleted>0</deleted>
    <verified>0</verified>
    <occluded>no</occluded>
    <date></date>
    <id>3</id>
    <parts>
      <hasparts></hasparts>
      <ispartof></ispartof>
    </parts>
    <type>bounding_box</type>
    <polygon>
      <pt>
        <x>483.26</x>
        <y>188.20</y>
      </pt>
      <pt>
        <x>487.24</x>
        <y>188.20</y>
      </pt>
      <pt>
        <x>487.24</x>
        <y>191.93</y>
      </pt>
      <pt>
        <x>483.26</x>
        <y>191.93</y>
      </pt>
      <username></username>
    </polygon>
    <attributes>rotation=0.0</attributes>
  </object>
  <object>
    <name>lane</name>
    <deleted>0</deleted>
    <verified>0</verified>
    <occluded>no</occluded>
    <date></date>
    <id>4</id>
    <parts>
      <hasparts></hasparts>
      <ispartof></ispartof>
    </parts>
    <type>bounding_box</type>
    <polygon>
      <pt>
        <x>482.26</x>
        <y>198.65</y>
      </pt>
      <pt>
        <x>486.74</x>
        <y>198.65</y>
      </pt>
      <pt>
        <x>486.74</x>
        <y>205.61</y>
      </pt>
      <pt>
        <x>482.26</x>
        <y>205.61</y>
      </pt>
      <username></username>
    </polygon>
    <attributes>rotation=0.0</attributes>
  </object>
  <object>
    <name>lane</name>
    <deleted>0</deleted>
    <verified>0</verified>
    <occluded>no</occluded>
    <date></date>
    <id>5</id>
    <parts>
      <hasparts></hasparts>
      <ispartof></ispartof>
    </parts>
    <type>bounding_box</type>
    <polygon>
      <pt>
        <x>482.76</x>
        <y>212.58</y>
      </pt>
      <pt>
        <x>487.49</x>
        <y>212.58</y>
      </pt>
      <pt>
        <x>487.49</x>
        <y>221.54</y>
      </pt>
      <pt>
        <x>482.76</x>
        <y>221.54</y>
      </pt>
      <username></username>
    </polygon>
    <attributes>rotation=0.0</attributes>
  </object>
  <object>
    <name>lane</name>
    <deleted>0</deleted>
    <verified>0</verified>
    <occluded>no</occluded>
    <date></date>
    <id>6</id>
    <parts>
      <hasparts></hasparts>
      <ispartof></ispartof>
    </parts>
    <type>bounding_box</type>
    <polygon>
      <pt>
        <x>481.77</x>
        <y>230.75</y>
      </pt>
      <pt>
        <x>487.49</x>
        <y>230.75</y>
      </pt>
      <pt>
        <x>487.49</x>
        <y>245.18</y>
      </pt>
      <pt>
        <x>481.77</x>
        <y>245.18</y>
      </pt>
      <username></username>
    </polygon>
    <attributes>rotation=0.0</attributes>
  </object>
  <object>
    <name>lane</name>
    <deleted>0</deleted>
    <verified>0</verified>
    <occluded>no</occluded>
    <date></date>
    <id>7</id>
    <parts>
      <hasparts></hasparts>
      <ispartof></ispartof>
    </parts>
    <type>bounding_box</type>
    <polygon>
      <pt>
        <x>479.53</x>
        <y>259.86</y>
      </pt>
      <pt>
        <x>488.49</x>
        <y>259.86</y>
      </pt>
      <pt>
        <x>488.49</x>
        <y>278.52</y>
      </pt>
      <pt>
        <x>479.53</x>
        <y>278.52</y>
      </pt>
      <username></username>
    </polygon>
    <attributes>rotation=0.0</attributes>
  </object>
  <object>
    <name>lane</name>
    <deleted>0</deleted>
    <verified>0</verified>
    <occluded>no</occluded>
    <date></date>
    <id>8</id>
    <parts>
      <hasparts></hasparts>
      <ispartof></ispartof>
    </parts>
    <type>bounding_box</type>
    <polygon>
      <pt>
        <x>476.29</x>
        <y>301.91</y>
      </pt>
      <pt>
        <x>488.49</x>
        <y>301.91</y>
      </pt>
      <pt>
        <x>488.49</x>
        <y>334.26</y>
      </pt>
      <pt>
        <x>476.29</x>
        <y>334.26</y>
      </pt>
      <username></username>
    </polygon>
    <attributes>rotation=0.0</attributes>
  </object>
</annotation>
