<annotation>
  <filename>image_1099.jpg</filename>
  <folder></folder>
  <source>
    <sourceImage></sourceImage>
    <sourceAnnotation>Datumaro</sourceAnnotation>
  </source>
  <imagesize>
    <nrows>1920</nrows>
    <ncols>1080</ncols>
  </imagesize>
  <object>
    <name>lane</name>
    <deleted>0</deleted>
    <verified>0</verified>
    <occluded>no</occluded>
    <date></date>
    <id>0</id>
    <parts>
      <hasparts></hasparts>
      <ispartof></ispartof>
    </parts>
    <type>bounding_box</type>
    <polygon>
      <pt>
        <x>379.81</x>
        <y>289.62</y>
      </pt>
      <pt>
        <x>395.70</x>
        <y>289.62</y>
      </pt>
      <pt>
        <x>395.70</x>
        <y>314.85</y>
      </pt>
      <pt>
        <x>379.81</x>
        <y>314.85</y>
      </pt>
      <username></username>
    </polygon>
    <attributes>rotation=0.0</attributes>
  </object>
  <object>
    <name>lane</name>
    <deleted>0</deleted>
    <verified>0</verified>
    <occluded>no</occluded>
    <date></date>
    <id>1</id>
    <parts>
      <hasparts></hasparts>
      <ispartof></ispartof>
    </parts>
    <type>bounding_box</type>
    <polygon>
      <pt>
        <x>389.10</x>
        <y>585.65</y>
      </pt>
      <pt>
        <x>421.98</x>
        <y>585.65</y>
      </pt>
      <pt>
        <x>421.98</x>
        <y>725.84</y>
      </pt>
      <pt>
        <x>389.10</x>
        <y>725.84</y>
      </pt>
      <username></username>
    </polygon>
    <attributes>rotation=0.0</attributes>
  </object>
  <object>
    <name>lane</name>
    <deleted>0</deleted>
    <verified>0</verified>
    <occluded>no</occluded>
    <date></date>
    <id>2</id>
    <parts>
      <hasparts></hasparts>
      <ispartof></ispartof>
    </parts>
    <type>bounding_box</type>
    <polygon>
      <pt>
        <x>384.48</x>
        <y>424.20</y>
      </pt>
      <pt>
        <x>412.52</x>
        <y>424.20</y>
      </pt>
      <pt>
        <x>412.52</x>
        <y>490.56</y>
      </pt>
      <pt>
        <x>384.48</x>
        <y>490.56</y>
      </pt>
      <username></username>
    </polygon>
    <attributes>rotation=0.0</attributes>
  </object>
  <object>
    <name>lane</name>
    <deleted>0</deleted>
    <verified>0</verified>
    <occluded>no</occluded>
    <date></date>
    <id>3</id>
    <parts>
      <hasparts></hasparts>
      <ispartof></ispartof>
    </parts>
    <type>bounding_box</type>
    <polygon>
      <pt>
        <x>380.74</x>
        <y>342.89</y>
      </pt>
      <pt>
        <x>402.24</x>
        <y>342.89</y>
      </pt>
      <pt>
        <x>402.24</x>
        <y>376.54</y>
      </pt>
      <pt>
        <x>380.74</x>
        <y>376.54</y>
      </pt>
      <username></username>
    </polygon>
    <attributes>rotation=0.0</attributes>
  </object>
  <object>
    <name>lane</name>
    <deleted>0</deleted>
    <verified>0</verified>
    <occluded>no</occluded>
    <date></date>
    <id>4</id>
    <parts>
      <hasparts></hasparts>
      <ispartof></ispartof>
    </parts>
    <type>bounding_box</type>
    <polygon>
      <pt>
        <x>378.36</x>
        <y>256.56</y>
      </pt>
      <pt>
        <x>392.77</x>
        <y>256.56</y>
      </pt>
      <pt>
        <x>392.77</x>
        <y>271.19</y>
      </pt>
      <pt>
        <x>378.36</x>
        <y>271.19</y>
      </pt>
      <username></username>
    </polygon>
    <attributes>rotation=0.0</attributes>
  </object>
  <object>
    <name>lane</name>
    <deleted>0</deleted>
    <verified>0</verified>
    <occluded>no</occluded>
    <date></date>
    <id>5</id>
    <parts>
      <hasparts></hasparts>
      <ispartof></ispartof>
    </parts>
    <type>bounding_box</type>
    <polygon>
      <pt>
        <x>379.96</x>
        <y>231.18</y>
      </pt>
      <pt>
        <x>388.42</x>
        <y>231.18</y>
      </pt>
      <pt>
        <x>388.42</x>
        <y>244.44</y>
      </pt>
      <pt>
        <x>379.96</x>
        <y>244.44</y>
      </pt>
      <username></username>
    </polygon>
    <attributes>rotation=0.0</attributes>
  </object>
  <object>
    <name>lane</name>
    <deleted>0</deleted>
    <verified>0</verified>
    <occluded>no</occluded>
    <date></date>
    <id>6</id>
    <parts>
      <hasparts></hasparts>
      <ispartof></ispartof>
    </parts>
    <type>bounding_box</type>
    <polygon>
      <pt>
        <x>377.45</x>
        <y>212.11</y>
      </pt>
      <pt>
        <x>387.74</x>
        <y>212.11</y>
      </pt>
      <pt>
        <x>387.74</x>
        <y>223.17</y>
      </pt>
      <pt>
        <x>377.45</x>
        <y>223.17</y>
      </pt>
      <username></username>
    </polygon>
    <attributes>rotation=0.0</attributes>
  </object>
  <object>
    <name>lane</name>
    <deleted>0</deleted>
    <verified>0</verified>
    <occluded>no</occluded>
    <date></date>
    <id>7</id>
    <parts>
      <hasparts></hasparts>
      <ispartof></ispartof>
    </parts>
    <type>bounding_box</type>
    <polygon>
      <pt>
        <x>377.64</x>
        <y>197.82</y>
      </pt>
      <pt>
        <x>386.22</x>
        <y>197.82</y>
      </pt>
      <pt>
        <x>386.22</x>
        <y>204.11</y>
      </pt>
      <pt>
        <x>377.64</x>
        <y>204.11</y>
      </pt>
      <username></username>
    </polygon>
    <attributes>rotation=0.0</attributes>
  </object>
  <object>
    <name>lane</name>
    <deleted>0</deleted>
    <verified>0</verified>
    <occluded>no</occluded>
    <date></date>
    <id>8</id>
    <parts>
      <hasparts></hasparts>
      <ispartof></ispartof>
    </parts>
    <type>bounding_box</type>
    <polygon>
      <pt>
        <x>378.60</x>
        <y>184.68</y>
      </pt>
      <pt>
        <x>385.84</x>
        <y>184.68</y>
      </pt>
      <pt>
        <x>385.84</x>
        <y>193.06</y>
      </pt>
      <pt>
        <x>378.60</x>
        <y>193.06</y>
      </pt>
      <username></username>
    </polygon>
    <attributes>rotation=0.0</attributes>
  </object>
  <object>
    <name>lane</name>
    <deleted>0</deleted>
    <verified>0</verified>
    <occluded>no</occluded>
    <date></date>
    <id>9</id>
    <parts>
      <hasparts></hasparts>
      <ispartof></ispartof>
    </parts>
    <type>bounding_box</type>
    <polygon>
      <pt>
        <x>378.02</x>
        <y>174.19</y>
      </pt>
      <pt>
        <x>383.17</x>
        <y>174.19</y>
      </pt>
      <pt>
        <x>383.17</x>
        <y>180.29</y>
      </pt>
      <pt>
        <x>378.02</x>
        <y>180.29</y>
      </pt>
      <username></username>
    </polygon>
    <attributes>rotation=0.0</attributes>
  </object>
  <object>
    <name>lane</name>
    <deleted>0</deleted>
    <verified>0</verified>
    <occluded>no</occluded>
    <date></date>
    <id>10</id>
    <parts>
      <hasparts></hasparts>
      <ispartof></ispartof>
    </parts>
    <type>bounding_box</type>
    <polygon>
      <pt>
        <x>378.02</x>
        <y>166.95</y>
      </pt>
      <pt>
        <x>383.74</x>
        <y>166.95</y>
      </pt>
      <pt>
        <x>383.74</x>
        <y>171.15</y>
      </pt>
      <pt>
        <x>378.02</x>
        <y>171.15</y>
      </pt>
      <username></username>
    </polygon>
    <attributes>rotation=0.0</attributes>
  </object>
  <object>
    <name>lane</name>
    <deleted>0</deleted>
    <verified>0</verified>
    <occluded>no</occluded>
    <date></date>
    <id>11</id>
    <parts>
      <hasparts></hasparts>
      <ispartof></ispartof>
    </parts>
    <polygon>
      <pt>
        <x>390.72</x>
        <y>983.21</y>
      </pt>
      <pt>
        <x>457.70</x>
        <y>980.42</y>
      </pt>
      <pt>
        <x>499.56</x>
        <y>1566.49</y>
      </pt>
      <pt>
        <x>415.83</x>
        <y>1577.65</y>
      </pt>
      <username></username>
    </polygon>
    <attributes></attributes>
  </object>
</annotation>
