<annotation>
  <filename>image_672.jpg</filename>
  <folder></folder>
  <source>
    <sourceImage></sourceImage>
    <sourceAnnotation>Datumaro</sourceAnnotation>
  </source>
  <imagesize>
    <nrows>1920</nrows>
    <ncols>1080</ncols>
  </imagesize>
  <object>
    <name>lane</name>
    <deleted>0</deleted>
    <verified>0</verified>
    <occluded>no</occluded>
    <date></date>
    <id>0</id>
    <parts>
      <hasparts></hasparts>
      <ispartof></ispartof>
    </parts>
    <polygon>
      <pt>
        <x>406.00</x>
        <y>435.70</y>
      </pt>
      <pt>
        <x>429.20</x>
        <y>436.60</y>
      </pt>
      <pt>
        <x>464.29</x>
        <y>501.19</y>
      </pt>
      <pt>
        <x>436.80</x>
        <y>501.20</y>
      </pt>
      <pt>
        <x>420.80</x>
        <y>463.61</y>
      </pt>
      <username></username>
    </polygon>
    <attributes></attributes>
  </object>
  <object>
    <name>lane</name>
    <deleted>0</deleted>
    <verified>0</verified>
    <occluded>no</occluded>
    <date></date>
    <id>1</id>
    <parts>
      <hasparts></hasparts>
      <ispartof></ispartof>
    </parts>
    <polygon>
      <pt>
        <x>469.50</x>
        <y>971.50</y>
      </pt>
      <pt>
        <x>527.00</x>
        <y>976.00</y>
      </pt>
      <pt>
        <x>525.49</x>
        <y>1261.99</y>
      </pt>
      <pt>
        <x>511.90</x>
        <y>1537.30</y>
      </pt>
      <pt>
        <x>419.58</x>
        <y>1528.27</y>
      </pt>
      <pt>
        <x>454.40</x>
        <y>1207.50</y>
      </pt>
      <username></username>
    </polygon>
    <attributes></attributes>
  </object>
  <object>
    <name>lane</name>
    <deleted>0</deleted>
    <verified>0</verified>
    <occluded>no</occluded>
    <date></date>
    <id>2</id>
    <parts>
      <hasparts></hasparts>
      <ispartof></ispartof>
    </parts>
    <polygon>
      <pt>
        <x>464.73</x>
        <y>588.54</y>
      </pt>
      <pt>
        <x>496.25</x>
        <y>588.54</y>
      </pt>
      <pt>
        <x>513.80</x>
        <y>727.70</y>
      </pt>
      <pt>
        <x>474.36</x>
        <y>727.75</y>
      </pt>
      <username></username>
    </polygon>
    <attributes></attributes>
  </object>
  <object>
    <name>lane</name>
    <deleted>0</deleted>
    <verified>0</verified>
    <occluded>no</occluded>
    <date></date>
    <id>3</id>
    <parts>
      <hasparts></hasparts>
      <ispartof></ispartof>
    </parts>
    <polygon>
      <pt>
        <x>300.00</x>
        <y>303.50</y>
      </pt>
      <pt>
        <x>313.80</x>
        <y>315.30</y>
      </pt>
      <pt>
        <x>332.40</x>
        <y>329.50</y>
      </pt>
      <pt>
        <x>317.00</x>
        <y>330.30</y>
      </pt>
      <pt>
        <x>283.40</x>
        <y>302.70</y>
      </pt>
      <username></username>
    </polygon>
    <attributes></attributes>
  </object>
  <object>
    <name>lane</name>
    <deleted>0</deleted>
    <verified>0</verified>
    <occluded>no</occluded>
    <date></date>
    <id>4</id>
    <parts>
      <hasparts></hasparts>
      <ispartof></ispartof>
    </parts>
    <polygon>
      <pt>
        <x>222.90</x>
        <y>267.50</y>
      </pt>
      <pt>
        <x>254.90</x>
        <y>286.50</y>
      </pt>
      <pt>
        <x>267.60</x>
        <y>286.09</y>
      </pt>
      <pt>
        <x>232.80</x>
        <y>267.50</y>
      </pt>
      <username></username>
    </polygon>
    <attributes></attributes>
  </object>
  <object>
    <name>lane</name>
    <deleted>0</deleted>
    <verified>0</verified>
    <occluded>no</occluded>
    <date></date>
    <id>5</id>
    <parts>
      <hasparts></hasparts>
      <ispartof></ispartof>
    </parts>
    <polygon>
      <pt>
        <x>159.80</x>
        <y>239.60</y>
      </pt>
      <pt>
        <x>190.80</x>
        <y>254.40</y>
      </pt>
      <pt>
        <x>200.96</x>
        <y>253.77</y>
      </pt>
      <pt>
        <x>168.30</x>
        <y>239.30</y>
      </pt>
      <username></username>
    </polygon>
    <attributes></attributes>
  </object>
  <object>
    <name>lane</name>
    <deleted>0</deleted>
    <verified>0</verified>
    <occluded>no</occluded>
    <date></date>
    <id>6</id>
    <parts>
      <hasparts></hasparts>
      <ispartof></ispartof>
    </parts>
    <polygon>
      <pt>
        <x>96.25</x>
        <y>218.87</y>
      </pt>
      <pt>
        <x>96.58</x>
        <y>217.22</y>
      </pt>
      <pt>
        <x>139.40</x>
        <y>228.70</y>
      </pt>
      <pt>
        <x>134.10</x>
        <y>230.70</y>
      </pt>
      <username></username>
    </polygon>
    <attributes></attributes>
  </object>
  <object>
    <name>lane</name>
    <deleted>0</deleted>
    <verified>0</verified>
    <occluded>no</occluded>
    <date></date>
    <id>7</id>
    <parts>
      <hasparts></hasparts>
      <ispartof></ispartof>
    </parts>
    <polygon>
      <pt>
        <x>34.43</x>
        <y>200.03</y>
      </pt>
      <pt>
        <x>67.60</x>
        <y>210.30</y>
      </pt>
      <pt>
        <x>73.40</x>
        <y>208.30</y>
      </pt>
      <pt>
        <x>33.90</x>
        <y>197.60</y>
      </pt>
      <username></username>
    </polygon>
    <attributes></attributes>
  </object>
  <object>
    <name>lane</name>
    <deleted>0</deleted>
    <verified>0</verified>
    <occluded>no</occluded>
    <date></date>
    <id>8</id>
    <parts>
      <hasparts></hasparts>
      <ispartof></ispartof>
    </parts>
    <polygon>
      <pt>
        <x>345.20</x>
        <y>356.40</y>
      </pt>
      <pt>
        <x>362.50</x>
        <y>355.50</y>
      </pt>
      <pt>
        <x>395.90</x>
        <y>394.40</y>
      </pt>
      <pt>
        <x>376.90</x>
        <y>394.00</y>
      </pt>
      <username></username>
    </polygon>
    <attributes></attributes>
  </object>
</annotation>
