<annotation>
  <filename>image_1743.jpg</filename>
  <folder></folder>
  <source>
    <sourceImage></sourceImage>
    <sourceAnnotation>Datumaro</sourceAnnotation>
  </source>
  <imagesize>
    <nrows>1920</nrows>
    <ncols>1080</ncols>
  </imagesize>
  <object>
    <name>lane</name>
    <deleted>0</deleted>
    <verified>0</verified>
    <occluded>no</occluded>
    <date></date>
    <id>0</id>
    <parts>
      <hasparts></hasparts>
      <ispartof></ispartof>
    </parts>
    <type>bounding_box</type>
    <polygon>
      <pt>
        <x>471.14</x>
        <y>349.09</y>
      </pt>
      <pt>
        <x>477.05</x>
        <y>349.09</y>
      </pt>
      <pt>
        <x>477.05</x>
        <y>359.06</y>
      </pt>
      <pt>
        <x>471.14</x>
        <y>359.06</y>
      </pt>
      <username></username>
    </polygon>
    <attributes>rotation=0.0</attributes>
  </object>
  <object>
    <name>lane</name>
    <deleted>0</deleted>
    <verified>0</verified>
    <occluded>no</occluded>
    <date></date>
    <id>1</id>
    <parts>
      <hasparts></hasparts>
      <ispartof></ispartof>
    </parts>
    <type>bounding_box</type>
    <polygon>
      <pt>
        <x>470.63</x>
        <y>326.93</y>
      </pt>
      <pt>
        <x>474.86</x>
        <y>326.93</y>
      </pt>
      <pt>
        <x>474.86</x>
        <y>332.68</y>
      </pt>
      <pt>
        <x>470.63</x>
        <y>332.68</y>
      </pt>
      <username></username>
    </polygon>
    <attributes>rotation=0.0</attributes>
  </object>
  <object>
    <name>lane</name>
    <deleted>0</deleted>
    <verified>0</verified>
    <occluded>no</occluded>
    <date></date>
    <id>2</id>
    <parts>
      <hasparts></hasparts>
      <ispartof></ispartof>
    </parts>
    <polygon>
      <pt>
        <x>463.73</x>
        <y>1914.44</y>
      </pt>
      <pt>
        <x>583.99</x>
        <y>1898.76</y>
      </pt>
      <pt>
        <x>539.54</x>
        <y>1315.75</y>
      </pt>
      <pt>
        <x>468.95</x>
        <y>1305.29</y>
      </pt>
      <username></username>
    </polygon>
    <attributes></attributes>
  </object>
  <object>
    <name>lane</name>
    <deleted>0</deleted>
    <verified>0</verified>
    <occluded>no</occluded>
    <date></date>
    <id>3</id>
    <parts>
      <hasparts></hasparts>
      <ispartof></ispartof>
    </parts>
    <type>bounding_box</type>
    <polygon>
      <pt>
        <x>471.14</x>
        <y>338.94</y>
      </pt>
      <pt>
        <x>475.70</x>
        <y>338.94</y>
      </pt>
      <pt>
        <x>475.70</x>
        <y>343.67</y>
      </pt>
      <pt>
        <x>471.14</x>
        <y>343.67</y>
      </pt>
      <username></username>
    </polygon>
    <attributes>rotation=0.0</attributes>
  </object>
  <object>
    <name>lane</name>
    <deleted>0</deleted>
    <verified>0</verified>
    <occluded>no</occluded>
    <date></date>
    <id>4</id>
    <parts>
      <hasparts></hasparts>
      <ispartof></ispartof>
    </parts>
    <polygon>
      <pt>
        <x>470.56</x>
        <y>822.32</y>
      </pt>
      <pt>
        <x>504.60</x>
        <y>821.06</y>
      </pt>
      <pt>
        <x>495.78</x>
        <y>643.29</y>
      </pt>
      <pt>
        <x>470.56</x>
        <y>642.03</y>
      </pt>
      <username></username>
    </polygon>
    <attributes></attributes>
  </object>
  <object>
    <name>lane</name>
    <deleted>0</deleted>
    <verified>0</verified>
    <occluded>no</occluded>
    <date></date>
    <id>5</id>
    <parts>
      <hasparts></hasparts>
      <ispartof></ispartof>
    </parts>
    <polygon>
      <pt>
        <x>470.56</x>
        <y>546.21</y>
      </pt>
      <pt>
        <x>489.47</x>
        <y>546.21</y>
      </pt>
      <pt>
        <x>488.21</x>
        <y>489.47</y>
      </pt>
      <pt>
        <x>470.56</x>
        <y>492.00</y>
      </pt>
      <username></username>
    </polygon>
    <attributes></attributes>
  </object>
  <object>
    <name>lane</name>
    <deleted>0</deleted>
    <verified>0</verified>
    <occluded>no</occluded>
    <date></date>
    <id>6</id>
    <parts>
      <hasparts></hasparts>
      <ispartof></ispartof>
    </parts>
    <type>bounding_box</type>
    <polygon>
      <pt>
        <x>471.69</x>
        <y>365.12</y>
      </pt>
      <pt>
        <x>478.02</x>
        <y>365.12</y>
      </pt>
      <pt>
        <x>478.02</x>
        <y>375.25</y>
      </pt>
      <pt>
        <x>471.69</x>
        <y>375.25</y>
      </pt>
      <username></username>
    </polygon>
    <attributes>rotation=0.0</attributes>
  </object>
  <object>
    <name>lane</name>
    <deleted>0</deleted>
    <verified>0</verified>
    <occluded>no</occluded>
    <date></date>
    <id>7</id>
    <parts>
      <hasparts></hasparts>
      <ispartof></ispartof>
    </parts>
    <type>bounding_box</type>
    <polygon>
      <pt>
        <x>471.27</x>
        <y>388.76</y>
      </pt>
      <pt>
        <x>480.14</x>
        <y>388.76</y>
      </pt>
      <pt>
        <x>480.14</x>
        <y>404.81</y>
      </pt>
      <pt>
        <x>471.27</x>
        <y>404.81</y>
      </pt>
      <username></username>
    </polygon>
    <attributes>rotation=0.0</attributes>
  </object>
  <object>
    <name>lane</name>
    <deleted>0</deleted>
    <verified>0</verified>
    <occluded>no</occluded>
    <date></date>
    <id>8</id>
    <parts>
      <hasparts></hasparts>
      <ispartof></ispartof>
    </parts>
    <type>bounding_box</type>
    <polygon>
      <pt>
        <x>471.27</x>
        <y>425.50</y>
      </pt>
      <pt>
        <x>483.51</x>
        <y>425.50</y>
      </pt>
      <pt>
        <x>483.51</x>
        <y>453.37</y>
      </pt>
      <pt>
        <x>471.27</x>
        <y>453.37</y>
      </pt>
      <username></username>
    </polygon>
    <attributes>rotation=0.0</attributes>
  </object>
</annotation>
