<annotation>
  <filename>image_667.jpg</filename>
  <folder></folder>
  <source>
    <sourceImage></sourceImage>
    <sourceAnnotation>Datumaro</sourceAnnotation>
  </source>
  <imagesize>
    <nrows>1920</nrows>
    <ncols>1080</ncols>
  </imagesize>
  <object>
    <name>lane</name>
    <deleted>0</deleted>
    <verified>0</verified>
    <occluded>no</occluded>
    <date></date>
    <id>0</id>
    <parts>
      <hasparts></hasparts>
      <ispartof></ispartof>
    </parts>
    <polygon>
      <pt>
        <x>378.81</x>
        <y>1919.85</y>
      </pt>
      <pt>
        <x>499.70</x>
        <y>1915.00</y>
      </pt>
      <pt>
        <x>515.50</x>
        <y>1649.60</y>
      </pt>
      <pt>
        <x>530.50</x>
        <y>1376.70</y>
      </pt>
      <pt>
        <x>444.86</x>
        <y>1371.83</y>
      </pt>
      <username></username>
    </polygon>
    <attributes></attributes>
  </object>
  <object>
    <name>lane</name>
    <deleted>0</deleted>
    <verified>0</verified>
    <occluded>no</occluded>
    <date></date>
    <id>1</id>
    <parts>
      <hasparts></hasparts>
      <ispartof></ispartof>
    </parts>
    <polygon>
      <pt>
        <x>6.30</x>
        <y>145.80</y>
      </pt>
      <pt>
        <x>38.37</x>
        <y>153.75</y>
      </pt>
      <pt>
        <x>44.70</x>
        <y>153.50</y>
      </pt>
      <pt>
        <x>7.00</x>
        <y>144.10</y>
      </pt>
      <username></username>
    </polygon>
    <attributes></attributes>
  </object>
  <object>
    <name>lane</name>
    <deleted>0</deleted>
    <verified>0</verified>
    <occluded>no</occluded>
    <date></date>
    <id>2</id>
    <parts>
      <hasparts></hasparts>
      <ispartof></ispartof>
    </parts>
    <polygon>
      <pt>
        <x>70.10</x>
        <y>162.00</y>
      </pt>
      <pt>
        <x>73.60</x>
        <y>160.60</y>
      </pt>
      <pt>
        <x>114.30</x>
        <y>169.80</y>
      </pt>
      <pt>
        <x>109.80</x>
        <y>171.00</y>
      </pt>
      <username></username>
    </polygon>
    <attributes></attributes>
  </object>
  <object>
    <name>lane</name>
    <deleted>0</deleted>
    <verified>0</verified>
    <occluded>no</occluded>
    <date></date>
    <id>3</id>
    <parts>
      <hasparts></hasparts>
      <ispartof></ispartof>
    </parts>
    <polygon>
      <pt>
        <x>139.70</x>
        <y>179.70</y>
      </pt>
      <pt>
        <x>171.30</x>
        <y>190.20</y>
      </pt>
      <pt>
        <x>177.60</x>
        <y>189.80</y>
      </pt>
      <pt>
        <x>145.60</x>
        <y>178.50</y>
      </pt>
      <username></username>
    </polygon>
    <attributes></attributes>
  </object>
  <object>
    <name>lane</name>
    <deleted>0</deleted>
    <verified>0</verified>
    <occluded>no</occluded>
    <date></date>
    <id>4</id>
    <parts>
      <hasparts></hasparts>
      <ispartof></ispartof>
    </parts>
    <polygon>
      <pt>
        <x>234.68</x>
        <y>215.52</y>
      </pt>
      <pt>
        <x>247.60</x>
        <y>215.80</y>
      </pt>
      <pt>
        <x>208.40</x>
        <y>200.40</y>
      </pt>
      <pt>
        <x>203.40</x>
        <y>201.80</y>
      </pt>
      <pt>
        <x>220.50</x>
        <y>208.90</y>
      </pt>
      <username></username>
    </polygon>
    <attributes></attributes>
  </object>
  <object>
    <name>lane</name>
    <deleted>0</deleted>
    <verified>0</verified>
    <occluded>no</occluded>
    <date></date>
    <id>5</id>
    <parts>
      <hasparts></hasparts>
      <ispartof></ispartof>
    </parts>
    <polygon>
      <pt>
        <x>264.30</x>
        <y>229.10</y>
      </pt>
      <pt>
        <x>276.90</x>
        <y>229.40</y>
      </pt>
      <pt>
        <x>315.10</x>
        <y>250.30</y>
      </pt>
      <pt>
        <x>300.50</x>
        <y>250.30</y>
      </pt>
      <pt>
        <x>282.90</x>
        <y>239.60</y>
      </pt>
      <username></username>
    </polygon>
    <attributes></attributes>
  </object>
  <object>
    <name>lane</name>
    <deleted>0</deleted>
    <verified>0</verified>
    <occluded>no</occluded>
    <date></date>
    <id>6</id>
    <parts>
      <hasparts></hasparts>
      <ispartof></ispartof>
    </parts>
    <polygon>
      <pt>
        <x>362.90</x>
        <y>300.10</y>
      </pt>
      <pt>
        <x>381.00</x>
        <y>299.70</y>
      </pt>
      <pt>
        <x>345.10</x>
        <y>269.80</y>
      </pt>
      <pt>
        <x>330.26</x>
        <y>271.09</y>
      </pt>
      <username></username>
    </polygon>
    <attributes></attributes>
  </object>
  <object>
    <name>lane</name>
    <deleted>0</deleted>
    <verified>0</verified>
    <occluded>no</occluded>
    <date></date>
    <id>7</id>
    <parts>
      <hasparts></hasparts>
      <ispartof></ispartof>
    </parts>
    <polygon>
      <pt>
        <x>426.60</x>
        <y>376.20</y>
      </pt>
      <pt>
        <x>449.60</x>
        <y>374.50</y>
      </pt>
      <pt>
        <x>415.40</x>
        <y>331.00</y>
      </pt>
      <pt>
        <x>392.00</x>
        <y>330.40</y>
      </pt>
      <pt>
        <x>408.80</x>
        <y>347.90</y>
      </pt>
      <username></username>
    </polygon>
    <attributes></attributes>
  </object>
  <object>
    <name>lane</name>
    <deleted>0</deleted>
    <verified>0</verified>
    <occluded>no</occluded>
    <date></date>
    <id>8</id>
    <parts>
      <hasparts></hasparts>
      <ispartof></ispartof>
    </parts>
    <polygon>
      <pt>
        <x>477.30</x>
        <y>520.50</y>
      </pt>
      <pt>
        <x>507.50</x>
        <y>520.00</y>
      </pt>
      <pt>
        <x>482.50</x>
        <y>434.10</y>
      </pt>
      <pt>
        <x>456.90</x>
        <y>433.50</y>
      </pt>
      <username></username>
    </polygon>
    <attributes></attributes>
  </object>
  <object>
    <name>lane</name>
    <deleted>0</deleted>
    <verified>0</verified>
    <occluded>no</occluded>
    <date></date>
    <id>9</id>
    <parts>
      <hasparts></hasparts>
      <ispartof></ispartof>
    </parts>
    <polygon>
      <pt>
        <x>487.40</x>
        <y>870.70</y>
      </pt>
      <pt>
        <x>542.90</x>
        <y>876.60</y>
      </pt>
      <pt>
        <x>528.20</x>
        <y>651.26</y>
      </pt>
      <pt>
        <x>488.70</x>
        <y>651.60</y>
      </pt>
      <pt>
        <x>493.80</x>
        <y>752.90</y>
      </pt>
      <username></username>
    </polygon>
    <attributes></attributes>
  </object>
</annotation>
