<annotation>
  <filename>image_1248.jpg</filename>
  <folder></folder>
  <source>
    <sourceImage></sourceImage>
    <sourceAnnotation>Datumaro</sourceAnnotation>
  </source>
  <imagesize>
    <nrows>1920</nrows>
    <ncols>1080</ncols>
  </imagesize>
  <object>
    <name>lane</name>
    <deleted>0</deleted>
    <verified>0</verified>
    <occluded>no</occluded>
    <date></date>
    <id>0</id>
    <parts>
      <hasparts></hasparts>
      <ispartof></ispartof>
    </parts>
    <type>bounding_box</type>
    <polygon>
      <pt>
        <x>461.12</x>
        <y>186.69</y>
      </pt>
      <pt>
        <x>467.23</x>
        <y>186.69</y>
      </pt>
      <pt>
        <x>467.23</x>
        <y>190.97</y>
      </pt>
      <pt>
        <x>461.12</x>
        <y>190.97</y>
      </pt>
      <username></username>
    </polygon>
    <attributes>rotation=0.0</attributes>
  </object>
  <object>
    <name>lane</name>
    <deleted>0</deleted>
    <verified>0</verified>
    <occluded>no</occluded>
    <date></date>
    <id>1</id>
    <parts>
      <hasparts></hasparts>
      <ispartof></ispartof>
    </parts>
    <type>bounding_box</type>
    <polygon>
      <pt>
        <x>455.62</x>
        <y>242.08</y>
      </pt>
      <pt>
        <x>463.56</x>
        <y>242.08</y>
      </pt>
      <pt>
        <x>463.56</x>
        <y>248.39</y>
      </pt>
      <pt>
        <x>455.62</x>
        <y>248.39</y>
      </pt>
      <username></username>
    </polygon>
    <attributes>rotation=0.0</attributes>
  </object>
  <object>
    <name>lane</name>
    <deleted>0</deleted>
    <verified>0</verified>
    <occluded>no</occluded>
    <date></date>
    <id>2</id>
    <parts>
      <hasparts></hasparts>
      <ispartof></ispartof>
    </parts>
    <type>bounding_box</type>
    <polygon>
      <pt>
        <x>457.66</x>
        <y>228.23</y>
      </pt>
      <pt>
        <x>465.40</x>
        <y>228.23</y>
      </pt>
      <pt>
        <x>465.40</x>
        <y>234.95</y>
      </pt>
      <pt>
        <x>457.66</x>
        <y>234.95</y>
      </pt>
      <username></username>
    </polygon>
    <attributes>rotation=0.0</attributes>
  </object>
  <object>
    <name>lane</name>
    <deleted>0</deleted>
    <verified>0</verified>
    <occluded>no</occluded>
    <date></date>
    <id>3</id>
    <parts>
      <hasparts></hasparts>
      <ispartof></ispartof>
    </parts>
    <type>bounding_box</type>
    <polygon>
      <pt>
        <x>458.47</x>
        <y>215.20</y>
      </pt>
      <pt>
        <x>465.40</x>
        <y>215.20</y>
      </pt>
      <pt>
        <x>465.40</x>
        <y>220.29</y>
      </pt>
      <pt>
        <x>458.47</x>
        <y>220.29</y>
      </pt>
      <username></username>
    </polygon>
    <attributes>rotation=0.0</attributes>
  </object>
  <object>
    <name>lane</name>
    <deleted>0</deleted>
    <verified>0</verified>
    <occluded>no</occluded>
    <date></date>
    <id>4</id>
    <parts>
      <hasparts></hasparts>
      <ispartof></ispartof>
    </parts>
    <type>bounding_box</type>
    <polygon>
      <pt>
        <x>459.90</x>
        <y>207.26</y>
      </pt>
      <pt>
        <x>466.62</x>
        <y>207.26</y>
      </pt>
      <pt>
        <x>466.62</x>
        <y>211.54</y>
      </pt>
      <pt>
        <x>459.90</x>
        <y>211.54</y>
      </pt>
      <username></username>
    </polygon>
    <attributes>rotation=0.0</attributes>
  </object>
  <object>
    <name>lane</name>
    <deleted>0</deleted>
    <verified>0</verified>
    <occluded>no</occluded>
    <date></date>
    <id>5</id>
    <parts>
      <hasparts></hasparts>
      <ispartof></ispartof>
    </parts>
    <type>bounding_box</type>
    <polygon>
      <pt>
        <x>460.92</x>
        <y>199.93</y>
      </pt>
      <pt>
        <x>467.03</x>
        <y>199.93</y>
      </pt>
      <pt>
        <x>467.03</x>
        <y>203.19</y>
      </pt>
      <pt>
        <x>460.92</x>
        <y>203.19</y>
      </pt>
      <username></username>
    </polygon>
    <attributes>rotation=0.0</attributes>
  </object>
  <object>
    <name>lane</name>
    <deleted>0</deleted>
    <verified>0</verified>
    <occluded>no</occluded>
    <date></date>
    <id>6</id>
    <parts>
      <hasparts></hasparts>
      <ispartof></ispartof>
    </parts>
    <type>bounding_box</type>
    <polygon>
      <pt>
        <x>460.92</x>
        <y>192.80</y>
      </pt>
      <pt>
        <x>467.64</x>
        <y>192.80</y>
      </pt>
      <pt>
        <x>467.64</x>
        <y>196.27</y>
      </pt>
      <pt>
        <x>460.92</x>
        <y>196.27</y>
      </pt>
      <username></username>
    </polygon>
    <attributes>rotation=0.0</attributes>
  </object>
  <object>
    <name>lane</name>
    <deleted>0</deleted>
    <verified>0</verified>
    <occluded>no</occluded>
    <date></date>
    <id>7</id>
    <parts>
      <hasparts></hasparts>
      <ispartof></ispartof>
    </parts>
    <type>bounding_box</type>
    <polygon>
      <pt>
        <x>462.95</x>
        <y>181.40</y>
      </pt>
      <pt>
        <x>467.23</x>
        <y>181.40</y>
      </pt>
      <pt>
        <x>467.23</x>
        <y>184.86</y>
      </pt>
      <pt>
        <x>462.95</x>
        <y>184.86</y>
      </pt>
      <username></username>
    </polygon>
    <attributes>rotation=0.0</attributes>
  </object>
  <object>
    <name>lane</name>
    <deleted>0</deleted>
    <verified>0</verified>
    <occluded>no</occluded>
    <date></date>
    <id>8</id>
    <parts>
      <hasparts></hasparts>
      <ispartof></ispartof>
    </parts>
    <type>bounding_box</type>
    <polygon>
      <pt>
        <x>462.75</x>
        <y>175.70</y>
      </pt>
      <pt>
        <x>467.43</x>
        <y>175.70</y>
      </pt>
      <pt>
        <x>467.43</x>
        <y>178.96</y>
      </pt>
      <pt>
        <x>462.75</x>
        <y>178.96</y>
      </pt>
      <username></username>
    </polygon>
    <attributes>rotation=0.0</attributes>
  </object>
  <object>
    <name>lane</name>
    <deleted>0</deleted>
    <verified>0</verified>
    <occluded>no</occluded>
    <date></date>
    <id>9</id>
    <parts>
      <hasparts></hasparts>
      <ispartof></ispartof>
    </parts>
    <type>bounding_box</type>
    <polygon>
      <pt>
        <x>450.51</x>
        <y>360.07</y>
      </pt>
      <pt>
        <x>469.77</x>
        <y>360.07</y>
      </pt>
      <pt>
        <x>469.77</x>
        <y>402.09</y>
      </pt>
      <pt>
        <x>450.51</x>
        <y>402.09</y>
      </pt>
      <username></username>
    </polygon>
    <attributes>rotation=0.0</attributes>
  </object>
  <object>
    <name>lane</name>
    <deleted>0</deleted>
    <verified>0</verified>
    <occluded>no</occluded>
    <date></date>
    <id>10</id>
    <parts>
      <hasparts></hasparts>
      <ispartof></ispartof>
    </parts>
    <type>bounding_box</type>
    <polygon>
      <pt>
        <x>451.22</x>
        <y>315.63</y>
      </pt>
      <pt>
        <x>466.42</x>
        <y>315.63</y>
      </pt>
      <pt>
        <x>466.42</x>
        <y>338.13</y>
      </pt>
      <pt>
        <x>451.22</x>
        <y>338.13</y>
      </pt>
      <username></username>
    </polygon>
    <attributes>rotation=0.0</attributes>
  </object>
  <object>
    <name>lane</name>
    <deleted>0</deleted>
    <verified>0</verified>
    <occluded>no</occluded>
    <date></date>
    <id>11</id>
    <parts>
      <hasparts></hasparts>
      <ispartof></ispartof>
    </parts>
    <type>bounding_box</type>
    <polygon>
      <pt>
        <x>453.05</x>
        <y>282.19</y>
      </pt>
      <pt>
        <x>465.81</x>
        <y>282.19</y>
      </pt>
      <pt>
        <x>465.81</x>
        <y>298.61</y>
      </pt>
      <pt>
        <x>453.05</x>
        <y>298.61</y>
      </pt>
      <username></username>
    </polygon>
    <attributes>rotation=0.0</attributes>
  </object>
  <object>
    <name>lane</name>
    <deleted>0</deleted>
    <verified>0</verified>
    <occluded>no</occluded>
    <date></date>
    <id>12</id>
    <parts>
      <hasparts></hasparts>
      <ispartof></ispartof>
    </parts>
    <type>bounding_box</type>
    <polygon>
      <pt>
        <x>453.65</x>
        <y>256.05</y>
      </pt>
      <pt>
        <x>463.99</x>
        <y>256.05</y>
      </pt>
      <pt>
        <x>463.99</x>
        <y>270.03</y>
      </pt>
      <pt>
        <x>453.65</x>
        <y>270.03</y>
      </pt>
      <username></username>
    </polygon>
    <attributes>rotation=0.0</attributes>
  </object>
  <object>
    <name>lane</name>
    <deleted>0</deleted>
    <verified>0</verified>
    <occluded>no</occluded>
    <date></date>
    <id>13</id>
    <parts>
      <hasparts></hasparts>
      <ispartof></ispartof>
    </parts>
    <type>bounding_box</type>
    <polygon>
      <pt>
        <x>448.76</x>
        <y>444.12</y>
      </pt>
      <pt>
        <x>470.65</x>
        <y>444.12</y>
      </pt>
      <pt>
        <x>470.65</x>
        <y>501.91</y>
      </pt>
      <pt>
        <x>448.76</x>
        <y>501.91</y>
      </pt>
      <username></username>
    </polygon>
    <attributes>rotation=0.0</attributes>
  </object>
  <object>
    <name>lane</name>
    <deleted>0</deleted>
    <verified>0</verified>
    <occluded>no</occluded>
    <date></date>
    <id>14</id>
    <parts>
      <hasparts></hasparts>
      <ispartof></ispartof>
    </parts>
    <type>bounding_box</type>
    <polygon>
      <pt>
        <x>438.16</x>
        <y>590.82</y>
      </pt>
      <pt>
        <x>475.98</x>
        <y>590.82</y>
      </pt>
      <pt>
        <x>475.98</x>
        <y>736.06</y>
      </pt>
      <pt>
        <x>438.16</x>
        <y>736.06</y>
      </pt>
      <username></username>
    </polygon>
    <attributes>rotation=0.0</attributes>
  </object>
  <object>
    <name>lane</name>
    <deleted>0</deleted>
    <verified>0</verified>
    <occluded>no</occluded>
    <date></date>
    <id>15</id>
    <parts>
      <hasparts></hasparts>
      <ispartof></ispartof>
    </parts>
    <polygon>
      <pt>
        <x>416.67</x>
        <y>967.52</y>
      </pt>
      <pt>
        <x>479.41</x>
        <y>975.36</y>
      </pt>
      <pt>
        <x>495.10</x>
        <y>1542.68</y>
      </pt>
      <pt>
        <x>403.59</x>
        <y>1537.45</y>
      </pt>
      <username></username>
    </polygon>
    <attributes></attributes>
  </object>
</annotation>
