<annotation>
  <filename>image_708.jpg</filename>
  <folder></folder>
  <source>
    <sourceImage></sourceImage>
    <sourceAnnotation>Datumaro</sourceAnnotation>
  </source>
  <imagesize>
    <nrows>1920</nrows>
    <ncols>1080</ncols>
  </imagesize>
  <object>
    <name>lane</name>
    <deleted>0</deleted>
    <verified>0</verified>
    <occluded>no</occluded>
    <date></date>
    <id>0</id>
    <parts>
      <hasparts></hasparts>
      <ispartof></ispartof>
    </parts>
    <polygon>
      <pt>
        <x>483.10</x>
        <y>446.90</y>
      </pt>
      <pt>
        <x>504.25</x>
        <y>447.63</y>
      </pt>
      <pt>
        <x>525.40</x>
        <y>521.30</y>
      </pt>
      <pt>
        <x>499.10</x>
        <y>519.10</y>
      </pt>
      <username></username>
    </polygon>
    <attributes></attributes>
  </object>
  <object>
    <name>lane</name>
    <deleted>0</deleted>
    <verified>0</verified>
    <occluded>no</occluded>
    <date></date>
    <id>1</id>
    <parts>
      <hasparts></hasparts>
      <ispartof></ispartof>
    </parts>
    <polygon>
      <pt>
        <x>376.64</x>
        <y>293.83</y>
      </pt>
      <pt>
        <x>402.44</x>
        <y>323.07</y>
      </pt>
      <pt>
        <x>417.92</x>
        <y>324.36</y>
      </pt>
      <pt>
        <x>387.39</x>
        <y>293.83</y>
      </pt>
      <username></username>
    </polygon>
    <attributes></attributes>
  </object>
  <object>
    <name>lane</name>
    <deleted>0</deleted>
    <verified>0</verified>
    <occluded>no</occluded>
    <date></date>
    <id>2</id>
    <parts>
      <hasparts></hasparts>
      <ispartof></ispartof>
    </parts>
    <polygon>
      <pt>
        <x>428.67</x>
        <y>354.46</y>
      </pt>
      <pt>
        <x>458.34</x>
        <y>397.03</y>
      </pt>
      <pt>
        <x>477.26</x>
        <y>398.32</y>
      </pt>
      <pt>
        <x>442.43</x>
        <y>354.89</y>
      </pt>
      <username></username>
    </polygon>
    <attributes></attributes>
  </object>
  <object>
    <name>lane</name>
    <deleted>0</deleted>
    <verified>0</verified>
    <occluded>no</occluded>
    <date></date>
    <id>3</id>
    <parts>
      <hasparts></hasparts>
      <ispartof></ispartof>
    </parts>
    <polygon>
      <pt>
        <x>503.34</x>
        <y>1133.25</y>
      </pt>
      <pt>
        <x>569.90</x>
        <y>1133.25</y>
      </pt>
      <pt>
        <x>554.11</x>
        <y>1920.00</y>
      </pt>
      <pt>
        <x>442.41</x>
        <y>1920.00</y>
      </pt>
      <username></username>
    </polygon>
    <attributes></attributes>
  </object>
  <object>
    <name>lane</name>
    <deleted>0</deleted>
    <verified>0</verified>
    <occluded>no</occluded>
    <date></date>
    <id>4</id>
    <parts>
      <hasparts></hasparts>
      <ispartof></ispartof>
    </parts>
    <polygon>
      <pt>
        <x>519.25</x>
        <y>632.34</y>
      </pt>
      <pt>
        <x>548.97</x>
        <y>629.36</y>
      </pt>
      <pt>
        <x>568.29</x>
        <y>801.74</y>
      </pt>
      <pt>
        <x>522.22</x>
        <y>799.51</y>
      </pt>
      <username></username>
    </polygon>
    <attributes></attributes>
  </object>
  <object>
    <name>lane</name>
    <deleted>0</deleted>
    <verified>0</verified>
    <occluded>no</occluded>
    <date></date>
    <id>5</id>
    <parts>
      <hasparts></hasparts>
      <ispartof></ispartof>
    </parts>
    <polygon>
      <pt>
        <x>482.36</x>
        <y>445.81</y>
      </pt>
      <pt>
        <x>499.56</x>
        <y>518.55</y>
      </pt>
      <pt>
        <x>526.08</x>
        <y>520.70</y>
      </pt>
      <pt>
        <x>504.22</x>
        <y>449.04</y>
      </pt>
      <username></username>
    </polygon>
    <attributes></attributes>
  </object>
  <object>
    <name>lane</name>
    <deleted>0</deleted>
    <verified>0</verified>
    <occluded>no</occluded>
    <date></date>
    <id>6</id>
    <parts>
      <hasparts></hasparts>
      <ispartof></ispartof>
    </parts>
    <polygon>
      <pt>
        <x>132.00</x>
        <y>191.10</y>
      </pt>
      <pt>
        <x>165.60</x>
        <y>199.10</y>
      </pt>
      <pt>
        <x>171.35</x>
        <y>197.39</y>
      </pt>
      <pt>
        <x>138.10</x>
        <y>189.70</y>
      </pt>
      <username></username>
    </polygon>
    <attributes></attributes>
  </object>
  <object>
    <name>lane</name>
    <deleted>0</deleted>
    <verified>0</verified>
    <occluded>no</occluded>
    <date></date>
    <id>7</id>
    <parts>
      <hasparts></hasparts>
      <ispartof></ispartof>
    </parts>
    <polygon>
      <pt>
        <x>198.34</x>
        <y>207.31</y>
      </pt>
      <pt>
        <x>231.40</x>
        <y>217.40</y>
      </pt>
      <pt>
        <x>241.62</x>
        <y>217.16</y>
      </pt>
      <pt>
        <x>205.60</x>
        <y>206.20</y>
      </pt>
      <username></username>
    </polygon>
    <attributes></attributes>
  </object>
  <object>
    <name>lane</name>
    <deleted>0</deleted>
    <verified>0</verified>
    <occluded>no</occluded>
    <date></date>
    <id>8</id>
    <parts>
      <hasparts></hasparts>
      <ispartof></ispartof>
    </parts>
    <polygon>
      <pt>
        <x>261.10</x>
        <y>226.30</y>
      </pt>
      <pt>
        <x>293.60</x>
        <y>242.20</y>
      </pt>
      <pt>
        <x>302.70</x>
        <y>241.20</y>
      </pt>
      <pt>
        <x>268.80</x>
        <y>225.90</y>
      </pt>
      <username></username>
    </polygon>
    <attributes></attributes>
  </object>
  <object>
    <name>lane</name>
    <deleted>0</deleted>
    <verified>0</verified>
    <occluded>no</occluded>
    <date></date>
    <id>9</id>
    <parts>
      <hasparts></hasparts>
      <ispartof></ispartof>
    </parts>
    <polygon>
      <pt>
        <x>320.80</x>
        <y>255.00</y>
      </pt>
      <pt>
        <x>349.50</x>
        <y>275.50</y>
      </pt>
      <pt>
        <x>363.60</x>
        <y>275.50</y>
      </pt>
      <pt>
        <x>332.10</x>
        <y>255.70</y>
      </pt>
      <username></username>
    </polygon>
    <attributes></attributes>
  </object>
  <object>
    <name>lane</name>
    <deleted>0</deleted>
    <verified>0</verified>
    <occluded>no</occluded>
    <date></date>
    <id>10</id>
    <parts>
      <hasparts></hasparts>
      <ispartof></ispartof>
    </parts>
    <polygon>
      <pt>
        <x>375.90</x>
        <y>296.70</y>
      </pt>
      <pt>
        <x>403.60</x>
        <y>324.00</y>
      </pt>
      <pt>
        <x>419.40</x>
        <y>324.80</y>
      </pt>
      <pt>
        <x>389.80</x>
        <y>296.70</y>
      </pt>
      <username></username>
    </polygon>
    <attributes></attributes>
  </object>
  <object>
    <name>lane</name>
    <deleted>0</deleted>
    <verified>0</verified>
    <occluded>no</occluded>
    <date></date>
    <id>11</id>
    <parts>
      <hasparts></hasparts>
      <ispartof></ispartof>
    </parts>
    <polygon>
      <pt>
        <x>429.40</x>
        <y>359.10</y>
      </pt>
      <pt>
        <x>445.50</x>
        <y>357.50</y>
      </pt>
      <pt>
        <x>477.00</x>
        <y>398.50</y>
      </pt>
      <pt>
        <x>457.70</x>
        <y>397.70</y>
      </pt>
      <username></username>
    </polygon>
    <attributes></attributes>
  </object>
  <object>
    <name>lane</name>
    <deleted>0</deleted>
    <verified>0</verified>
    <occluded>no</occluded>
    <date></date>
    <id>12</id>
    <parts>
      <hasparts></hasparts>
      <ispartof></ispartof>
    </parts>
    <polygon>
      <pt>
        <x>519.60</x>
        <y>629.30</y>
      </pt>
      <pt>
        <x>550.20</x>
        <y>630.80</y>
      </pt>
      <pt>
        <x>569.20</x>
        <y>801.50</y>
      </pt>
      <pt>
        <x>524.67</x>
        <y>798.58</y>
      </pt>
      <username></username>
    </polygon>
    <attributes></attributes>
  </object>
  <object>
    <name>lane</name>
    <deleted>0</deleted>
    <verified>0</verified>
    <occluded>no</occluded>
    <date></date>
    <id>13</id>
    <parts>
      <hasparts></hasparts>
      <ispartof></ispartof>
    </parts>
    <polygon>
      <pt>
        <x>506.35</x>
        <y>1133.98</y>
      </pt>
      <pt>
        <x>572.20</x>
        <y>1135.80</y>
      </pt>
      <pt>
        <x>550.20</x>
        <y>1920.00</y>
      </pt>
      <pt>
        <x>438.60</x>
        <y>1917.20</y>
      </pt>
      <pt>
        <x>468.00</x>
        <y>1604.70</y>
      </pt>
      <username></username>
    </polygon>
    <attributes></attributes>
  </object>
</annotation>
