<annotation>
  <filename>image_2728.jpg</filename>
  <folder></folder>
  <source>
    <sourceImage></sourceImage>
    <sourceAnnotation>Datumaro</sourceAnnotation>
  </source>
  <imagesize>
    <nrows>1920</nrows>
    <ncols>1080</ncols>
  </imagesize>
  <object>
    <name>lane</name>
    <deleted>0</deleted>
    <verified>0</verified>
    <occluded>no</occluded>
    <date></date>
    <id>0</id>
    <parts>
      <hasparts></hasparts>
      <ispartof></ispartof>
    </parts>
    <polygon>
      <pt>
        <x>536.87</x>
        <y>539.15</y>
      </pt>
      <pt>
        <x>576.27</x>
        <y>483.11</y>
      </pt>
      <pt>
        <x>590.28</x>
        <y>483.11</y>
      </pt>
      <pt>
        <x>551.76</x>
        <y>540.90</y>
      </pt>
      <username></username>
    </polygon>
    <attributes></attributes>
  </object>
  <object>
    <name>lane</name>
    <deleted>0</deleted>
    <verified>0</verified>
    <occluded>no</occluded>
    <date></date>
    <id>1</id>
    <parts>
      <hasparts></hasparts>
      <ispartof></ispartof>
    </parts>
    <polygon>
      <pt>
        <x>472.14</x>
        <y>1197.22</y>
      </pt>
      <pt>
        <x>528.61</x>
        <y>1193.46</y>
      </pt>
      <pt>
        <x>558.73</x>
        <y>1912.52</y>
      </pt>
      <pt>
        <x>464.61</x>
        <y>1916.28</y>
      </pt>
      <username></username>
    </polygon>
    <attributes></attributes>
  </object>
  <object>
    <name>lane</name>
    <deleted>0</deleted>
    <verified>0</verified>
    <occluded>no</occluded>
    <date></date>
    <id>2</id>
    <parts>
      <hasparts></hasparts>
      <ispartof></ispartof>
    </parts>
    <polygon>
      <pt>
        <x>507.50</x>
        <y>617.50</y>
      </pt>
      <pt>
        <x>528.61</x>
        <y>617.46</y>
      </pt>
      <pt>
        <x>532.38</x>
        <y>798.16</y>
      </pt>
      <pt>
        <x>487.20</x>
        <y>805.69</y>
      </pt>
      <username></username>
    </polygon>
    <attributes></attributes>
  </object>
  <object>
    <name>lane</name>
    <deleted>0</deleted>
    <verified>0</verified>
    <occluded>no</occluded>
    <date></date>
    <id>3</id>
    <parts>
      <hasparts></hasparts>
      <ispartof></ispartof>
    </parts>
    <polygon>
      <pt>
        <x>601.66</x>
        <y>446.34</y>
      </pt>
      <pt>
        <x>627.93</x>
        <y>420.07</y>
      </pt>
      <pt>
        <x>639.31</x>
        <y>420.07</y>
      </pt>
      <pt>
        <x>613.92</x>
        <y>447.22</y>
      </pt>
      <username></username>
    </polygon>
    <attributes></attributes>
  </object>
  <object>
    <name>lane</name>
    <deleted>0</deleted>
    <verified>0</verified>
    <occluded>no</occluded>
    <date></date>
    <id>4</id>
    <parts>
      <hasparts></hasparts>
      <ispartof></ispartof>
    </parts>
    <polygon>
      <pt>
        <x>651.35</x>
        <y>400.76</y>
      </pt>
      <pt>
        <x>666.01</x>
        <y>392.55</y>
      </pt>
      <pt>
        <x>673.93</x>
        <y>386.10</y>
      </pt>
      <pt>
        <x>682.43</x>
        <y>385.81</y>
      </pt>
      <pt>
        <x>672.17</x>
        <y>392.84</y>
      </pt>
      <pt>
        <x>658.97</x>
        <y>402.52</y>
      </pt>
      <username></username>
    </polygon>
    <attributes></attributes>
  </object>
  <object>
    <name>lane</name>
    <deleted>0</deleted>
    <verified>0</verified>
    <occluded>no</occluded>
    <date></date>
    <id>5</id>
    <parts>
      <hasparts></hasparts>
      <ispartof></ispartof>
    </parts>
    <polygon>
      <pt>
        <x>767.83</x>
        <y>342.99</y>
      </pt>
      <pt>
        <x>777.00</x>
        <y>339.59</y>
      </pt>
      <pt>
        <x>782.43</x>
        <y>336.88</y>
      </pt>
      <pt>
        <x>786.31</x>
        <y>338.58</y>
      </pt>
      <pt>
        <x>778.36</x>
        <y>340.61</y>
      </pt>
      <pt>
        <x>771.74</x>
        <y>344.01</y>
      </pt>
      <username></username>
    </polygon>
    <attributes></attributes>
  </object>
  <object>
    <name>lane</name>
    <deleted>0</deleted>
    <verified>0</verified>
    <occluded>no</occluded>
    <date></date>
    <id>6</id>
    <parts>
      <hasparts></hasparts>
      <ispartof></ispartof>
    </parts>
    <polygon>
      <pt>
        <x>695.04</x>
        <y>374.08</y>
      </pt>
      <pt>
        <x>703.83</x>
        <y>368.21</y>
      </pt>
      <pt>
        <x>713.22</x>
        <y>362.94</y>
      </pt>
      <pt>
        <x>720.84</x>
        <y>364.70</y>
      </pt>
      <pt>
        <x>710.28</x>
        <y>368.80</y>
      </pt>
      <pt>
        <x>700.02</x>
        <y>375.25</y>
      </pt>
      <username></username>
    </polygon>
    <attributes></attributes>
  </object>
  <object>
    <name>lane</name>
    <deleted>0</deleted>
    <verified>0</verified>
    <occluded>no</occluded>
    <date></date>
    <id>7</id>
    <parts>
      <hasparts></hasparts>
      <ispartof></ispartof>
    </parts>
    <polygon>
      <pt>
        <x>732.28</x>
        <y>355.61</y>
      </pt>
      <pt>
        <x>741.66</x>
        <y>352.09</y>
      </pt>
      <pt>
        <x>750.46</x>
        <y>348.86</y>
      </pt>
      <pt>
        <x>756.32</x>
        <y>350.03</y>
      </pt>
      <pt>
        <x>746.64</x>
        <y>353.85</y>
      </pt>
      <pt>
        <x>736.97</x>
        <y>358.24</y>
      </pt>
      <username></username>
    </polygon>
    <attributes></attributes>
  </object>
</annotation>
