<annotation>
  <filename>image_1600.jpg</filename>
  <folder></folder>
  <source>
    <sourceImage></sourceImage>
    <sourceAnnotation>Datumaro</sourceAnnotation>
  </source>
  <imagesize>
    <nrows>486</nrows>
    <ncols>1080</ncols>
  </imagesize>
  <object>
    <name>lane</name>
    <deleted>0</deleted>
    <verified>0</verified>
    <occluded>no</occluded>
    <date></date>
    <id>0</id>
    <parts>
      <hasparts></hasparts>
      <ispartof></ispartof>
    </parts>
    <type>bounding_box</type>
    <polygon>
      <pt>
        <x>259.97</x>
        <y>275.83</y>
      </pt>
      <pt>
        <x>274.22</x>
        <y>275.83</y>
      </pt>
      <pt>
        <x>274.22</x>
        <y>282.59</y>
      </pt>
      <pt>
        <x>259.97</x>
        <y>282.59</y>
      </pt>
      <username></username>
    </polygon>
    <attributes>rotation=0.0</attributes>
  </object>
  <object>
    <name>lane</name>
    <deleted>0</deleted>
    <verified>0</verified>
    <occluded>no</occluded>
    <date></date>
    <id>1</id>
    <parts>
      <hasparts></hasparts>
      <ispartof></ispartof>
    </parts>
    <type>bounding_box</type>
    <polygon>
      <pt>
        <x>291.85</x>
        <y>273.58</y>
      </pt>
      <pt>
        <x>319.61</x>
        <y>273.58</y>
      </pt>
      <pt>
        <x>319.61</x>
        <y>282.21</y>
      </pt>
      <pt>
        <x>291.85</x>
        <y>282.21</y>
      </pt>
      <username></username>
    </polygon>
    <attributes>rotation=0.0</attributes>
  </object>
  <object>
    <name>lane</name>
    <deleted>0</deleted>
    <verified>0</verified>
    <occluded>no</occluded>
    <date></date>
    <id>2</id>
    <parts>
      <hasparts></hasparts>
      <ispartof></ispartof>
    </parts>
    <type>bounding_box</type>
    <polygon>
      <pt>
        <x>232.58</x>
        <y>278.46</y>
      </pt>
      <pt>
        <x>237.09</x>
        <y>278.46</y>
      </pt>
      <pt>
        <x>237.09</x>
        <y>282.96</y>
      </pt>
      <pt>
        <x>232.58</x>
        <y>282.96</y>
      </pt>
      <username></username>
    </polygon>
    <attributes>rotation=0.0</attributes>
  </object>
  <object>
    <name>lane</name>
    <deleted>0</deleted>
    <verified>0</verified>
    <occluded>no</occluded>
    <date></date>
    <id>3</id>
    <parts>
      <hasparts></hasparts>
      <ispartof></ispartof>
    </parts>
    <type>bounding_box</type>
    <polygon>
      <pt>
        <x>242.34</x>
        <y>276.58</y>
      </pt>
      <pt>
        <x>252.09</x>
        <y>276.58</y>
      </pt>
      <pt>
        <x>252.09</x>
        <y>283.34</y>
      </pt>
      <pt>
        <x>242.34</x>
        <y>283.34</y>
      </pt>
      <username></username>
    </polygon>
    <attributes>rotation=0.0</attributes>
  </object>
  <object>
    <name>lane</name>
    <deleted>0</deleted>
    <verified>0</verified>
    <occluded>no</occluded>
    <date></date>
    <id>4</id>
    <parts>
      <hasparts></hasparts>
      <ispartof></ispartof>
    </parts>
    <polygon>
      <pt>
        <x>654.00</x>
        <y>284.26</y>
      </pt>
      <pt>
        <x>657.67</x>
        <y>253.63</y>
      </pt>
      <pt>
        <x>1080.00</x>
        <y>223.11</y>
      </pt>
      <pt>
        <x>1080.00</x>
        <y>281.82</y>
      </pt>
      <username></username>
    </polygon>
    <attributes></attributes>
  </object>
</annotation>
