<annotation>
  <filename>image_1895.jpg</filename>
  <folder></folder>
  <source>
    <sourceImage></sourceImage>
    <sourceAnnotation>Datumaro</sourceAnnotation>
  </source>
  <imagesize>
    <nrows>486</nrows>
    <ncols>1080</ncols>
  </imagesize>
  <object>
    <name>lane</name>
    <deleted>0</deleted>
    <verified>0</verified>
    <occluded>no</occluded>
    <date></date>
    <id>0</id>
    <parts>
      <hasparts></hasparts>
      <ispartof></ispartof>
    </parts>
    <polygon>
      <pt>
        <x>326.67</x>
        <y>253.93</y>
      </pt>
      <pt>
        <x>326.67</x>
        <y>241.90</y>
      </pt>
      <pt>
        <x>361.42</x>
        <y>242.90</y>
      </pt>
      <pt>
        <x>393.50</x>
        <y>243.57</y>
      </pt>
      <pt>
        <x>393.84</x>
        <y>256.93</y>
      </pt>
      <pt>
        <x>358.42</x>
        <y>255.60</y>
      </pt>
      <username></username>
    </polygon>
    <attributes></attributes>
  </object>
  <object>
    <name>lane</name>
    <deleted>0</deleted>
    <verified>0</verified>
    <occluded>no</occluded>
    <date></date>
    <id>1</id>
    <parts>
      <hasparts></hasparts>
      <ispartof></ispartof>
    </parts>
    <polygon>
      <pt>
        <x>1072.77</x>
        <y>300.02</y>
      </pt>
      <pt>
        <x>1077.56</x>
        <y>244.94</y>
      </pt>
      <pt>
        <x>808.16</x>
        <y>238.96</y>
      </pt>
      <pt>
        <x>543.55</x>
        <y>242.55</y>
      </pt>
      <pt>
        <x>539.96</x>
        <y>272.48</y>
      </pt>
      <pt>
        <x>809.36</x>
        <y>285.65</y>
      </pt>
      <username></username>
    </polygon>
    <attributes></attributes>
  </object>
  <object>
    <name>lane</name>
    <deleted>0</deleted>
    <verified>0</verified>
    <occluded>no</occluded>
    <date></date>
    <id>2</id>
    <parts>
      <hasparts></hasparts>
      <ispartof></ispartof>
    </parts>
    <polygon>
      <pt>
        <x>235.77</x>
        <y>242.63</y>
      </pt>
      <pt>
        <x>235.49</x>
        <y>247.96</y>
      </pt>
      <pt>
        <x>249.02</x>
        <y>248.37</y>
      </pt>
      <pt>
        <x>248.01</x>
        <y>242.20</y>
      </pt>
      <username></username>
    </polygon>
    <attributes></attributes>
  </object>
  <object>
    <name>lane</name>
    <deleted>0</deleted>
    <verified>0</verified>
    <occluded>no</occluded>
    <date></date>
    <id>3</id>
    <parts>
      <hasparts></hasparts>
      <ispartof></ispartof>
    </parts>
    <polygon>
      <pt>
        <x>220.94</x>
        <y>244.50</y>
      </pt>
      <pt>
        <x>221.09</x>
        <y>247.52</y>
      </pt>
      <pt>
        <x>228.43</x>
        <y>247.52</y>
      </pt>
      <pt>
        <x>227.85</x>
        <y>244.50</y>
      </pt>
      <username></username>
    </polygon>
    <attributes></attributes>
  </object>
  <object>
    <name>lane</name>
    <deleted>0</deleted>
    <verified>0</verified>
    <occluded>no</occluded>
    <date></date>
    <id>4</id>
    <parts>
      <hasparts></hasparts>
      <ispartof></ispartof>
    </parts>
    <polygon>
      <pt>
        <x>290.16</x>
        <y>251.60</y>
      </pt>
      <pt>
        <x>278.56</x>
        <y>250.90</y>
      </pt>
      <pt>
        <x>265.10</x>
        <y>249.97</y>
      </pt>
      <pt>
        <x>265.60</x>
        <y>243.40</y>
      </pt>
      <pt>
        <x>279.02</x>
        <y>243.71</y>
      </pt>
      <pt>
        <x>290.63</x>
        <y>243.24</y>
      </pt>
      <username></username>
    </polygon>
    <attributes></attributes>
  </object>
  <object>
    <name>lane</name>
    <deleted>0</deleted>
    <verified>0</verified>
    <occluded>no</occluded>
    <date></date>
    <id>5</id>
    <parts>
      <hasparts></hasparts>
      <ispartof></ispartof>
    </parts>
    <polygon>
      <pt>
        <x>208.41</x>
        <y>244.50</y>
      </pt>
      <pt>
        <x>208.41</x>
        <y>246.95</y>
      </pt>
      <pt>
        <x>214.03</x>
        <y>247.24</y>
      </pt>
      <pt>
        <x>214.46</x>
        <y>244.63</y>
      </pt>
      <username></username>
    </polygon>
    <attributes></attributes>
  </object>
</annotation>
