<annotation>
  <filename>image_1279.jpg</filename>
  <folder></folder>
  <source>
    <sourceImage></sourceImage>
    <sourceAnnotation>Datumaro</sourceAnnotation>
  </source>
  <imagesize>
    <nrows>1920</nrows>
    <ncols>1080</ncols>
  </imagesize>
  <object>
    <name>lane</name>
    <deleted>0</deleted>
    <verified>0</verified>
    <occluded>no</occluded>
    <date></date>
    <id>0</id>
    <parts>
      <hasparts></hasparts>
      <ispartof></ispartof>
    </parts>
    <type>bounding_box</type>
    <polygon>
      <pt>
        <x>374.79</x>
        <y>251.07</y>
      </pt>
      <pt>
        <x>381.12</x>
        <y>251.07</y>
      </pt>
      <pt>
        <x>381.12</x>
        <y>257.76</y>
      </pt>
      <pt>
        <x>374.79</x>
        <y>257.76</y>
      </pt>
      <username></username>
    </polygon>
    <attributes>rotation=0.0</attributes>
  </object>
  <object>
    <name>lane</name>
    <deleted>0</deleted>
    <verified>0</verified>
    <occluded>no</occluded>
    <date></date>
    <id>1</id>
    <parts>
      <hasparts></hasparts>
      <ispartof></ispartof>
    </parts>
    <type>bounding_box</type>
    <polygon>
      <pt>
        <x>363.09</x>
        <y>635.78</y>
      </pt>
      <pt>
        <x>406.66</x>
        <y>635.78</y>
      </pt>
      <pt>
        <x>406.66</x>
        <y>779.21</y>
      </pt>
      <pt>
        <x>363.09</x>
        <y>779.21</y>
      </pt>
      <username></username>
    </polygon>
    <attributes>rotation=0.0</attributes>
  </object>
  <object>
    <name>lane</name>
    <deleted>0</deleted>
    <verified>0</verified>
    <occluded>no</occluded>
    <date></date>
    <id>2</id>
    <parts>
      <hasparts></hasparts>
      <ispartof></ispartof>
    </parts>
    <type>bounding_box</type>
    <polygon>
      <pt>
        <x>368.53</x>
        <y>479.64</y>
      </pt>
      <pt>
        <x>392.13</x>
        <y>479.64</y>
      </pt>
      <pt>
        <x>392.13</x>
        <y>545.00</y>
      </pt>
      <pt>
        <x>368.53</x>
        <y>545.00</y>
      </pt>
      <username></username>
    </polygon>
    <attributes>rotation=0.0</attributes>
  </object>
  <object>
    <name>lane</name>
    <deleted>0</deleted>
    <verified>0</verified>
    <occluded>no</occluded>
    <date></date>
    <id>3</id>
    <parts>
      <hasparts></hasparts>
      <ispartof></ispartof>
    </parts>
    <type>bounding_box</type>
    <polygon>
      <pt>
        <x>376.20</x>
        <y>219.05</y>
      </pt>
      <pt>
        <x>381.83</x>
        <y>219.05</y>
      </pt>
      <pt>
        <x>381.83</x>
        <y>226.09</y>
      </pt>
      <pt>
        <x>376.20</x>
        <y>226.09</y>
      </pt>
      <username></username>
    </polygon>
    <attributes>rotation=0.0</attributes>
  </object>
  <object>
    <name>lane</name>
    <deleted>0</deleted>
    <verified>0</verified>
    <occluded>no</occluded>
    <date></date>
    <id>4</id>
    <parts>
      <hasparts></hasparts>
      <ispartof></ispartof>
    </parts>
    <type>bounding_box</type>
    <polygon>
      <pt>
        <x>374.79</x>
        <y>232.42</y>
      </pt>
      <pt>
        <x>380.07</x>
        <y>232.42</y>
      </pt>
      <pt>
        <x>380.07</x>
        <y>237.00</y>
      </pt>
      <pt>
        <x>374.79</x>
        <y>237.00</y>
      </pt>
      <username></username>
    </polygon>
    <attributes>rotation=0.0</attributes>
  </object>
  <object>
    <name>lane</name>
    <deleted>0</deleted>
    <verified>0</verified>
    <occluded>no</occluded>
    <date></date>
    <id>5</id>
    <parts>
      <hasparts></hasparts>
      <ispartof></ispartof>
    </parts>
    <type>bounding_box</type>
    <polygon>
      <pt>
        <x>374.93</x>
        <y>241.92</y>
      </pt>
      <pt>
        <x>380.91</x>
        <y>241.92</y>
      </pt>
      <pt>
        <x>380.91</x>
        <y>246.85</y>
      </pt>
      <pt>
        <x>374.93</x>
        <y>246.85</y>
      </pt>
      <username></username>
    </polygon>
    <attributes>rotation=0.0</attributes>
  </object>
  <object>
    <name>lane</name>
    <deleted>0</deleted>
    <verified>0</verified>
    <occluded>no</occluded>
    <date></date>
    <id>6</id>
    <parts>
      <hasparts></hasparts>
      <ispartof></ispartof>
    </parts>
    <type>bounding_box</type>
    <polygon>
      <pt>
        <x>374.23</x>
        <y>261.98</y>
      </pt>
      <pt>
        <x>380.56</x>
        <y>261.98</y>
      </pt>
      <pt>
        <x>380.56</x>
        <y>272.18</y>
      </pt>
      <pt>
        <x>374.23</x>
        <y>272.18</y>
      </pt>
      <username></username>
    </polygon>
    <attributes>rotation=0.0</attributes>
  </object>
  <object>
    <name>lane</name>
    <deleted>0</deleted>
    <verified>0</verified>
    <occluded>no</occluded>
    <date></date>
    <id>7</id>
    <parts>
      <hasparts></hasparts>
      <ispartof></ispartof>
    </parts>
    <type>bounding_box</type>
    <polygon>
      <pt>
        <x>373.38</x>
        <y>278.87</y>
      </pt>
      <pt>
        <x>381.47</x>
        <y>278.87</y>
      </pt>
      <pt>
        <x>381.47</x>
        <y>287.32</y>
      </pt>
      <pt>
        <x>373.38</x>
        <y>287.32</y>
      </pt>
      <username></username>
    </polygon>
    <attributes>rotation=0.0</attributes>
  </object>
  <object>
    <name>lane</name>
    <deleted>0</deleted>
    <verified>0</verified>
    <occluded>no</occluded>
    <date></date>
    <id>8</id>
    <parts>
      <hasparts></hasparts>
      <ispartof></ispartof>
    </parts>
    <type>bounding_box</type>
    <polygon>
      <pt>
        <x>371.97</x>
        <y>296.46</y>
      </pt>
      <pt>
        <x>382.18</x>
        <y>296.46</y>
      </pt>
      <pt>
        <x>382.18</x>
        <y>306.67</y>
      </pt>
      <pt>
        <x>371.97</x>
        <y>306.67</y>
      </pt>
      <username></username>
    </polygon>
    <attributes>rotation=0.0</attributes>
  </object>
  <object>
    <name>lane</name>
    <deleted>0</deleted>
    <verified>0</verified>
    <occluded>no</occluded>
    <date></date>
    <id>9</id>
    <parts>
      <hasparts></hasparts>
      <ispartof></ispartof>
    </parts>
    <type>bounding_box</type>
    <polygon>
      <pt>
        <x>370.21</x>
        <y>318.98</y>
      </pt>
      <pt>
        <x>382.53</x>
        <y>318.98</y>
      </pt>
      <pt>
        <x>382.53</x>
        <y>335.87</y>
      </pt>
      <pt>
        <x>370.21</x>
        <y>335.87</y>
      </pt>
      <username></username>
    </polygon>
    <attributes>rotation=0.0</attributes>
  </object>
  <object>
    <name>lane</name>
    <deleted>0</deleted>
    <verified>0</verified>
    <occluded>no</occluded>
    <date></date>
    <id>10</id>
    <parts>
      <hasparts></hasparts>
      <ispartof></ispartof>
    </parts>
    <type>bounding_box</type>
    <polygon>
      <pt>
        <x>370.35</x>
        <y>352.56</y>
      </pt>
      <pt>
        <x>379.43</x>
        <y>352.56</y>
      </pt>
      <pt>
        <x>379.43</x>
        <y>377.97</y>
      </pt>
      <pt>
        <x>370.35</x>
        <y>377.97</y>
      </pt>
      <username></username>
    </polygon>
    <attributes>rotation=0.0</attributes>
  </object>
  <object>
    <name>lane</name>
    <deleted>0</deleted>
    <verified>0</verified>
    <occluded>no</occluded>
    <date></date>
    <id>11</id>
    <parts>
      <hasparts></hasparts>
      <ispartof></ispartof>
    </parts>
    <type>bounding_box</type>
    <polygon>
      <pt>
        <x>366.72</x>
        <y>405.21</y>
      </pt>
      <pt>
        <x>384.87</x>
        <y>405.21</y>
      </pt>
      <pt>
        <x>384.87</x>
        <y>434.26</y>
      </pt>
      <pt>
        <x>366.72</x>
        <y>434.26</y>
      </pt>
      <username></username>
    </polygon>
    <attributes>rotation=0.0</attributes>
  </object>
  <object>
    <name>lane</name>
    <deleted>0</deleted>
    <verified>0</verified>
    <occluded>no</occluded>
    <date></date>
    <id>12</id>
    <parts>
      <hasparts></hasparts>
      <ispartof></ispartof>
    </parts>
    <polygon>
      <pt>
        <x>361.58</x>
        <y>1037.70</y>
      </pt>
      <pt>
        <x>420.64</x>
        <y>1027.42</y>
      </pt>
      <pt>
        <x>461.73</x>
        <y>1656.54</y>
      </pt>
      <pt>
        <x>359.02</x>
        <y>1669.38</y>
      </pt>
      <username></username>
    </polygon>
    <attributes></attributes>
  </object>
</annotation>
