<annotation>
  <filename>image_2616.jpg</filename>
  <folder></folder>
  <source>
    <sourceImage></sourceImage>
    <sourceAnnotation>Datumaro</sourceAnnotation>
  </source>
  <imagesize>
    <nrows>486</nrows>
    <ncols>1080</ncols>
  </imagesize>
  <object>
    <name>lane</name>
    <deleted>0</deleted>
    <verified>0</verified>
    <occluded>no</occluded>
    <date></date>
    <id>0</id>
    <parts>
      <hasparts></hasparts>
      <ispartof></ispartof>
    </parts>
    <polygon>
      <pt>
        <x>440.74</x>
        <y>269.61</y>
      </pt>
      <pt>
        <x>440.38</x>
        <y>251.69</y>
      </pt>
      <pt>
        <x>478.01</x>
        <y>271.04</y>
      </pt>
      <pt>
        <x>472.99</x>
        <y>290.03</y>
      </pt>
      <username></username>
    </polygon>
    <attributes></attributes>
  </object>
  <object>
    <name>lane</name>
    <deleted>0</deleted>
    <verified>0</verified>
    <occluded>no</occluded>
    <date></date>
    <id>1</id>
    <parts>
      <hasparts></hasparts>
      <ispartof></ispartof>
    </parts>
    <polygon>
      <pt>
        <x>721.02</x>
        <y>22.16</y>
      </pt>
      <pt>
        <x>750.12</x>
        <y>0.49</y>
      </pt>
      <pt>
        <x>784.80</x>
        <y>6.10</y>
      </pt>
      <pt>
        <x>729.10</x>
        <y>43.20</y>
      </pt>
      <username></username>
    </polygon>
    <attributes></attributes>
  </object>
  <object>
    <name>lane</name>
    <deleted>0</deleted>
    <verified>0</verified>
    <occluded>no</occluded>
    <date></date>
    <id>2</id>
    <parts>
      <hasparts></hasparts>
      <ispartof></ispartof>
    </parts>
    <polygon>
      <pt>
        <x>701.58</x>
        <y>439.61</y>
      </pt>
      <pt>
        <x>707.15</x>
        <y>406.79</y>
      </pt>
      <pt>
        <x>772.20</x>
        <y>443.30</y>
      </pt>
      <pt>
        <x>820.46</x>
        <y>481.71</y>
      </pt>
      <pt>
        <x>775.88</x>
        <y>484.81</y>
      </pt>
      <username></username>
    </polygon>
    <attributes></attributes>
  </object>
  <object>
    <name>lane</name>
    <deleted>0</deleted>
    <verified>0</verified>
    <occluded>no</occluded>
    <date></date>
    <id>3</id>
    <parts>
      <hasparts></hasparts>
      <ispartof></ispartof>
    </parts>
    <type>bounding_box</type>
    <polygon>
      <pt>
        <x>234.55</x>
        <y>216.89</y>
      </pt>
      <pt>
        <x>239.09</x>
        <y>216.89</y>
      </pt>
      <pt>
        <x>239.09</x>
        <y>220.07</y>
      </pt>
      <pt>
        <x>234.55</x>
        <y>220.07</y>
      </pt>
      <username></username>
    </polygon>
    <attributes>rotation=0.0</attributes>
  </object>
  <object>
    <name>lane</name>
    <deleted>0</deleted>
    <verified>0</verified>
    <occluded>no</occluded>
    <date></date>
    <id>4</id>
    <parts>
      <hasparts></hasparts>
      <ispartof></ispartof>
    </parts>
    <type>bounding_box</type>
    <polygon>
      <pt>
        <x>242.49</x>
        <y>217.12</y>
      </pt>
      <pt>
        <x>249.53</x>
        <y>217.12</y>
      </pt>
      <pt>
        <x>249.53</x>
        <y>220.98</y>
      </pt>
      <pt>
        <x>242.49</x>
        <y>220.98</y>
      </pt>
      <username></username>
    </polygon>
    <attributes>rotation=0.0</attributes>
  </object>
  <object>
    <name>lane</name>
    <deleted>0</deleted>
    <verified>0</verified>
    <occluded>no</occluded>
    <date></date>
    <id>5</id>
    <parts>
      <hasparts></hasparts>
      <ispartof></ispartof>
    </parts>
    <type>bounding_box</type>
    <polygon>
      <pt>
        <x>255.20</x>
        <y>217.12</y>
      </pt>
      <pt>
        <x>264.51</x>
        <y>217.12</y>
      </pt>
      <pt>
        <x>264.51</x>
        <y>221.66</y>
      </pt>
      <pt>
        <x>255.20</x>
        <y>221.66</y>
      </pt>
      <username></username>
    </polygon>
    <attributes>rotation=0.0</attributes>
  </object>
  <object>
    <name>lane</name>
    <deleted>0</deleted>
    <verified>0</verified>
    <occluded>no</occluded>
    <date></date>
    <id>6</id>
    <parts>
      <hasparts></hasparts>
      <ispartof></ispartof>
    </parts>
    <type>bounding_box</type>
    <polygon>
      <pt>
        <x>274.95</x>
        <y>217.10</y>
      </pt>
      <pt>
        <x>289.25</x>
        <y>217.10</y>
      </pt>
      <pt>
        <x>289.25</x>
        <y>222.80</y>
      </pt>
      <pt>
        <x>274.95</x>
        <y>222.80</y>
      </pt>
      <username></username>
    </polygon>
    <attributes>rotation=0.0</attributes>
  </object>
  <object>
    <name>lane</name>
    <deleted>0</deleted>
    <verified>0</verified>
    <occluded>no</occluded>
    <date></date>
    <id>7</id>
    <parts>
      <hasparts></hasparts>
      <ispartof></ispartof>
    </parts>
    <type>bounding_box</type>
    <polygon>
      <pt>
        <x>308.76</x>
        <y>215.75</y>
      </pt>
      <pt>
        <x>341.45</x>
        <y>215.75</y>
      </pt>
      <pt>
        <x>341.45</x>
        <y>224.83</y>
      </pt>
      <pt>
        <x>308.76</x>
        <y>224.83</y>
      </pt>
      <username></username>
    </polygon>
    <attributes>rotation=0.0</attributes>
  </object>
  <object>
    <name>lane</name>
    <deleted>0</deleted>
    <verified>0</verified>
    <occluded>no</occluded>
    <date></date>
    <id>8</id>
    <parts>
      <hasparts></hasparts>
      <ispartof></ispartof>
    </parts>
    <polygon>
      <pt>
        <x>444.33</x>
        <y>214.43</y>
      </pt>
      <pt>
        <x>443.61</x>
        <y>196.15</y>
      </pt>
      <pt>
        <x>487.32</x>
        <y>179.31</y>
      </pt>
      <pt>
        <x>489.12</x>
        <y>196.87</y>
      </pt>
      <username></username>
    </polygon>
    <attributes></attributes>
  </object>
  <object>
    <name>lane</name>
    <deleted>0</deleted>
    <verified>0</verified>
    <occluded>no</occluded>
    <date></date>
    <id>9</id>
    <parts>
      <hasparts></hasparts>
      <ispartof></ispartof>
    </parts>
    <polygon>
      <pt>
        <x>506.34</x>
        <y>391.56</y>
      </pt>
      <pt>
        <x>517.57</x>
        <y>3.28</y>
      </pt>
      <pt>
        <x>525.22</x>
        <y>0.00</y>
      </pt>
      <pt>
        <x>525.83</x>
        <y>0.00</y>
      </pt>
      <pt>
        <x>521.70</x>
        <y>114.39</y>
      </pt>
      <pt>
        <x>514.61</x>
        <y>286.37</y>
      </pt>
      <pt>
        <x>512.25</x>
        <y>392.75</y>
      </pt>
      <username></username>
    </polygon>
    <attributes></attributes>
  </object>
</annotation>
