<annotation>
  <filename>image_1716.jpg</filename>
  <folder></folder>
  <source>
    <sourceImage></sourceImage>
    <sourceAnnotation>Datumaro</sourceAnnotation>
  </source>
  <imagesize>
    <nrows>1920</nrows>
    <ncols>1080</ncols>
  </imagesize>
  <object>
    <name>lane</name>
    <deleted>0</deleted>
    <verified>0</verified>
    <occluded>no</occluded>
    <date></date>
    <id>0</id>
    <parts>
      <hasparts></hasparts>
      <ispartof></ispartof>
    </parts>
    <polygon>
      <pt>
        <x>440.30</x>
        <y>957.73</y>
      </pt>
      <pt>
        <x>484.43</x>
        <y>962.78</y>
      </pt>
      <pt>
        <x>454.17</x>
        <y>735.83</y>
      </pt>
      <pt>
        <x>428.96</x>
        <y>739.61</y>
      </pt>
      <username></username>
    </polygon>
    <attributes></attributes>
  </object>
  <object>
    <name>lane</name>
    <deleted>0</deleted>
    <verified>0</verified>
    <occluded>no</occluded>
    <date></date>
    <id>1</id>
    <parts>
      <hasparts></hasparts>
      <ispartof></ispartof>
    </parts>
    <polygon>
      <pt>
        <x>424.16</x>
        <y>632.96</y>
      </pt>
      <pt>
        <x>444.23</x>
        <y>632.96</y>
      </pt>
      <pt>
        <x>436.32</x>
        <y>569.12</y>
      </pt>
      <pt>
        <x>420.52</x>
        <y>571.55</y>
      </pt>
      <username></username>
    </polygon>
    <attributes></attributes>
  </object>
  <object>
    <name>lane</name>
    <deleted>0</deleted>
    <verified>0</verified>
    <occluded>no</occluded>
    <date></date>
    <id>2</id>
    <parts>
      <hasparts></hasparts>
      <ispartof></ispartof>
    </parts>
    <type>bounding_box</type>
    <polygon>
      <pt>
        <x>414.33</x>
        <y>411.22</y>
      </pt>
      <pt>
        <x>420.14</x>
        <y>411.22</y>
      </pt>
      <pt>
        <x>420.14</x>
        <y>417.03</y>
      </pt>
      <pt>
        <x>414.33</x>
        <y>417.03</y>
      </pt>
      <username></username>
    </polygon>
    <attributes>rotation=0.0</attributes>
  </object>
  <object>
    <name>lane</name>
    <deleted>0</deleted>
    <verified>0</verified>
    <occluded>no</occluded>
    <date></date>
    <id>3</id>
    <parts>
      <hasparts></hasparts>
      <ispartof></ispartof>
    </parts>
    <type>bounding_box</type>
    <polygon>
      <pt>
        <x>413.09</x>
        <y>389.45</y>
      </pt>
      <pt>
        <x>415.99</x>
        <y>389.45</y>
      </pt>
      <pt>
        <x>415.99</x>
        <y>391.52</y>
      </pt>
      <pt>
        <x>413.09</x>
        <y>391.52</y>
      </pt>
      <username></username>
    </polygon>
    <attributes>rotation=0.0</attributes>
  </object>
  <object>
    <name>lane</name>
    <deleted>0</deleted>
    <verified>0</verified>
    <occluded>no</occluded>
    <date></date>
    <id>4</id>
    <parts>
      <hasparts></hasparts>
      <ispartof></ispartof>
    </parts>
    <type>bounding_box</type>
    <polygon>
      <pt>
        <x>414.54</x>
        <y>423.04</y>
      </pt>
      <pt>
        <x>420.55</x>
        <y>423.04</y>
      </pt>
      <pt>
        <x>420.55</x>
        <y>429.89</y>
      </pt>
      <pt>
        <x>414.54</x>
        <y>429.89</y>
      </pt>
      <username></username>
    </polygon>
    <attributes>rotation=0.0</attributes>
  </object>
  <object>
    <name>lane</name>
    <deleted>0</deleted>
    <verified>0</verified>
    <occluded>no</occluded>
    <date></date>
    <id>5</id>
    <parts>
      <hasparts></hasparts>
      <ispartof></ispartof>
    </parts>
    <type>bounding_box</type>
    <polygon>
      <pt>
        <x>415.37</x>
        <y>439.84</y>
      </pt>
      <pt>
        <x>422.42</x>
        <y>439.84</y>
      </pt>
      <pt>
        <x>422.42</x>
        <y>451.24</y>
      </pt>
      <pt>
        <x>415.37</x>
        <y>451.24</y>
      </pt>
      <username></username>
    </polygon>
    <attributes>rotation=0.0</attributes>
  </object>
  <object>
    <name>lane</name>
    <deleted>0</deleted>
    <verified>0</verified>
    <occluded>no</occluded>
    <date></date>
    <id>6</id>
    <parts>
      <hasparts></hasparts>
      <ispartof></ispartof>
    </parts>
    <type>bounding_box</type>
    <polygon>
      <pt>
        <x>414.13</x>
        <y>394.01</y>
      </pt>
      <pt>
        <x>417.65</x>
        <y>394.01</y>
      </pt>
      <pt>
        <x>417.65</x>
        <y>398.99</y>
      </pt>
      <pt>
        <x>414.13</x>
        <y>398.99</y>
      </pt>
      <username></username>
    </polygon>
    <attributes>rotation=0.0</attributes>
  </object>
  <object>
    <name>lane</name>
    <deleted>0</deleted>
    <verified>0</verified>
    <occluded>no</occluded>
    <date></date>
    <id>7</id>
    <parts>
      <hasparts></hasparts>
      <ispartof></ispartof>
    </parts>
    <polygon>
      <pt>
        <x>419.58</x>
        <y>531.86</y>
      </pt>
      <pt>
        <x>431.54</x>
        <y>532.56</y>
      </pt>
      <pt>
        <x>429.08</x>
        <y>500.90</y>
      </pt>
      <pt>
        <x>418.17</x>
        <y>500.90</y>
      </pt>
      <username></username>
    </polygon>
    <attributes></attributes>
  </object>
  <object>
    <name>lane</name>
    <deleted>0</deleted>
    <verified>0</verified>
    <occluded>no</occluded>
    <date></date>
    <id>8</id>
    <parts>
      <hasparts></hasparts>
      <ispartof></ispartof>
    </parts>
    <type>bounding_box</type>
    <polygon>
      <pt>
        <x>414.33</x>
        <y>401.27</y>
      </pt>
      <pt>
        <x>418.69</x>
        <y>401.27</y>
      </pt>
      <pt>
        <x>418.69</x>
        <y>406.25</y>
      </pt>
      <pt>
        <x>414.33</x>
        <y>406.25</y>
      </pt>
      <username></username>
    </polygon>
    <attributes>rotation=0.0</attributes>
  </object>
  <object>
    <name>lane</name>
    <deleted>0</deleted>
    <verified>0</verified>
    <occluded>no</occluded>
    <date></date>
    <id>9</id>
    <parts>
      <hasparts></hasparts>
      <ispartof></ispartof>
    </parts>
    <polygon>
      <pt>
        <x>417.39</x>
        <y>480.56</y>
      </pt>
      <pt>
        <x>426.68</x>
        <y>480.56</y>
      </pt>
      <pt>
        <x>425.46</x>
        <y>464.43</y>
      </pt>
      <pt>
        <x>416.66</x>
        <y>464.67</y>
      </pt>
      <username></username>
    </polygon>
    <attributes></attributes>
  </object>
  <object>
    <name>lane</name>
    <deleted>0</deleted>
    <verified>0</verified>
    <occluded>no</occluded>
    <date></date>
    <id>10</id>
    <parts>
      <hasparts></hasparts>
      <ispartof></ispartof>
    </parts>
    <polygon>
      <pt>
        <x>493.76</x>
        <y>1920.00</y>
      </pt>
      <pt>
        <x>578.26</x>
        <y>1915.10</y>
      </pt>
      <pt>
        <x>560.10</x>
        <y>1719.93</y>
      </pt>
      <pt>
        <x>472.35</x>
        <y>1724.47</y>
      </pt>
      <pt>
        <x>473.86</x>
        <y>1920.00</y>
      </pt>
      <username></username>
    </polygon>
    <attributes></attributes>
  </object>
</annotation>
