<annotation>
  <filename>image_2656.jpg</filename>
  <folder></folder>
  <source>
    <sourceImage></sourceImage>
    <sourceAnnotation>Datumaro</sourceAnnotation>
  </source>
  <imagesize>
    <nrows>1920</nrows>
    <ncols>1080</ncols>
  </imagesize>
  <object>
    <name>lane</name>
    <deleted>0</deleted>
    <verified>0</verified>
    <occluded>no</occluded>
    <date></date>
    <id>0</id>
    <parts>
      <hasparts></hasparts>
      <ispartof></ispartof>
    </parts>
    <polygon>
      <pt>
        <x>526.22</x>
        <y>565.75</y>
      </pt>
      <pt>
        <x>542.84</x>
        <y>565.76</y>
      </pt>
      <pt>
        <x>531.35</x>
        <y>635.64</y>
      </pt>
      <pt>
        <x>512.78</x>
        <y>635.64</y>
      </pt>
      <username></username>
    </polygon>
    <attributes></attributes>
  </object>
  <object>
    <name>lane</name>
    <deleted>0</deleted>
    <verified>0</verified>
    <occluded>no</occluded>
    <date></date>
    <id>1</id>
    <parts>
      <hasparts></hasparts>
      <ispartof></ispartof>
    </parts>
    <polygon>
      <pt>
        <x>491.24</x>
        <y>741.17</y>
      </pt>
      <pt>
        <x>521.11</x>
        <y>739.87</y>
      </pt>
      <pt>
        <x>517.22</x>
        <y>999.67</y>
      </pt>
      <pt>
        <x>474.35</x>
        <y>1000.96</y>
      </pt>
      <username></username>
    </polygon>
    <attributes></attributes>
  </object>
  <object>
    <name>lane</name>
    <deleted>0</deleted>
    <verified>0</verified>
    <occluded>no</occluded>
    <date></date>
    <id>2</id>
    <parts>
      <hasparts></hasparts>
      <ispartof></ispartof>
    </parts>
    <polygon>
      <pt>
        <x>439.28</x>
        <y>1886.88</y>
      </pt>
      <pt>
        <x>538.00</x>
        <y>1879.09</y>
      </pt>
      <pt>
        <x>547.09</x>
        <y>1918.06</y>
      </pt>
      <pt>
        <x>506.78</x>
        <y>1920.00</y>
      </pt>
      <pt>
        <x>439.28</x>
        <y>1920.00</y>
      </pt>
      <username></username>
    </polygon>
    <attributes></attributes>
  </object>
  <object>
    <name>lane</name>
    <deleted>0</deleted>
    <verified>0</verified>
    <occluded>no</occluded>
    <date></date>
    <id>3</id>
    <parts>
      <hasparts></hasparts>
      <ispartof></ispartof>
    </parts>
    <polygon>
      <pt>
        <x>776.68</x>
        <y>364.90</y>
      </pt>
      <pt>
        <x>777.90</x>
        <y>365.88</y>
      </pt>
      <pt>
        <x>795.98</x>
        <y>362.70</y>
      </pt>
      <pt>
        <x>794.27</x>
        <y>361.72</y>
      </pt>
      <username></username>
    </polygon>
    <attributes></attributes>
  </object>
  <object>
    <name>lane</name>
    <deleted>0</deleted>
    <verified>0</verified>
    <occluded>no</occluded>
    <date></date>
    <id>4</id>
    <parts>
      <hasparts></hasparts>
      <ispartof></ispartof>
    </parts>
    <polygon>
      <pt>
        <x>738.07</x>
        <y>372.47</y>
      </pt>
      <pt>
        <x>740.76</x>
        <y>374.67</y>
      </pt>
      <pt>
        <x>760.31</x>
        <y>370.28</y>
      </pt>
      <pt>
        <x>759.33</x>
        <y>369.05</y>
      </pt>
      <username></username>
    </polygon>
    <attributes></attributes>
  </object>
  <object>
    <name>lane</name>
    <deleted>0</deleted>
    <verified>0</verified>
    <occluded>no</occluded>
    <date></date>
    <id>5</id>
    <parts>
      <hasparts></hasparts>
      <ispartof></ispartof>
    </parts>
    <polygon>
      <pt>
        <x>700.20</x>
        <y>383.96</y>
      </pt>
      <pt>
        <x>703.62</x>
        <y>384.69</y>
      </pt>
      <pt>
        <x>722.43</x>
        <y>379.32</y>
      </pt>
      <pt>
        <x>719.74</x>
        <y>378.83</y>
      </pt>
      <username></username>
    </polygon>
    <attributes></attributes>
  </object>
  <object>
    <name>lane</name>
    <deleted>0</deleted>
    <verified>0</verified>
    <occluded>no</occluded>
    <date></date>
    <id>6</id>
    <parts>
      <hasparts></hasparts>
      <ispartof></ispartof>
    </parts>
    <polygon>
      <pt>
        <x>662.32</x>
        <y>395.93</y>
      </pt>
      <pt>
        <x>667.70</x>
        <y>396.67</y>
      </pt>
      <pt>
        <x>684.07</x>
        <y>390.31</y>
      </pt>
      <pt>
        <x>682.36</x>
        <y>389.09</y>
      </pt>
      <username></username>
    </polygon>
    <attributes></attributes>
  </object>
  <object>
    <name>lane</name>
    <deleted>0</deleted>
    <verified>0</verified>
    <occluded>no</occluded>
    <date></date>
    <id>7</id>
    <parts>
      <hasparts></hasparts>
      <ispartof></ispartof>
    </parts>
    <polygon>
      <pt>
        <x>628.85</x>
        <y>411.81</y>
      </pt>
      <pt>
        <x>633.24</x>
        <y>413.77</y>
      </pt>
      <pt>
        <x>651.08</x>
        <y>403.26</y>
      </pt>
      <pt>
        <x>646.93</x>
        <y>402.53</y>
      </pt>
      <username></username>
    </polygon>
    <attributes></attributes>
  </object>
  <object>
    <name>lane</name>
    <deleted>0</deleted>
    <verified>0</verified>
    <occluded>no</occluded>
    <date></date>
    <id>8</id>
    <parts>
      <hasparts></hasparts>
      <ispartof></ispartof>
    </parts>
    <polygon>
      <pt>
        <x>599.28</x>
        <y>433.81</y>
      </pt>
      <pt>
        <x>604.90</x>
        <y>435.27</y>
      </pt>
      <pt>
        <x>619.07</x>
        <y>422.81</y>
      </pt>
      <pt>
        <x>611.99</x>
        <y>422.81</y>
      </pt>
      <username></username>
    </polygon>
    <attributes></attributes>
  </object>
  <object>
    <name>lane</name>
    <deleted>0</deleted>
    <verified>0</verified>
    <occluded>no</occluded>
    <date></date>
    <id>9</id>
    <parts>
      <hasparts></hasparts>
      <ispartof></ispartof>
    </parts>
    <polygon>
      <pt>
        <x>582.91</x>
        <y>447.73</y>
      </pt>
      <pt>
        <x>568.74</x>
        <y>466.06</y>
      </pt>
      <pt>
        <x>579.24</x>
        <y>467.04</y>
      </pt>
      <pt>
        <x>591.22</x>
        <y>448.71</y>
      </pt>
      <username></username>
    </polygon>
    <attributes></attributes>
  </object>
  <object>
    <name>lane</name>
    <deleted>0</deleted>
    <verified>0</verified>
    <occluded>no</occluded>
    <date></date>
    <id>10</id>
    <parts>
      <hasparts></hasparts>
      <ispartof></ispartof>
    </parts>
    <polygon>
      <pt>
        <x>556.03</x>
        <y>489.52</y>
      </pt>
      <pt>
        <x>542.35</x>
        <y>522.02</y>
      </pt>
      <pt>
        <x>556.52</x>
        <y>522.51</y>
      </pt>
      <pt>
        <x>567.76</x>
        <y>489.76</y>
      </pt>
      <username></username>
    </polygon>
    <attributes></attributes>
  </object>
</annotation>
