<annotation>
  <filename>image_2131.jpg</filename>
  <folder></folder>
  <source>
    <sourceImage></sourceImage>
    <sourceAnnotation>Datumaro</sourceAnnotation>
  </source>
  <imagesize>
    <nrows>1920</nrows>
    <ncols>1080</ncols>
  </imagesize>
  <object>
    <name>lane</name>
    <deleted>0</deleted>
    <verified>0</verified>
    <occluded>no</occluded>
    <date></date>
    <id>0</id>
    <parts>
      <hasparts></hasparts>
      <ispartof></ispartof>
    </parts>
    <polygon>
      <pt>
        <x>619.57</x>
        <y>611.79</y>
      </pt>
      <pt>
        <x>622.24</x>
        <y>613.06</y>
      </pt>
      <pt>
        <x>638.45</x>
        <y>608.41</y>
      </pt>
      <pt>
        <x>635.21</x>
        <y>607.42</y>
      </pt>
      <username></username>
    </polygon>
    <attributes></attributes>
  </object>
  <object>
    <name>lane</name>
    <deleted>0</deleted>
    <verified>0</verified>
    <occluded>no</occluded>
    <date></date>
    <id>1</id>
    <parts>
      <hasparts></hasparts>
      <ispartof></ispartof>
    </parts>
    <polygon>
      <pt>
        <x>578.70</x>
        <y>625.20</y>
      </pt>
      <pt>
        <x>582.78</x>
        <y>626.47</y>
      </pt>
      <pt>
        <x>600.54</x>
        <y>619.71</y>
      </pt>
      <pt>
        <x>599.27</x>
        <y>618.58</y>
      </pt>
      <username></username>
    </polygon>
    <attributes></attributes>
  </object>
  <object>
    <name>lane</name>
    <deleted>0</deleted>
    <verified>0</verified>
    <occluded>no</occluded>
    <date></date>
    <id>2</id>
    <parts>
      <hasparts></hasparts>
      <ispartof></ispartof>
    </parts>
    <polygon>
      <pt>
        <x>451.90</x>
        <y>725.58</y>
      </pt>
      <pt>
        <x>464.20</x>
        <y>724.89</y>
      </pt>
      <pt>
        <x>452.13</x>
        <y>761.34</y>
      </pt>
      <pt>
        <x>436.63</x>
        <y>762.94</y>
      </pt>
      <username></username>
    </polygon>
    <attributes></attributes>
  </object>
  <object>
    <name>lane</name>
    <deleted>0</deleted>
    <verified>0</verified>
    <occluded>no</occluded>
    <date></date>
    <id>3</id>
    <parts>
      <hasparts></hasparts>
      <ispartof></ispartof>
    </parts>
    <polygon>
      <pt>
        <x>540.41</x>
        <y>642.94</y>
      </pt>
      <pt>
        <x>546.58</x>
        <y>643.10</y>
      </pt>
      <pt>
        <x>563.82</x>
        <y>634.08</y>
      </pt>
      <pt>
        <x>558.13</x>
        <y>633.45</y>
      </pt>
      <username></username>
    </polygon>
    <attributes></attributes>
  </object>
  <object>
    <name>lane</name>
    <deleted>0</deleted>
    <verified>0</verified>
    <occluded>no</occluded>
    <date></date>
    <id>4</id>
    <parts>
      <hasparts></hasparts>
      <ispartof></ispartof>
    </parts>
    <polygon>
      <pt>
        <x>501.33</x>
        <y>666.20</y>
      </pt>
      <pt>
        <x>508.93</x>
        <y>666.83</y>
      </pt>
      <pt>
        <x>527.28</x>
        <y>653.38</y>
      </pt>
      <pt>
        <x>520.47</x>
        <y>652.91</y>
      </pt>
      <username></username>
    </polygon>
    <attributes></attributes>
  </object>
  <object>
    <name>lane</name>
    <deleted>0</deleted>
    <verified>0</verified>
    <occluded>no</occluded>
    <date></date>
    <id>5</id>
    <parts>
      <hasparts></hasparts>
      <ispartof></ispartof>
    </parts>
    <polygon>
      <pt>
        <x>384.66</x>
        <y>1119.97</y>
      </pt>
      <pt>
        <x>429.34</x>
        <y>1119.97</y>
      </pt>
      <pt>
        <x>461.84</x>
        <y>1473.40</y>
      </pt>
      <pt>
        <x>510.59</x>
        <y>1837.00</y>
      </pt>
      <pt>
        <x>413.09</x>
        <y>1871.53</y>
      </pt>
      <pt>
        <x>384.66</x>
        <y>1359.65</y>
      </pt>
      <username></username>
    </polygon>
    <attributes></attributes>
  </object>
  <object>
    <name>lane</name>
    <deleted>0</deleted>
    <verified>0</verified>
    <occluded>no</occluded>
    <date></date>
    <id>6</id>
    <parts>
      <hasparts></hasparts>
      <ispartof></ispartof>
    </parts>
    <polygon>
      <pt>
        <x>417.54</x>
        <y>820.50</y>
      </pt>
      <pt>
        <x>438.80</x>
        <y>816.25</y>
      </pt>
      <pt>
        <x>426.52</x>
        <y>914.51</y>
      </pt>
      <pt>
        <x>398.65</x>
        <y>918.29</y>
      </pt>
      <username></username>
    </polygon>
    <attributes></attributes>
  </object>
  <object>
    <name>lane</name>
    <deleted>0</deleted>
    <verified>0</verified>
    <occluded>no</occluded>
    <date></date>
    <id>7</id>
    <parts>
      <hasparts></hasparts>
      <ispartof></ispartof>
    </parts>
    <polygon>
      <pt>
        <x>468.98</x>
        <y>701.43</y>
      </pt>
      <pt>
        <x>479.69</x>
        <y>700.74</y>
      </pt>
      <pt>
        <x>494.04</x>
        <y>681.83</y>
      </pt>
      <pt>
        <x>485.39</x>
        <y>681.38</y>
      </pt>
      <username></username>
    </polygon>
    <attributes></attributes>
  </object>
</annotation>
