<annotation>
  <filename>image_955.jpg</filename>
  <folder></folder>
  <source>
    <sourceImage></sourceImage>
    <sourceAnnotation>Datumaro</sourceAnnotation>
  </source>
  <imagesize>
    <nrows>1920</nrows>
    <ncols>1080</ncols>
  </imagesize>
  <object>
    <name>lane</name>
    <deleted>0</deleted>
    <verified>0</verified>
    <occluded>no</occluded>
    <date></date>
    <id>0</id>
    <parts>
      <hasparts></hasparts>
      <ispartof></ispartof>
    </parts>
    <polygon>
      <pt>
        <x>330.58</x>
        <y>114.94</y>
      </pt>
      <pt>
        <x>349.33</x>
        <y>112.40</y>
      </pt>
      <pt>
        <x>383.28</x>
        <y>156.99</y>
      </pt>
      <pt>
        <x>363.01</x>
        <y>160.03</y>
      </pt>
      <username></username>
    </polygon>
    <attributes></attributes>
  </object>
  <object>
    <name>lane</name>
    <deleted>0</deleted>
    <verified>0</verified>
    <occluded>no</occluded>
    <date></date>
    <id>1</id>
    <parts>
      <hasparts></hasparts>
      <ispartof></ispartof>
    </parts>
    <polygon>
      <pt>
        <x>267.24</x>
        <y>55.79</y>
      </pt>
      <pt>
        <x>281.18</x>
        <y>52.41</y>
      </pt>
      <pt>
        <x>320.87</x>
        <y>83.66</y>
      </pt>
      <pt>
        <x>302.29</x>
        <y>84.50</y>
      </pt>
      <username></username>
    </polygon>
    <attributes></attributes>
  </object>
  <object>
    <name>lane</name>
    <deleted>0</deleted>
    <verified>0</verified>
    <occluded>no</occluded>
    <date></date>
    <id>2</id>
    <parts>
      <hasparts></hasparts>
      <ispartof></ispartof>
    </parts>
    <polygon>
      <pt>
        <x>419.25</x>
        <y>424.67</y>
      </pt>
      <pt>
        <x>459.59</x>
        <y>420.89</y>
      </pt>
      <pt>
        <x>465.90</x>
        <y>628.92</y>
      </pt>
      <pt>
        <x>416.73</x>
        <y>630.18</y>
      </pt>
      <username></username>
    </polygon>
    <attributes></attributes>
  </object>
  <object>
    <name>lane</name>
    <deleted>0</deleted>
    <verified>0</verified>
    <occluded>no</occluded>
    <date></date>
    <id>3</id>
    <parts>
      <hasparts></hasparts>
      <ispartof></ispartof>
    </parts>
    <polygon>
      <pt>
        <x>359.41</x>
        <y>1034.18</y>
      </pt>
      <pt>
        <x>440.46</x>
        <y>1034.18</y>
      </pt>
      <pt>
        <x>346.39</x>
        <y>1920.00</y>
      </pt>
      <pt>
        <x>341.58</x>
        <y>1920.00</y>
      </pt>
      <pt>
        <x>210.39</x>
        <y>1907.39</y>
      </pt>
      <username></username>
    </polygon>
    <attributes></attributes>
  </object>
  <object>
    <name>lane</name>
    <deleted>0</deleted>
    <verified>0</verified>
    <occluded>no</occluded>
    <date></date>
    <id>4</id>
    <parts>
      <hasparts></hasparts>
      <ispartof></ispartof>
    </parts>
    <polygon>
      <pt>
        <x>508.43</x>
        <y>1431.57</y>
      </pt>
      <pt>
        <x>613.01</x>
        <y>1405.43</y>
      </pt>
      <pt>
        <x>772.34</x>
        <y>1920.00</y>
      </pt>
      <pt>
        <x>636.42</x>
        <y>1920.00</y>
      </pt>
      <username></username>
    </polygon>
    <attributes></attributes>
  </object>
  <object>
    <name>lane</name>
    <deleted>0</deleted>
    <verified>0</verified>
    <occluded>no</occluded>
    <date></date>
    <id>5</id>
    <parts>
      <hasparts></hasparts>
      <ispartof></ispartof>
    </parts>
    <polygon>
      <pt>
        <x>199.26</x>
        <y>16.10</y>
      </pt>
      <pt>
        <x>210.66</x>
        <y>13.14</y>
      </pt>
      <pt>
        <x>249.93</x>
        <y>35.52</y>
      </pt>
      <pt>
        <x>236.00</x>
        <y>36.79</y>
      </pt>
      <username></username>
    </polygon>
    <attributes></attributes>
  </object>
  <object>
    <name>lane</name>
    <deleted>0</deleted>
    <verified>0</verified>
    <occluded>no</occluded>
    <date></date>
    <id>6</id>
    <parts>
      <hasparts></hasparts>
      <ispartof></ispartof>
    </parts>
    <polygon>
      <pt>
        <x>385.98</x>
        <y>214.46</y>
      </pt>
      <pt>
        <x>407.87</x>
        <y>211.84</y>
      </pt>
      <pt>
        <x>437.60</x>
        <y>295.00</y>
      </pt>
      <pt>
        <x>405.25</x>
        <y>296.77</y>
      </pt>
      <username></username>
    </polygon>
    <attributes></attributes>
  </object>
</annotation>
