<annotation>
  <filename>image_1617.jpg</filename>
  <folder></folder>
  <source>
    <sourceImage></sourceImage>
    <sourceAnnotation>Datumaro</sourceAnnotation>
  </source>
  <imagesize>
    <nrows>1920</nrows>
    <ncols>1080</ncols>
  </imagesize>
  <object>
    <name>lane</name>
    <deleted>0</deleted>
    <verified>0</verified>
    <occluded>no</occluded>
    <date></date>
    <id>0</id>
    <parts>
      <hasparts></hasparts>
      <ispartof></ispartof>
    </parts>
    <type>bounding_box</type>
    <polygon>
      <pt>
        <x>549.12</x>
        <y>475.88</y>
      </pt>
      <pt>
        <x>553.68</x>
        <y>475.88</y>
      </pt>
      <pt>
        <x>553.68</x>
        <y>482.31</y>
      </pt>
      <pt>
        <x>549.12</x>
        <y>482.31</y>
      </pt>
      <username></username>
    </polygon>
    <attributes>rotation=0.0</attributes>
  </object>
  <object>
    <name>lane</name>
    <deleted>0</deleted>
    <verified>0</verified>
    <occluded>no</occluded>
    <date></date>
    <id>1</id>
    <parts>
      <hasparts></hasparts>
      <ispartof></ispartof>
    </parts>
    <type>bounding_box</type>
    <polygon>
      <pt>
        <x>537.87</x>
        <y>553.60</y>
      </pt>
      <pt>
        <x>545.91</x>
        <y>553.60</y>
      </pt>
      <pt>
        <x>545.91</x>
        <y>575.04</y>
      </pt>
      <pt>
        <x>537.87</x>
        <y>575.04</y>
      </pt>
      <username></username>
    </polygon>
    <attributes>rotation=0.0</attributes>
  </object>
  <object>
    <name>lane</name>
    <deleted>0</deleted>
    <verified>0</verified>
    <occluded>no</occluded>
    <date></date>
    <id>2</id>
    <parts>
      <hasparts></hasparts>
      <ispartof></ispartof>
    </parts>
    <polygon>
      <pt>
        <x>517.05</x>
        <y>704.07</y>
      </pt>
      <pt>
        <x>536.32</x>
        <y>704.07</y>
      </pt>
      <pt>
        <x>530.19</x>
        <y>809.14</y>
      </pt>
      <pt>
        <x>504.80</x>
        <y>807.39</y>
      </pt>
      <username></username>
    </polygon>
    <attributes></attributes>
  </object>
  <object>
    <name>lane</name>
    <deleted>0</deleted>
    <verified>0</verified>
    <occluded>no</occluded>
    <date></date>
    <id>3</id>
    <parts>
      <hasparts></hasparts>
      <ispartof></ispartof>
    </parts>
    <type>bounding_box</type>
    <polygon>
      <pt>
        <x>542.42</x>
        <y>521.71</y>
      </pt>
      <pt>
        <x>549.39</x>
        <y>521.71</y>
      </pt>
      <pt>
        <x>549.39</x>
        <y>537.79</y>
      </pt>
      <pt>
        <x>542.42</x>
        <y>537.79</y>
      </pt>
      <username></username>
    </polygon>
    <attributes>rotation=0.0</attributes>
  </object>
  <object>
    <name>lane</name>
    <deleted>0</deleted>
    <verified>0</verified>
    <occluded>no</occluded>
    <date></date>
    <id>4</id>
    <parts>
      <hasparts></hasparts>
      <ispartof></ispartof>
    </parts>
    <polygon>
      <pt>
        <x>529.31</x>
        <y>601.63</y>
      </pt>
      <pt>
        <x>545.95</x>
        <y>605.13</y>
      </pt>
      <pt>
        <x>544.20</x>
        <y>642.78</y>
      </pt>
      <pt>
        <x>525.81</x>
        <y>643.66</y>
      </pt>
      <username></username>
    </polygon>
    <attributes></attributes>
  </object>
  <object>
    <name>lane</name>
    <deleted>0</deleted>
    <verified>0</verified>
    <occluded>no</occluded>
    <date></date>
    <id>5</id>
    <parts>
      <hasparts></hasparts>
      <ispartof></ispartof>
    </parts>
    <type>bounding_box</type>
    <polygon>
      <pt>
        <x>544.83</x>
        <y>501.87</y>
      </pt>
      <pt>
        <x>551.27</x>
        <y>501.87</y>
      </pt>
      <pt>
        <x>551.27</x>
        <y>511.52</y>
      </pt>
      <pt>
        <x>544.83</x>
        <y>511.52</y>
      </pt>
      <username></username>
    </polygon>
    <attributes>rotation=0.0</attributes>
  </object>
  <object>
    <name>lane</name>
    <deleted>0</deleted>
    <verified>0</verified>
    <occluded>no</occluded>
    <date></date>
    <id>6</id>
    <parts>
      <hasparts></hasparts>
      <ispartof></ispartof>
    </parts>
    <type>bounding_box</type>
    <polygon>
      <pt>
        <x>547.78</x>
        <y>487.67</y>
      </pt>
      <pt>
        <x>551.80</x>
        <y>487.67</y>
      </pt>
      <pt>
        <x>551.80</x>
        <y>494.37</y>
      </pt>
      <pt>
        <x>547.78</x>
        <y>494.37</y>
      </pt>
      <username></username>
    </polygon>
    <attributes>rotation=0.0</attributes>
  </object>
  <object>
    <name>lane</name>
    <deleted>0</deleted>
    <verified>0</verified>
    <occluded>no</occluded>
    <date></date>
    <id>7</id>
    <parts>
      <hasparts></hasparts>
      <ispartof></ispartof>
    </parts>
    <polygon>
      <pt>
        <x>381.80</x>
        <y>1692.50</y>
      </pt>
      <pt>
        <x>462.20</x>
        <y>1706.40</y>
      </pt>
      <pt>
        <x>511.60</x>
        <y>1013.30</y>
      </pt>
      <pt>
        <x>473.90</x>
        <y>1013.60</y>
      </pt>
      <username></username>
    </polygon>
    <attributes></attributes>
  </object>
</annotation>
