<annotation>
  <filename>image_878.jpg</filename>
  <folder></folder>
  <source>
    <sourceImage></sourceImage>
    <sourceAnnotation>Datumaro</sourceAnnotation>
  </source>
  <imagesize>
    <nrows>1920</nrows>
    <ncols>1080</ncols>
  </imagesize>
  <object>
    <name>lane</name>
    <deleted>0</deleted>
    <verified>0</verified>
    <occluded>no</occluded>
    <date></date>
    <id>0</id>
    <parts>
      <hasparts></hasparts>
      <ispartof></ispartof>
    </parts>
    <polygon>
      <pt>
        <x>635.30</x>
        <y>663.99</y>
      </pt>
      <pt>
        <x>681.53</x>
        <y>663.99</y>
      </pt>
      <pt>
        <x>713.05</x>
        <y>1026.47</y>
      </pt>
      <pt>
        <x>641.61</x>
        <y>1031.72</y>
      </pt>
      <username></username>
    </polygon>
    <attributes></attributes>
  </object>
  <object>
    <name>lane</name>
    <deleted>0</deleted>
    <verified>0</verified>
    <occluded>no</occluded>
    <date></date>
    <id>1</id>
    <parts>
      <hasparts></hasparts>
      <ispartof></ispartof>
    </parts>
    <polygon>
      <pt>
        <x>712.08</x>
        <y>77.43</y>
      </pt>
      <pt>
        <x>778.24</x>
        <y>58.43</y>
      </pt>
      <pt>
        <x>788.44</x>
        <y>59.48</y>
      </pt>
      <pt>
        <x>721.23</x>
        <y>79.19</y>
      </pt>
      <username></username>
    </polygon>
    <attributes></attributes>
  </object>
  <object>
    <name>lane</name>
    <deleted>0</deleted>
    <verified>0</verified>
    <occluded>no</occluded>
    <date></date>
    <id>2</id>
    <parts>
      <hasparts></hasparts>
      <ispartof></ispartof>
    </parts>
    <polygon>
      <pt>
        <x>650.16</x>
        <y>112.26</y>
      </pt>
      <pt>
        <x>671.62</x>
        <y>92.91</y>
      </pt>
      <pt>
        <x>682.88</x>
        <y>93.26</y>
      </pt>
      <pt>
        <x>663.53</x>
        <y>112.26</y>
      </pt>
      <username></username>
    </polygon>
    <attributes></attributes>
  </object>
  <object>
    <name>lane</name>
    <deleted>0</deleted>
    <verified>0</verified>
    <occluded>no</occluded>
    <date></date>
    <id>3</id>
    <parts>
      <hasparts></hasparts>
      <ispartof></ispartof>
    </parts>
    <polygon>
      <pt>
        <x>639.95</x>
        <y>134.43</y>
      </pt>
      <pt>
        <x>654.03</x>
        <y>133.73</y>
      </pt>
      <pt>
        <x>646.29</x>
        <y>156.60</y>
      </pt>
      <pt>
        <x>631.51</x>
        <y>155.54</y>
      </pt>
      <username></username>
    </polygon>
    <attributes></attributes>
  </object>
  <object>
    <name>lane</name>
    <deleted>0</deleted>
    <verified>0</verified>
    <occluded>no</occluded>
    <date></date>
    <id>4</id>
    <parts>
      <hasparts></hasparts>
      <ispartof></ispartof>
    </parts>
    <polygon>
      <pt>
        <x>628.69</x>
        <y>251.95</y>
      </pt>
      <pt>
        <x>650.86</x>
        <y>250.90</y>
      </pt>
      <pt>
        <x>649.45</x>
        <y>302.97</y>
      </pt>
      <pt>
        <x>624.82</x>
        <y>302.97</y>
      </pt>
      <username></username>
    </polygon>
    <attributes></attributes>
  </object>
  <object>
    <name>lane</name>
    <deleted>0</deleted>
    <verified>0</verified>
    <occluded>no</occluded>
    <date></date>
    <id>5</id>
    <parts>
      <hasparts></hasparts>
      <ispartof></ispartof>
    </parts>
    <polygon>
      <pt>
        <x>428.13</x>
        <y>294.53</y>
      </pt>
      <pt>
        <x>448.19</x>
        <y>289.60</y>
      </pt>
      <pt>
        <x>574.86</x>
        <y>349.42</y>
      </pt>
      <pt>
        <x>556.56</x>
        <y>354.70</y>
      </pt>
      <username></username>
    </polygon>
    <attributes></attributes>
  </object>
  <object>
    <name>lane</name>
    <deleted>0</deleted>
    <verified>0</verified>
    <occluded>no</occluded>
    <date></date>
    <id>6</id>
    <parts>
      <hasparts></hasparts>
      <ispartof></ispartof>
    </parts>
    <polygon>
      <pt>
        <x>233.20</x>
        <y>215.36</y>
      </pt>
      <pt>
        <x>252.20</x>
        <y>213.25</y>
      </pt>
      <pt>
        <x>340.52</x>
        <y>247.03</y>
      </pt>
      <pt>
        <x>323.63</x>
        <y>249.49</y>
      </pt>
      <username></username>
    </polygon>
    <attributes></attributes>
  </object>
  <object>
    <name>lane</name>
    <deleted>0</deleted>
    <verified>0</verified>
    <occluded>no</occluded>
    <date></date>
    <id>7</id>
    <parts>
      <hasparts></hasparts>
      <ispartof></ispartof>
    </parts>
    <polygon>
      <pt>
        <x>628.69</x>
        <y>374.75</y>
      </pt>
      <pt>
        <x>658.60</x>
        <y>372.64</y>
      </pt>
      <pt>
        <x>670.92</x>
        <y>485.59</y>
      </pt>
      <pt>
        <x>635.03</x>
        <y>487.70</y>
      </pt>
      <username></username>
    </polygon>
    <attributes></attributes>
  </object>
</annotation>
