<annotation>
  <filename>image_1585.jpg</filename>
  <folder></folder>
  <source>
    <sourceImage></sourceImage>
    <sourceAnnotation>Datumaro</sourceAnnotation>
  </source>
  <imagesize>
    <nrows>1920</nrows>
    <ncols>1080</ncols>
  </imagesize>
  <object>
    <name>lane</name>
    <deleted>0</deleted>
    <verified>0</verified>
    <occluded>no</occluded>
    <date></date>
    <id>0</id>
    <parts>
      <hasparts></hasparts>
      <ispartof></ispartof>
    </parts>
    <polygon>
      <pt>
        <x>446.60</x>
        <y>1879.61</y>
      </pt>
      <pt>
        <x>566.43</x>
        <y>1883.24</y>
      </pt>
      <pt>
        <x>553.72</x>
        <y>1062.61</y>
      </pt>
      <pt>
        <x>484.73</x>
        <y>1062.61</y>
      </pt>
      <username></username>
    </polygon>
    <attributes></attributes>
  </object>
  <object>
    <name>lane</name>
    <deleted>0</deleted>
    <verified>0</verified>
    <occluded>no</occluded>
    <date></date>
    <id>1</id>
    <parts>
      <hasparts></hasparts>
      <ispartof></ispartof>
    </parts>
    <type>bounding_box</type>
    <polygon>
      <pt>
        <x>537.24</x>
        <y>167.69</y>
      </pt>
      <pt>
        <x>544.96</x>
        <y>167.69</y>
      </pt>
      <pt>
        <x>544.96</x>
        <y>173.80</y>
      </pt>
      <pt>
        <x>537.24</x>
        <y>173.80</y>
      </pt>
      <username></username>
    </polygon>
    <attributes>rotation=0.0</attributes>
  </object>
  <object>
    <name>lane</name>
    <deleted>0</deleted>
    <verified>0</verified>
    <occluded>no</occluded>
    <date></date>
    <id>2</id>
    <parts>
      <hasparts></hasparts>
      <ispartof></ispartof>
    </parts>
    <type>bounding_box</type>
    <polygon>
      <pt>
        <x>535.63</x>
        <y>180.24</y>
      </pt>
      <pt>
        <x>545.28</x>
        <y>180.24</y>
      </pt>
      <pt>
        <x>545.28</x>
        <y>189.24</y>
      </pt>
      <pt>
        <x>535.63</x>
        <y>189.24</y>
      </pt>
      <username></username>
    </polygon>
    <attributes>rotation=0.0</attributes>
  </object>
  <object>
    <name>lane</name>
    <deleted>0</deleted>
    <verified>0</verified>
    <occluded>no</occluded>
    <date></date>
    <id>3</id>
    <parts>
      <hasparts></hasparts>
      <ispartof></ispartof>
    </parts>
    <type>bounding_box</type>
    <polygon>
      <pt>
        <x>535.31</x>
        <y>196.32</y>
      </pt>
      <pt>
        <x>544.64</x>
        <y>196.32</y>
      </pt>
      <pt>
        <x>544.64</x>
        <y>206.61</y>
      </pt>
      <pt>
        <x>535.31</x>
        <y>206.61</y>
      </pt>
      <username></username>
    </polygon>
    <attributes>rotation=0.0</attributes>
  </object>
  <object>
    <name>lane</name>
    <deleted>0</deleted>
    <verified>0</verified>
    <occluded>no</occluded>
    <date></date>
    <id>4</id>
    <parts>
      <hasparts></hasparts>
      <ispartof></ispartof>
    </parts>
    <type>bounding_box</type>
    <polygon>
      <pt>
        <x>534.34</x>
        <y>217.22</y>
      </pt>
      <pt>
        <x>543.67</x>
        <y>217.22</y>
      </pt>
      <pt>
        <x>543.67</x>
        <y>228.15</y>
      </pt>
      <pt>
        <x>534.34</x>
        <y>228.15</y>
      </pt>
      <username></username>
    </polygon>
    <attributes>rotation=0.0</attributes>
  </object>
  <object>
    <name>lane</name>
    <deleted>0</deleted>
    <verified>0</verified>
    <occluded>no</occluded>
    <date></date>
    <id>5</id>
    <parts>
      <hasparts></hasparts>
      <ispartof></ispartof>
    </parts>
    <type>bounding_box</type>
    <polygon>
      <pt>
        <x>533.06</x>
        <y>241.98</y>
      </pt>
      <pt>
        <x>545.60</x>
        <y>241.98</y>
      </pt>
      <pt>
        <x>545.60</x>
        <y>258.70</y>
      </pt>
      <pt>
        <x>533.06</x>
        <y>258.70</y>
      </pt>
      <username></username>
    </polygon>
    <attributes>rotation=0.0</attributes>
  </object>
  <object>
    <name>lane</name>
    <deleted>0</deleted>
    <verified>0</verified>
    <occluded>no</occluded>
    <date></date>
    <id>6</id>
    <parts>
      <hasparts></hasparts>
      <ispartof></ispartof>
    </parts>
    <type>bounding_box</type>
    <polygon>
      <pt>
        <x>526.48</x>
        <y>332.77</y>
      </pt>
      <pt>
        <x>542.82</x>
        <y>332.77</y>
      </pt>
      <pt>
        <x>542.82</x>
        <y>374.52</y>
      </pt>
      <pt>
        <x>526.48</x>
        <y>374.52</y>
      </pt>
      <username></username>
    </polygon>
    <attributes>rotation=0.0</attributes>
  </object>
  <object>
    <name>lane</name>
    <deleted>0</deleted>
    <verified>0</verified>
    <occluded>no</occluded>
    <date></date>
    <id>7</id>
    <parts>
      <hasparts></hasparts>
      <ispartof></ispartof>
    </parts>
    <type>bounding_box</type>
    <polygon>
      <pt>
        <x>517.41</x>
        <y>419.91</y>
      </pt>
      <pt>
        <x>548.27</x>
        <y>419.91</y>
      </pt>
      <pt>
        <x>548.27</x>
        <y>483.46</y>
      </pt>
      <pt>
        <x>517.41</x>
        <y>483.46</y>
      </pt>
      <username></username>
    </polygon>
    <attributes>rotation=0.0</attributes>
  </object>
  <object>
    <name>lane</name>
    <deleted>0</deleted>
    <verified>0</verified>
    <occluded>no</occluded>
    <date></date>
    <id>8</id>
    <parts>
      <hasparts></hasparts>
      <ispartof></ispartof>
    </parts>
    <type>bounding_box</type>
    <polygon>
      <pt>
        <x>510.14</x>
        <y>594.20</y>
      </pt>
      <pt>
        <x>553.72</x>
        <y>594.20</y>
      </pt>
      <pt>
        <x>553.72</x>
        <y>766.68</y>
      </pt>
      <pt>
        <x>510.14</x>
        <y>766.68</y>
      </pt>
      <username></username>
    </polygon>
    <attributes>rotation=0.0</attributes>
  </object>
  <object>
    <name>lane</name>
    <deleted>0</deleted>
    <verified>0</verified>
    <occluded>no</occluded>
    <date></date>
    <id>9</id>
    <parts>
      <hasparts></hasparts>
      <ispartof></ispartof>
    </parts>
    <type>bounding_box</type>
    <polygon>
      <pt>
        <x>530.12</x>
        <y>276.48</y>
      </pt>
      <pt>
        <x>546.46</x>
        <y>276.48</y>
      </pt>
      <pt>
        <x>546.46</x>
        <y>309.16</y>
      </pt>
      <pt>
        <x>530.12</x>
        <y>309.16</y>
      </pt>
      <username></username>
    </polygon>
    <attributes>rotation=0.0</attributes>
  </object>
</annotation>
