<annotation>
  <filename>image_250.jpg</filename>
  <folder></folder>
  <source>
    <sourceImage></sourceImage>
    <sourceAnnotation>Datumaro</sourceAnnotation>
  </source>
  <imagesize>
    <nrows>1920</nrows>
    <ncols>1080</ncols>
  </imagesize>
  <object>
    <name>lane</name>
    <deleted>0</deleted>
    <verified>0</verified>
    <occluded>no</occluded>
    <date></date>
    <id>0</id>
    <parts>
      <hasparts></hasparts>
      <ispartof></ispartof>
    </parts>
    <polygon>
      <pt>
        <x>888.00</x>
        <y>390.86</y>
      </pt>
      <pt>
        <x>892.74</x>
        <y>395.60</y>
      </pt>
      <pt>
        <x>957.23</x>
        <y>379.47</y>
      </pt>
      <pt>
        <x>956.28</x>
        <y>376.63</y>
      </pt>
      <username></username>
    </polygon>
    <attributes></attributes>
  </object>
  <object>
    <name>lane</name>
    <deleted>0</deleted>
    <verified>0</verified>
    <occluded>no</occluded>
    <date></date>
    <id>1</id>
    <parts>
      <hasparts></hasparts>
      <ispartof></ispartof>
    </parts>
    <polygon>
      <pt>
        <x>398.44</x>
        <y>787.26</y>
      </pt>
      <pt>
        <x>423.93</x>
        <y>787.26</y>
      </pt>
      <pt>
        <x>457.91</x>
        <y>654.16</y>
      </pt>
      <pt>
        <x>432.42</x>
        <y>651.33</y>
      </pt>
      <username></username>
    </polygon>
    <attributes></attributes>
  </object>
  <object>
    <name>lane</name>
    <deleted>0</deleted>
    <verified>0</verified>
    <occluded>no</occluded>
    <date></date>
    <id>2</id>
    <parts>
      <hasparts></hasparts>
      <ispartof></ispartof>
    </parts>
    <polygon>
      <pt>
        <x>494.73</x>
        <y>569.20</y>
      </pt>
      <pt>
        <x>511.72</x>
        <y>569.20</y>
      </pt>
      <pt>
        <x>585.35</x>
        <y>515.40</y>
      </pt>
      <pt>
        <x>571.19</x>
        <y>504.07</y>
      </pt>
      <username></username>
    </polygon>
    <attributes></attributes>
  </object>
  <object>
    <name>lane</name>
    <deleted>0</deleted>
    <verified>0</verified>
    <occluded>no</occluded>
    <date></date>
    <id>3</id>
    <parts>
      <hasparts></hasparts>
      <ispartof></ispartof>
    </parts>
    <polygon>
      <pt>
        <x>634.78</x>
        <y>481.90</y>
      </pt>
      <pt>
        <x>646.16</x>
        <y>482.85</y>
      </pt>
      <pt>
        <x>718.24</x>
        <y>449.65</y>
      </pt>
      <pt>
        <x>713.50</x>
        <y>444.91</y>
      </pt>
      <username></username>
    </polygon>
    <attributes></attributes>
  </object>
  <object>
    <name>lane</name>
    <deleted>0</deleted>
    <verified>0</verified>
    <occluded>no</occluded>
    <date></date>
    <id>4</id>
    <parts>
      <hasparts></hasparts>
      <ispartof></ispartof>
    </parts>
    <polygon>
      <pt>
        <x>771.35</x>
        <y>429.74</y>
      </pt>
      <pt>
        <x>780.83</x>
        <y>429.74</y>
      </pt>
      <pt>
        <x>841.53</x>
        <y>406.03</y>
      </pt>
      <pt>
        <x>837.73</x>
        <y>403.18</y>
      </pt>
      <username></username>
    </polygon>
    <attributes></attributes>
  </object>
  <object>
    <name>lane</name>
    <deleted>0</deleted>
    <verified>0</verified>
    <occluded>no</occluded>
    <date></date>
    <id>5</id>
    <parts>
      <hasparts></hasparts>
      <ispartof></ispartof>
    </parts>
    <polygon>
      <pt>
        <x>398.44</x>
        <y>1178.05</y>
      </pt>
      <pt>
        <x>452.25</x>
        <y>1163.89</y>
      </pt>
      <pt>
        <x>650.50</x>
        <y>1837.90</y>
      </pt>
      <pt>
        <x>591.00</x>
        <y>1874.70</y>
      </pt>
      <username></username>
    </polygon>
    <attributes></attributes>
  </object>
</annotation>
