<annotation>
  <filename>image_834.jpg</filename>
  <folder></folder>
  <source>
    <sourceImage></sourceImage>
    <sourceAnnotation>Datumaro</sourceAnnotation>
  </source>
  <imagesize>
    <nrows>1920</nrows>
    <ncols>1080</ncols>
  </imagesize>
  <object>
    <name>lane</name>
    <deleted>0</deleted>
    <verified>0</verified>
    <occluded>no</occluded>
    <date></date>
    <id>0</id>
    <parts>
      <hasparts></hasparts>
      <ispartof></ispartof>
    </parts>
    <polygon>
      <pt>
        <x>389.74</x>
        <y>1040.00</y>
      </pt>
      <pt>
        <x>475.79</x>
        <y>1040.00</y>
      </pt>
      <pt>
        <x>581.76</x>
        <y>1920.00</y>
      </pt>
      <pt>
        <x>435.93</x>
        <y>1920.00</y>
      </pt>
      <username></username>
    </polygon>
    <attributes></attributes>
  </object>
  <object>
    <name>lane</name>
    <deleted>0</deleted>
    <verified>0</verified>
    <occluded>no</occluded>
    <date></date>
    <id>1</id>
    <parts>
      <hasparts></hasparts>
      <ispartof></ispartof>
    </parts>
    <polygon>
      <pt>
        <x>348.89</x>
        <y>262.08</y>
      </pt>
      <pt>
        <x>392.63</x>
        <y>259.84</y>
      </pt>
      <pt>
        <x>417.31</x>
        <y>517.80</y>
      </pt>
      <pt>
        <x>358.99</x>
        <y>516.68</y>
      </pt>
      <username></username>
    </polygon>
    <attributes></attributes>
  </object>
</annotation>
