<annotation>
  <filename>image_2100.jpg</filename>
  <folder></folder>
  <source>
    <sourceImage></sourceImage>
    <sourceAnnotation>Datumaro</sourceAnnotation>
  </source>
  <imagesize>
    <nrows>1920</nrows>
    <ncols>1080</ncols>
  </imagesize>
  <object>
    <name>lane</name>
    <deleted>0</deleted>
    <verified>0</verified>
    <occluded>no</occluded>
    <date></date>
    <id>0</id>
    <parts>
      <hasparts></hasparts>
      <ispartof></ispartof>
    </parts>
    <polygon>
      <pt>
        <x>486.48</x>
        <y>807.86</y>
      </pt>
      <pt>
        <x>504.48</x>
        <y>792.83</y>
      </pt>
      <pt>
        <x>514.50</x>
        <y>792.37</y>
      </pt>
      <pt>
        <x>495.57</x>
        <y>809.00</y>
      </pt>
      <username></username>
    </polygon>
    <attributes></attributes>
  </object>
  <object>
    <name>lane</name>
    <deleted>0</deleted>
    <verified>0</verified>
    <occluded>no</occluded>
    <date></date>
    <id>1</id>
    <parts>
      <hasparts></hasparts>
      <ispartof></ispartof>
    </parts>
    <polygon>
      <pt>
        <x>522.52</x>
        <y>781.87</y>
      </pt>
      <pt>
        <x>537.28</x>
        <y>772.11</y>
      </pt>
      <pt>
        <x>543.61</x>
        <y>772.38</y>
      </pt>
      <pt>
        <x>529.50</x>
        <y>780.82</y>
      </pt>
      <username></username>
    </polygon>
    <attributes></attributes>
  </object>
  <object>
    <name>lane</name>
    <deleted>0</deleted>
    <verified>0</verified>
    <occluded>no</occluded>
    <date></date>
    <id>2</id>
    <parts>
      <hasparts></hasparts>
      <ispartof></ispartof>
    </parts>
    <polygon>
      <pt>
        <x>554.95</x>
        <y>764.47</y>
      </pt>
      <pt>
        <x>569.32</x>
        <y>758.40</y>
      </pt>
      <pt>
        <x>575.65</x>
        <y>757.74</y>
      </pt>
      <pt>
        <x>562.20</x>
        <y>764.47</y>
      </pt>
      <username></username>
    </polygon>
    <attributes></attributes>
  </object>
  <object>
    <name>lane</name>
    <deleted>0</deleted>
    <verified>0</verified>
    <occluded>no</occluded>
    <date></date>
    <id>3</id>
    <parts>
      <hasparts></hasparts>
      <ispartof></ispartof>
    </parts>
    <polygon>
      <pt>
        <x>419.45</x>
        <y>1097.12</y>
      </pt>
      <pt>
        <x>426.31</x>
        <y>1411.57</y>
      </pt>
      <pt>
        <x>480.19</x>
        <y>1416.46</y>
      </pt>
      <pt>
        <x>462.55</x>
        <y>1217.61</y>
      </pt>
      <pt>
        <x>453.74</x>
        <y>1099.08</y>
      </pt>
      <username></username>
    </polygon>
    <attributes></attributes>
  </object>
  <object>
    <name>lane</name>
    <deleted>0</deleted>
    <verified>0</verified>
    <occluded>no</occluded>
    <date></date>
    <id>4</id>
    <parts>
      <hasparts></hasparts>
      <ispartof></ispartof>
    </parts>
    <polygon>
      <pt>
        <x>446.40</x>
        <y>898.69</y>
      </pt>
      <pt>
        <x>430.26</x>
        <y>973.88</y>
      </pt>
      <pt>
        <x>453.88</x>
        <y>973.88</y>
      </pt>
      <pt>
        <x>464.12</x>
        <y>900.26</y>
      </pt>
      <username></username>
    </polygon>
    <attributes></attributes>
  </object>
  <object>
    <name>lane</name>
    <deleted>0</deleted>
    <verified>0</verified>
    <occluded>no</occluded>
    <date></date>
    <id>5</id>
    <parts>
      <hasparts></hasparts>
      <ispartof></ispartof>
    </parts>
    <polygon>
      <pt>
        <x>471.65</x>
        <y>829.05</y>
      </pt>
      <pt>
        <x>464.61</x>
        <y>843.18</y>
      </pt>
      <pt>
        <x>458.69</x>
        <y>858.44</y>
      </pt>
      <pt>
        <x>472.81</x>
        <y>860.49</y>
      </pt>
      <pt>
        <x>474.84</x>
        <y>845.45</y>
      </pt>
      <pt>
        <x>482.61</x>
        <y>830.65</y>
      </pt>
      <username></username>
    </polygon>
    <attributes></attributes>
  </object>
  <object>
    <name>lane</name>
    <deleted>0</deleted>
    <verified>0</verified>
    <occluded>no</occluded>
    <date></date>
    <id>6</id>
    <parts>
      <hasparts></hasparts>
      <ispartof></ispartof>
    </parts>
    <polygon>
      <pt>
        <x>588.59</x>
        <y>751.61</y>
      </pt>
      <pt>
        <x>592.05</x>
        <y>753.24</y>
      </pt>
      <pt>
        <x>609.97</x>
        <y>748.56</y>
      </pt>
      <pt>
        <x>607.73</x>
        <y>747.34</y>
      </pt>
      <username></username>
    </polygon>
    <attributes></attributes>
  </object>
  <object>
    <name>lane</name>
    <deleted>0</deleted>
    <verified>0</verified>
    <occluded>no</occluded>
    <date></date>
    <id>7</id>
    <parts>
      <hasparts></hasparts>
      <ispartof></ispartof>
    </parts>
    <polygon>
      <pt>
        <x>660.67</x>
        <y>735.73</y>
      </pt>
      <pt>
        <x>663.52</x>
        <y>736.95</y>
      </pt>
      <pt>
        <x>676.15</x>
        <y>734.51</y>
      </pt>
      <pt>
        <x>675.33</x>
        <y>733.69</y>
      </pt>
      <username></username>
    </polygon>
    <attributes></attributes>
  </object>
  <object>
    <name>lane</name>
    <deleted>0</deleted>
    <verified>0</verified>
    <occluded>no</occluded>
    <date></date>
    <id>8</id>
    <parts>
      <hasparts></hasparts>
      <ispartof></ispartof>
    </parts>
    <polygon>
      <pt>
        <x>624.02</x>
        <y>743.26</y>
      </pt>
      <pt>
        <x>626.67</x>
        <y>744.48</y>
      </pt>
      <pt>
        <x>645.40</x>
        <y>740.82</y>
      </pt>
      <pt>
        <x>644.79</x>
        <y>740.00</y>
      </pt>
      <username></username>
    </polygon>
    <attributes></attributes>
  </object>
</annotation>
