<annotation>
  <filename>image_1105.jpg</filename>
  <folder></folder>
  <source>
    <sourceImage></sourceImage>
    <sourceAnnotation>Datumaro</sourceAnnotation>
  </source>
  <imagesize>
    <nrows>1920</nrows>
    <ncols>1080</ncols>
  </imagesize>
  <object>
    <name>lane</name>
    <deleted>0</deleted>
    <verified>0</verified>
    <occluded>no</occluded>
    <date></date>
    <id>0</id>
    <parts>
      <hasparts></hasparts>
      <ispartof></ispartof>
    </parts>
    <type>bounding_box</type>
    <polygon>
      <pt>
        <x>498.18</x>
        <y>259.54</y>
      </pt>
      <pt>
        <x>514.54</x>
        <y>259.54</y>
      </pt>
      <pt>
        <x>514.54</x>
        <y>293.81</y>
      </pt>
      <pt>
        <x>498.18</x>
        <y>293.81</y>
      </pt>
      <username></username>
    </polygon>
    <attributes>rotation=0.0</attributes>
  </object>
  <object>
    <name>lane</name>
    <deleted>0</deleted>
    <verified>0</verified>
    <occluded>no</occluded>
    <date></date>
    <id>1</id>
    <parts>
      <hasparts></hasparts>
      <ispartof></ispartof>
    </parts>
    <type>bounding_box</type>
    <polygon>
      <pt>
        <x>489.91</x>
        <y>478.69</y>
      </pt>
      <pt>
        <x>520.19</x>
        <y>478.69</y>
      </pt>
      <pt>
        <x>520.19</x>
        <y>602.07</y>
      </pt>
      <pt>
        <x>489.91</x>
        <y>602.07</y>
      </pt>
      <username></username>
    </polygon>
    <attributes>rotation=0.0</attributes>
  </object>
  <object>
    <name>lane</name>
    <deleted>0</deleted>
    <verified>0</verified>
    <occluded>no</occluded>
    <date></date>
    <id>2</id>
    <parts>
      <hasparts></hasparts>
      <ispartof></ispartof>
    </parts>
    <type>bounding_box</type>
    <polygon>
      <pt>
        <x>476.53</x>
        <y>808.43</y>
      </pt>
      <pt>
        <x>533.06</x>
        <y>808.43</y>
      </pt>
      <pt>
        <x>533.06</x>
        <y>1250.95</y>
      </pt>
      <pt>
        <x>476.53</x>
        <y>1250.95</y>
      </pt>
      <username></username>
    </polygon>
    <attributes>rotation=0.0</attributes>
  </object>
  <object>
    <name>lane</name>
    <deleted>0</deleted>
    <verified>0</verified>
    <occluded>no</occluded>
    <date></date>
    <id>3</id>
    <parts>
      <hasparts></hasparts>
      <ispartof></ispartof>
    </parts>
    <type>bounding_box</type>
    <polygon>
      <pt>
        <x>499.71</x>
        <y>157.85</y>
      </pt>
      <pt>
        <x>510.68</x>
        <y>157.85</y>
      </pt>
      <pt>
        <x>510.68</x>
        <y>171.02</y>
      </pt>
      <pt>
        <x>499.71</x>
        <y>171.02</y>
      </pt>
      <username></username>
    </polygon>
    <attributes>rotation=0.0</attributes>
  </object>
  <object>
    <name>lane</name>
    <deleted>0</deleted>
    <verified>0</verified>
    <occluded>no</occluded>
    <date></date>
    <id>4</id>
    <parts>
      <hasparts></hasparts>
      <ispartof></ispartof>
    </parts>
    <type>bounding_box</type>
    <polygon>
      <pt>
        <x>499.71</x>
        <y>140.28</y>
      </pt>
      <pt>
        <x>510.68</x>
        <y>140.28</y>
      </pt>
      <pt>
        <x>510.68</x>
        <y>147.42</y>
      </pt>
      <pt>
        <x>499.71</x>
        <y>147.42</y>
      </pt>
      <username></username>
    </polygon>
    <attributes>rotation=0.0</attributes>
  </object>
  <object>
    <name>lane</name>
    <deleted>0</deleted>
    <verified>0</verified>
    <occluded>no</occluded>
    <date></date>
    <id>5</id>
    <parts>
      <hasparts></hasparts>
      <ispartof></ispartof>
    </parts>
    <type>bounding_box</type>
    <polygon>
      <pt>
        <x>500.26</x>
        <y>122.45</y>
      </pt>
      <pt>
        <x>509.86</x>
        <y>122.45</y>
      </pt>
      <pt>
        <x>509.86</x>
        <y>134.52</y>
      </pt>
      <pt>
        <x>500.26</x>
        <y>134.52</y>
      </pt>
      <username></username>
    </polygon>
    <attributes>rotation=0.0</attributes>
  </object>
  <object>
    <name>lane</name>
    <deleted>0</deleted>
    <verified>0</verified>
    <occluded>no</occluded>
    <date></date>
    <id>6</id>
    <parts>
      <hasparts></hasparts>
      <ispartof></ispartof>
    </parts>
    <type>bounding_box</type>
    <polygon>
      <pt>
        <x>502.07</x>
        <y>111.06</y>
      </pt>
      <pt>
        <x>510.57</x>
        <y>111.06</y>
      </pt>
      <pt>
        <x>510.57</x>
        <y>120.67</y>
      </pt>
      <pt>
        <x>502.07</x>
        <y>120.67</y>
      </pt>
      <username></username>
    </polygon>
    <attributes>rotation=0.0</attributes>
  </object>
  <object>
    <name>lane</name>
    <deleted>0</deleted>
    <verified>0</verified>
    <occluded>no</occluded>
    <date></date>
    <id>7</id>
    <parts>
      <hasparts></hasparts>
      <ispartof></ispartof>
    </parts>
    <type>bounding_box</type>
    <polygon>
      <pt>
        <x>500.52</x>
        <y>179.31</y>
      </pt>
      <pt>
        <x>512.20</x>
        <y>179.31</y>
      </pt>
      <pt>
        <x>512.20</x>
        <y>198.01</y>
      </pt>
      <pt>
        <x>500.52</x>
        <y>198.01</y>
      </pt>
      <username></username>
    </polygon>
    <attributes>rotation=0.0</attributes>
  </object>
  <object>
    <name>lane</name>
    <deleted>0</deleted>
    <verified>0</verified>
    <occluded>no</occluded>
    <date></date>
    <id>8</id>
    <parts>
      <hasparts></hasparts>
      <ispartof></ispartof>
    </parts>
    <type>bounding_box</type>
    <polygon>
      <pt>
        <x>500.52</x>
        <y>212.81</y>
      </pt>
      <pt>
        <x>512.20</x>
        <y>212.81</y>
      </pt>
      <pt>
        <x>512.20</x>
        <y>238.51</y>
      </pt>
      <pt>
        <x>500.52</x>
        <y>238.51</y>
      </pt>
      <username></username>
    </polygon>
    <attributes>rotation=0.0</attributes>
  </object>
  <object>
    <name>lane</name>
    <deleted>0</deleted>
    <verified>0</verified>
    <occluded>no</occluded>
    <date></date>
    <id>9</id>
    <parts>
      <hasparts></hasparts>
      <ispartof></ispartof>
    </parts>
    <type>bounding_box</type>
    <polygon>
      <pt>
        <x>495.14</x>
        <y>333.92</y>
      </pt>
      <pt>
        <x>516.95</x>
        <y>333.92</y>
      </pt>
      <pt>
        <x>516.95</x>
        <y>396.23</y>
      </pt>
      <pt>
        <x>495.14</x>
        <y>396.23</y>
      </pt>
      <username></username>
    </polygon>
    <attributes>rotation=0.0</attributes>
  </object>
</annotation>
