<annotation>
  <filename>image_1769.jpg</filename>
  <folder></folder>
  <source>
    <sourceImage></sourceImage>
    <sourceAnnotation>Datumaro</sourceAnnotation>
  </source>
  <imagesize>
    <nrows>1920</nrows>
    <ncols>1080</ncols>
  </imagesize>
  <object>
    <name>lane</name>
    <deleted>0</deleted>
    <verified>0</verified>
    <occluded>no</occluded>
    <date></date>
    <id>0</id>
    <parts>
      <hasparts></hasparts>
      <ispartof></ispartof>
    </parts>
    <polygon>
      <pt>
        <x>436.22</x>
        <y>749.46</y>
      </pt>
      <pt>
        <x>466.12</x>
        <y>750.98</y>
      </pt>
      <pt>
        <x>458.52</x>
        <y>603.02</y>
      </pt>
      <pt>
        <x>435.21</x>
        <y>601.50</y>
      </pt>
      <username></username>
    </polygon>
    <attributes></attributes>
  </object>
  <object>
    <name>lane</name>
    <deleted>0</deleted>
    <verified>0</verified>
    <occluded>no</occluded>
    <date></date>
    <id>1</id>
    <parts>
      <hasparts></hasparts>
      <ispartof></ispartof>
    </parts>
    <polygon>
      <pt>
        <x>437.74</x>
        <y>392.75</y>
      </pt>
      <pt>
        <x>445.85</x>
        <y>392.75</y>
      </pt>
      <pt>
        <x>444.84</x>
        <y>377.55</y>
      </pt>
      <pt>
        <x>436.73</x>
        <y>376.54</y>
      </pt>
      <username></username>
    </polygon>
    <attributes></attributes>
  </object>
  <object>
    <name>lane</name>
    <deleted>0</deleted>
    <verified>0</verified>
    <occluded>no</occluded>
    <date></date>
    <id>2</id>
    <parts>
      <hasparts></hasparts>
      <ispartof></ispartof>
    </parts>
    <polygon>
      <pt>
        <x>437.24</x>
        <y>352.21</y>
      </pt>
      <pt>
        <x>444.33</x>
        <y>352.72</y>
      </pt>
      <pt>
        <x>445.85</x>
        <y>363.87</y>
      </pt>
      <pt>
        <x>438.25</x>
        <y>363.87</y>
      </pt>
      <username></username>
    </polygon>
    <attributes></attributes>
  </object>
  <object>
    <name>lane</name>
    <deleted>0</deleted>
    <verified>0</verified>
    <occluded>no</occluded>
    <date></date>
    <id>3</id>
    <parts>
      <hasparts></hasparts>
      <ispartof></ispartof>
    </parts>
    <polygon>
      <pt>
        <x>414.84</x>
        <y>1913.14</y>
      </pt>
      <pt>
        <x>524.64</x>
        <y>1915.75</y>
      </pt>
      <pt>
        <x>485.43</x>
        <y>1102.68</y>
      </pt>
      <pt>
        <x>425.29</x>
        <y>1105.29</y>
      </pt>
      <username></username>
    </polygon>
    <attributes></attributes>
  </object>
  <object>
    <name>lane</name>
    <deleted>0</deleted>
    <verified>0</verified>
    <occluded>no</occluded>
    <date></date>
    <id>4</id>
    <parts>
      <hasparts></hasparts>
      <ispartof></ispartof>
    </parts>
    <polygon>
      <pt>
        <x>436.22</x>
        <y>437.84</y>
      </pt>
      <pt>
        <x>448.89</x>
        <y>439.87</y>
      </pt>
      <pt>
        <x>447.37</x>
        <y>413.02</y>
      </pt>
      <pt>
        <x>435.72</x>
        <y>412.00</y>
      </pt>
      <username></username>
    </polygon>
    <attributes></attributes>
  </object>
  <object>
    <name>lane</name>
    <deleted>0</deleted>
    <verified>0</verified>
    <occluded>no</occluded>
    <date></date>
    <id>5</id>
    <parts>
      <hasparts></hasparts>
      <ispartof></ispartof>
    </parts>
    <polygon>
      <pt>
        <x>560.29</x>
        <y>320.17</y>
      </pt>
      <pt>
        <x>565.62</x>
        <y>320.89</y>
      </pt>
      <pt>
        <x>597.58</x>
        <y>317.29</y>
      </pt>
      <pt>
        <x>593.26</x>
        <y>316.86</y>
      </pt>
      <username></username>
    </polygon>
    <attributes></attributes>
  </object>
  <object>
    <name>lane</name>
    <deleted>0</deleted>
    <verified>0</verified>
    <occluded>no</occluded>
    <date></date>
    <id>6</id>
    <parts>
      <hasparts></hasparts>
      <ispartof></ispartof>
    </parts>
    <polygon>
      <pt>
        <x>398.72</x>
        <y>336.73</y>
      </pt>
      <pt>
        <x>404.48</x>
        <y>335.86</y>
      </pt>
      <pt>
        <x>433.57</x>
        <y>343.06</y>
      </pt>
      <pt>
        <x>425.22</x>
        <y>343.64</y>
      </pt>
      <username></username>
    </polygon>
    <attributes></attributes>
  </object>
  <object>
    <name>lane</name>
    <deleted>0</deleted>
    <verified>0</verified>
    <occluded>no</occluded>
    <date></date>
    <id>7</id>
    <parts>
      <hasparts></hasparts>
      <ispartof></ispartof>
    </parts>
    <polygon>
      <pt>
        <x>444.08</x>
        <y>342.78</y>
      </pt>
      <pt>
        <x>449.12</x>
        <y>343.50</y>
      </pt>
      <pt>
        <x>465.82</x>
        <y>336.01</y>
      </pt>
      <pt>
        <x>460.50</x>
        <y>335.43</y>
      </pt>
      <username></username>
    </polygon>
    <attributes></attributes>
  </object>
  <object>
    <name>lane</name>
    <deleted>0</deleted>
    <verified>0</verified>
    <occluded>no</occluded>
    <date></date>
    <id>8</id>
    <parts>
      <hasparts></hasparts>
      <ispartof></ispartof>
    </parts>
    <polygon>
      <pt>
        <x>490.74</x>
        <y>329.38</y>
      </pt>
      <pt>
        <x>496.50</x>
        <y>330.82</y>
      </pt>
      <pt>
        <x>526.74</x>
        <y>326.07</y>
      </pt>
      <pt>
        <x>522.27</x>
        <y>324.78</y>
      </pt>
      <username></username>
    </polygon>
    <attributes></attributes>
  </object>
  <object>
    <name>lane</name>
    <deleted>0</deleted>
    <verified>0</verified>
    <occluded>no</occluded>
    <date></date>
    <id>9</id>
    <parts>
      <hasparts></hasparts>
      <ispartof></ispartof>
    </parts>
    <polygon>
      <pt>
        <x>436.73</x>
        <y>521.45</y>
      </pt>
      <pt>
        <x>453.45</x>
        <y>520.94</y>
      </pt>
      <pt>
        <x>451.42</x>
        <y>470.78</y>
      </pt>
      <pt>
        <x>437.24</x>
        <y>472.30</y>
      </pt>
      <username></username>
    </polygon>
    <attributes></attributes>
  </object>
</annotation>
