<annotation>
  <filename>image_775.jpg</filename>
  <folder></folder>
  <source>
    <sourceImage></sourceImage>
    <sourceAnnotation>Datumaro</sourceAnnotation>
  </source>
  <imagesize>
    <nrows>1920</nrows>
    <ncols>1080</ncols>
  </imagesize>
  <object>
    <name>lane</name>
    <deleted>0</deleted>
    <verified>0</verified>
    <occluded>no</occluded>
    <date></date>
    <id>0</id>
    <parts>
      <hasparts></hasparts>
      <ispartof></ispartof>
    </parts>
    <polygon>
      <pt>
        <x>281.80</x>
        <y>980.80</y>
      </pt>
      <pt>
        <x>346.12</x>
        <y>968.20</y>
      </pt>
      <pt>
        <x>402.90</x>
        <y>1211.50</y>
      </pt>
      <pt>
        <x>547.80</x>
        <y>1531.80</y>
      </pt>
      <pt>
        <x>457.07</x>
        <y>1572.12</y>
      </pt>
      <pt>
        <x>332.25</x>
        <y>1235.48</y>
      </pt>
      <username></username>
    </polygon>
    <attributes></attributes>
  </object>
  <object>
    <name>lane</name>
    <deleted>0</deleted>
    <verified>0</verified>
    <occluded>no</occluded>
    <date></date>
    <id>1</id>
    <parts>
      <hasparts></hasparts>
      <ispartof></ispartof>
    </parts>
    <polygon>
      <pt>
        <x>560.11</x>
        <y>430.60</y>
      </pt>
      <pt>
        <x>583.42</x>
        <y>430.60</y>
      </pt>
      <pt>
        <x>672.60</x>
        <y>376.90</y>
      </pt>
      <pt>
        <x>745.55</x>
        <y>337.88</y>
      </pt>
      <pt>
        <x>720.10</x>
        <y>338.40</y>
      </pt>
      <username></username>
    </polygon>
    <attributes></attributes>
  </object>
  <object>
    <name>lane</name>
    <deleted>0</deleted>
    <verified>0</verified>
    <occluded>no</occluded>
    <date></date>
    <id>2</id>
    <parts>
      <hasparts></hasparts>
      <ispartof></ispartof>
    </parts>
    <polygon>
      <pt>
        <x>1012.40</x>
        <y>219.60</y>
      </pt>
      <pt>
        <x>1028.23</x>
        <y>218.96</y>
      </pt>
      <pt>
        <x>902.37</x>
        <y>268.21</y>
      </pt>
      <pt>
        <x>889.00</x>
        <y>267.60</y>
      </pt>
      <username></username>
    </polygon>
    <attributes></attributes>
  </object>
  <object>
    <name>lane</name>
    <deleted>0</deleted>
    <verified>0</verified>
    <occluded>no</occluded>
    <date></date>
    <id>3</id>
    <parts>
      <hasparts></hasparts>
      <ispartof></ispartof>
    </parts>
    <polygon>
      <pt>
        <x>430.00</x>
        <y>539.10</y>
      </pt>
      <pt>
        <x>464.00</x>
        <y>538.00</y>
      </pt>
      <pt>
        <x>417.50</x>
        <y>616.30</y>
      </pt>
      <pt>
        <x>377.95</x>
        <y>707.50</y>
      </pt>
      <pt>
        <x>329.80</x>
        <y>712.10</y>
      </pt>
      <username></username>
    </polygon>
    <attributes></attributes>
  </object>
</annotation>
