<annotation>
  <filename>image_2557.jpg</filename>
  <folder></folder>
  <source>
    <sourceImage></sourceImage>
    <sourceAnnotation>Datumaro</sourceAnnotation>
  </source>
  <imagesize>
    <nrows>1920</nrows>
    <ncols>1080</ncols>
  </imagesize>
  <object>
    <name>lane</name>
    <deleted>0</deleted>
    <verified>0</verified>
    <occluded>no</occluded>
    <date></date>
    <id>0</id>
    <parts>
      <hasparts></hasparts>
      <ispartof></ispartof>
    </parts>
    <polygon>
      <pt>
        <x>332.32</x>
        <y>334.17</y>
      </pt>
      <pt>
        <x>336.14</x>
        <y>332.41</y>
      </pt>
      <pt>
        <x>363.41</x>
        <y>337.98</y>
      </pt>
      <pt>
        <x>388.89</x>
        <y>342.97</y>
      </pt>
      <pt>
        <x>381.58</x>
        <y>345.90</y>
      </pt>
      <pt>
        <x>343.14</x>
        <y>336.22</y>
      </pt>
      <username></username>
    </polygon>
    <attributes></attributes>
  </object>
  <object>
    <name>lane</name>
    <deleted>0</deleted>
    <verified>0</verified>
    <occluded>no</occluded>
    <date></date>
    <id>1</id>
    <parts>
      <hasparts></hasparts>
      <ispartof></ispartof>
    </parts>
    <polygon>
      <pt>
        <x>628.15</x>
        <y>342.67</y>
      </pt>
      <pt>
        <x>660.11</x>
        <y>338.28</y>
      </pt>
      <pt>
        <x>683.60</x>
        <y>334.17</y>
      </pt>
      <pt>
        <x>686.50</x>
        <y>337.40</y>
      </pt>
      <pt>
        <x>660.11</x>
        <y>340.62</y>
      </pt>
      <pt>
        <x>631.12</x>
        <y>344.73</y>
      </pt>
      <username></username>
    </polygon>
    <attributes></attributes>
  </object>
  <object>
    <name>lane</name>
    <deleted>0</deleted>
    <verified>0</verified>
    <occluded>no</occluded>
    <date></date>
    <id>2</id>
    <parts>
      <hasparts></hasparts>
      <ispartof></ispartof>
    </parts>
    <polygon>
      <pt>
        <x>545.50</x>
        <y>362.61</y>
      </pt>
      <pt>
        <x>563.97</x>
        <y>353.82</y>
      </pt>
      <pt>
        <x>584.49</x>
        <y>349.42</y>
      </pt>
      <pt>
        <x>588.57</x>
        <y>352.35</y>
      </pt>
      <pt>
        <x>565.40</x>
        <y>355.87</y>
      </pt>
      <pt>
        <x>554.88</x>
        <y>363.49</y>
      </pt>
      <username></username>
    </polygon>
    <attributes></attributes>
  </object>
  <object>
    <name>lane</name>
    <deleted>0</deleted>
    <verified>0</verified>
    <occluded>no</occluded>
    <date></date>
    <id>3</id>
    <parts>
      <hasparts></hasparts>
      <ispartof></ispartof>
    </parts>
    <polygon>
      <pt>
        <x>423.19</x>
        <y>356.16</y>
      </pt>
      <pt>
        <x>430.26</x>
        <y>354.11</y>
      </pt>
      <pt>
        <x>448.12</x>
        <y>360.56</y>
      </pt>
      <pt>
        <x>475.12</x>
        <y>370.82</y>
      </pt>
      <pt>
        <x>464.86</x>
        <y>371.70</y>
      </pt>
      <pt>
        <x>438.47</x>
        <y>361.73</y>
      </pt>
      <username></username>
    </polygon>
    <attributes></attributes>
  </object>
  <object>
    <name>lane</name>
    <deleted>0</deleted>
    <verified>0</verified>
    <occluded>no</occluded>
    <date></date>
    <id>4</id>
    <parts>
      <hasparts></hasparts>
      <ispartof></ispartof>
    </parts>
    <type>bounding_box</type>
    <polygon>
      <pt>
        <x>519.27</x>
        <y>499.92</y>
      </pt>
      <pt>
        <x>540.13</x>
        <y>499.92</y>
      </pt>
      <pt>
        <x>540.13</x>
        <y>582.43</y>
      </pt>
      <pt>
        <x>519.27</x>
        <y>582.43</y>
      </pt>
      <username></username>
    </polygon>
    <attributes>rotation=0.0</attributes>
  </object>
  <object>
    <name>lane</name>
    <deleted>0</deleted>
    <verified>0</verified>
    <occluded>no</occluded>
    <date></date>
    <id>5</id>
    <parts>
      <hasparts></hasparts>
      <ispartof></ispartof>
    </parts>
    <polygon>
      <pt>
        <x>506.05</x>
        <y>784.42</y>
      </pt>
      <pt>
        <x>540.00</x>
        <y>781.60</y>
      </pt>
      <pt>
        <x>534.37</x>
        <y>1076.11</y>
      </pt>
      <pt>
        <x>491.89</x>
        <y>1081.77</y>
      </pt>
      <username></username>
    </polygon>
    <attributes></attributes>
  </object>
  <object>
    <name>lane</name>
    <deleted>0</deleted>
    <verified>0</verified>
    <occluded>no</occluded>
    <date></date>
    <id>6</id>
    <parts>
      <hasparts></hasparts>
      <ispartof></ispartof>
    </parts>
    <type>bounding_box</type>
    <polygon>
      <pt>
        <x>526.85</x>
        <y>394.65</y>
      </pt>
      <pt>
        <x>538.23</x>
        <y>394.65</y>
      </pt>
      <pt>
        <x>538.23</x>
        <y>423.10</y>
      </pt>
      <pt>
        <x>526.85</x>
        <y>423.10</y>
      </pt>
      <username></username>
    </polygon>
    <attributes>rotation=0.0</attributes>
  </object>
</annotation>
