<annotation>
  <filename>image_1945.jpg</filename>
  <folder></folder>
  <source>
    <sourceImage></sourceImage>
    <sourceAnnotation>Datumaro</sourceAnnotation>
  </source>
  <imagesize>
    <nrows>1920</nrows>
    <ncols>1080</ncols>
  </imagesize>
  <object>
    <name>lane</name>
    <deleted>0</deleted>
    <verified>0</verified>
    <occluded>no</occluded>
    <date></date>
    <id>0</id>
    <parts>
      <hasparts></hasparts>
      <ispartof></ispartof>
    </parts>
    <polygon>
      <pt>
        <x>427.79</x>
        <y>1916.94</y>
      </pt>
      <pt>
        <x>440.57</x>
        <y>1521.03</y>
      </pt>
      <pt>
        <x>457.59</x>
        <y>1135.76</y>
      </pt>
      <pt>
        <x>519.32</x>
        <y>1131.50</y>
      </pt>
      <pt>
        <x>521.45</x>
        <y>1533.80</y>
      </pt>
      <pt>
        <x>525.70</x>
        <y>1920.00</y>
      </pt>
      <pt>
        <x>498.19</x>
        <y>1920.00</y>
      </pt>
      <username></username>
    </polygon>
    <attributes></attributes>
  </object>
  <object>
    <name>lane</name>
    <deleted>0</deleted>
    <verified>0</verified>
    <occluded>no</occluded>
    <date></date>
    <id>1</id>
    <parts>
      <hasparts></hasparts>
      <ispartof></ispartof>
    </parts>
    <polygon>
      <pt>
        <x>479.06</x>
        <y>707.15</y>
      </pt>
      <pt>
        <x>481.11</x>
        <y>614.76</y>
      </pt>
      <pt>
        <x>481.11</x>
        <y>538.80</y>
      </pt>
      <pt>
        <x>506.77</x>
        <y>539.83</y>
      </pt>
      <pt>
        <x>506.77</x>
        <y>619.89</y>
      </pt>
      <pt>
        <x>509.85</x>
        <y>705.09</y>
      </pt>
      <username></username>
    </polygon>
    <attributes></attributes>
  </object>
  <object>
    <name>lane</name>
    <deleted>0</deleted>
    <verified>0</verified>
    <occluded>no</occluded>
    <date></date>
    <id>2</id>
    <parts>
      <hasparts></hasparts>
      <ispartof></ispartof>
    </parts>
    <polygon>
      <pt>
        <x>489.03</x>
        <y>450.32</y>
      </pt>
      <pt>
        <x>489.03</x>
        <y>419.13</y>
      </pt>
      <pt>
        <x>488.53</x>
        <y>392.40</y>
      </pt>
      <pt>
        <x>502.89</x>
        <y>391.41</y>
      </pt>
      <pt>
        <x>503.88</x>
        <y>419.13</y>
      </pt>
      <pt>
        <x>505.37</x>
        <y>446.36</y>
      </pt>
      <username></username>
    </polygon>
    <attributes></attributes>
  </object>
  <object>
    <name>lane</name>
    <deleted>0</deleted>
    <verified>0</verified>
    <occluded>no</occluded>
    <date></date>
    <id>3</id>
    <parts>
      <hasparts></hasparts>
      <ispartof></ispartof>
    </parts>
    <type>bounding_box</type>
    <polygon>
      <pt>
        <x>494.88</x>
        <y>261.47</y>
      </pt>
      <pt>
        <x>501.21</x>
        <y>261.47</y>
      </pt>
      <pt>
        <x>501.21</x>
        <y>271.60</y>
      </pt>
      <pt>
        <x>494.88</x>
        <y>271.60</y>
      </pt>
      <username></username>
    </polygon>
    <attributes>rotation=0.0</attributes>
  </object>
  <object>
    <name>lane</name>
    <deleted>0</deleted>
    <verified>0</verified>
    <occluded>no</occluded>
    <date></date>
    <id>4</id>
    <parts>
      <hasparts></hasparts>
      <ispartof></ispartof>
    </parts>
    <type>bounding_box</type>
    <polygon>
      <pt>
        <x>496.99</x>
        <y>231.07</y>
      </pt>
      <pt>
        <x>500.79</x>
        <y>231.07</y>
      </pt>
      <pt>
        <x>500.79</x>
        <y>236.13</y>
      </pt>
      <pt>
        <x>496.99</x>
        <y>236.13</y>
      </pt>
      <username></username>
    </polygon>
    <attributes>rotation=0.0</attributes>
  </object>
  <object>
    <name>lane</name>
    <deleted>0</deleted>
    <verified>0</verified>
    <occluded>no</occluded>
    <date></date>
    <id>5</id>
    <parts>
      <hasparts></hasparts>
      <ispartof></ispartof>
    </parts>
    <type>bounding_box</type>
    <polygon>
      <pt>
        <x>492.77</x>
        <y>325.65</y>
      </pt>
      <pt>
        <x>502.06</x>
        <y>325.65</y>
      </pt>
      <pt>
        <x>502.06</x>
        <y>352.25</y>
      </pt>
      <pt>
        <x>492.77</x>
        <y>352.25</y>
      </pt>
      <username></username>
    </polygon>
    <attributes>rotation=0.0</attributes>
  </object>
  <object>
    <name>lane</name>
    <deleted>0</deleted>
    <verified>0</verified>
    <occluded>no</occluded>
    <date></date>
    <id>6</id>
    <parts>
      <hasparts></hasparts>
      <ispartof></ispartof>
    </parts>
    <type>bounding_box</type>
    <polygon>
      <pt>
        <x>494.46</x>
        <y>285.53</y>
      </pt>
      <pt>
        <x>501.63</x>
        <y>285.53</y>
      </pt>
      <pt>
        <x>501.63</x>
        <y>305.80</y>
      </pt>
      <pt>
        <x>494.46</x>
        <y>305.80</y>
      </pt>
      <username></username>
    </polygon>
    <attributes>rotation=0.0</attributes>
  </object>
  <object>
    <name>lane</name>
    <deleted>0</deleted>
    <verified>0</verified>
    <occluded>no</occluded>
    <date></date>
    <id>7</id>
    <parts>
      <hasparts></hasparts>
      <ispartof></ispartof>
    </parts>
    <type>bounding_box</type>
    <polygon>
      <pt>
        <x>496.57</x>
        <y>244.58</y>
      </pt>
      <pt>
        <x>500.79</x>
        <y>244.58</y>
      </pt>
      <pt>
        <x>500.79</x>
        <y>250.49</y>
      </pt>
      <pt>
        <x>496.57</x>
        <y>250.49</y>
      </pt>
      <username></username>
    </polygon>
    <attributes>rotation=0.0</attributes>
  </object>
</annotation>
