<annotation>
  <filename>image_214.jpg</filename>
  <folder></folder>
  <source>
    <sourceImage></sourceImage>
    <sourceAnnotation>Datumaro</sourceAnnotation>
  </source>
  <imagesize>
    <nrows>1920</nrows>
    <ncols>1080</ncols>
  </imagesize>
  <object>
    <name>lane</name>
    <deleted>0</deleted>
    <verified>0</verified>
    <occluded>no</occluded>
    <date></date>
    <id>0</id>
    <parts>
      <hasparts></hasparts>
      <ispartof></ispartof>
    </parts>
    <polygon>
      <pt>
        <x>497.70</x>
        <y>1016.80</y>
      </pt>
      <pt>
        <x>514.30</x>
        <y>1615.84</y>
      </pt>
      <pt>
        <x>527.24</x>
        <y>1915.35</y>
      </pt>
      <pt>
        <x>598.14</x>
        <y>1920.00</y>
      </pt>
      <pt>
        <x>639.78</x>
        <y>1920.00</y>
      </pt>
      <pt>
        <x>562.40</x>
        <y>1236.80</y>
      </pt>
      <pt>
        <x>549.43</x>
        <y>1016.81</y>
      </pt>
      <username></username>
    </polygon>
    <attributes></attributes>
  </object>
  <object>
    <name>lane</name>
    <deleted>0</deleted>
    <verified>0</verified>
    <occluded>no</occluded>
    <date></date>
    <id>1</id>
    <parts>
      <hasparts></hasparts>
      <ispartof></ispartof>
    </parts>
    <polygon>
      <pt>
        <x>411.29</x>
        <y>438.70</y>
      </pt>
      <pt>
        <x>425.98</x>
        <y>467.37</y>
      </pt>
      <pt>
        <x>437.09</x>
        <y>465.93</y>
      </pt>
      <pt>
        <x>418.46</x>
        <y>440.49</y>
      </pt>
      <username></username>
    </polygon>
    <attributes></attributes>
  </object>
  <object>
    <name>lane</name>
    <deleted>0</deleted>
    <verified>0</verified>
    <occluded>no</occluded>
    <date></date>
    <id>2</id>
    <parts>
      <hasparts></hasparts>
      <ispartof></ispartof>
    </parts>
    <polygon>
      <pt>
        <x>438.16</x>
        <y>494.24</y>
      </pt>
      <pt>
        <x>456.08</x>
        <y>547.99</y>
      </pt>
      <pt>
        <x>472.56</x>
        <y>547.99</y>
      </pt>
      <pt>
        <x>450.35</x>
        <y>492.45</y>
      </pt>
      <username></username>
    </polygon>
    <attributes></attributes>
  </object>
  <object>
    <name>lane</name>
    <deleted>0</deleted>
    <verified>0</verified>
    <occluded>no</occluded>
    <date></date>
    <id>3</id>
    <parts>
      <hasparts></hasparts>
      <ispartof></ispartof>
    </parts>
    <polygon>
      <pt>
        <x>486.17</x>
        <y>746.40</y>
      </pt>
      <pt>
        <x>465.96</x>
        <y>613.10</y>
      </pt>
      <pt>
        <x>487.89</x>
        <y>613.10</y>
      </pt>
      <pt>
        <x>514.12</x>
        <y>743.39</y>
      </pt>
      <username></username>
    </polygon>
    <attributes></attributes>
  </object>
</annotation>
