<annotation>
  <filename>image_1932.jpg</filename>
  <folder></folder>
  <source>
    <sourceImage></sourceImage>
    <sourceAnnotation>Datumaro</sourceAnnotation>
  </source>
  <imagesize>
    <nrows>1920</nrows>
    <ncols>1080</ncols>
  </imagesize>
  <object>
    <name>lane</name>
    <deleted>0</deleted>
    <verified>0</verified>
    <occluded>no</occluded>
    <date></date>
    <id>0</id>
    <parts>
      <hasparts></hasparts>
      <ispartof></ispartof>
    </parts>
    <polygon>
      <pt>
        <x>0.00</x>
        <y>1760.27</y>
      </pt>
      <pt>
        <x>1072.76</x>
        <y>1732.68</y>
      </pt>
      <pt>
        <x>1072.76</x>
        <y>1634.60</y>
      </pt>
      <pt>
        <x>514.90</x>
        <y>1656.05</y>
      </pt>
      <pt>
        <x>171.61</x>
        <y>1659.12</y>
      </pt>
      <pt>
        <x>3.03</x>
        <y>1671.38</y>
      </pt>
      <pt>
        <x>0.00</x>
        <y>1759.16</y>
      </pt>
      <username></username>
    </polygon>
    <attributes></attributes>
  </object>
  <object>
    <name>lane</name>
    <deleted>0</deleted>
    <verified>0</verified>
    <occluded>no</occluded>
    <date></date>
    <id>1</id>
    <parts>
      <hasparts></hasparts>
      <ispartof></ispartof>
    </parts>
    <polygon>
      <pt>
        <x>467.12</x>
        <y>690.04</y>
      </pt>
      <pt>
        <x>497.91</x>
        <y>694.32</y>
      </pt>
      <pt>
        <x>495.34</x>
        <y>623.32</y>
      </pt>
      <pt>
        <x>493.63</x>
        <y>556.59</y>
      </pt>
      <pt>
        <x>472.25</x>
        <y>554.88</y>
      </pt>
      <pt>
        <x>470.54</x>
        <y>620.75</y>
      </pt>
      <username></username>
    </polygon>
    <attributes></attributes>
  </object>
  <object>
    <name>lane</name>
    <deleted>0</deleted>
    <verified>0</verified>
    <occluded>no</occluded>
    <date></date>
    <id>2</id>
    <parts>
      <hasparts></hasparts>
      <ispartof></ispartof>
    </parts>
    <polygon>
      <pt>
        <x>476.80</x>
        <y>471.60</y>
      </pt>
      <pt>
        <x>493.63</x>
        <y>473.58</y>
      </pt>
      <pt>
        <x>491.65</x>
        <y>448.34</y>
      </pt>
      <pt>
        <x>492.64</x>
        <y>423.59</y>
      </pt>
      <pt>
        <x>476.31</x>
        <y>422.60</y>
      </pt>
      <pt>
        <x>477.30</x>
        <y>448.34</y>
      </pt>
      <username></username>
    </polygon>
    <attributes></attributes>
  </object>
  <object>
    <name>lane</name>
    <deleted>0</deleted>
    <verified>0</verified>
    <occluded>no</occluded>
    <date></date>
    <id>3</id>
    <parts>
      <hasparts></hasparts>
      <ispartof></ispartof>
    </parts>
    <polygon>
      <pt>
        <x>479.50</x>
        <y>385.23</y>
      </pt>
      <pt>
        <x>490.15</x>
        <y>385.23</y>
      </pt>
      <pt>
        <x>489.12</x>
        <y>371.83</y>
      </pt>
      <pt>
        <x>488.78</x>
        <y>358.76</y>
      </pt>
      <pt>
        <x>480.53</x>
        <y>358.76</y>
      </pt>
      <pt>
        <x>480.53</x>
        <y>370.11</y>
      </pt>
      <username></username>
    </polygon>
    <attributes></attributes>
  </object>
  <object>
    <name>lane</name>
    <deleted>0</deleted>
    <verified>0</verified>
    <occluded>no</occluded>
    <date></date>
    <id>4</id>
    <parts>
      <hasparts></hasparts>
      <ispartof></ispartof>
    </parts>
    <polygon>
      <pt>
        <x>505.69</x>
        <y>1920.00</y>
      </pt>
      <pt>
        <x>502.64</x>
        <y>1444.56</y>
      </pt>
      <pt>
        <x>505.71</x>
        <y>1021.57</y>
      </pt>
      <pt>
        <x>450.54</x>
        <y>1021.57</y>
      </pt>
      <pt>
        <x>441.34</x>
        <y>1343.41</y>
      </pt>
      <pt>
        <x>420.32</x>
        <y>1920.00</y>
      </pt>
      <username></username>
    </polygon>
    <attributes></attributes>
  </object>
  <object>
    <name>lane</name>
    <deleted>0</deleted>
    <verified>0</verified>
    <occluded>no</occluded>
    <date></date>
    <id>5</id>
    <parts>
      <hasparts></hasparts>
      <ispartof></ispartof>
    </parts>
    <polygon>
      <pt>
        <x>481.97</x>
        <y>323.32</y>
      </pt>
      <pt>
        <x>489.44</x>
        <y>324.57</y>
      </pt>
      <pt>
        <x>489.03</x>
        <y>339.08</y>
      </pt>
      <pt>
        <x>481.15</x>
        <y>338.88</y>
      </pt>
      <username></username>
    </polygon>
    <attributes></attributes>
  </object>
  <object>
    <name>lane</name>
    <deleted>0</deleted>
    <verified>0</verified>
    <occluded>no</occluded>
    <date></date>
    <id>6</id>
    <parts>
      <hasparts></hasparts>
      <ispartof></ispartof>
    </parts>
    <polygon>
      <pt>
        <x>483.58</x>
        <y>275.37</y>
      </pt>
      <pt>
        <x>483.46</x>
        <y>270.45</y>
      </pt>
      <pt>
        <x>486.46</x>
        <y>270.45</y>
      </pt>
      <pt>
        <x>486.82</x>
        <y>275.01</y>
      </pt>
      <username></username>
    </polygon>
    <attributes></attributes>
  </object>
  <object>
    <name>lane</name>
    <deleted>0</deleted>
    <verified>0</verified>
    <occluded>no</occluded>
    <date></date>
    <id>7</id>
    <parts>
      <hasparts></hasparts>
      <ispartof></ispartof>
    </parts>
    <polygon>
      <pt>
        <x>482.60</x>
        <y>282.47</y>
      </pt>
      <pt>
        <x>487.57</x>
        <y>281.64</y>
      </pt>
      <pt>
        <x>487.78</x>
        <y>290.15</y>
      </pt>
      <pt>
        <x>483.63</x>
        <y>289.73</y>
      </pt>
      <username></username>
    </polygon>
    <attributes></attributes>
  </object>
  <object>
    <name>lane</name>
    <deleted>0</deleted>
    <verified>0</verified>
    <occluded>no</occluded>
    <date></date>
    <id>8</id>
    <parts>
      <hasparts></hasparts>
      <ispartof></ispartof>
    </parts>
    <polygon>
      <pt>
        <x>483.58</x>
        <y>264.09</y>
      </pt>
      <pt>
        <x>483.10</x>
        <y>259.77</y>
      </pt>
      <pt>
        <x>486.10</x>
        <y>259.53</y>
      </pt>
      <pt>
        <x>486.70</x>
        <y>263.37</y>
      </pt>
      <username></username>
    </polygon>
    <attributes></attributes>
  </object>
  <object>
    <name>lane</name>
    <deleted>0</deleted>
    <verified>0</verified>
    <occluded>no</occluded>
    <date></date>
    <id>9</id>
    <parts>
      <hasparts></hasparts>
      <ispartof></ispartof>
    </parts>
    <polygon>
      <pt>
        <x>482.18</x>
        <y>299.27</y>
      </pt>
      <pt>
        <x>487.78</x>
        <y>299.27</y>
      </pt>
      <pt>
        <x>489.03</x>
        <y>310.67</y>
      </pt>
      <pt>
        <x>482.60</x>
        <y>311.09</y>
      </pt>
      <username></username>
    </polygon>
    <attributes></attributes>
  </object>
</annotation>
