<annotation>
  <filename>image_21.jpg</filename>
  <folder></folder>
  <source>
    <sourceImage></sourceImage>
    <sourceAnnotation>Datumaro</sourceAnnotation>
  </source>
  <imagesize>
    <nrows>1920</nrows>
    <ncols>1080</ncols>
  </imagesize>
  <object>
    <name>lane</name>
    <deleted>0</deleted>
    <verified>0</verified>
    <occluded>no</occluded>
    <date></date>
    <id>0</id>
    <parts>
      <hasparts></hasparts>
      <ispartof></ispartof>
    </parts>
    <polygon>
      <pt>
        <x>410.46</x>
        <y>643.22</y>
      </pt>
      <pt>
        <x>418.40</x>
        <y>730.52</y>
      </pt>
      <pt>
        <x>438.24</x>
        <y>731.65</y>
      </pt>
      <pt>
        <x>427.47</x>
        <y>643.79</y>
      </pt>
      <username></username>
    </polygon>
    <attributes></attributes>
  </object>
  <object>
    <name>lane</name>
    <deleted>0</deleted>
    <verified>0</verified>
    <occluded>no</occluded>
    <date></date>
    <id>1</id>
    <parts>
      <hasparts></hasparts>
      <ispartof></ispartof>
    </parts>
    <polygon>
      <pt>
        <x>424.08</x>
        <y>558.20</y>
      </pt>
      <pt>
        <x>414.74</x>
        <y>592.60</y>
      </pt>
      <pt>
        <x>427.73</x>
        <y>593.51</y>
      </pt>
      <pt>
        <x>435.93</x>
        <y>557.51</y>
      </pt>
      <username></username>
    </polygon>
    <attributes></attributes>
  </object>
  <object>
    <name>lane</name>
    <deleted>0</deleted>
    <verified>0</verified>
    <occluded>no</occluded>
    <date></date>
    <id>2</id>
    <parts>
      <hasparts></hasparts>
      <ispartof></ispartof>
    </parts>
    <polygon>
      <pt>
        <x>452.58</x>
        <y>509.52</y>
      </pt>
      <pt>
        <x>460.62</x>
        <y>510.18</y>
      </pt>
      <pt>
        <x>446.91</x>
        <y>533.50</y>
      </pt>
      <pt>
        <x>435.83</x>
        <y>533.50</y>
      </pt>
      <username></username>
    </polygon>
    <attributes></attributes>
  </object>
  <object>
    <name>lane</name>
    <deleted>0</deleted>
    <verified>0</verified>
    <occluded>no</occluded>
    <date></date>
    <id>3</id>
    <parts>
      <hasparts></hasparts>
      <ispartof></ispartof>
    </parts>
    <polygon>
      <pt>
        <x>441.23</x>
        <y>887.67</y>
      </pt>
      <pt>
        <x>553.88</x>
        <y>1260.73</y>
      </pt>
      <pt>
        <x>602.04</x>
        <y>1250.93</y>
      </pt>
      <pt>
        <x>478.78</x>
        <y>886.86</y>
      </pt>
      <username></username>
    </polygon>
    <attributes></attributes>
  </object>
</annotation>
