<annotation>
  <filename>image_2566.jpg</filename>
  <folder></folder>
  <source>
    <sourceImage></sourceImage>
    <sourceAnnotation>Datumaro</sourceAnnotation>
  </source>
  <imagesize>
    <nrows>1920</nrows>
    <ncols>1080</ncols>
  </imagesize>
  <object>
    <name>lane</name>
    <deleted>0</deleted>
    <verified>0</verified>
    <occluded>no</occluded>
    <date></date>
    <id>0</id>
    <parts>
      <hasparts></hasparts>
      <ispartof></ispartof>
    </parts>
    <polygon>
      <pt>
        <x>446.58</x>
        <y>1854.87</y>
      </pt>
      <pt>
        <x>446.58</x>
        <y>1914.34</y>
      </pt>
      <pt>
        <x>542.87</x>
        <y>1914.34</y>
      </pt>
      <pt>
        <x>542.87</x>
        <y>1860.53</y>
      </pt>
      <username></username>
    </polygon>
    <attributes></attributes>
  </object>
  <object>
    <name>lane</name>
    <deleted>0</deleted>
    <verified>0</verified>
    <occluded>no</occluded>
    <date></date>
    <id>1</id>
    <parts>
      <hasparts></hasparts>
      <ispartof></ispartof>
    </parts>
    <polygon>
      <pt>
        <x>1.55</x>
        <y>804.42</y>
      </pt>
      <pt>
        <x>1046.74</x>
        <y>842.24</y>
      </pt>
      <pt>
        <x>512.17</x>
        <y>833.42</y>
      </pt>
      <pt>
        <x>0.00</x>
        <y>815.89</y>
      </pt>
      <pt>
        <x>0.00</x>
        <y>815.13</y>
      </pt>
      <pt>
        <x>10.37</x>
        <y>813.25</y>
      </pt>
      <pt>
        <x>2.81</x>
        <y>813.25</y>
      </pt>
      <username></username>
    </polygon>
    <attributes></attributes>
  </object>
  <object>
    <name>lane</name>
    <deleted>0</deleted>
    <verified>0</verified>
    <occluded>no</occluded>
    <date></date>
    <id>2</id>
    <parts>
      <hasparts></hasparts>
      <ispartof></ispartof>
    </parts>
    <polygon>
      <pt>
        <x>514.47</x>
        <y>436.42</y>
      </pt>
      <pt>
        <x>535.58</x>
        <y>425.57</y>
      </pt>
      <pt>
        <x>551.42</x>
        <y>419.70</y>
      </pt>
      <pt>
        <x>562.56</x>
        <y>420.58</y>
      </pt>
      <pt>
        <x>540.86</x>
        <y>425.86</y>
      </pt>
      <pt>
        <x>518.87</x>
        <y>437.88</y>
      </pt>
      <username></username>
    </polygon>
    <attributes></attributes>
  </object>
  <object>
    <name>lane</name>
    <deleted>0</deleted>
    <verified>0</verified>
    <occluded>no</occluded>
    <date></date>
    <id>3</id>
    <parts>
      <hasparts></hasparts>
      <ispartof></ispartof>
    </parts>
    <polygon>
      <pt>
        <x>367.86</x>
        <y>427.33</y>
      </pt>
      <pt>
        <x>377.83</x>
        <y>425.57</y>
      </pt>
      <pt>
        <x>398.65</x>
        <y>436.12</y>
      </pt>
      <pt>
        <x>428.56</x>
        <y>448.73</y>
      </pt>
      <pt>
        <x>418.30</x>
        <y>450.78</y>
      </pt>
      <pt>
        <x>389.27</x>
        <y>437.00</y>
      </pt>
      <username></username>
    </polygon>
    <attributes></attributes>
  </object>
  <object>
    <name>lane</name>
    <deleted>0</deleted>
    <verified>0</verified>
    <occluded>no</occluded>
    <date></date>
    <id>4</id>
    <parts>
      <hasparts></hasparts>
      <ispartof></ispartof>
    </parts>
    <polygon>
      <pt>
        <x>268.75</x>
        <y>397.42</y>
      </pt>
      <pt>
        <x>272.57</x>
        <y>395.37</y>
      </pt>
      <pt>
        <x>300.71</x>
        <y>402.11</y>
      </pt>
      <pt>
        <x>329.16</x>
        <y>409.44</y>
      </pt>
      <pt>
        <x>320.65</x>
        <y>411.49</y>
      </pt>
      <pt>
        <x>304.23</x>
        <y>406.51</y>
      </pt>
      <username></username>
    </polygon>
    <attributes></attributes>
  </object>
  <object>
    <name>lane</name>
    <deleted>0</deleted>
    <verified>0</verified>
    <occluded>no</occluded>
    <date></date>
    <id>5</id>
    <parts>
      <hasparts></hasparts>
      <ispartof></ispartof>
    </parts>
    <type>bounding_box</type>
    <polygon>
      <pt>
        <x>489.80</x>
        <y>488.50</y>
      </pt>
      <pt>
        <x>502.65</x>
        <y>488.50</y>
      </pt>
      <pt>
        <x>502.65</x>
        <y>531.40</y>
      </pt>
      <pt>
        <x>489.80</x>
        <y>531.40</y>
      </pt>
      <username></username>
    </polygon>
    <attributes>rotation=0.0</attributes>
  </object>
  <object>
    <name>lane</name>
    <deleted>0</deleted>
    <verified>0</verified>
    <occluded>no</occluded>
    <date></date>
    <id>6</id>
    <parts>
      <hasparts></hasparts>
      <ispartof></ispartof>
    </parts>
    <polygon>
      <pt>
        <x>481.20</x>
        <y>686.00</y>
      </pt>
      <pt>
        <x>486.23</x>
        <y>909.03</y>
      </pt>
      <pt>
        <x>523.04</x>
        <y>906.19</y>
      </pt>
      <pt>
        <x>513.00</x>
        <y>689.70</y>
      </pt>
      <username></username>
    </polygon>
    <attributes></attributes>
  </object>
  <object>
    <name>lane</name>
    <deleted>0</deleted>
    <verified>0</verified>
    <occluded>no</occluded>
    <date></date>
    <id>7</id>
    <parts>
      <hasparts></hasparts>
      <ispartof></ispartof>
    </parts>
    <polygon>
      <pt>
        <x>608.60</x>
        <y>408.85</y>
      </pt>
      <pt>
        <x>640.85</x>
        <y>404.16</y>
      </pt>
      <pt>
        <x>666.65</x>
        <y>399.47</y>
      </pt>
      <pt>
        <x>671.34</x>
        <y>401.82</y>
      </pt>
      <pt>
        <x>643.20</x>
        <y>405.63</y>
      </pt>
      <pt>
        <x>613.87</x>
        <y>411.20</y>
      </pt>
      <username></username>
    </polygon>
    <attributes></attributes>
  </object>
</annotation>
