<annotation>
  <filename>image_2544.jpg</filename>
  <folder></folder>
  <source>
    <sourceImage></sourceImage>
    <sourceAnnotation>Datumaro</sourceAnnotation>
  </source>
  <imagesize>
    <nrows>1920</nrows>
    <ncols>1080</ncols>
  </imagesize>
  <object>
    <name>lane</name>
    <deleted>0</deleted>
    <verified>0</verified>
    <occluded>no</occluded>
    <date></date>
    <id>0</id>
    <parts>
      <hasparts></hasparts>
      <ispartof></ispartof>
    </parts>
    <type>bounding_box</type>
    <polygon>
      <pt>
        <x>444.34</x>
        <y>515.09</y>
      </pt>
      <pt>
        <x>454.78</x>
        <y>515.09</y>
      </pt>
      <pt>
        <x>454.78</x>
        <y>543.54</y>
      </pt>
      <pt>
        <x>444.34</x>
        <y>543.54</y>
      </pt>
      <username></username>
    </polygon>
    <attributes>rotation=0.0</attributes>
  </object>
  <object>
    <name>lane</name>
    <deleted>0</deleted>
    <verified>0</verified>
    <occluded>no</occluded>
    <date></date>
    <id>1</id>
    <parts>
      <hasparts></hasparts>
      <ispartof></ispartof>
    </parts>
    <polygon>
      <pt>
        <x>442.30</x>
        <y>777.40</y>
      </pt>
      <pt>
        <x>443.19</x>
        <y>1032.21</y>
      </pt>
      <pt>
        <x>485.66</x>
        <y>1032.21</y>
      </pt>
      <pt>
        <x>468.70</x>
        <y>780.20</y>
      </pt>
      <username></username>
    </polygon>
    <attributes></attributes>
  </object>
  <object>
    <name>lane</name>
    <deleted>0</deleted>
    <verified>0</verified>
    <occluded>no</occluded>
    <date></date>
    <id>2</id>
    <parts>
      <hasparts></hasparts>
      <ispartof></ispartof>
    </parts>
    <type>bounding_box</type>
    <polygon>
      <pt>
        <x>440.55</x>
        <y>588.12</y>
      </pt>
      <pt>
        <x>459.52</x>
        <y>588.12</y>
      </pt>
      <pt>
        <x>459.52</x>
        <y>657.35</y>
      </pt>
      <pt>
        <x>440.55</x>
        <y>657.35</y>
      </pt>
      <username></username>
    </polygon>
    <attributes>rotation=0.0</attributes>
  </object>
  <object>
    <name>lane</name>
    <deleted>0</deleted>
    <verified>0</verified>
    <occluded>no</occluded>
    <date></date>
    <id>3</id>
    <parts>
      <hasparts></hasparts>
      <ispartof></ispartof>
    </parts>
    <type>bounding_box</type>
    <polygon>
      <pt>
        <x>444.34</x>
        <y>469.57</y>
      </pt>
      <pt>
        <x>453.83</x>
        <y>469.57</y>
      </pt>
      <pt>
        <x>453.83</x>
        <y>494.23</y>
      </pt>
      <pt>
        <x>444.34</x>
        <y>494.23</y>
      </pt>
      <username></username>
    </polygon>
    <attributes>rotation=0.0</attributes>
  </object>
  <object>
    <name>lane</name>
    <deleted>0</deleted>
    <verified>0</verified>
    <occluded>no</occluded>
    <date></date>
    <id>4</id>
    <parts>
      <hasparts></hasparts>
      <ispartof></ispartof>
    </parts>
    <type>bounding_box</type>
    <polygon>
      <pt>
        <x>443.48</x>
        <y>449.76</y>
      </pt>
      <pt>
        <x>450.81</x>
        <y>449.76</y>
      </pt>
      <pt>
        <x>450.81</x>
        <y>457.38</y>
      </pt>
      <pt>
        <x>443.48</x>
        <y>457.38</y>
      </pt>
      <username></username>
    </polygon>
    <attributes>rotation=0.0</attributes>
  </object>
  <object>
    <name>lane</name>
    <deleted>0</deleted>
    <verified>0</verified>
    <occluded>no</occluded>
    <date></date>
    <id>5</id>
    <parts>
      <hasparts></hasparts>
      <ispartof></ispartof>
    </parts>
    <type>bounding_box</type>
    <polygon>
      <pt>
        <x>441.72</x>
        <y>410.76</y>
      </pt>
      <pt>
        <x>447.59</x>
        <y>410.76</y>
      </pt>
      <pt>
        <x>447.59</x>
        <y>416.04</y>
      </pt>
      <pt>
        <x>441.72</x>
        <y>416.04</y>
      </pt>
      <username></username>
    </polygon>
    <attributes>rotation=0.0</attributes>
  </object>
  <object>
    <name>lane</name>
    <deleted>0</deleted>
    <verified>0</verified>
    <occluded>no</occluded>
    <date></date>
    <id>6</id>
    <parts>
      <hasparts></hasparts>
      <ispartof></ispartof>
    </parts>
    <type>bounding_box</type>
    <polygon>
      <pt>
        <x>441.72</x>
        <y>426.59</y>
      </pt>
      <pt>
        <x>449.35</x>
        <y>426.59</y>
      </pt>
      <pt>
        <x>449.35</x>
        <y>431.29</y>
      </pt>
      <pt>
        <x>441.72</x>
        <y>431.29</y>
      </pt>
      <username></username>
    </polygon>
    <attributes>rotation=0.0</attributes>
  </object>
</annotation>
