<annotation>
  <filename>image_2269.jpg</filename>
  <folder></folder>
  <source>
    <sourceImage></sourceImage>
    <sourceAnnotation>Datumaro</sourceAnnotation>
  </source>
  <imagesize>
    <nrows>1920</nrows>
    <ncols>1080</ncols>
  </imagesize>
  <object>
    <name>lane</name>
    <deleted>0</deleted>
    <verified>0</verified>
    <occluded>no</occluded>
    <date></date>
    <id>0</id>
    <parts>
      <hasparts></hasparts>
      <ispartof></ispartof>
    </parts>
    <type>bounding_box</type>
    <polygon>
      <pt>
        <x>454.14</x>
        <y>263.31</y>
      </pt>
      <pt>
        <x>459.13</x>
        <y>263.31</y>
      </pt>
      <pt>
        <x>459.13</x>
        <y>268.31</y>
      </pt>
      <pt>
        <x>454.14</x>
        <y>268.31</y>
      </pt>
      <username></username>
    </polygon>
    <attributes>rotation=0.0</attributes>
  </object>
  <object>
    <name>lane</name>
    <deleted>0</deleted>
    <verified>0</verified>
    <occluded>no</occluded>
    <date></date>
    <id>1</id>
    <parts>
      <hasparts></hasparts>
      <ispartof></ispartof>
    </parts>
    <type>bounding_box</type>
    <polygon>
      <pt>
        <x>455.22</x>
        <y>271.13</y>
      </pt>
      <pt>
        <x>459.35</x>
        <y>271.13</y>
      </pt>
      <pt>
        <x>459.35</x>
        <y>276.57</y>
      </pt>
      <pt>
        <x>455.22</x>
        <y>276.57</y>
      </pt>
      <username></username>
    </polygon>
    <attributes>rotation=0.0</attributes>
  </object>
  <object>
    <name>lane</name>
    <deleted>0</deleted>
    <verified>0</verified>
    <occluded>no</occluded>
    <date></date>
    <id>2</id>
    <parts>
      <hasparts></hasparts>
      <ispartof></ispartof>
    </parts>
    <type>bounding_box</type>
    <polygon>
      <pt>
        <x>453.98</x>
        <y>291.95</y>
      </pt>
      <pt>
        <x>460.75</x>
        <y>291.95</y>
      </pt>
      <pt>
        <x>460.75</x>
        <y>301.86</y>
      </pt>
      <pt>
        <x>453.98</x>
        <y>301.86</y>
      </pt>
      <username></username>
    </polygon>
    <attributes>rotation=0.0</attributes>
  </object>
  <object>
    <name>lane</name>
    <deleted>0</deleted>
    <verified>0</verified>
    <occluded>no</occluded>
    <date></date>
    <id>3</id>
    <parts>
      <hasparts></hasparts>
      <ispartof></ispartof>
    </parts>
    <type>bounding_box</type>
    <polygon>
      <pt>
        <x>452.63</x>
        <y>383.45</y>
      </pt>
      <pt>
        <x>468.41</x>
        <y>383.45</y>
      </pt>
      <pt>
        <x>468.41</x>
        <y>420.41</y>
      </pt>
      <pt>
        <x>452.63</x>
        <y>420.41</y>
      </pt>
      <username></username>
    </polygon>
    <attributes>rotation=0.0</attributes>
  </object>
  <object>
    <name>lane</name>
    <deleted>0</deleted>
    <verified>0</verified>
    <occluded>no</occluded>
    <date></date>
    <id>4</id>
    <parts>
      <hasparts></hasparts>
      <ispartof></ispartof>
    </parts>
    <type>bounding_box</type>
    <polygon>
      <pt>
        <x>452.86</x>
        <y>280.68</y>
      </pt>
      <pt>
        <x>459.62</x>
        <y>280.68</y>
      </pt>
      <pt>
        <x>459.62</x>
        <y>289.24</y>
      </pt>
      <pt>
        <x>452.86</x>
        <y>289.24</y>
      </pt>
      <username></username>
    </polygon>
    <attributes>rotation=0.0</attributes>
  </object>
  <object>
    <name>lane</name>
    <deleted>0</deleted>
    <verified>0</verified>
    <occluded>no</occluded>
    <date></date>
    <id>5</id>
    <parts>
      <hasparts></hasparts>
      <ispartof></ispartof>
    </parts>
    <type>bounding_box</type>
    <polygon>
      <pt>
        <x>454.89</x>
        <y>336.12</y>
      </pt>
      <pt>
        <x>465.25</x>
        <y>336.12</y>
      </pt>
      <pt>
        <x>465.25</x>
        <y>359.56</y>
      </pt>
      <pt>
        <x>454.89</x>
        <y>359.56</y>
      </pt>
      <username></username>
    </polygon>
    <attributes>rotation=0.0</attributes>
  </object>
  <object>
    <name>lane</name>
    <deleted>0</deleted>
    <verified>0</verified>
    <occluded>no</occluded>
    <date></date>
    <id>6</id>
    <parts>
      <hasparts></hasparts>
      <ispartof></ispartof>
    </parts>
    <type>bounding_box</type>
    <polygon>
      <pt>
        <x>453.98</x>
        <y>310.43</y>
      </pt>
      <pt>
        <x>463.90</x>
        <y>310.43</y>
      </pt>
      <pt>
        <x>463.90</x>
        <y>324.40</y>
      </pt>
      <pt>
        <x>453.98</x>
        <y>324.40</y>
      </pt>
      <username></username>
    </polygon>
    <attributes>rotation=0.0</attributes>
  </object>
  <object>
    <name>lane</name>
    <deleted>0</deleted>
    <verified>0</verified>
    <occluded>no</occluded>
    <date></date>
    <id>7</id>
    <parts>
      <hasparts></hasparts>
      <ispartof></ispartof>
    </parts>
    <polygon>
      <pt>
        <x>450.00</x>
        <y>684.72</y>
      </pt>
      <pt>
        <x>450.00</x>
        <y>855.98</y>
      </pt>
      <pt>
        <x>453.16</x>
        <y>1023.03</y>
      </pt>
      <pt>
        <x>505.69</x>
        <y>1025.13</y>
      </pt>
      <pt>
        <x>495.18</x>
        <y>813.95</y>
      </pt>
      <pt>
        <x>485.73</x>
        <y>687.87</y>
      </pt>
      <username></username>
    </polygon>
    <attributes></attributes>
  </object>
  <object>
    <name>lane</name>
    <deleted>0</deleted>
    <verified>0</verified>
    <occluded>no</occluded>
    <date></date>
    <id>8</id>
    <parts>
      <hasparts></hasparts>
      <ispartof></ispartof>
    </parts>
    <polygon>
      <pt>
        <x>449.04</x>
        <y>466.06</y>
      </pt>
      <pt>
        <x>454.08</x>
        <y>512.71</y>
      </pt>
      <pt>
        <x>454.08</x>
        <y>545.49</y>
      </pt>
      <pt>
        <x>478.03</x>
        <y>549.27</y>
      </pt>
      <pt>
        <x>478.03</x>
        <y>505.14</y>
      </pt>
      <pt>
        <x>469.21</x>
        <y>468.58</y>
      </pt>
      <username></username>
    </polygon>
    <attributes></attributes>
  </object>
  <object>
    <name>lane</name>
    <deleted>0</deleted>
    <verified>0</verified>
    <occluded>no</occluded>
    <date></date>
    <id>9</id>
    <parts>
      <hasparts></hasparts>
      <ispartof></ispartof>
    </parts>
    <type>bounding_box</type>
    <polygon>
      <pt>
        <x>455.00</x>
        <y>257.44</y>
      </pt>
      <pt>
        <x>458.05</x>
        <y>257.44</y>
      </pt>
      <pt>
        <x>458.05</x>
        <y>260.92</y>
      </pt>
      <pt>
        <x>455.00</x>
        <y>260.92</y>
      </pt>
      <username></username>
    </polygon>
    <attributes>rotation=0.0</attributes>
  </object>
</annotation>
