<annotation>
  <filename>image_1200.jpg</filename>
  <folder></folder>
  <source>
    <sourceImage></sourceImage>
    <sourceAnnotation>Datumaro</sourceAnnotation>
  </source>
  <imagesize>
    <nrows>1920</nrows>
    <ncols>1080</ncols>
  </imagesize>
  <object>
    <name>lane</name>
    <deleted>0</deleted>
    <verified>0</verified>
    <occluded>no</occluded>
    <date></date>
    <id>0</id>
    <parts>
      <hasparts></hasparts>
      <ispartof></ispartof>
    </parts>
    <type>bounding_box</type>
    <polygon>
      <pt>
        <x>508.88</x>
        <y>288.70</y>
      </pt>
      <pt>
        <x>515.92</x>
        <y>288.70</y>
      </pt>
      <pt>
        <x>515.92</x>
        <y>291.93</y>
      </pt>
      <pt>
        <x>508.88</x>
        <y>291.93</y>
      </pt>
      <username></username>
    </polygon>
    <attributes>rotation=0.0</attributes>
  </object>
  <object>
    <name>lane</name>
    <deleted>0</deleted>
    <verified>0</verified>
    <occluded>no</occluded>
    <date></date>
    <id>1</id>
    <parts>
      <hasparts></hasparts>
      <ispartof></ispartof>
    </parts>
    <type>bounding_box</type>
    <polygon>
      <pt>
        <x>510.35</x>
        <y>277.27</y>
      </pt>
      <pt>
        <x>515.62</x>
        <y>277.27</y>
      </pt>
      <pt>
        <x>515.62</x>
        <y>282.84</y>
      </pt>
      <pt>
        <x>510.35</x>
        <y>282.84</y>
      </pt>
      <username></username>
    </polygon>
    <attributes>rotation=0.0</attributes>
  </object>
  <object>
    <name>lane</name>
    <deleted>0</deleted>
    <verified>0</verified>
    <occluded>no</occluded>
    <date></date>
    <id>2</id>
    <parts>
      <hasparts></hasparts>
      <ispartof></ispartof>
    </parts>
    <type>bounding_box</type>
    <polygon>
      <pt>
        <x>509.17</x>
        <y>269.06</y>
      </pt>
      <pt>
        <x>515.92</x>
        <y>269.06</y>
      </pt>
      <pt>
        <x>515.92</x>
        <y>273.45</y>
      </pt>
      <pt>
        <x>509.17</x>
        <y>273.45</y>
      </pt>
      <username></username>
    </polygon>
    <attributes>rotation=0.0</attributes>
  </object>
  <object>
    <name>lane</name>
    <deleted>0</deleted>
    <verified>0</verified>
    <occluded>no</occluded>
    <date></date>
    <id>3</id>
    <parts>
      <hasparts></hasparts>
      <ispartof></ispartof>
    </parts>
    <type>bounding_box</type>
    <polygon>
      <pt>
        <x>510.35</x>
        <y>262.61</y>
      </pt>
      <pt>
        <x>516.50</x>
        <y>262.61</y>
      </pt>
      <pt>
        <x>516.50</x>
        <y>266.12</y>
      </pt>
      <pt>
        <x>510.35</x>
        <y>266.12</y>
      </pt>
      <username></username>
    </polygon>
    <attributes>rotation=0.0</attributes>
  </object>
  <object>
    <name>lane</name>
    <deleted>0</deleted>
    <verified>0</verified>
    <occluded>no</occluded>
    <date></date>
    <id>4</id>
    <parts>
      <hasparts></hasparts>
      <ispartof></ispartof>
    </parts>
    <type>bounding_box</type>
    <polygon>
      <pt>
        <x>510.93</x>
        <y>256.45</y>
      </pt>
      <pt>
        <x>515.62</x>
        <y>256.45</y>
      </pt>
      <pt>
        <x>515.62</x>
        <y>259.67</y>
      </pt>
      <pt>
        <x>510.93</x>
        <y>259.67</y>
      </pt>
      <username></username>
    </polygon>
    <attributes>rotation=0.0</attributes>
  </object>
  <object>
    <name>lane</name>
    <deleted>0</deleted>
    <verified>0</verified>
    <occluded>no</occluded>
    <date></date>
    <id>5</id>
    <parts>
      <hasparts></hasparts>
      <ispartof></ispartof>
    </parts>
    <type>bounding_box</type>
    <polygon>
      <pt>
        <x>507.41</x>
        <y>297.21</y>
      </pt>
      <pt>
        <x>515.04</x>
        <y>297.21</y>
      </pt>
      <pt>
        <x>515.04</x>
        <y>304.83</y>
      </pt>
      <pt>
        <x>507.41</x>
        <y>304.83</y>
      </pt>
      <username></username>
    </polygon>
    <attributes>rotation=0.0</attributes>
  </object>
  <object>
    <name>lane</name>
    <deleted>0</deleted>
    <verified>0</verified>
    <occluded>no</occluded>
    <date></date>
    <id>6</id>
    <parts>
      <hasparts></hasparts>
      <ispartof></ispartof>
    </parts>
    <polygon>
      <pt>
        <x>505.95</x>
        <y>329.17</y>
      </pt>
      <pt>
        <x>505.66</x>
        <y>342.07</y>
      </pt>
      <pt>
        <x>517.38</x>
        <y>342.95</y>
      </pt>
      <pt>
        <x>516.80</x>
        <y>330.05</y>
      </pt>
      <username></username>
    </polygon>
    <attributes></attributes>
  </object>
  <object>
    <name>lane</name>
    <deleted>0</deleted>
    <verified>0</verified>
    <occluded>no</occluded>
    <date></date>
    <id>7</id>
    <parts>
      <hasparts></hasparts>
      <ispartof></ispartof>
    </parts>
    <type>bounding_box</type>
    <polygon>
      <pt>
        <x>507.71</x>
        <y>309.81</y>
      </pt>
      <pt>
        <x>517.38</x>
        <y>309.81</y>
      </pt>
      <pt>
        <x>517.38</x>
        <y>320.37</y>
      </pt>
      <pt>
        <x>507.71</x>
        <y>320.37</y>
      </pt>
      <username></username>
    </polygon>
    <attributes>rotation=0.0</attributes>
  </object>
  <object>
    <name>lane</name>
    <deleted>0</deleted>
    <verified>0</verified>
    <occluded>no</occluded>
    <date></date>
    <id>8</id>
    <parts>
      <hasparts></hasparts>
      <ispartof></ispartof>
    </parts>
    <type>bounding_box</type>
    <polygon>
      <pt>
        <x>502.62</x>
        <y>428.04</y>
      </pt>
      <pt>
        <x>515.71</x>
        <y>428.04</y>
      </pt>
      <pt>
        <x>515.71</x>
        <y>462.62</y>
      </pt>
      <pt>
        <x>502.62</x>
        <y>462.62</y>
      </pt>
      <username></username>
    </polygon>
    <attributes>rotation=0.0</attributes>
  </object>
  <object>
    <name>lane</name>
    <deleted>0</deleted>
    <verified>0</verified>
    <occluded>no</occluded>
    <date></date>
    <id>9</id>
    <parts>
      <hasparts></hasparts>
      <ispartof></ispartof>
    </parts>
    <type>bounding_box</type>
    <polygon>
      <pt>
        <x>498.88</x>
        <y>503.74</y>
      </pt>
      <pt>
        <x>520.38</x>
        <y>503.74</y>
      </pt>
      <pt>
        <x>520.38</x>
        <y>558.89</y>
      </pt>
      <pt>
        <x>498.88</x>
        <y>558.89</y>
      </pt>
      <username></username>
    </polygon>
    <attributes>rotation=0.0</attributes>
  </object>
  <object>
    <name>lane</name>
    <deleted>0</deleted>
    <verified>0</verified>
    <occluded>no</occluded>
    <date></date>
    <id>10</id>
    <parts>
      <hasparts></hasparts>
      <ispartof></ispartof>
    </parts>
    <type>bounding_box</type>
    <polygon>
      <pt>
        <x>491.41</x>
        <y>634.59</y>
      </pt>
      <pt>
        <x>522.25</x>
        <y>634.59</y>
      </pt>
      <pt>
        <x>522.25</x>
        <y>757.03</y>
      </pt>
      <pt>
        <x>491.41</x>
        <y>757.03</y>
      </pt>
      <username></username>
    </polygon>
    <attributes>rotation=0.0</attributes>
  </object>
  <object>
    <name>lane</name>
    <deleted>0</deleted>
    <verified>0</verified>
    <occluded>no</occluded>
    <date></date>
    <id>11</id>
    <parts>
      <hasparts></hasparts>
      <ispartof></ispartof>
    </parts>
    <type>bounding_box</type>
    <polygon>
      <pt>
        <x>503.56</x>
        <y>355.13</y>
      </pt>
      <pt>
        <x>519.44</x>
        <y>355.13</y>
      </pt>
      <pt>
        <x>519.44</x>
        <y>369.15</y>
      </pt>
      <pt>
        <x>503.56</x>
        <y>369.15</y>
      </pt>
      <username></username>
    </polygon>
    <attributes>rotation=0.0</attributes>
  </object>
  <object>
    <name>lane</name>
    <deleted>0</deleted>
    <verified>0</verified>
    <occluded>no</occluded>
    <date></date>
    <id>12</id>
    <parts>
      <hasparts></hasparts>
      <ispartof></ispartof>
    </parts>
    <polygon>
      <pt>
        <x>470.39</x>
        <y>961.05</y>
      </pt>
      <pt>
        <x>525.31</x>
        <y>961.05</y>
      </pt>
      <pt>
        <x>525.31</x>
        <y>1376.12</y>
      </pt>
      <pt>
        <x>449.40</x>
        <y>1377.73</y>
      </pt>
      <username></username>
    </polygon>
    <attributes></attributes>
  </object>
  <object>
    <name>lane</name>
    <deleted>0</deleted>
    <verified>0</verified>
    <occluded>no</occluded>
    <date></date>
    <id>13</id>
    <parts>
      <hasparts></hasparts>
      <ispartof></ispartof>
    </parts>
    <type>bounding_box</type>
    <polygon>
      <pt>
        <x>504.49</x>
        <y>385.04</y>
      </pt>
      <pt>
        <x>514.77</x>
        <y>385.04</y>
      </pt>
      <pt>
        <x>514.77</x>
        <y>406.54</y>
      </pt>
      <pt>
        <x>504.49</x>
        <y>406.54</y>
      </pt>
      <username></username>
    </polygon>
    <attributes>rotation=0.0</attributes>
  </object>
</annotation>
