<annotation>
  <filename>image_1967.jpg</filename>
  <folder></folder>
  <source>
    <sourceImage></sourceImage>
    <sourceAnnotation>Datumaro</sourceAnnotation>
  </source>
  <imagesize>
    <nrows>1920</nrows>
    <ncols>1080</ncols>
  </imagesize>
  <object>
    <name>lane</name>
    <deleted>0</deleted>
    <verified>0</verified>
    <occluded>no</occluded>
    <date></date>
    <id>0</id>
    <parts>
      <hasparts></hasparts>
      <ispartof></ispartof>
    </parts>
    <type>bounding_box</type>
    <polygon>
      <pt>
        <x>492.79</x>
        <y>370.04</y>
      </pt>
      <pt>
        <x>509.31</x>
        <y>370.04</y>
      </pt>
      <pt>
        <x>509.31</x>
        <y>444.86</y>
      </pt>
      <pt>
        <x>492.79</x>
        <y>444.86</y>
      </pt>
      <username></username>
    </polygon>
    <attributes>rotation=0.0</attributes>
  </object>
  <object>
    <name>lane</name>
    <deleted>0</deleted>
    <verified>0</verified>
    <occluded>no</occluded>
    <date></date>
    <id>1</id>
    <parts>
      <hasparts></hasparts>
      <ispartof></ispartof>
    </parts>
    <type>bounding_box</type>
    <polygon>
      <pt>
        <x>476.93</x>
        <y>519.30</y>
      </pt>
      <pt>
        <x>505.18</x>
        <y>519.30</y>
      </pt>
      <pt>
        <x>505.18</x>
        <y>731.15</y>
      </pt>
      <pt>
        <x>476.93</x>
        <y>731.15</y>
      </pt>
      <username></username>
    </polygon>
    <attributes>rotation=0.0</attributes>
  </object>
  <object>
    <name>lane</name>
    <deleted>0</deleted>
    <verified>0</verified>
    <occluded>no</occluded>
    <date></date>
    <id>2</id>
    <parts>
      <hasparts></hasparts>
      <ispartof></ispartof>
    </parts>
    <polygon>
      <pt>
        <x>480.44</x>
        <y>1920.00</y>
      </pt>
      <pt>
        <x>483.57</x>
        <y>1553.69</y>
      </pt>
      <pt>
        <x>492.98</x>
        <y>1280.75</y>
      </pt>
      <pt>
        <x>415.20</x>
        <y>1273.80</y>
      </pt>
      <pt>
        <x>408.27</x>
        <y>1676.04</y>
      </pt>
      <pt>
        <x>379.40</x>
        <y>1920.00</y>
      </pt>
      <username></username>
    </polygon>
    <attributes></attributes>
  </object>
  <object>
    <name>lane</name>
    <deleted>0</deleted>
    <verified>0</verified>
    <occluded>no</occluded>
    <date></date>
    <id>3</id>
    <parts>
      <hasparts></hasparts>
      <ispartof></ispartof>
    </parts>
    <type>bounding_box</type>
    <polygon>
      <pt>
        <x>494.86</x>
        <y>298.32</y>
      </pt>
      <pt>
        <x>504.66</x>
        <y>298.32</y>
      </pt>
      <pt>
        <x>504.66</x>
        <y>340.12</y>
      </pt>
      <pt>
        <x>494.86</x>
        <y>340.12</y>
      </pt>
      <username></username>
    </polygon>
    <attributes>rotation=0.0</attributes>
  </object>
  <object>
    <name>lane</name>
    <deleted>0</deleted>
    <verified>0</verified>
    <occluded>no</occluded>
    <date></date>
    <id>4</id>
    <parts>
      <hasparts></hasparts>
      <ispartof></ispartof>
    </parts>
    <type>bounding_box</type>
    <polygon>
      <pt>
        <x>499.16</x>
        <y>247.02</y>
      </pt>
      <pt>
        <x>506.04</x>
        <y>247.02</y>
      </pt>
      <pt>
        <x>506.04</x>
        <y>290.87</y>
      </pt>
      <pt>
        <x>499.16</x>
        <y>290.87</y>
      </pt>
      <username></username>
    </polygon>
    <attributes>rotation=0.0</attributes>
  </object>
</annotation>
