<annotation>
  <filename>image_991.jpg</filename>
  <folder></folder>
  <source>
    <sourceImage></sourceImage>
    <sourceAnnotation>Datumaro</sourceAnnotation>
  </source>
  <imagesize>
    <nrows>1920</nrows>
    <ncols>1080</ncols>
  </imagesize>
  <object>
    <name>lane</name>
    <deleted>0</deleted>
    <verified>0</verified>
    <occluded>no</occluded>
    <date></date>
    <id>0</id>
    <parts>
      <hasparts></hasparts>
      <ispartof></ispartof>
    </parts>
    <polygon>
      <pt>
        <x>67.19</x>
        <y>92.26</y>
      </pt>
      <pt>
        <x>78.66</x>
        <y>91.64</y>
      </pt>
      <pt>
        <x>105.61</x>
        <y>110.23</y>
      </pt>
      <pt>
        <x>92.91</x>
        <y>110.54</y>
      </pt>
      <username></username>
    </polygon>
    <attributes></attributes>
  </object>
  <object>
    <name>lane</name>
    <deleted>0</deleted>
    <verified>0</verified>
    <occluded>no</occluded>
    <date></date>
    <id>1</id>
    <parts>
      <hasparts></hasparts>
      <ispartof></ispartof>
    </parts>
    <polygon>
      <pt>
        <x>86.89</x>
        <y>62.72</y>
      </pt>
      <pt>
        <x>99.15</x>
        <y>64.23</y>
      </pt>
      <pt>
        <x>174.46</x>
        <y>56.91</y>
      </pt>
      <pt>
        <x>167.36</x>
        <y>54.98</y>
      </pt>
      <username></username>
    </polygon>
    <attributes></attributes>
  </object>
  <object>
    <name>lane</name>
    <deleted>0</deleted>
    <verified>0</verified>
    <occluded>no</occluded>
    <date></date>
    <id>2</id>
    <parts>
      <hasparts></hasparts>
      <ispartof></ispartof>
    </parts>
    <polygon>
      <pt>
        <x>54.18</x>
        <y>80.37</y>
      </pt>
      <pt>
        <x>53.32</x>
        <y>74.13</y>
      </pt>
      <pt>
        <x>62.79</x>
        <y>68.32</y>
      </pt>
      <pt>
        <x>73.55</x>
        <y>68.32</y>
      </pt>
      <pt>
        <x>66.23</x>
        <y>73.70</y>
      </pt>
      <pt>
        <x>66.45</x>
        <y>79.94</y>
      </pt>
      <username></username>
    </polygon>
    <attributes></attributes>
  </object>
  <object>
    <name>lane</name>
    <deleted>0</deleted>
    <verified>0</verified>
    <occluded>no</occluded>
    <date></date>
    <id>3</id>
    <parts>
      <hasparts></hasparts>
      <ispartof></ispartof>
    </parts>
    <polygon>
      <pt>
        <x>32.49</x>
        <y>79.56</y>
      </pt>
      <pt>
        <x>41.48</x>
        <y>77.70</y>
      </pt>
      <pt>
        <x>3.98</x>
        <y>66.23</y>
      </pt>
      <pt>
        <x>-0.00</x>
        <y>67.64</y>
      </pt>
      <pt>
        <x>0.00</x>
        <y>68.53</y>
      </pt>
      <username></username>
    </polygon>
    <attributes></attributes>
  </object>
  <object>
    <name>lane</name>
    <deleted>0</deleted>
    <verified>0</verified>
    <occluded>no</occluded>
    <date></date>
    <id>4</id>
    <parts>
      <hasparts></hasparts>
      <ispartof></ispartof>
    </parts>
    <polygon>
      <pt>
        <x>122.65</x>
        <y>128.82</y>
      </pt>
      <pt>
        <x>133.81</x>
        <y>128.51</y>
      </pt>
      <pt>
        <x>168.51</x>
        <y>154.23</y>
      </pt>
      <pt>
        <x>153.64</x>
        <y>156.71</y>
      </pt>
      <username></username>
    </polygon>
    <attributes></attributes>
  </object>
  <object>
    <name>lane</name>
    <deleted>0</deleted>
    <verified>0</verified>
    <occluded>no</occluded>
    <date></date>
    <id>5</id>
    <parts>
      <hasparts></hasparts>
      <ispartof></ispartof>
    </parts>
    <polygon>
      <pt>
        <x>188.51</x>
        <y>179.84</y>
      </pt>
      <pt>
        <x>204.57</x>
        <y>177.16</y>
      </pt>
      <pt>
        <x>243.66</x>
        <y>217.32</y>
      </pt>
      <pt>
        <x>222.78</x>
        <y>221.06</y>
      </pt>
      <username></username>
    </polygon>
    <attributes></attributes>
  </object>
  <object>
    <name>lane</name>
    <deleted>0</deleted>
    <verified>0</verified>
    <occluded>no</occluded>
    <date></date>
    <id>6</id>
    <parts>
      <hasparts></hasparts>
      <ispartof></ispartof>
    </parts>
    <polygon>
      <pt>
        <x>259.59</x>
        <y>263.45</y>
      </pt>
      <pt>
        <x>278.10</x>
        <y>263.45</y>
      </pt>
      <pt>
        <x>322.04</x>
        <y>335.92</y>
      </pt>
      <pt>
        <x>293.52</x>
        <y>335.92</y>
      </pt>
      <username></username>
    </polygon>
    <attributes></attributes>
  </object>
  <object>
    <name>lane</name>
    <deleted>0</deleted>
    <verified>0</verified>
    <occluded>no</occluded>
    <date></date>
    <id>7</id>
    <parts>
      <hasparts></hasparts>
      <ispartof></ispartof>
    </parts>
    <polygon>
      <pt>
        <x>332.84</x>
        <y>428.44</y>
      </pt>
      <pt>
        <x>366.76</x>
        <y>590.35</y>
      </pt>
      <pt>
        <x>409.17</x>
        <y>588.81</y>
      </pt>
      <pt>
        <x>366.76</x>
        <y>433.84</y>
      </pt>
      <username></username>
    </polygon>
    <attributes></attributes>
  </object>
  <object>
    <name>lane</name>
    <deleted>0</deleted>
    <verified>0</verified>
    <occluded>no</occluded>
    <date></date>
    <id>8</id>
    <parts>
      <hasparts></hasparts>
      <ispartof></ispartof>
    </parts>
    <polygon>
      <pt>
        <x>396.30</x>
        <y>858.47</y>
      </pt>
      <pt>
        <x>429.60</x>
        <y>1505.90</y>
      </pt>
      <pt>
        <x>514.90</x>
        <y>1505.90</y>
      </pt>
      <pt>
        <x>460.25</x>
        <y>849.14</y>
      </pt>
      <username></username>
    </polygon>
    <attributes></attributes>
  </object>
</annotation>
