<annotation>
  <filename>image_546.jpg</filename>
  <folder></folder>
  <source>
    <sourceImage></sourceImage>
    <sourceAnnotation>Datumaro</sourceAnnotation>
  </source>
  <imagesize>
    <nrows>1920</nrows>
    <ncols>1080</ncols>
  </imagesize>
  <object>
    <name>lane</name>
    <deleted>0</deleted>
    <verified>0</verified>
    <occluded>no</occluded>
    <date></date>
    <id>0</id>
    <parts>
      <hasparts></hasparts>
      <ispartof></ispartof>
    </parts>
    <polygon>
      <pt>
        <x>434.48</x>
        <y>203.25</y>
      </pt>
      <pt>
        <x>438.19</x>
        <y>273.10</y>
      </pt>
      <pt>
        <x>463.46</x>
        <y>273.84</y>
      </pt>
      <pt>
        <x>456.77</x>
        <y>202.51</y>
      </pt>
      <username></username>
    </polygon>
    <attributes></attributes>
  </object>
  <object>
    <name>lane</name>
    <deleted>0</deleted>
    <verified>0</verified>
    <occluded>no</occluded>
    <date></date>
    <id>1</id>
    <parts>
      <hasparts></hasparts>
      <ispartof></ispartof>
    </parts>
    <polygon>
      <pt>
        <x>433.80</x>
        <y>117.81</y>
      </pt>
      <pt>
        <x>450.31</x>
        <y>115.23</y>
      </pt>
      <pt>
        <x>455.47</x>
        <y>156.51</y>
      </pt>
      <pt>
        <x>435.86</x>
        <y>158.06</y>
      </pt>
      <username></username>
    </polygon>
    <attributes></attributes>
  </object>
  <object>
    <name>lane</name>
    <deleted>0</deleted>
    <verified>0</verified>
    <occluded>no</occluded>
    <date></date>
    <id>2</id>
    <parts>
      <hasparts></hasparts>
      <ispartof></ispartof>
    </parts>
    <polygon>
      <pt>
        <x>432.25</x>
        <y>63.63</y>
      </pt>
      <pt>
        <x>432.25</x>
        <y>84.79</y>
      </pt>
      <pt>
        <x>448.76</x>
        <y>87.37</y>
      </pt>
      <pt>
        <x>447.21</x>
        <y>61.57</y>
      </pt>
      <username></username>
    </polygon>
    <attributes></attributes>
  </object>
  <object>
    <name>lane</name>
    <deleted>0</deleted>
    <verified>0</verified>
    <occluded>no</occluded>
    <date></date>
    <id>3</id>
    <parts>
      <hasparts></hasparts>
      <ispartof></ispartof>
    </parts>
    <polygon>
      <pt>
        <x>432.61</x>
        <y>776.06</y>
      </pt>
      <pt>
        <x>441.60</x>
        <y>1415.45</y>
      </pt>
      <pt>
        <x>545.60</x>
        <y>1416.74</y>
      </pt>
      <pt>
        <x>496.81</x>
        <y>779.91</y>
      </pt>
      <username></username>
    </polygon>
    <attributes></attributes>
  </object>
  <object>
    <name>lane</name>
    <deleted>0</deleted>
    <verified>0</verified>
    <occluded>no</occluded>
    <date></date>
    <id>4</id>
    <parts>
      <hasparts></hasparts>
      <ispartof></ispartof>
    </parts>
    <polygon>
      <pt>
        <x>434.36</x>
        <y>359.91</y>
      </pt>
      <pt>
        <x>433.47</x>
        <y>517.73</y>
      </pt>
      <pt>
        <x>474.48</x>
        <y>516.83</y>
      </pt>
      <pt>
        <x>470.02</x>
        <y>362.59</y>
      </pt>
      <username></username>
    </polygon>
    <attributes></attributes>
  </object>
</annotation>
