<annotation>
  <filename>image_649.jpg</filename>
  <folder></folder>
  <source>
    <sourceImage></sourceImage>
    <sourceAnnotation>Datumaro</sourceAnnotation>
  </source>
  <imagesize>
    <nrows>1920</nrows>
    <ncols>1080</ncols>
  </imagesize>
  <object>
    <name>lane</name>
    <deleted>0</deleted>
    <verified>0</verified>
    <occluded>no</occluded>
    <date></date>
    <id>0</id>
    <parts>
      <hasparts></hasparts>
      <ispartof></ispartof>
    </parts>
    <polygon>
      <pt>
        <x>277.60</x>
        <y>65.30</y>
      </pt>
      <pt>
        <x>294.20</x>
        <y>65.30</y>
      </pt>
      <pt>
        <x>271.80</x>
        <y>51.90</y>
      </pt>
      <pt>
        <x>250.80</x>
        <y>40.20</y>
      </pt>
      <pt>
        <x>239.20</x>
        <y>42.20</y>
      </pt>
      <pt>
        <x>263.20</x>
        <y>56.00</y>
      </pt>
      <username></username>
    </polygon>
    <attributes></attributes>
  </object>
  <object>
    <name>lane</name>
    <deleted>0</deleted>
    <verified>0</verified>
    <occluded>no</occluded>
    <date></date>
    <id>1</id>
    <parts>
      <hasparts></hasparts>
      <ispartof></ispartof>
    </parts>
    <polygon>
      <pt>
        <x>546.50</x>
        <y>1099.10</y>
      </pt>
      <pt>
        <x>626.00</x>
        <y>1102.80</y>
      </pt>
      <pt>
        <x>614.10</x>
        <y>859.30</y>
      </pt>
      <pt>
        <x>594.40</x>
        <y>660.90</y>
      </pt>
      <pt>
        <x>542.20</x>
        <y>660.90</y>
      </pt>
      <pt>
        <x>552.00</x>
        <y>861.40</y>
      </pt>
      <username></username>
    </polygon>
    <attributes></attributes>
  </object>
  <object>
    <name>lane</name>
    <deleted>0</deleted>
    <verified>0</verified>
    <occluded>no</occluded>
    <date></date>
    <id>2</id>
    <parts>
      <hasparts></hasparts>
      <ispartof></ispartof>
    </parts>
    <polygon>
      <pt>
        <x>515.30</x>
        <y>455.90</y>
      </pt>
      <pt>
        <x>555.10</x>
        <y>457.20</y>
      </pt>
      <pt>
        <x>526.70</x>
        <y>373.10</y>
      </pt>
      <pt>
        <x>511.50</x>
        <y>328.40</y>
      </pt>
      <pt>
        <x>479.90</x>
        <y>327.30</y>
      </pt>
      <pt>
        <x>496.70</x>
        <y>379.10</y>
      </pt>
      <username></username>
    </polygon>
    <attributes></attributes>
  </object>
  <object>
    <name>lane</name>
    <deleted>0</deleted>
    <verified>0</verified>
    <occluded>no</occluded>
    <date></date>
    <id>3</id>
    <parts>
      <hasparts></hasparts>
      <ispartof></ispartof>
    </parts>
    <polygon>
      <pt>
        <x>444.70</x>
        <y>241.90</y>
      </pt>
      <pt>
        <x>470.20</x>
        <y>242.20</y>
      </pt>
      <pt>
        <x>444.90</x>
        <y>206.50</y>
      </pt>
      <pt>
        <x>422.50</x>
        <y>179.50</y>
      </pt>
      <pt>
        <x>401.40</x>
        <y>178.40</y>
      </pt>
      <pt>
        <x>424.50</x>
        <y>210.30</y>
      </pt>
      <username></username>
    </polygon>
    <attributes></attributes>
  </object>
  <object>
    <name>lane</name>
    <deleted>0</deleted>
    <verified>0</verified>
    <occluded>no</occluded>
    <date></date>
    <id>4</id>
    <parts>
      <hasparts></hasparts>
      <ispartof></ispartof>
    </parts>
    <polygon>
      <pt>
        <x>203.80</x>
        <y>23.60</y>
      </pt>
      <pt>
        <x>214.60</x>
        <y>23.50</y>
      </pt>
      <pt>
        <x>194.00</x>
        <y>13.90</y>
      </pt>
      <pt>
        <x>173.80</x>
        <y>4.90</y>
      </pt>
      <pt>
        <x>164.00</x>
        <y>6.00</y>
      </pt>
      <pt>
        <x>183.80</x>
        <y>15.00</y>
      </pt>
      <username></username>
    </polygon>
    <attributes></attributes>
  </object>
  <object>
    <name>lane</name>
    <deleted>0</deleted>
    <verified>0</verified>
    <occluded>no</occluded>
    <date></date>
    <id>5</id>
    <parts>
      <hasparts></hasparts>
      <ispartof></ispartof>
    </parts>
    <polygon>
      <pt>
        <x>361.90</x>
        <y>132.90</y>
      </pt>
      <pt>
        <x>381.50</x>
        <y>132.40</y>
      </pt>
      <pt>
        <x>332.80</x>
        <y>93.80</y>
      </pt>
      <pt>
        <x>318.41</x>
        <y>96.47</y>
      </pt>
      <pt>
        <x>338.70</x>
        <y>113.20</y>
      </pt>
      <username></username>
    </polygon>
    <attributes></attributes>
  </object>
</annotation>
