<annotation>
  <filename>image_2814.jpg</filename>
  <folder></folder>
  <source>
    <sourceImage></sourceImage>
    <sourceAnnotation>Datumaro</sourceAnnotation>
  </source>
  <imagesize>
    <nrows>1920</nrows>
    <ncols>1080</ncols>
  </imagesize>
  <object>
    <name>lane</name>
    <deleted>0</deleted>
    <verified>0</verified>
    <occluded>no</occluded>
    <date></date>
    <id>0</id>
    <parts>
      <hasparts></hasparts>
      <ispartof></ispartof>
    </parts>
    <type>bounding_box</type>
    <polygon>
      <pt>
        <x>480.09</x>
        <y>334.88</y>
      </pt>
      <pt>
        <x>486.54</x>
        <y>334.88</y>
      </pt>
      <pt>
        <x>486.54</x>
        <y>343.00</y>
      </pt>
      <pt>
        <x>480.09</x>
        <y>343.00</y>
      </pt>
      <username></username>
    </polygon>
    <attributes>rotation=0.0</attributes>
  </object>
  <object>
    <name>lane</name>
    <deleted>0</deleted>
    <verified>0</verified>
    <occluded>no</occluded>
    <date></date>
    <id>1</id>
    <parts>
      <hasparts></hasparts>
      <ispartof></ispartof>
    </parts>
    <type>bounding_box</type>
    <polygon>
      <pt>
        <x>482.58</x>
        <y>315.30</y>
      </pt>
      <pt>
        <x>486.88</x>
        <y>315.30</y>
      </pt>
      <pt>
        <x>486.88</x>
        <y>320.00</y>
      </pt>
      <pt>
        <x>482.58</x>
        <y>320.00</y>
      </pt>
      <username></username>
    </polygon>
    <attributes>rotation=0.0</attributes>
  </object>
  <object>
    <name>lane</name>
    <deleted>0</deleted>
    <verified>0</verified>
    <occluded>no</occluded>
    <date></date>
    <id>2</id>
    <parts>
      <hasparts></hasparts>
      <ispartof></ispartof>
    </parts>
    <type>bounding_box</type>
    <polygon>
      <pt>
        <x>481.85</x>
        <y>322.40</y>
      </pt>
      <pt>
        <x>486.83</x>
        <y>322.40</y>
      </pt>
      <pt>
        <x>486.83</x>
        <y>328.40</y>
      </pt>
      <pt>
        <x>481.85</x>
        <y>328.40</y>
      </pt>
      <username></username>
    </polygon>
    <attributes>rotation=0.0</attributes>
  </object>
  <object>
    <name>lane</name>
    <deleted>0</deleted>
    <verified>0</verified>
    <occluded>no</occluded>
    <date></date>
    <id>3</id>
    <parts>
      <hasparts></hasparts>
      <ispartof></ispartof>
    </parts>
    <type>bounding_box</type>
    <polygon>
      <pt>
        <x>479.79</x>
        <y>346.91</y>
      </pt>
      <pt>
        <x>486.54</x>
        <y>346.91</y>
      </pt>
      <pt>
        <x>486.54</x>
        <y>359.51</y>
      </pt>
      <pt>
        <x>479.79</x>
        <y>359.51</y>
      </pt>
      <username></username>
    </polygon>
    <attributes>rotation=0.0</attributes>
  </object>
  <object>
    <name>lane</name>
    <deleted>0</deleted>
    <verified>0</verified>
    <occluded>no</occluded>
    <date></date>
    <id>4</id>
    <parts>
      <hasparts></hasparts>
      <ispartof></ispartof>
    </parts>
    <type>bounding_box</type>
    <polygon>
      <pt>
        <x>475.69</x>
        <y>398.51</y>
      </pt>
      <pt>
        <x>485.95</x>
        <y>398.51</y>
      </pt>
      <pt>
        <x>485.95</x>
        <y>421.97</y>
      </pt>
      <pt>
        <x>475.69</x>
        <y>421.97</y>
      </pt>
      <username></username>
    </polygon>
    <attributes>rotation=0.0</attributes>
  </object>
  <object>
    <name>lane</name>
    <deleted>0</deleted>
    <verified>0</verified>
    <occluded>no</occluded>
    <date></date>
    <id>5</id>
    <parts>
      <hasparts></hasparts>
      <ispartof></ispartof>
    </parts>
    <type>bounding_box</type>
    <polygon>
      <pt>
        <x>478.91</x>
        <y>368.60</y>
      </pt>
      <pt>
        <x>486.83</x>
        <y>368.60</y>
      </pt>
      <pt>
        <x>486.83</x>
        <y>383.56</y>
      </pt>
      <pt>
        <x>478.91</x>
        <y>383.56</y>
      </pt>
      <username></username>
    </polygon>
    <attributes>rotation=0.0</attributes>
  </object>
  <object>
    <name>lane</name>
    <deleted>0</deleted>
    <verified>0</verified>
    <occluded>no</occluded>
    <date></date>
    <id>6</id>
    <parts>
      <hasparts></hasparts>
      <ispartof></ispartof>
    </parts>
    <polygon>
      <pt>
        <x>441.33</x>
        <y>855.14</y>
      </pt>
      <pt>
        <x>485.26</x>
        <y>858.27</y>
      </pt>
      <pt>
        <x>478.98</x>
        <y>1473.18</y>
      </pt>
      <pt>
        <x>403.69</x>
        <y>1473.18</y>
      </pt>
      <username></username>
    </polygon>
    <attributes></attributes>
  </object>
  <object>
    <name>lane</name>
    <deleted>0</deleted>
    <verified>0</verified>
    <occluded>no</occluded>
    <date></date>
    <id>7</id>
    <parts>
      <hasparts></hasparts>
      <ispartof></ispartof>
    </parts>
    <type>bounding_box</type>
    <polygon>
      <pt>
        <x>464.78</x>
        <y>562.31</y>
      </pt>
      <pt>
        <x>487.28</x>
        <y>562.31</y>
      </pt>
      <pt>
        <x>487.28</x>
        <y>667.50</y>
      </pt>
      <pt>
        <x>464.78</x>
        <y>667.50</y>
      </pt>
      <username></username>
    </polygon>
    <attributes>rotation=0.0</attributes>
  </object>
  <object>
    <name>lane</name>
    <deleted>0</deleted>
    <verified>0</verified>
    <occluded>no</occluded>
    <date></date>
    <id>8</id>
    <parts>
      <hasparts></hasparts>
      <ispartof></ispartof>
    </parts>
    <type>bounding_box</type>
    <polygon>
      <pt>
        <x>470.86</x>
        <y>452.26</y>
      </pt>
      <pt>
        <x>484.24</x>
        <y>452.26</y>
      </pt>
      <pt>
        <x>484.24</x>
        <y>499.68</y>
      </pt>
      <pt>
        <x>470.86</x>
        <y>499.68</y>
      </pt>
      <username></username>
    </polygon>
    <attributes>rotation=0.0</attributes>
  </object>
</annotation>
