<annotation>
  <filename>image_2593.jpg</filename>
  <folder></folder>
  <source>
    <sourceImage></sourceImage>
    <sourceAnnotation>Datumaro</sourceAnnotation>
  </source>
  <imagesize>
    <nrows>1920</nrows>
    <ncols>1080</ncols>
  </imagesize>
  <object>
    <name>lane</name>
    <deleted>0</deleted>
    <verified>0</verified>
    <occluded>no</occluded>
    <date></date>
    <id>0</id>
    <parts>
      <hasparts></hasparts>
      <ispartof></ispartof>
    </parts>
    <polygon>
      <pt>
        <x>514.55</x>
        <y>682.48</y>
      </pt>
      <pt>
        <x>531.54</x>
        <y>682.48</y>
      </pt>
      <pt>
        <x>559.86</x>
        <y>889.20</y>
      </pt>
      <pt>
        <x>537.20</x>
        <y>889.20</y>
      </pt>
      <username></username>
    </polygon>
    <attributes></attributes>
  </object>
  <object>
    <name>lane</name>
    <deleted>0</deleted>
    <verified>0</verified>
    <occluded>no</occluded>
    <date></date>
    <id>1</id>
    <parts>
      <hasparts></hasparts>
      <ispartof></ispartof>
    </parts>
    <polygon>
      <pt>
        <x>423.39</x>
        <y>511.02</y>
      </pt>
      <pt>
        <x>435.90</x>
        <y>511.02</y>
      </pt>
      <pt>
        <x>488.26</x>
        <y>575.89</y>
      </pt>
      <pt>
        <x>473.46</x>
        <y>581.58</y>
      </pt>
      <username></username>
    </polygon>
    <attributes></attributes>
  </object>
  <object>
    <name>lane</name>
    <deleted>0</deleted>
    <verified>0</verified>
    <occluded>no</occluded>
    <date></date>
    <id>2</id>
    <parts>
      <hasparts></hasparts>
      <ispartof></ispartof>
    </parts>
    <polygon>
      <pt>
        <x>339.40</x>
        <y>430.90</y>
      </pt>
      <pt>
        <x>346.23</x>
        <y>428.62</y>
      </pt>
      <pt>
        <x>391.75</x>
        <y>463.90</y>
      </pt>
      <pt>
        <x>386.06</x>
        <y>470.73</y>
      </pt>
      <username></username>
    </polygon>
    <attributes></attributes>
  </object>
</annotation>
