<annotation>
  <filename>image_2490.jpg</filename>
  <folder></folder>
  <source>
    <sourceImage></sourceImage>
    <sourceAnnotation>Datumaro</sourceAnnotation>
  </source>
  <imagesize>
    <nrows>1920</nrows>
    <ncols>1080</ncols>
  </imagesize>
  <object>
    <name>lane</name>
    <deleted>0</deleted>
    <verified>0</verified>
    <occluded>no</occluded>
    <date></date>
    <id>0</id>
    <parts>
      <hasparts></hasparts>
      <ispartof></ispartof>
    </parts>
    <polygon>
      <pt>
        <x>551.20</x>
        <y>1905.00</y>
      </pt>
      <pt>
        <x>442.02</x>
        <y>1908.75</y>
      </pt>
      <pt>
        <x>479.67</x>
        <y>1140.75</y>
      </pt>
      <pt>
        <x>539.91</x>
        <y>1140.75</y>
      </pt>
      <username></username>
    </polygon>
    <attributes></attributes>
  </object>
  <object>
    <name>lane</name>
    <deleted>0</deleted>
    <verified>0</verified>
    <occluded>no</occluded>
    <date></date>
    <id>1</id>
    <parts>
      <hasparts></hasparts>
      <ispartof></ispartof>
    </parts>
    <polygon>
      <pt>
        <x>498.88</x>
        <y>749.73</y>
      </pt>
      <pt>
        <x>527.63</x>
        <y>751.24</y>
      </pt>
      <pt>
        <x>524.60</x>
        <y>577.25</y>
      </pt>
      <pt>
        <x>506.45</x>
        <y>577.25</y>
      </pt>
      <username></username>
    </polygon>
    <attributes></attributes>
  </object>
  <object>
    <name>lane</name>
    <deleted>0</deleted>
    <verified>0</verified>
    <occluded>no</occluded>
    <date></date>
    <id>2</id>
    <parts>
      <hasparts></hasparts>
      <ispartof></ispartof>
    </parts>
    <polygon>
      <pt>
        <x>506.45</x>
        <y>486.48</y>
      </pt>
      <pt>
        <x>509.47</x>
        <y>436.55</y>
      </pt>
      <pt>
        <x>523.09</x>
        <y>436.55</y>
      </pt>
      <pt>
        <x>526.12</x>
        <y>492.53</y>
      </pt>
      <username></username>
    </polygon>
    <attributes></attributes>
  </object>
  <object>
    <name>lane</name>
    <deleted>0</deleted>
    <verified>0</verified>
    <occluded>no</occluded>
    <date></date>
    <id>3</id>
    <parts>
      <hasparts></hasparts>
      <ispartof></ispartof>
    </parts>
    <polygon>
      <pt>
        <x>509.47</x>
        <y>369.98</y>
      </pt>
      <pt>
        <x>521.58</x>
        <y>371.49</y>
      </pt>
      <pt>
        <x>523.09</x>
        <y>398.73</y>
      </pt>
      <pt>
        <x>509.47</x>
        <y>398.73</y>
      </pt>
      <username></username>
    </polygon>
    <attributes></attributes>
  </object>
  <object>
    <name>lane</name>
    <deleted>0</deleted>
    <verified>0</verified>
    <occluded>no</occluded>
    <date></date>
    <id>4</id>
    <parts>
      <hasparts></hasparts>
      <ispartof></ispartof>
    </parts>
    <type>bounding_box</type>
    <polygon>
      <pt>
        <x>515.03</x>
        <y>291.57</y>
      </pt>
      <pt>
        <x>521.19</x>
        <y>291.57</y>
      </pt>
      <pt>
        <x>521.19</x>
        <y>300.66</y>
      </pt>
      <pt>
        <x>515.03</x>
        <y>300.66</y>
      </pt>
      <username></username>
    </polygon>
    <attributes>rotation=0.0</attributes>
  </object>
  <object>
    <name>lane</name>
    <deleted>0</deleted>
    <verified>0</verified>
    <occluded>no</occluded>
    <date></date>
    <id>5</id>
    <parts>
      <hasparts></hasparts>
      <ispartof></ispartof>
    </parts>
    <polygon>
      <pt>
        <x>512.70</x>
        <y>334.30</y>
      </pt>
      <pt>
        <x>521.40</x>
        <y>332.20</y>
      </pt>
      <pt>
        <x>523.09</x>
        <y>351.82</y>
      </pt>
      <pt>
        <x>512.70</x>
        <y>352.50</y>
      </pt>
      <username></username>
    </polygon>
    <attributes></attributes>
  </object>
  <object>
    <name>lane</name>
    <deleted>0</deleted>
    <verified>0</verified>
    <occluded>no</occluded>
    <date></date>
    <id>6</id>
    <parts>
      <hasparts></hasparts>
      <ispartof></ispartof>
    </parts>
    <type>bounding_box</type>
    <polygon>
      <pt>
        <x>516.79</x>
        <y>270.75</y>
      </pt>
      <pt>
        <x>520.89</x>
        <y>270.75</y>
      </pt>
      <pt>
        <x>520.89</x>
        <y>274.56</y>
      </pt>
      <pt>
        <x>516.79</x>
        <y>274.56</y>
      </pt>
      <username></username>
    </polygon>
    <attributes>rotation=0.0</attributes>
  </object>
  <object>
    <name>lane</name>
    <deleted>0</deleted>
    <verified>0</verified>
    <occluded>no</occluded>
    <date></date>
    <id>7</id>
    <parts>
      <hasparts></hasparts>
      <ispartof></ispartof>
    </parts>
    <type>bounding_box</type>
    <polygon>
      <pt>
        <x>515.62</x>
        <y>279.84</y>
      </pt>
      <pt>
        <x>521.19</x>
        <y>279.84</y>
      </pt>
      <pt>
        <x>521.19</x>
        <y>285.41</y>
      </pt>
      <pt>
        <x>515.62</x>
        <y>285.41</y>
      </pt>
      <username></username>
    </polygon>
    <attributes>rotation=0.0</attributes>
  </object>
  <object>
    <name>lane</name>
    <deleted>0</deleted>
    <verified>0</verified>
    <occluded>no</occluded>
    <date></date>
    <id>8</id>
    <parts>
      <hasparts></hasparts>
      <ispartof></ispartof>
    </parts>
    <type>bounding_box</type>
    <polygon>
      <pt>
        <x>514.15</x>
        <y>309.75</y>
      </pt>
      <pt>
        <x>520.89</x>
        <y>309.75</y>
      </pt>
      <pt>
        <x>520.89</x>
        <y>321.47</y>
      </pt>
      <pt>
        <x>514.15</x>
        <y>321.47</y>
      </pt>
      <username></username>
    </polygon>
    <attributes>rotation=0.0</attributes>
  </object>
</annotation>
