<annotation>
  <filename>image_111.jpg</filename>
  <folder></folder>
  <source>
    <sourceImage></sourceImage>
    <sourceAnnotation>Datumaro</sourceAnnotation>
  </source>
  <imagesize>
    <nrows>1920</nrows>
    <ncols>1080</ncols>
  </imagesize>
  <object>
    <name>lane</name>
    <deleted>0</deleted>
    <verified>0</verified>
    <occluded>no</occluded>
    <date></date>
    <id>0</id>
    <parts>
      <hasparts></hasparts>
      <ispartof></ispartof>
    </parts>
    <polygon>
      <pt>
        <x>316.79</x>
        <y>356.48</y>
      </pt>
      <pt>
        <x>318.84</x>
        <y>354.19</y>
      </pt>
      <pt>
        <x>346.74</x>
        <y>364.26</y>
      </pt>
      <pt>
        <x>342.62</x>
        <y>365.63</y>
      </pt>
      <username></username>
    </polygon>
    <attributes></attributes>
  </object>
  <object>
    <name>lane</name>
    <deleted>0</deleted>
    <verified>0</verified>
    <occluded>no</occluded>
    <date></date>
    <id>1</id>
    <parts>
      <hasparts></hasparts>
      <ispartof></ispartof>
    </parts>
    <polygon>
      <pt>
        <x>362.75</x>
        <y>373.40</y>
      </pt>
      <pt>
        <x>370.29</x>
        <y>372.94</y>
      </pt>
      <pt>
        <x>398.65</x>
        <y>386.66</y>
      </pt>
      <pt>
        <x>394.76</x>
        <y>387.81</y>
      </pt>
      <username></username>
    </polygon>
    <attributes></attributes>
  </object>
  <object>
    <name>lane</name>
    <deleted>0</deleted>
    <verified>0</verified>
    <occluded>no</occluded>
    <date></date>
    <id>2</id>
    <parts>
      <hasparts></hasparts>
      <ispartof></ispartof>
    </parts>
    <polygon>
      <pt>
        <x>416.48</x>
        <y>403.81</y>
      </pt>
      <pt>
        <x>423.57</x>
        <y>402.67</y>
      </pt>
      <pt>
        <x>440.03</x>
        <y>425.76</y>
      </pt>
      <pt>
        <x>431.12</x>
        <y>425.99</y>
      </pt>
      <username></username>
    </polygon>
    <attributes></attributes>
  </object>
  <object>
    <name>lane</name>
    <deleted>0</deleted>
    <verified>0</verified>
    <occluded>no</occluded>
    <date></date>
    <id>3</id>
    <parts>
      <hasparts></hasparts>
      <ispartof></ispartof>
    </parts>
    <polygon>
      <pt>
        <x>442.55</x>
        <y>453.20</y>
      </pt>
      <pt>
        <x>455.81</x>
        <y>453.43</y>
      </pt>
      <pt>
        <x>474.33</x>
        <y>498.71</y>
      </pt>
      <pt>
        <x>457.64</x>
        <y>499.16</y>
      </pt>
      <username></username>
    </polygon>
    <attributes></attributes>
  </object>
  <object>
    <name>lane</name>
    <deleted>0</deleted>
    <verified>0</verified>
    <occluded>no</occluded>
    <date></date>
    <id>4</id>
    <parts>
      <hasparts></hasparts>
      <ispartof></ispartof>
    </parts>
    <polygon>
      <pt>
        <x>471.85</x>
        <y>559.57</y>
      </pt>
      <pt>
        <x>490.82</x>
        <y>560.36</y>
      </pt>
      <pt>
        <x>510.57</x>
        <y>674.94</y>
      </pt>
      <pt>
        <x>481.33</x>
        <y>676.92</y>
      </pt>
      <username></username>
    </polygon>
    <attributes></attributes>
  </object>
  <object>
    <name>lane</name>
    <deleted>0</deleted>
    <verified>0</verified>
    <occluded>no</occluded>
    <date></date>
    <id>5</id>
    <parts>
      <hasparts></hasparts>
      <ispartof></ispartof>
    </parts>
    <polygon>
      <pt>
        <x>488.97</x>
        <y>914.27</y>
      </pt>
      <pt>
        <x>528.61</x>
        <y>910.03</y>
      </pt>
      <pt>
        <x>557.40</x>
        <y>1708.60</y>
      </pt>
      <pt>
        <x>477.79</x>
        <y>1741.24</y>
      </pt>
      <pt>
        <x>477.79</x>
        <y>1741.24</y>
      </pt>
      <username></username>
    </polygon>
    <attributes></attributes>
  </object>
  <object>
    <name>lane</name>
    <deleted>0</deleted>
    <verified>0</verified>
    <occluded>no</occluded>
    <date></date>
    <id>6</id>
    <parts>
      <hasparts></hasparts>
      <ispartof></ispartof>
    </parts>
    <polygon>
      <pt>
        <x>201.31</x>
        <y>328.58</y>
      </pt>
      <pt>
        <x>205.43</x>
        <y>327.21</y>
      </pt>
      <pt>
        <x>223.49</x>
        <y>331.33</y>
      </pt>
      <pt>
        <x>222.12</x>
        <y>332.02</y>
      </pt>
      <username></username>
    </polygon>
    <attributes></attributes>
  </object>
  <object>
    <name>lane</name>
    <deleted>0</deleted>
    <verified>0</verified>
    <occluded>no</occluded>
    <date></date>
    <id>7</id>
    <parts>
      <hasparts></hasparts>
      <ispartof></ispartof>
    </parts>
    <polygon>
      <pt>
        <x>160.36</x>
        <y>323.62</y>
      </pt>
      <pt>
        <x>162.88</x>
        <y>321.34</y>
      </pt>
      <pt>
        <x>183.00</x>
        <y>324.31</y>
      </pt>
      <pt>
        <x>182.31</x>
        <y>325.45</y>
      </pt>
      <username></username>
    </polygon>
    <attributes></attributes>
  </object>
  <object>
    <name>lane</name>
    <deleted>0</deleted>
    <verified>0</verified>
    <occluded>no</occluded>
    <date></date>
    <id>8</id>
    <parts>
      <hasparts></hasparts>
      <ispartof></ispartof>
    </parts>
    <polygon>
      <pt>
        <x>238.13</x>
        <y>334.99</y>
      </pt>
      <pt>
        <x>242.47</x>
        <y>333.39</y>
      </pt>
      <pt>
        <x>262.82</x>
        <y>340.48</y>
      </pt>
      <pt>
        <x>260.54</x>
        <y>340.93</y>
      </pt>
      <username></username>
    </polygon>
    <attributes></attributes>
  </object>
  <object>
    <name>lane</name>
    <deleted>0</deleted>
    <verified>0</verified>
    <occluded>no</occluded>
    <date></date>
    <id>9</id>
    <parts>
      <hasparts></hasparts>
      <ispartof></ispartof>
    </parts>
    <polygon>
      <pt>
        <x>278.60</x>
        <y>344.13</y>
      </pt>
      <pt>
        <x>281.57</x>
        <y>343.45</y>
      </pt>
      <pt>
        <x>303.52</x>
        <y>348.48</y>
      </pt>
      <pt>
        <x>301.47</x>
        <y>350.77</y>
      </pt>
      <username></username>
    </polygon>
    <attributes></attributes>
  </object>
</annotation>
