<annotation>
  <filename>image_388.jpg</filename>
  <folder></folder>
  <source>
    <sourceImage></sourceImage>
    <sourceAnnotation>Datumaro</sourceAnnotation>
  </source>
  <imagesize>
    <nrows>1920</nrows>
    <ncols>1080</ncols>
  </imagesize>
  <object>
    <name>lane</name>
    <deleted>0</deleted>
    <verified>0</verified>
    <occluded>no</occluded>
    <date></date>
    <id>0</id>
    <parts>
      <hasparts></hasparts>
      <ispartof></ispartof>
    </parts>
    <polygon>
      <pt>
        <x>507.26</x>
        <y>1200.39</y>
      </pt>
      <pt>
        <x>505.41</x>
        <y>830.62</y>
      </pt>
      <pt>
        <x>473.98</x>
        <y>821.38</y>
      </pt>
      <pt>
        <x>440.70</x>
        <y>1196.69</y>
      </pt>
      <username></username>
    </polygon>
    <attributes></attributes>
  </object>
  <object>
    <name>lane</name>
    <deleted>0</deleted>
    <verified>0</verified>
    <occluded>no</occluded>
    <date></date>
    <id>1</id>
    <parts>
      <hasparts></hasparts>
      <ispartof></ispartof>
    </parts>
    <type>bounding_box</type>
    <polygon>
      <pt>
        <x>501.28</x>
        <y>384.97</y>
      </pt>
      <pt>
        <x>503.35</x>
        <y>384.97</y>
      </pt>
      <pt>
        <x>503.35</x>
        <y>386.63</y>
      </pt>
      <pt>
        <x>501.28</x>
        <y>386.63</y>
      </pt>
      <username></username>
    </polygon>
    <attributes>rotation=0.0</attributes>
  </object>
  <object>
    <name>lane</name>
    <deleted>0</deleted>
    <verified>0</verified>
    <occluded>no</occluded>
    <date></date>
    <id>2</id>
    <parts>
      <hasparts></hasparts>
      <ispartof></ispartof>
    </parts>
    <type>bounding_box</type>
    <polygon>
      <pt>
        <x>500.45</x>
        <y>388.49</y>
      </pt>
      <pt>
        <x>503.14</x>
        <y>388.49</y>
      </pt>
      <pt>
        <x>503.14</x>
        <y>391.40</y>
      </pt>
      <pt>
        <x>500.45</x>
        <y>391.40</y>
      </pt>
      <username></username>
    </polygon>
    <attributes>rotation=0.0</attributes>
  </object>
  <object>
    <name>lane</name>
    <deleted>0</deleted>
    <verified>0</verified>
    <occluded>no</occluded>
    <date></date>
    <id>3</id>
    <parts>
      <hasparts></hasparts>
      <ispartof></ispartof>
    </parts>
    <type>bounding_box</type>
    <polygon>
      <pt>
        <x>499.83</x>
        <y>393.06</y>
      </pt>
      <pt>
        <x>503.35</x>
        <y>393.06</y>
      </pt>
      <pt>
        <x>503.35</x>
        <y>396.79</y>
      </pt>
      <pt>
        <x>499.83</x>
        <y>396.79</y>
      </pt>
      <username></username>
    </polygon>
    <attributes>rotation=0.0</attributes>
  </object>
  <object>
    <name>lane</name>
    <deleted>0</deleted>
    <verified>0</verified>
    <occluded>no</occluded>
    <date></date>
    <id>4</id>
    <parts>
      <hasparts></hasparts>
      <ispartof></ispartof>
    </parts>
    <type>bounding_box</type>
    <polygon>
      <pt>
        <x>500.86</x>
        <y>399.28</y>
      </pt>
      <pt>
        <x>503.97</x>
        <y>399.28</y>
      </pt>
      <pt>
        <x>503.97</x>
        <y>403.22</y>
      </pt>
      <pt>
        <x>500.86</x>
        <y>403.22</y>
      </pt>
      <username></username>
    </polygon>
    <attributes>rotation=0.0</attributes>
  </object>
  <object>
    <name>lane</name>
    <deleted>0</deleted>
    <verified>0</verified>
    <occluded>no</occluded>
    <date></date>
    <id>5</id>
    <parts>
      <hasparts></hasparts>
      <ispartof></ispartof>
    </parts>
    <type>bounding_box</type>
    <polygon>
      <pt>
        <x>499.83</x>
        <y>405.70</y>
      </pt>
      <pt>
        <x>503.97</x>
        <y>405.70</y>
      </pt>
      <pt>
        <x>503.97</x>
        <y>410.27</y>
      </pt>
      <pt>
        <x>499.83</x>
        <y>410.27</y>
      </pt>
      <username></username>
    </polygon>
    <attributes>rotation=0.0</attributes>
  </object>
  <object>
    <name>lane</name>
    <deleted>0</deleted>
    <verified>0</verified>
    <occluded>no</occluded>
    <date></date>
    <id>6</id>
    <parts>
      <hasparts></hasparts>
      <ispartof></ispartof>
    </parts>
    <type>bounding_box</type>
    <polygon>
      <pt>
        <x>498.79</x>
        <y>412.55</y>
      </pt>
      <pt>
        <x>503.97</x>
        <y>412.55</y>
      </pt>
      <pt>
        <x>503.97</x>
        <y>420.01</y>
      </pt>
      <pt>
        <x>498.79</x>
        <y>420.01</y>
      </pt>
      <username></username>
    </polygon>
    <attributes>rotation=0.0</attributes>
  </object>
  <object>
    <name>lane</name>
    <deleted>0</deleted>
    <verified>0</verified>
    <occluded>no</occluded>
    <date></date>
    <id>7</id>
    <parts>
      <hasparts></hasparts>
      <ispartof></ispartof>
    </parts>
    <type>bounding_box</type>
    <polygon>
      <pt>
        <x>497.77</x>
        <y>436.11</y>
      </pt>
      <pt>
        <x>503.75</x>
        <y>436.11</y>
      </pt>
      <pt>
        <x>503.75</x>
        <y>445.07</y>
      </pt>
      <pt>
        <x>497.77</x>
        <y>445.07</y>
      </pt>
      <username></username>
    </polygon>
    <attributes>rotation=0.0</attributes>
  </object>
  <object>
    <name>lane</name>
    <deleted>0</deleted>
    <verified>0</verified>
    <occluded>no</occluded>
    <date></date>
    <id>8</id>
    <parts>
      <hasparts></hasparts>
      <ispartof></ispartof>
    </parts>
    <type>bounding_box</type>
    <polygon>
      <pt>
        <x>498.17</x>
        <y>423.12</y>
      </pt>
      <pt>
        <x>503.56</x>
        <y>423.12</y>
      </pt>
      <pt>
        <x>503.56</x>
        <y>430.38</y>
      </pt>
      <pt>
        <x>498.17</x>
        <y>430.38</y>
      </pt>
      <username></username>
    </polygon>
    <attributes>rotation=0.0</attributes>
  </object>
  <object>
    <name>lane</name>
    <deleted>0</deleted>
    <verified>0</verified>
    <occluded>no</occluded>
    <date></date>
    <id>9</id>
    <parts>
      <hasparts></hasparts>
      <ispartof></ispartof>
    </parts>
    <type>bounding_box</type>
    <polygon>
      <pt>
        <x>491.63</x>
        <y>523.41</y>
      </pt>
      <pt>
        <x>502.81</x>
        <y>523.41</y>
      </pt>
      <pt>
        <x>502.81</x>
        <y>559.95</y>
      </pt>
      <pt>
        <x>491.63</x>
        <y>559.95</y>
      </pt>
      <username></username>
    </polygon>
    <attributes>rotation=0.0</attributes>
  </object>
  <object>
    <name>lane</name>
    <deleted>0</deleted>
    <verified>0</verified>
    <occluded>no</occluded>
    <date></date>
    <id>10</id>
    <parts>
      <hasparts></hasparts>
      <ispartof></ispartof>
    </parts>
    <type>bounding_box</type>
    <polygon>
      <pt>
        <x>495.07</x>
        <y>479.98</y>
      </pt>
      <pt>
        <x>503.67</x>
        <y>479.98</y>
      </pt>
      <pt>
        <x>503.67</x>
        <y>501.91</y>
      </pt>
      <pt>
        <x>495.07</x>
        <y>501.91</y>
      </pt>
      <username></username>
    </polygon>
    <attributes>rotation=0.0</attributes>
  </object>
  <object>
    <name>lane</name>
    <deleted>0</deleted>
    <verified>0</verified>
    <occluded>no</occluded>
    <date></date>
    <id>11</id>
    <parts>
      <hasparts></hasparts>
      <ispartof></ispartof>
    </parts>
    <type>bounding_box</type>
    <polygon>
      <pt>
        <x>495.39</x>
        <y>453.13</y>
      </pt>
      <pt>
        <x>503.45</x>
        <y>453.13</y>
      </pt>
      <pt>
        <x>503.45</x>
        <y>468.06</y>
      </pt>
      <pt>
        <x>495.39</x>
        <y>468.06</y>
      </pt>
      <username></username>
    </polygon>
    <attributes>rotation=0.0</attributes>
  </object>
  <object>
    <name>lane</name>
    <deleted>0</deleted>
    <verified>0</verified>
    <occluded>no</occluded>
    <date></date>
    <id>12</id>
    <parts>
      <hasparts></hasparts>
      <ispartof></ispartof>
    </parts>
    <polygon>
      <pt>
        <x>502.75</x>
        <y>686.77</y>
      </pt>
      <pt>
        <x>482.24</x>
        <y>687.67</y>
      </pt>
      <pt>
        <x>485.81</x>
        <y>602.07</y>
      </pt>
      <pt>
        <x>500.07</x>
        <y>602.07</y>
      </pt>
      <username></username>
    </polygon>
    <attributes></attributes>
  </object>
</annotation>
