<annotation>
  <filename>image_1949.jpg</filename>
  <folder></folder>
  <source>
    <sourceImage></sourceImage>
    <sourceAnnotation>Datumaro</sourceAnnotation>
  </source>
  <imagesize>
    <nrows>1920</nrows>
    <ncols>1080</ncols>
  </imagesize>
  <object>
    <name>lane</name>
    <deleted>0</deleted>
    <verified>0</verified>
    <occluded>no</occluded>
    <date></date>
    <id>0</id>
    <parts>
      <hasparts></hasparts>
      <ispartof></ispartof>
    </parts>
    <polygon>
      <pt>
        <x>503.58</x>
        <y>548.25</y>
      </pt>
      <pt>
        <x>521.31</x>
        <y>549.49</y>
      </pt>
      <pt>
        <x>522.96</x>
        <y>509.47</y>
      </pt>
      <pt>
        <x>525.03</x>
        <y>477.30</y>
      </pt>
      <pt>
        <x>510.18</x>
        <y>475.23</y>
      </pt>
      <pt>
        <x>508.94</x>
        <y>507.00</y>
      </pt>
      <username></username>
    </polygon>
    <attributes></attributes>
  </object>
  <object>
    <name>lane</name>
    <deleted>0</deleted>
    <verified>0</verified>
    <occluded>no</occluded>
    <date></date>
    <id>1</id>
    <parts>
      <hasparts></hasparts>
      <ispartof></ispartof>
    </parts>
    <polygon>
      <pt>
        <x>515.28</x>
        <y>427.52</y>
      </pt>
      <pt>
        <x>524.91</x>
        <y>427.17</y>
      </pt>
      <pt>
        <x>527.66</x>
        <y>406.89</y>
      </pt>
      <pt>
        <x>527.66</x>
        <y>393.48</y>
      </pt>
      <pt>
        <x>519.07</x>
        <y>393.14</y>
      </pt>
      <pt>
        <x>517.35</x>
        <y>408.27</y>
      </pt>
      <username></username>
    </polygon>
    <attributes></attributes>
  </object>
  <object>
    <name>lane</name>
    <deleted>0</deleted>
    <verified>0</verified>
    <occluded>no</occluded>
    <date></date>
    <id>2</id>
    <parts>
      <hasparts></hasparts>
      <ispartof></ispartof>
    </parts>
    <polygon>
      <pt>
        <x>460.27</x>
        <y>969.83</y>
      </pt>
      <pt>
        <x>502.36</x>
        <y>966.75</y>
      </pt>
      <pt>
        <x>508.52</x>
        <y>814.83</y>
      </pt>
      <pt>
        <x>516.73</x>
        <y>687.54</y>
      </pt>
      <pt>
        <x>487.99</x>
        <y>685.49</y>
      </pt>
      <pt>
        <x>473.62</x>
        <y>830.23</y>
      </pt>
      <username></username>
    </polygon>
    <attributes></attributes>
  </object>
  <object>
    <name>lane</name>
    <deleted>0</deleted>
    <verified>0</verified>
    <occluded>no</occluded>
    <date></date>
    <id>3</id>
    <parts>
      <hasparts></hasparts>
      <ispartof></ispartof>
    </parts>
    <type>bounding_box</type>
    <polygon>
      <pt>
        <x>529.76</x>
        <y>274.43</y>
      </pt>
      <pt>
        <x>533.57</x>
        <y>274.43</y>
      </pt>
      <pt>
        <x>533.57</x>
        <y>280.58</y>
      </pt>
      <pt>
        <x>529.76</x>
        <y>280.58</y>
      </pt>
      <username></username>
    </polygon>
    <attributes>rotation=0.0</attributes>
  </object>
  <object>
    <name>lane</name>
    <deleted>0</deleted>
    <verified>0</verified>
    <occluded>no</occluded>
    <date></date>
    <id>4</id>
    <parts>
      <hasparts></hasparts>
      <ispartof></ispartof>
    </parts>
    <type>bounding_box</type>
    <polygon>
      <pt>
        <x>522.83</x>
        <y>347.72</y>
      </pt>
      <pt>
        <x>530.43</x>
        <y>347.72</y>
      </pt>
      <pt>
        <x>530.43</x>
        <y>370.52</y>
      </pt>
      <pt>
        <x>522.83</x>
        <y>370.52</y>
      </pt>
      <username></username>
    </polygon>
    <attributes>rotation=0.0</attributes>
  </object>
  <object>
    <name>lane</name>
    <deleted>0</deleted>
    <verified>0</verified>
    <occluded>no</occluded>
    <date></date>
    <id>5</id>
    <parts>
      <hasparts></hasparts>
      <ispartof></ispartof>
    </parts>
    <type>bounding_box</type>
    <polygon>
      <pt>
        <x>524.31</x>
        <y>320.23</y>
      </pt>
      <pt>
        <x>532.40</x>
        <y>320.23</y>
      </pt>
      <pt>
        <x>532.40</x>
        <y>332.54</y>
      </pt>
      <pt>
        <x>524.31</x>
        <y>332.54</y>
      </pt>
      <username></username>
    </polygon>
    <attributes>rotation=0.0</attributes>
  </object>
  <object>
    <name>lane</name>
    <deleted>0</deleted>
    <verified>0</verified>
    <occluded>no</occluded>
    <date></date>
    <id>6</id>
    <parts>
      <hasparts></hasparts>
      <ispartof></ispartof>
    </parts>
    <type>bounding_box</type>
    <polygon>
      <pt>
        <x>527.12</x>
        <y>300.46</y>
      </pt>
      <pt>
        <x>532.70</x>
        <y>300.46</y>
      </pt>
      <pt>
        <x>532.70</x>
        <y>310.73</y>
      </pt>
      <pt>
        <x>527.12</x>
        <y>310.73</y>
      </pt>
      <username></username>
    </polygon>
    <attributes>rotation=0.0</attributes>
  </object>
  <object>
    <name>lane</name>
    <deleted>0</deleted>
    <verified>0</verified>
    <occluded>no</occluded>
    <date></date>
    <id>7</id>
    <parts>
      <hasparts></hasparts>
      <ispartof></ispartof>
    </parts>
    <type>bounding_box</type>
    <polygon>
      <pt>
        <x>528.88</x>
        <y>287.33</y>
      </pt>
      <pt>
        <x>533.87</x>
        <y>287.33</y>
      </pt>
      <pt>
        <x>533.87</x>
        <y>294.66</y>
      </pt>
      <pt>
        <x>528.88</x>
        <y>294.66</y>
      </pt>
      <username></username>
    </polygon>
    <attributes>rotation=0.0</attributes>
  </object>
</annotation>
