<annotation>
  <filename>image_276.jpg</filename>
  <folder></folder>
  <source>
    <sourceImage></sourceImage>
    <sourceAnnotation>Datumaro</sourceAnnotation>
  </source>
  <imagesize>
    <nrows>486</nrows>
    <ncols>1080</ncols>
  </imagesize>
  <object>
    <name>lane</name>
    <deleted>0</deleted>
    <verified>0</verified>
    <occluded>no</occluded>
    <date></date>
    <id>0</id>
    <parts>
      <hasparts></hasparts>
      <ispartof></ispartof>
    </parts>
    <polygon>
      <pt>
        <x>201.30</x>
        <y>222.80</y>
      </pt>
      <pt>
        <x>201.26</x>
        <y>224.40</y>
      </pt>
      <pt>
        <x>205.38</x>
        <y>224.70</y>
      </pt>
      <pt>
        <x>205.28</x>
        <y>222.40</y>
      </pt>
      <username></username>
    </polygon>
    <attributes></attributes>
  </object>
  <object>
    <name>lane</name>
    <deleted>0</deleted>
    <verified>0</verified>
    <occluded>no</occluded>
    <date></date>
    <id>1</id>
    <parts>
      <hasparts></hasparts>
      <ispartof></ispartof>
    </parts>
    <polygon>
      <pt>
        <x>194.44</x>
        <y>222.50</y>
      </pt>
      <pt>
        <x>194.84</x>
        <y>224.50</y>
      </pt>
      <pt>
        <x>197.45</x>
        <y>224.50</y>
      </pt>
      <pt>
        <x>197.75</x>
        <y>221.99</y>
      </pt>
      <username></username>
    </polygon>
    <attributes></attributes>
  </object>
  <object>
    <name>lane</name>
    <deleted>0</deleted>
    <verified>0</verified>
    <occluded>no</occluded>
    <date></date>
    <id>2</id>
    <parts>
      <hasparts></hasparts>
      <ispartof></ispartof>
    </parts>
    <polygon>
      <pt>
        <x>471.52</x>
        <y>218.52</y>
      </pt>
      <pt>
        <x>471.52</x>
        <y>237.31</y>
      </pt>
      <pt>
        <x>955.52</x>
        <y>254.30</y>
      </pt>
      <pt>
        <x>953.73</x>
        <y>209.57</y>
      </pt>
      <username></username>
    </polygon>
    <attributes></attributes>
  </object>
  <object>
    <name>lane</name>
    <deleted>0</deleted>
    <verified>0</verified>
    <occluded>no</occluded>
    <date></date>
    <id>3</id>
    <parts>
      <hasparts></hasparts>
      <ispartof></ispartof>
    </parts>
    <polygon>
      <pt>
        <x>299.51</x>
        <y>219.62</y>
      </pt>
      <pt>
        <x>299.51</x>
        <y>226.87</y>
      </pt>
      <pt>
        <x>354.39</x>
        <y>229.98</y>
      </pt>
      <pt>
        <x>354.39</x>
        <y>217.55</y>
      </pt>
      <username></username>
    </polygon>
    <attributes></attributes>
  </object>
  <object>
    <name>lane</name>
    <deleted>0</deleted>
    <verified>0</verified>
    <occluded>no</occluded>
    <date></date>
    <id>4</id>
    <parts>
      <hasparts></hasparts>
      <ispartof></ispartof>
    </parts>
    <polygon>
      <pt>
        <x>246.78</x>
        <y>221.68</y>
      </pt>
      <pt>
        <x>247.03</x>
        <y>225.43</y>
      </pt>
      <pt>
        <x>268.75</x>
        <y>227.93</y>
      </pt>
      <pt>
        <x>267.75</x>
        <y>221.43</y>
      </pt>
      <username></username>
    </polygon>
    <attributes></attributes>
  </object>
  <object>
    <name>lane</name>
    <deleted>0</deleted>
    <verified>0</verified>
    <occluded>no</occluded>
    <date></date>
    <id>5</id>
    <parts>
      <hasparts></hasparts>
      <ispartof></ispartof>
    </parts>
    <polygon>
      <pt>
        <x>223.04</x>
        <y>221.63</y>
      </pt>
      <pt>
        <x>223.21</x>
        <y>224.93</y>
      </pt>
      <pt>
        <x>233.09</x>
        <y>225.80</y>
      </pt>
      <pt>
        <x>232.80</x>
        <y>222.70</y>
      </pt>
      <username></username>
    </polygon>
    <attributes></attributes>
  </object>
  <object>
    <name>lane</name>
    <deleted>0</deleted>
    <verified>0</verified>
    <occluded>no</occluded>
    <date></date>
    <id>6</id>
    <parts>
      <hasparts></hasparts>
      <ispartof></ispartof>
    </parts>
    <polygon>
      <pt>
        <x>208.39</x>
        <y>221.89</y>
      </pt>
      <pt>
        <x>208.09</x>
        <y>224.60</y>
      </pt>
      <pt>
        <x>214.91</x>
        <y>225.00</y>
      </pt>
      <pt>
        <x>214.91</x>
        <y>221.69</y>
      </pt>
      <username></username>
    </polygon>
    <attributes></attributes>
  </object>
</annotation>
