<annotation>
  <filename>image_492.jpg</filename>
  <folder></folder>
  <source>
    <sourceImage></sourceImage>
    <sourceAnnotation>Datumaro</sourceAnnotation>
  </source>
  <imagesize>
    <nrows>1920</nrows>
    <ncols>864</ncols>
  </imagesize>
  <object>
    <name>lane</name>
    <deleted>0</deleted>
    <verified>0</verified>
    <occluded>no</occluded>
    <date></date>
    <id>0</id>
    <parts>
      <hasparts></hasparts>
      <ispartof></ispartof>
    </parts>
    <polygon>
      <pt>
        <x>389.23</x>
        <y>500.67</y>
      </pt>
      <pt>
        <x>393.72</x>
        <y>499.97</y>
      </pt>
      <pt>
        <x>413.42</x>
        <y>513.63</y>
      </pt>
      <pt>
        <x>407.37</x>
        <y>514.83</y>
      </pt>
      <username></username>
    </polygon>
    <attributes></attributes>
  </object>
  <object>
    <name>lane</name>
    <deleted>0</deleted>
    <verified>0</verified>
    <occluded>no</occluded>
    <date></date>
    <id>1</id>
    <parts>
      <hasparts></hasparts>
      <ispartof></ispartof>
    </parts>
    <polygon>
      <pt>
        <x>479.80</x>
        <y>855.66</y>
      </pt>
      <pt>
        <x>466.96</x>
        <y>1257.96</y>
      </pt>
      <pt>
        <x>519.38</x>
        <y>1254.75</y>
      </pt>
      <pt>
        <x>507.61</x>
        <y>856.73</y>
      </pt>
      <username></username>
    </polygon>
    <attributes></attributes>
  </object>
  <object>
    <name>lane</name>
    <deleted>0</deleted>
    <verified>0</verified>
    <occluded>no</occluded>
    <date></date>
    <id>2</id>
    <parts>
      <hasparts></hasparts>
      <ispartof></ispartof>
    </parts>
    <polygon>
      <pt>
        <x>471.31</x>
        <y>635.45</y>
      </pt>
      <pt>
        <x>484.09</x>
        <y>636.83</y>
      </pt>
      <pt>
        <x>497.57</x>
        <y>715.11</y>
      </pt>
      <pt>
        <x>479.43</x>
        <y>714.59</y>
      </pt>
      <username></username>
    </polygon>
    <attributes></attributes>
  </object>
  <object>
    <name>lane</name>
    <deleted>0</deleted>
    <verified>0</verified>
    <occluded>no</occluded>
    <date></date>
    <id>3</id>
    <parts>
      <hasparts></hasparts>
      <ispartof></ispartof>
    </parts>
    <polygon>
      <pt>
        <x>449.71</x>
        <y>563.56</y>
      </pt>
      <pt>
        <x>458.52</x>
        <y>562.01</y>
      </pt>
      <pt>
        <x>473.73</x>
        <y>595.88</y>
      </pt>
      <pt>
        <x>462.84</x>
        <y>595.71</y>
      </pt>
      <username></username>
    </polygon>
    <attributes></attributes>
  </object>
  <object>
    <name>lane</name>
    <deleted>0</deleted>
    <verified>0</verified>
    <occluded>no</occluded>
    <date></date>
    <id>4</id>
    <parts>
      <hasparts></hasparts>
      <ispartof></ispartof>
    </parts>
    <polygon>
      <pt>
        <x>421.89</x>
        <y>525.55</y>
      </pt>
      <pt>
        <x>426.90</x>
        <y>525.20</y>
      </pt>
      <pt>
        <x>444.18</x>
        <y>542.31</y>
      </pt>
      <pt>
        <x>436.06</x>
        <y>543.52</y>
      </pt>
      <username></username>
    </polygon>
    <attributes></attributes>
  </object>
  <object>
    <name>lane</name>
    <deleted>0</deleted>
    <verified>0</verified>
    <occluded>no</occluded>
    <date></date>
    <id>5</id>
    <parts>
      <hasparts></hasparts>
      <ispartof></ispartof>
    </parts>
    <polygon>
      <pt>
        <x>361.75</x>
        <y>485.98</y>
      </pt>
      <pt>
        <x>365.55</x>
        <y>484.42</y>
      </pt>
      <pt>
        <x>381.28</x>
        <y>491.33</y>
      </pt>
      <pt>
        <x>378.17</x>
        <y>493.06</y>
      </pt>
      <username></username>
    </polygon>
    <attributes></attributes>
  </object>
  <object>
    <name>lane</name>
    <deleted>0</deleted>
    <verified>0</verified>
    <occluded>no</occluded>
    <date></date>
    <id>6</id>
    <parts>
      <hasparts></hasparts>
      <ispartof></ispartof>
    </parts>
    <polygon>
      <pt>
        <x>333.24</x>
        <y>473.02</y>
      </pt>
      <pt>
        <x>336.18</x>
        <y>471.98</y>
      </pt>
      <pt>
        <x>353.46</x>
        <y>478.89</y>
      </pt>
      <pt>
        <x>350.17</x>
        <y>479.76</y>
      </pt>
      <username></username>
    </polygon>
    <attributes></attributes>
  </object>
  <object>
    <name>lane</name>
    <deleted>0</deleted>
    <verified>0</verified>
    <occluded>no</occluded>
    <date></date>
    <id>7</id>
    <parts>
      <hasparts></hasparts>
      <ispartof></ispartof>
    </parts>
    <polygon>
      <pt>
        <x>309.22</x>
        <y>464.03</y>
      </pt>
      <pt>
        <x>312.68</x>
        <y>463.34</y>
      </pt>
      <pt>
        <x>326.85</x>
        <y>468.01</y>
      </pt>
      <pt>
        <x>323.91</x>
        <y>469.22</y>
      </pt>
      <username></username>
    </polygon>
    <attributes></attributes>
  </object>
  <object>
    <name>lane</name>
    <deleted>0</deleted>
    <verified>0</verified>
    <occluded>no</occluded>
    <date></date>
    <id>8</id>
    <parts>
      <hasparts></hasparts>
      <ispartof></ispartof>
    </parts>
    <polygon>
      <pt>
        <x>284.34</x>
        <y>455.74</y>
      </pt>
      <pt>
        <x>286.76</x>
        <y>454.53</y>
      </pt>
      <pt>
        <x>300.75</x>
        <y>459.19</y>
      </pt>
      <pt>
        <x>298.68</x>
        <y>460.06</y>
      </pt>
      <username></username>
    </polygon>
    <attributes></attributes>
  </object>
</annotation>
