<annotation>
  <filename>image_106.jpg</filename>
  <folder></folder>
  <source>
    <sourceImage></sourceImage>
    <sourceAnnotation>Datumaro</sourceAnnotation>
  </source>
  <imagesize>
    <nrows>1920</nrows>
    <ncols>1080</ncols>
  </imagesize>
  <object>
    <name>lane</name>
    <deleted>0</deleted>
    <verified>0</verified>
    <occluded>no</occluded>
    <date></date>
    <id>0</id>
    <parts>
      <hasparts></hasparts>
      <ispartof></ispartof>
    </parts>
    <polygon>
      <pt>
        <x>286.31</x>
        <y>376.39</y>
      </pt>
      <pt>
        <x>288.79</x>
        <y>376.20</y>
      </pt>
      <pt>
        <x>312.99</x>
        <y>381.34</y>
      </pt>
      <pt>
        <x>309.94</x>
        <y>381.91</y>
      </pt>
      <username></username>
    </polygon>
    <attributes></attributes>
  </object>
  <object>
    <name>lane</name>
    <deleted>0</deleted>
    <verified>0</verified>
    <occluded>no</occluded>
    <date></date>
    <id>1</id>
    <parts>
      <hasparts></hasparts>
      <ispartof></ispartof>
    </parts>
    <polygon>
      <pt>
        <x>494.62</x>
        <y>677.65</y>
      </pt>
      <pt>
        <x>517.98</x>
        <y>677.65</y>
      </pt>
      <pt>
        <x>531.22</x>
        <y>769.56</y>
      </pt>
      <pt>
        <x>537.45</x>
        <y>855.23</y>
      </pt>
      <pt>
        <x>500.85</x>
        <y>859.12</y>
      </pt>
      <pt>
        <x>500.85</x>
        <y>760.99</y>
      </pt>
      <username></username>
    </polygon>
    <attributes></attributes>
  </object>
  <object>
    <name>lane</name>
    <deleted>0</deleted>
    <verified>0</verified>
    <occluded>no</occluded>
    <date></date>
    <id>2</id>
    <parts>
      <hasparts></hasparts>
      <ispartof></ispartof>
    </parts>
    <polygon>
      <pt>
        <x>446.27</x>
        <y>459.14</y>
      </pt>
      <pt>
        <x>456.15</x>
        <y>459.47</y>
      </pt>
      <pt>
        <x>471.95</x>
        <y>488.81</y>
      </pt>
      <pt>
        <x>461.74</x>
        <y>488.45</y>
      </pt>
      <username></username>
    </polygon>
    <attributes></attributes>
  </object>
  <object>
    <name>lane</name>
    <deleted>0</deleted>
    <verified>0</verified>
    <occluded>no</occluded>
    <date></date>
    <id>3</id>
    <parts>
      <hasparts></hasparts>
      <ispartof></ispartof>
    </parts>
    <polygon>
      <pt>
        <x>416.30</x>
        <y>422.96</y>
      </pt>
      <pt>
        <x>422.89</x>
        <y>422.96</y>
      </pt>
      <pt>
        <x>439.35</x>
        <y>440.41</y>
      </pt>
      <pt>
        <x>432.77</x>
        <y>442.02</y>
      </pt>
      <username></username>
    </polygon>
    <attributes></attributes>
  </object>
  <object>
    <name>lane</name>
    <deleted>0</deleted>
    <verified>0</verified>
    <occluded>no</occluded>
    <date></date>
    <id>4</id>
    <parts>
      <hasparts></hasparts>
      <ispartof></ispartof>
    </parts>
    <polygon>
      <pt>
        <x>370.54</x>
        <y>401.54</y>
      </pt>
      <pt>
        <x>376.06</x>
        <y>400.20</y>
      </pt>
      <pt>
        <x>402.93</x>
        <y>412.21</y>
      </pt>
      <pt>
        <x>395.50</x>
        <y>413.35</y>
      </pt>
      <username></username>
    </polygon>
    <attributes></attributes>
  </object>
  <object>
    <name>lane</name>
    <deleted>0</deleted>
    <verified>0</verified>
    <occluded>no</occluded>
    <date></date>
    <id>5</id>
    <parts>
      <hasparts></hasparts>
      <ispartof></ispartof>
    </parts>
    <polygon>
      <pt>
        <x>325.00</x>
        <y>386.87</y>
      </pt>
      <pt>
        <x>327.85</x>
        <y>385.34</y>
      </pt>
      <pt>
        <x>352.05</x>
        <y>393.34</y>
      </pt>
      <pt>
        <x>345.19</x>
        <y>393.34</y>
      </pt>
      <username></username>
    </polygon>
    <attributes></attributes>
  </object>
  <object>
    <name>lane</name>
    <deleted>0</deleted>
    <verified>0</verified>
    <occluded>no</occluded>
    <date></date>
    <id>6</id>
    <parts>
      <hasparts></hasparts>
      <ispartof></ispartof>
    </parts>
    <polygon>
      <pt>
        <x>498.81</x>
        <y>1389.55</y>
      </pt>
      <pt>
        <x>563.93</x>
        <y>1377.92</y>
      </pt>
      <pt>
        <x>566.26</x>
        <y>1666.31</y>
      </pt>
      <pt>
        <x>582.54</x>
        <y>1919.80</y>
      </pt>
      <pt>
        <x>578.14</x>
        <y>1920.00</y>
      </pt>
      <pt>
        <x>478.07</x>
        <y>1920.00</y>
      </pt>
      <pt>
        <x>489.51</x>
        <y>1647.70</y>
      </pt>
      <username></username>
    </polygon>
    <attributes></attributes>
  </object>
  <object>
    <name>lane</name>
    <deleted>0</deleted>
    <verified>0</verified>
    <occluded>no</occluded>
    <date></date>
    <id>7</id>
    <parts>
      <hasparts></hasparts>
      <ispartof></ispartof>
    </parts>
    <polygon>
      <pt>
        <x>472.21</x>
        <y>522.78</y>
      </pt>
      <pt>
        <x>486.28</x>
        <y>521.70</y>
      </pt>
      <pt>
        <x>494.93</x>
        <y>550.91</y>
      </pt>
      <pt>
        <x>503.58</x>
        <y>582.28</y>
      </pt>
      <pt>
        <x>485.73</x>
        <y>581.74</y>
      </pt>
      <pt>
        <x>480.33</x>
        <y>550.91</y>
      </pt>
      <username></username>
    </polygon>
    <attributes></attributes>
  </object>
</annotation>
