<annotation>
  <filename>image_870.jpg</filename>
  <folder></folder>
  <source>
    <sourceImage></sourceImage>
    <sourceAnnotation>Datumaro</sourceAnnotation>
  </source>
  <imagesize>
    <nrows>1920</nrows>
    <ncols>1080</ncols>
  </imagesize>
  <object>
    <name>lane</name>
    <deleted>0</deleted>
    <verified>0</verified>
    <occluded>no</occluded>
    <date></date>
    <id>0</id>
    <parts>
      <hasparts></hasparts>
      <ispartof></ispartof>
    </parts>
    <polygon>
      <pt>
        <x>492.90</x>
        <y>581.62</y>
      </pt>
      <pt>
        <x>535.52</x>
        <y>576.01</y>
      </pt>
      <pt>
        <x>568.05</x>
        <y>830.61</y>
      </pt>
      <pt>
        <x>514.21</x>
        <y>826.12</y>
      </pt>
      <username></username>
    </polygon>
    <attributes></attributes>
  </object>
  <object>
    <name>lane</name>
    <deleted>0</deleted>
    <verified>0</verified>
    <occluded>no</occluded>
    <date></date>
    <id>1</id>
    <parts>
      <hasparts></hasparts>
      <ispartof></ispartof>
    </parts>
    <polygon>
      <pt>
        <x>533.51</x>
        <y>1361.45</y>
      </pt>
      <pt>
        <x>632.35</x>
        <y>1365.32</y>
      </pt>
      <pt>
        <x>699.99</x>
        <y>1920.00</y>
      </pt>
      <pt>
        <x>649.83</x>
        <y>1920.00</y>
      </pt>
      <pt>
        <x>574.21</x>
        <y>1917.67</y>
      </pt>
      <username></username>
    </polygon>
    <attributes></attributes>
  </object>
  <object>
    <name>lane</name>
    <deleted>0</deleted>
    <verified>0</verified>
    <occluded>no</occluded>
    <date></date>
    <id>2</id>
    <parts>
      <hasparts></hasparts>
      <ispartof></ispartof>
    </parts>
    <polygon>
      <pt>
        <x>330.51</x>
        <y>218.14</y>
      </pt>
      <pt>
        <x>342.72</x>
        <y>215.33</y>
      </pt>
      <pt>
        <x>439.44</x>
        <y>247.88</y>
      </pt>
      <pt>
        <x>427.23</x>
        <y>250.07</y>
      </pt>
      <username></username>
    </polygon>
    <attributes></attributes>
  </object>
  <object>
    <name>lane</name>
    <deleted>0</deleted>
    <verified>0</verified>
    <occluded>no</occluded>
    <date></date>
    <id>3</id>
    <parts>
      <hasparts></hasparts>
      <ispartof></ispartof>
    </parts>
    <polygon>
      <pt>
        <x>472.93</x>
        <y>201.56</y>
      </pt>
      <pt>
        <x>488.90</x>
        <y>202.18</y>
      </pt>
      <pt>
        <x>488.27</x>
        <y>228.79</y>
      </pt>
      <pt>
        <x>470.74</x>
        <y>227.85</y>
      </pt>
      <username></username>
    </polygon>
    <attributes></attributes>
  </object>
  <object>
    <name>lane</name>
    <deleted>0</deleted>
    <verified>0</verified>
    <occluded>no</occluded>
    <date></date>
    <id>4</id>
    <parts>
      <hasparts></hasparts>
      <ispartof></ispartof>
    </parts>
    <polygon>
      <pt>
        <x>476.06</x>
        <y>259.78</y>
      </pt>
      <pt>
        <x>493.71</x>
        <y>259.03</y>
      </pt>
      <pt>
        <x>503.51</x>
        <y>305.23</y>
      </pt>
      <pt>
        <x>480.19</x>
        <y>304.85</y>
      </pt>
      <username></username>
    </polygon>
    <attributes></attributes>
  </object>
  <object>
    <name>lane</name>
    <deleted>0</deleted>
    <verified>0</verified>
    <occluded>no</occluded>
    <date></date>
    <id>5</id>
    <parts>
      <hasparts></hasparts>
      <ispartof></ispartof>
    </parts>
    <polygon>
      <pt>
        <x>480.21</x>
        <y>362.99</y>
      </pt>
      <pt>
        <x>506.69</x>
        <y>360.65</y>
      </pt>
      <pt>
        <x>517.59</x>
        <y>454.11</y>
      </pt>
      <pt>
        <x>485.66</x>
        <y>453.34</y>
      </pt>
      <username></username>
    </polygon>
    <attributes></attributes>
  </object>
  <object>
    <name>lane</name>
    <deleted>0</deleted>
    <verified>0</verified>
    <occluded>no</occluded>
    <date></date>
    <id>6</id>
    <parts>
      <hasparts></hasparts>
      <ispartof></ispartof>
    </parts>
    <polygon>
      <pt>
        <x>479.51</x>
        <y>134.88</y>
      </pt>
      <pt>
        <x>492.65</x>
        <y>134.88</y>
      </pt>
      <pt>
        <x>486.71</x>
        <y>149.60</y>
      </pt>
      <pt>
        <x>473.56</x>
        <y>148.66</y>
      </pt>
      <username></username>
    </polygon>
    <attributes></attributes>
  </object>
  <object>
    <name>lane</name>
    <deleted>0</deleted>
    <verified>0</verified>
    <occluded>no</occluded>
    <date></date>
    <id>7</id>
    <parts>
      <hasparts></hasparts>
      <ispartof></ispartof>
    </parts>
    <polygon>
      <pt>
        <x>491.71</x>
        <y>119.55</y>
      </pt>
      <pt>
        <x>505.17</x>
        <y>107.97</y>
      </pt>
      <pt>
        <x>518.95</x>
        <y>108.90</y>
      </pt>
      <pt>
        <x>503.30</x>
        <y>120.80</y>
      </pt>
      <username></username>
    </polygon>
    <attributes></attributes>
  </object>
  <object>
    <name>lane</name>
    <deleted>0</deleted>
    <verified>0</verified>
    <occluded>no</occluded>
    <date></date>
    <id>8</id>
    <parts>
      <hasparts></hasparts>
      <ispartof></ispartof>
    </parts>
    <polygon>
      <pt>
        <x>541.17</x>
        <y>97.64</y>
      </pt>
      <pt>
        <x>597.20</x>
        <y>86.37</y>
      </pt>
      <pt>
        <x>606.90</x>
        <y>86.99</y>
      </pt>
      <pt>
        <x>550.87</x>
        <y>98.58</y>
      </pt>
      <username></username>
    </polygon>
    <attributes></attributes>
  </object>
  <object>
    <name>lane</name>
    <deleted>0</deleted>
    <verified>0</verified>
    <occluded>no</occluded>
    <date></date>
    <id>9</id>
    <parts>
      <hasparts></hasparts>
      <ispartof></ispartof>
    </parts>
    <polygon>
      <pt>
        <x>168.38</x>
        <y>172.76</y>
      </pt>
      <pt>
        <x>182.77</x>
        <y>171.51</y>
      </pt>
      <pt>
        <x>260.09</x>
        <y>192.48</y>
      </pt>
      <pt>
        <x>246.63</x>
        <y>193.42</y>
      </pt>
      <username></username>
    </polygon>
    <attributes></attributes>
  </object>
</annotation>
