<annotation>
  <filename>image_537.jpg</filename>
  <folder></folder>
  <source>
    <sourceImage></sourceImage>
    <sourceAnnotation>Datumaro</sourceAnnotation>
  </source>
  <imagesize>
    <nrows>1920</nrows>
    <ncols>1080</ncols>
  </imagesize>
  <object>
    <name>lane</name>
    <deleted>0</deleted>
    <verified>0</verified>
    <occluded>no</occluded>
    <date></date>
    <id>0</id>
    <parts>
      <hasparts></hasparts>
      <ispartof></ispartof>
    </parts>
    <polygon>
      <pt>
        <x>405.42</x>
        <y>360.61</y>
      </pt>
      <pt>
        <x>405.42</x>
        <y>367.45</y>
      </pt>
      <pt>
        <x>417.46</x>
        <y>369.60</y>
      </pt>
      <pt>
        <x>417.03</x>
        <y>358.85</y>
      </pt>
      <username></username>
    </polygon>
    <attributes></attributes>
  </object>
  <object>
    <name>lane</name>
    <deleted>0</deleted>
    <verified>0</verified>
    <occluded>no</occluded>
    <date></date>
    <id>1</id>
    <parts>
      <hasparts></hasparts>
      <ispartof></ispartof>
    </parts>
    <polygon>
      <pt>
        <x>403.70</x>
        <y>409.59</y>
      </pt>
      <pt>
        <x>404.56</x>
        <y>391.53</y>
      </pt>
      <pt>
        <x>417.89</x>
        <y>390.71</y>
      </pt>
      <pt>
        <x>419.18</x>
        <y>413.50</y>
      </pt>
      <username></username>
    </polygon>
    <attributes></attributes>
  </object>
  <object>
    <name>lane</name>
    <deleted>0</deleted>
    <verified>0</verified>
    <occluded>no</occluded>
    <date></date>
    <id>2</id>
    <parts>
      <hasparts></hasparts>
      <ispartof></ispartof>
    </parts>
    <polygon>
      <pt>
        <x>401.98</x>
        <y>443.60</y>
      </pt>
      <pt>
        <x>400.26</x>
        <y>481.40</y>
      </pt>
      <pt>
        <x>419.18</x>
        <y>483.12</y>
      </pt>
      <pt>
        <x>420.90</x>
        <y>444.89</y>
      </pt>
      <username></username>
    </polygon>
    <attributes></attributes>
  </object>
  <object>
    <name>lane</name>
    <deleted>0</deleted>
    <verified>0</verified>
    <occluded>no</occluded>
    <date></date>
    <id>3</id>
    <parts>
      <hasparts></hasparts>
      <ispartof></ispartof>
    </parts>
    <polygon>
      <pt>
        <x>390.79</x>
        <y>598.91</y>
      </pt>
      <pt>
        <x>395.99</x>
        <y>530.55</y>
      </pt>
      <pt>
        <x>419.02</x>
        <y>528.32</y>
      </pt>
      <pt>
        <x>422.00</x>
        <y>596.68</y>
      </pt>
      <username></username>
    </polygon>
    <attributes></attributes>
  </object>
  <object>
    <name>lane</name>
    <deleted>0</deleted>
    <verified>0</verified>
    <occluded>no</occluded>
    <date></date>
    <id>4</id>
    <parts>
      <hasparts></hasparts>
      <ispartof></ispartof>
    </parts>
    <polygon>
      <pt>
        <x>389.30</x>
        <y>694.75</y>
      </pt>
      <pt>
        <x>422.00</x>
        <y>695.50</y>
      </pt>
      <pt>
        <x>429.43</x>
        <y>864.16</y>
      </pt>
      <pt>
        <x>387.07</x>
        <y>866.39</y>
      </pt>
      <username></username>
    </polygon>
    <attributes></attributes>
  </object>
  <object>
    <name>lane</name>
    <deleted>0</deleted>
    <verified>0</verified>
    <occluded>no</occluded>
    <date></date>
    <id>5</id>
    <parts>
      <hasparts></hasparts>
      <ispartof></ispartof>
    </parts>
    <polygon>
      <pt>
        <x>368.78</x>
        <y>1164.38</y>
      </pt>
      <pt>
        <x>333.43</x>
        <y>1920.00</y>
      </pt>
      <pt>
        <x>411.78</x>
        <y>1920.00</y>
      </pt>
      <pt>
        <x>444.21</x>
        <y>1918.70</y>
      </pt>
      <pt>
        <x>435.34</x>
        <y>1166.59</y>
      </pt>
      <username></username>
    </polygon>
    <attributes></attributes>
  </object>
</annotation>
