<annotation>
  <filename>image_1499.jpg</filename>
  <folder></folder>
  <source>
    <sourceImage></sourceImage>
    <sourceAnnotation>Datumaro</sourceAnnotation>
  </source>
  <imagesize>
    <nrows>486</nrows>
    <ncols>1080</ncols>
  </imagesize>
  <object>
    <name>lane</name>
    <deleted>0</deleted>
    <verified>0</verified>
    <occluded>no</occluded>
    <date></date>
    <id>0</id>
    <parts>
      <hasparts></hasparts>
      <ispartof></ispartof>
    </parts>
    <polygon>
      <pt>
        <x>532.94</x>
        <y>232.56</y>
      </pt>
      <pt>
        <x>532.94</x>
        <y>246.28</y>
      </pt>
      <pt>
        <x>707.47</x>
        <y>249.71</y>
      </pt>
      <pt>
        <x>705.33</x>
        <y>224.41</y>
      </pt>
      <username></username>
    </polygon>
    <attributes></attributes>
  </object>
  <object>
    <name>lane</name>
    <deleted>0</deleted>
    <verified>0</verified>
    <occluded>no</occluded>
    <date></date>
    <id>1</id>
    <parts>
      <hasparts></hasparts>
      <ispartof></ispartof>
    </parts>
    <type>bounding_box</type>
    <polygon>
      <pt>
        <x>368.98</x>
        <y>243.01</y>
      </pt>
      <pt>
        <x>378.32</x>
        <y>243.01</y>
      </pt>
      <pt>
        <x>378.32</x>
        <y>246.73</y>
      </pt>
      <pt>
        <x>368.98</x>
        <y>246.73</y>
      </pt>
      <username></username>
    </polygon>
    <attributes>rotation=0.0</attributes>
  </object>
  <object>
    <name>lane</name>
    <deleted>0</deleted>
    <verified>0</verified>
    <occluded>no</occluded>
    <date></date>
    <id>2</id>
    <parts>
      <hasparts></hasparts>
      <ispartof></ispartof>
    </parts>
    <type>bounding_box</type>
    <polygon>
      <pt>
        <x>355.74</x>
        <y>243.01</y>
      </pt>
      <pt>
        <x>362.47</x>
        <y>243.01</y>
      </pt>
      <pt>
        <x>362.47</x>
        <y>246.94</y>
      </pt>
      <pt>
        <x>355.74</x>
        <y>246.94</y>
      </pt>
      <username></username>
    </polygon>
    <attributes>rotation=0.0</attributes>
  </object>
  <object>
    <name>lane</name>
    <deleted>0</deleted>
    <verified>0</verified>
    <occluded>no</occluded>
    <date></date>
    <id>3</id>
    <parts>
      <hasparts></hasparts>
      <ispartof></ispartof>
    </parts>
    <type>bounding_box</type>
    <polygon>
      <pt>
        <x>427.61</x>
        <y>238.76</y>
      </pt>
      <pt>
        <x>466.75</x>
        <y>238.76</y>
      </pt>
      <pt>
        <x>466.75</x>
        <y>247.36</y>
      </pt>
      <pt>
        <x>427.61</x>
        <y>247.36</y>
      </pt>
      <username></username>
    </polygon>
    <attributes>rotation=0.0</attributes>
  </object>
  <object>
    <name>lane</name>
    <deleted>0</deleted>
    <verified>0</verified>
    <occluded>no</occluded>
    <date></date>
    <id>4</id>
    <parts>
      <hasparts></hasparts>
      <ispartof></ispartof>
    </parts>
    <type>bounding_box</type>
    <polygon>
      <pt>
        <x>390.26</x>
        <y>241.71</y>
      </pt>
      <pt>
        <x>405.67</x>
        <y>241.71</y>
      </pt>
      <pt>
        <x>405.67</x>
        <y>247.81</y>
      </pt>
      <pt>
        <x>390.26</x>
        <y>247.81</y>
      </pt>
      <username></username>
    </polygon>
    <attributes>rotation=0.0</attributes>
  </object>
</annotation>
