<annotation>
  <filename>image_2485.jpg</filename>
  <folder></folder>
  <source>
    <sourceImage></sourceImage>
    <sourceAnnotation>Datumaro</sourceAnnotation>
  </source>
  <imagesize>
    <nrows>1920</nrows>
    <ncols>1080</ncols>
  </imagesize>
  <object>
    <name>lane</name>
    <deleted>0</deleted>
    <verified>0</verified>
    <occluded>no</occluded>
    <date></date>
    <id>0</id>
    <parts>
      <hasparts></hasparts>
      <ispartof></ispartof>
    </parts>
    <type>bounding_box</type>
    <polygon>
      <pt>
        <x>490.80</x>
        <y>137.09</y>
      </pt>
      <pt>
        <x>495.72</x>
        <y>137.09</y>
      </pt>
      <pt>
        <x>495.72</x>
        <y>141.67</y>
      </pt>
      <pt>
        <x>490.80</x>
        <y>141.67</y>
      </pt>
      <username></username>
    </polygon>
    <attributes>rotation=0.0</attributes>
  </object>
  <object>
    <name>lane</name>
    <deleted>0</deleted>
    <verified>0</verified>
    <occluded>no</occluded>
    <date></date>
    <id>1</id>
    <parts>
      <hasparts></hasparts>
      <ispartof></ispartof>
    </parts>
    <type>bounding_box</type>
    <polygon>
      <pt>
        <x>490.63</x>
        <y>144.39</y>
      </pt>
      <pt>
        <x>495.38</x>
        <y>144.39</y>
      </pt>
      <pt>
        <x>495.38</x>
        <y>149.65</y>
      </pt>
      <pt>
        <x>490.63</x>
        <y>149.65</y>
      </pt>
      <username></username>
    </polygon>
    <attributes>rotation=0.0</attributes>
  </object>
  <object>
    <name>lane</name>
    <deleted>0</deleted>
    <verified>0</verified>
    <occluded>no</occluded>
    <date></date>
    <id>2</id>
    <parts>
      <hasparts></hasparts>
      <ispartof></ispartof>
    </parts>
    <type>bounding_box</type>
    <polygon>
      <pt>
        <x>490.46</x>
        <y>152.87</y>
      </pt>
      <pt>
        <x>495.38</x>
        <y>152.87</y>
      </pt>
      <pt>
        <x>495.38</x>
        <y>158.81</y>
      </pt>
      <pt>
        <x>490.46</x>
        <y>158.81</y>
      </pt>
      <username></username>
    </polygon>
    <attributes>rotation=0.0</attributes>
  </object>
  <object>
    <name>lane</name>
    <deleted>0</deleted>
    <verified>0</verified>
    <occluded>no</occluded>
    <date></date>
    <id>3</id>
    <parts>
      <hasparts></hasparts>
      <ispartof></ispartof>
    </parts>
    <type>bounding_box</type>
    <polygon>
      <pt>
        <x>490.46</x>
        <y>163.22</y>
      </pt>
      <pt>
        <x>496.57</x>
        <y>163.22</y>
      </pt>
      <pt>
        <x>496.57</x>
        <y>171.03</y>
      </pt>
      <pt>
        <x>490.46</x>
        <y>171.03</y>
      </pt>
      <username></username>
    </polygon>
    <attributes>rotation=0.0</attributes>
  </object>
  <object>
    <name>lane</name>
    <deleted>0</deleted>
    <verified>0</verified>
    <occluded>no</occluded>
    <date></date>
    <id>4</id>
    <parts>
      <hasparts></hasparts>
      <ispartof></ispartof>
    </parts>
    <type>bounding_box</type>
    <polygon>
      <pt>
        <x>487.03</x>
        <y>176.00</y>
      </pt>
      <pt>
        <x>495.86</x>
        <y>176.00</y>
      </pt>
      <pt>
        <x>495.86</x>
        <y>188.60</y>
      </pt>
      <pt>
        <x>487.03</x>
        <y>188.60</y>
      </pt>
      <username></username>
    </polygon>
    <attributes>rotation=0.0</attributes>
  </object>
  <object>
    <name>lane</name>
    <deleted>0</deleted>
    <verified>0</verified>
    <occluded>no</occluded>
    <date></date>
    <id>5</id>
    <parts>
      <hasparts></hasparts>
      <ispartof></ispartof>
    </parts>
    <polygon>
      <pt>
        <x>464.61</x>
        <y>643.81</y>
      </pt>
      <pt>
        <x>457.08</x>
        <y>1076.75</y>
      </pt>
      <pt>
        <x>517.32</x>
        <y>1076.75</y>
      </pt>
      <pt>
        <x>509.79</x>
        <y>651.34</y>
      </pt>
      <username></username>
    </polygon>
    <attributes></attributes>
  </object>
  <object>
    <name>lane</name>
    <deleted>0</deleted>
    <verified>0</verified>
    <occluded>no</occluded>
    <date></date>
    <id>6</id>
    <parts>
      <hasparts></hasparts>
      <ispartof></ispartof>
    </parts>
    <polygon>
      <pt>
        <x>481.23</x>
        <y>380.50</y>
      </pt>
      <pt>
        <x>478.71</x>
        <y>482.62</y>
      </pt>
      <pt>
        <x>501.41</x>
        <y>482.62</y>
      </pt>
      <pt>
        <x>498.88</x>
        <y>380.50</y>
      </pt>
      <username></username>
    </polygon>
    <attributes></attributes>
  </object>
  <object>
    <name>lane</name>
    <deleted>0</deleted>
    <verified>0</verified>
    <occluded>no</occluded>
    <date></date>
    <id>7</id>
    <parts>
      <hasparts></hasparts>
      <ispartof></ispartof>
    </parts>
    <type>bounding_box</type>
    <polygon>
      <pt>
        <x>481.99</x>
        <y>281.90</y>
      </pt>
      <pt>
        <x>497.12</x>
        <y>281.90</y>
      </pt>
      <pt>
        <x>497.12</x>
        <y>323.51</y>
      </pt>
      <pt>
        <x>481.99</x>
        <y>323.51</y>
      </pt>
      <username></username>
    </polygon>
    <attributes>rotation=0.0</attributes>
  </object>
  <object>
    <name>lane</name>
    <deleted>0</deleted>
    <verified>0</verified>
    <occluded>no</occluded>
    <date></date>
    <id>8</id>
    <parts>
      <hasparts></hasparts>
      <ispartof></ispartof>
    </parts>
    <type>bounding_box</type>
    <polygon>
      <pt>
        <x>484.51</x>
        <y>231.47</y>
      </pt>
      <pt>
        <x>497.12</x>
        <y>231.47</y>
      </pt>
      <pt>
        <x>497.12</x>
        <y>254.16</y>
      </pt>
      <pt>
        <x>484.51</x>
        <y>254.16</y>
      </pt>
      <username></username>
    </polygon>
    <attributes>rotation=0.0</attributes>
  </object>
  <object>
    <name>lane</name>
    <deleted>0</deleted>
    <verified>0</verified>
    <occluded>no</occluded>
    <date></date>
    <id>9</id>
    <parts>
      <hasparts></hasparts>
      <ispartof></ispartof>
    </parts>
    <type>bounding_box</type>
    <polygon>
      <pt>
        <x>488.29</x>
        <y>197.43</y>
      </pt>
      <pt>
        <x>495.86</x>
        <y>197.43</y>
      </pt>
      <pt>
        <x>495.86</x>
        <y>216.34</y>
      </pt>
      <pt>
        <x>488.29</x>
        <y>216.34</y>
      </pt>
      <username></username>
    </polygon>
    <attributes>rotation=0.0</attributes>
  </object>
</annotation>
