<annotation>
  <filename>image_267.jpg</filename>
  <folder></folder>
  <source>
    <sourceImage></sourceImage>
    <sourceAnnotation>Datumaro</sourceAnnotation>
  </source>
  <imagesize>
    <nrows>1920</nrows>
    <ncols>1080</ncols>
  </imagesize>
  <object>
    <name>lane</name>
    <deleted>0</deleted>
    <verified>0</verified>
    <occluded>no</occluded>
    <date></date>
    <id>0</id>
    <parts>
      <hasparts></hasparts>
      <ispartof></ispartof>
    </parts>
    <polygon>
      <pt>
        <x>943.50</x>
        <y>341.89</y>
      </pt>
      <pt>
        <x>949.43</x>
        <y>343.07</y>
      </pt>
      <pt>
        <x>992.09</x>
        <y>330.43</y>
      </pt>
      <pt>
        <x>986.96</x>
        <y>328.06</y>
      </pt>
      <username></username>
    </polygon>
    <attributes></attributes>
  </object>
  <object>
    <name>lane</name>
    <deleted>0</deleted>
    <verified>0</verified>
    <occluded>no</occluded>
    <date></date>
    <id>1</id>
    <parts>
      <hasparts></hasparts>
      <ispartof></ispartof>
    </parts>
    <polygon>
      <pt>
        <x>417.32</x>
        <y>1210.16</y>
      </pt>
      <pt>
        <x>477.28</x>
        <y>1213.11</y>
      </pt>
      <pt>
        <x>518.56</x>
        <y>767.84</y>
      </pt>
      <pt>
        <x>491.04</x>
        <y>767.84</y>
      </pt>
      <username></username>
    </polygon>
    <attributes></attributes>
  </object>
  <object>
    <name>lane</name>
    <deleted>0</deleted>
    <verified>0</verified>
    <occluded>no</occluded>
    <date></date>
    <id>2</id>
    <parts>
      <hasparts></hasparts>
      <ispartof></ispartof>
    </parts>
    <polygon>
      <pt>
        <x>545.99</x>
        <y>619.99</y>
      </pt>
      <pt>
        <x>566.47</x>
        <y>619.99</y>
      </pt>
      <pt>
        <x>604.01</x>
        <y>520.33</y>
      </pt>
      <pt>
        <x>585.58</x>
        <y>518.96</y>
      </pt>
      <username></username>
    </polygon>
    <attributes></attributes>
  </object>
  <object>
    <name>lane</name>
    <deleted>0</deleted>
    <verified>0</verified>
    <occluded>no</occluded>
    <date></date>
    <id>3</id>
    <parts>
      <hasparts></hasparts>
      <ispartof></ispartof>
    </parts>
    <polygon>
      <pt>
        <x>634.05</x>
        <y>473.23</y>
      </pt>
      <pt>
        <x>649.75</x>
        <y>473.23</y>
      </pt>
      <pt>
        <x>697.53</x>
        <y>428.86</y>
      </pt>
      <pt>
        <x>690.02</x>
        <y>425.45</y>
      </pt>
      <username></username>
    </polygon>
    <attributes></attributes>
  </object>
  <object>
    <name>lane</name>
    <deleted>0</deleted>
    <verified>0</verified>
    <occluded>no</occluded>
    <date></date>
    <id>4</id>
    <parts>
      <hasparts></hasparts>
      <ispartof></ispartof>
    </parts>
    <polygon>
      <pt>
        <x>741.65</x>
        <y>393.64</y>
      </pt>
      <pt>
        <x>749.55</x>
        <y>395.22</y>
      </pt>
      <pt>
        <x>820.65</x>
        <y>375.86</y>
      </pt>
      <pt>
        <x>818.28</x>
        <y>373.89</y>
      </pt>
      <username></username>
    </polygon>
    <attributes></attributes>
  </object>
  <object>
    <name>lane</name>
    <deleted>0</deleted>
    <verified>0</verified>
    <occluded>no</occluded>
    <date></date>
    <id>5</id>
    <parts>
      <hasparts></hasparts>
      <ispartof></ispartof>
    </parts>
    <polygon>
      <pt>
        <x>1052.12</x>
        <y>314.13</y>
      </pt>
      <pt>
        <x>1054.60</x>
        <y>316.03</y>
      </pt>
      <pt>
        <x>1074.03</x>
        <y>310.70</y>
      </pt>
      <pt>
        <x>1071.17</x>
        <y>308.41</y>
      </pt>
      <username></username>
    </polygon>
    <attributes></attributes>
  </object>
</annotation>
