<annotation>
  <filename>image_1042.jpg</filename>
  <folder></folder>
  <source>
    <sourceImage></sourceImage>
    <sourceAnnotation>Datumaro</sourceAnnotation>
  </source>
  <imagesize>
    <nrows>1920</nrows>
    <ncols>1080</ncols>
  </imagesize>
  <object>
    <name>lane</name>
    <deleted>0</deleted>
    <verified>0</verified>
    <occluded>no</occluded>
    <date></date>
    <id>0</id>
    <parts>
      <hasparts></hasparts>
      <ispartof></ispartof>
    </parts>
    <polygon>
      <pt>
        <x>589.85</x>
        <y>363.87</y>
      </pt>
      <pt>
        <x>611.74</x>
        <y>367.37</y>
      </pt>
      <pt>
        <x>735.19</x>
        <y>309.59</y>
      </pt>
      <pt>
        <x>828.00</x>
        <y>278.07</y>
      </pt>
      <pt>
        <x>813.99</x>
        <y>271.06</y>
      </pt>
      <pt>
        <x>678.28</x>
        <y>319.22</y>
      </pt>
      <username></username>
    </polygon>
    <attributes></attributes>
  </object>
  <object>
    <name>lane</name>
    <deleted>0</deleted>
    <verified>0</verified>
    <occluded>no</occluded>
    <date></date>
    <id>1</id>
    <parts>
      <hasparts></hasparts>
      <ispartof></ispartof>
    </parts>
    <polygon>
      <pt>
        <x>307.81</x>
        <y>351.52</y>
      </pt>
      <pt>
        <x>321.47</x>
        <y>357.83</y>
      </pt>
      <pt>
        <x>769.05</x>
        <y>273.77</y>
      </pt>
      <pt>
        <x>754.34</x>
        <y>269.57</y>
      </pt>
      <username></username>
    </polygon>
    <attributes></attributes>
  </object>
  <object>
    <name>lane</name>
    <deleted>0</deleted>
    <verified>0</verified>
    <occluded>no</occluded>
    <date></date>
    <id>2</id>
    <parts>
      <hasparts></hasparts>
      <ispartof></ispartof>
    </parts>
    <polygon>
      <pt>
        <x>450.68</x>
        <y>1920.00</y>
      </pt>
      <pt>
        <x>329.22</x>
        <y>1474.63</y>
      </pt>
      <pt>
        <x>272.75</x>
        <y>1182.86</y>
      </pt>
      <pt>
        <x>188.04</x>
        <y>1186.00</y>
      </pt>
      <pt>
        <x>238.24</x>
        <y>1531.10</y>
      </pt>
      <pt>
        <x>300.96</x>
        <y>1920.00</y>
      </pt>
      <username></username>
    </polygon>
    <attributes></attributes>
  </object>
  <object>
    <name>lane</name>
    <deleted>0</deleted>
    <verified>0</verified>
    <occluded>no</occluded>
    <date></date>
    <id>3</id>
    <parts>
      <hasparts></hasparts>
      <ispartof></ispartof>
    </parts>
    <polygon>
      <pt>
        <x>237.48</x>
        <y>731.67</y>
      </pt>
      <pt>
        <x>288.31</x>
        <y>737.12</y>
      </pt>
      <pt>
        <x>355.49</x>
        <y>580.98</y>
      </pt>
      <pt>
        <x>417.22</x>
        <y>508.36</y>
      </pt>
      <pt>
        <x>384.54</x>
        <y>502.91</y>
      </pt>
      <pt>
        <x>304.65</x>
        <y>602.77</y>
      </pt>
      <username></username>
    </polygon>
    <attributes></attributes>
  </object>
</annotation>
