<annotation>
  <filename>image_1024.jpg</filename>
  <folder></folder>
  <source>
    <sourceImage></sourceImage>
    <sourceAnnotation>Datumaro</sourceAnnotation>
  </source>
  <imagesize>
    <nrows>1920</nrows>
    <ncols>1080</ncols>
  </imagesize>
  <object>
    <name>lane</name>
    <deleted>0</deleted>
    <verified>0</verified>
    <occluded>no</occluded>
    <date></date>
    <id>0</id>
    <parts>
      <hasparts></hasparts>
      <ispartof></ispartof>
    </parts>
    <polygon>
      <pt>
        <x>460.00</x>
        <y>203.12</y>
      </pt>
      <pt>
        <x>493.28</x>
        <y>129.57</y>
      </pt>
      <pt>
        <x>536.18</x>
        <y>86.67</y>
      </pt>
      <pt>
        <x>568.57</x>
        <y>90.17</y>
      </pt>
      <pt>
        <x>523.04</x>
        <y>137.45</y>
      </pt>
      <pt>
        <x>498.53</x>
        <y>205.75</y>
      </pt>
      <username></username>
    </polygon>
    <attributes></attributes>
  </object>
  <object>
    <name>lane</name>
    <deleted>0</deleted>
    <verified>0</verified>
    <occluded>no</occluded>
    <date></date>
    <id>1</id>
    <parts>
      <hasparts></hasparts>
      <ispartof></ispartof>
    </parts>
    <polygon>
      <pt>
        <x>443.07</x>
        <y>863.12</y>
      </pt>
      <pt>
        <x>519.32</x>
        <y>867.47</y>
      </pt>
      <pt>
        <x>504.07</x>
        <y>601.68</y>
      </pt>
      <pt>
        <x>491.00</x>
        <y>418.67</y>
      </pt>
      <pt>
        <x>436.54</x>
        <y>412.14</y>
      </pt>
      <pt>
        <x>443.07</x>
        <y>595.14</y>
      </pt>
      <username></username>
    </polygon>
    <attributes></attributes>
  </object>
  <object>
    <name>lane</name>
    <deleted>0</deleted>
    <verified>0</verified>
    <occluded>no</occluded>
    <date></date>
    <id>2</id>
    <parts>
      <hasparts></hasparts>
      <ispartof></ispartof>
    </parts>
    <polygon>
      <pt>
        <x>625.41</x>
        <y>36.64</y>
      </pt>
      <pt>
        <x>755.80</x>
        <y>0.69</y>
      </pt>
      <pt>
        <x>803.22</x>
        <y>0.29</y>
      </pt>
      <pt>
        <x>655.44</x>
        <y>42.17</y>
      </pt>
      <username></username>
    </polygon>
    <attributes></attributes>
  </object>
  <object>
    <name>lane</name>
    <deleted>0</deleted>
    <verified>0</verified>
    <occluded>no</occluded>
    <date></date>
    <id>3</id>
    <parts>
      <hasparts></hasparts>
      <ispartof></ispartof>
    </parts>
    <polygon>
      <pt>
        <x>385.58</x>
        <y>193.49</y>
      </pt>
      <pt>
        <x>426.73</x>
        <y>189.99</y>
      </pt>
      <pt>
        <x>390.84</x>
        <y>112.94</y>
      </pt>
      <pt>
        <x>361.94</x>
        <y>60.40</y>
      </pt>
      <pt>
        <x>329.55</x>
        <y>60.40</y>
      </pt>
      <pt>
        <x>360.19</x>
        <y>122.57</y>
      </pt>
      <username></username>
    </polygon>
    <attributes></attributes>
  </object>
</annotation>
