<annotation>
  <filename>image_3.jpg</filename>
  <folder></folder>
  <source>
    <sourceImage></sourceImage>
    <sourceAnnotation>Datumaro</sourceAnnotation>
  </source>
  <imagesize>
    <nrows>1920</nrows>
    <ncols>1080</ncols>
  </imagesize>
  <object>
    <name>lane</name>
    <deleted>0</deleted>
    <verified>0</verified>
    <occluded>no</occluded>
    <date></date>
    <id>0</id>
    <parts>
      <hasparts></hasparts>
      <ispartof></ispartof>
    </parts>
    <polygon>
      <pt>
        <x>621.24</x>
        <y>486.00</y>
      </pt>
      <pt>
        <x>624.48</x>
        <y>488.29</y>
      </pt>
      <pt>
        <x>637.81</x>
        <y>484.29</y>
      </pt>
      <pt>
        <x>635.91</x>
        <y>483.91</y>
      </pt>
      <username></username>
    </polygon>
    <attributes></attributes>
  </object>
  <object>
    <name>lane</name>
    <deleted>0</deleted>
    <verified>0</verified>
    <occluded>no</occluded>
    <date></date>
    <id>1</id>
    <parts>
      <hasparts></hasparts>
      <ispartof></ispartof>
    </parts>
    <polygon>
      <pt>
        <x>587.41</x>
        <y>495.27</y>
      </pt>
      <pt>
        <x>592.35</x>
        <y>496.36</y>
      </pt>
      <pt>
        <x>610.73</x>
        <y>490.88</y>
      </pt>
      <pt>
        <x>607.16</x>
        <y>490.33</y>
      </pt>
      <username></username>
    </polygon>
    <attributes></attributes>
  </object>
  <object>
    <name>lane</name>
    <deleted>0</deleted>
    <verified>0</verified>
    <occluded>no</occluded>
    <date></date>
    <id>2</id>
    <parts>
      <hasparts></hasparts>
      <ispartof></ispartof>
    </parts>
    <polygon>
      <pt>
        <x>555.58</x>
        <y>505.42</y>
      </pt>
      <pt>
        <x>563.26</x>
        <y>505.42</y>
      </pt>
      <pt>
        <x>575.61</x>
        <y>500.48</y>
      </pt>
      <pt>
        <x>573.69</x>
        <y>499.35</y>
      </pt>
      <username></username>
    </polygon>
    <attributes></attributes>
  </object>
  <object>
    <name>lane</name>
    <deleted>0</deleted>
    <verified>0</verified>
    <occluded>no</occluded>
    <date></date>
    <id>3</id>
    <parts>
      <hasparts></hasparts>
      <ispartof></ispartof>
    </parts>
    <polygon>
      <pt>
        <x>532.35</x>
        <y>522.30</y>
      </pt>
      <pt>
        <x>527.08</x>
        <y>521.65</y>
      </pt>
      <pt>
        <x>539.92</x>
        <y>513.09</y>
      </pt>
      <pt>
        <x>546.84</x>
        <y>513.09</y>
      </pt>
      <username></username>
    </polygon>
    <attributes></attributes>
  </object>
  <object>
    <name>lane</name>
    <deleted>0</deleted>
    <verified>0</verified>
    <occluded>no</occluded>
    <date></date>
    <id>4</id>
    <parts>
      <hasparts></hasparts>
      <ispartof></ispartof>
    </parts>
    <polygon>
      <pt>
        <x>497.45</x>
        <y>545.35</y>
      </pt>
      <pt>
        <x>502.71</x>
        <y>545.35</y>
      </pt>
      <pt>
        <x>516.54</x>
        <y>533.83</y>
      </pt>
      <pt>
        <x>512.92</x>
        <y>533.17</y>
      </pt>
      <username></username>
    </polygon>
    <attributes></attributes>
  </object>
  <object>
    <name>lane</name>
    <deleted>0</deleted>
    <verified>0</verified>
    <occluded>no</occluded>
    <date></date>
    <id>5</id>
    <parts>
      <hasparts></hasparts>
      <ispartof></ispartof>
    </parts>
    <polygon>
      <pt>
        <x>482.63</x>
        <y>560.83</y>
      </pt>
      <pt>
        <x>491.19</x>
        <y>561.82</y>
      </pt>
      <pt>
        <x>480.98</x>
        <y>583.55</y>
      </pt>
      <pt>
        <x>472.09</x>
        <y>583.55</y>
      </pt>
      <username></username>
    </polygon>
    <attributes></attributes>
  </object>
  <object>
    <name>lane</name>
    <deleted>0</deleted>
    <verified>0</verified>
    <occluded>no</occluded>
    <date></date>
    <id>6</id>
    <parts>
      <hasparts></hasparts>
      <ispartof></ispartof>
    </parts>
    <polygon>
      <pt>
        <x>463.37</x>
        <y>607.75</y>
      </pt>
      <pt>
        <x>475.23</x>
        <y>608.70</y>
      </pt>
      <pt>
        <x>466.22</x>
        <y>646.11</y>
      </pt>
      <pt>
        <x>454.84</x>
        <y>646.11</y>
      </pt>
      <username></username>
    </polygon>
    <attributes></attributes>
  </object>
  <object>
    <name>lane</name>
    <deleted>0</deleted>
    <verified>0</verified>
    <occluded>no</occluded>
    <date></date>
    <id>7</id>
    <parts>
      <hasparts></hasparts>
      <ispartof></ispartof>
    </parts>
    <polygon>
      <pt>
        <x>449.50</x>
        <y>694.61</y>
      </pt>
      <pt>
        <x>465.23</x>
        <y>694.61</y>
      </pt>
      <pt>
        <x>467.20</x>
        <y>778.18</y>
      </pt>
      <pt>
        <x>449.50</x>
        <y>781.13</y>
      </pt>
      <username></username>
    </polygon>
    <attributes></attributes>
  </object>
  <object>
    <name>lane</name>
    <deleted>0</deleted>
    <verified>0</verified>
    <occluded>no</occluded>
    <date></date>
    <id>8</id>
    <parts>
      <hasparts></hasparts>
      <ispartof></ispartof>
    </parts>
    <polygon>
      <pt>
        <x>474.12</x>
        <y>1195.33</y>
      </pt>
      <pt>
        <x>514.90</x>
        <y>1195.32</y>
      </pt>
      <pt>
        <x>535.28</x>
        <y>1317.65</y>
      </pt>
      <pt>
        <x>486.01</x>
        <y>1321.05</y>
      </pt>
      <username></username>
    </polygon>
    <attributes></attributes>
  </object>
</annotation>
