<annotation>
  <filename>image_1459.jpg</filename>
  <folder></folder>
  <source>
    <sourceImage></sourceImage>
    <sourceAnnotation>Datumaro</sourceAnnotation>
  </source>
  <imagesize>
    <nrows>1920</nrows>
    <ncols>1080</ncols>
  </imagesize>
  <object>
    <name>lane</name>
    <deleted>0</deleted>
    <verified>0</verified>
    <occluded>no</occluded>
    <date></date>
    <id>0</id>
    <parts>
      <hasparts></hasparts>
      <ispartof></ispartof>
    </parts>
    <type>bounding_box</type>
    <polygon>
      <pt>
        <x>636.32</x>
        <y>70.83</y>
      </pt>
      <pt>
        <x>642.11</x>
        <y>70.83</y>
      </pt>
      <pt>
        <x>642.11</x>
        <y>75.97</y>
      </pt>
      <pt>
        <x>636.32</x>
        <y>75.97</y>
      </pt>
      <username></username>
    </polygon>
    <attributes>rotation=0.0</attributes>
  </object>
  <object>
    <name>lane</name>
    <deleted>0</deleted>
    <verified>0</verified>
    <occluded>no</occluded>
    <date></date>
    <id>1</id>
    <parts>
      <hasparts></hasparts>
      <ispartof></ispartof>
    </parts>
    <type>bounding_box</type>
    <polygon>
      <pt>
        <x>636.32</x>
        <y>61.18</y>
      </pt>
      <pt>
        <x>642.75</x>
        <y>61.18</y>
      </pt>
      <pt>
        <x>642.75</x>
        <y>66.33</y>
      </pt>
      <pt>
        <x>636.32</x>
        <y>66.33</y>
      </pt>
      <username></username>
    </polygon>
    <attributes>rotation=0.0</attributes>
  </object>
  <object>
    <name>lane</name>
    <deleted>0</deleted>
    <verified>0</verified>
    <occluded>no</occluded>
    <date></date>
    <id>2</id>
    <parts>
      <hasparts></hasparts>
      <ispartof></ispartof>
    </parts>
    <type>bounding_box</type>
    <polygon>
      <pt>
        <x>630.86</x>
        <y>134.18</y>
      </pt>
      <pt>
        <x>641.15</x>
        <y>134.18</y>
      </pt>
      <pt>
        <x>641.15</x>
        <y>149.94</y>
      </pt>
      <pt>
        <x>630.86</x>
        <y>149.94</y>
      </pt>
      <username></username>
    </polygon>
    <attributes>rotation=0.0</attributes>
  </object>
  <object>
    <name>lane</name>
    <deleted>0</deleted>
    <verified>0</verified>
    <occluded>no</occluded>
    <date></date>
    <id>3</id>
    <parts>
      <hasparts></hasparts>
      <ispartof></ispartof>
    </parts>
    <type>bounding_box</type>
    <polygon>
      <pt>
        <x>628.60</x>
        <y>164.09</y>
      </pt>
      <pt>
        <x>639.86</x>
        <y>164.09</y>
      </pt>
      <pt>
        <x>639.86</x>
        <y>181.78</y>
      </pt>
      <pt>
        <x>628.60</x>
        <y>181.78</y>
      </pt>
      <username></username>
    </polygon>
    <attributes>rotation=0.0</attributes>
  </object>
  <object>
    <name>lane</name>
    <deleted>0</deleted>
    <verified>0</verified>
    <occluded>no</occluded>
    <date></date>
    <id>4</id>
    <parts>
      <hasparts></hasparts>
      <ispartof></ispartof>
    </parts>
    <type>bounding_box</type>
    <polygon>
      <pt>
        <x>619.54</x>
        <y>200.75</y>
      </pt>
      <pt>
        <x>639.51</x>
        <y>200.75</y>
      </pt>
      <pt>
        <x>639.51</x>
        <y>228.07</y>
      </pt>
      <pt>
        <x>619.54</x>
        <y>228.07</y>
      </pt>
      <username></username>
    </polygon>
    <attributes>rotation=0.0</attributes>
  </object>
  <object>
    <name>lane</name>
    <deleted>0</deleted>
    <verified>0</verified>
    <occluded>no</occluded>
    <date></date>
    <id>5</id>
    <parts>
      <hasparts></hasparts>
      <ispartof></ispartof>
    </parts>
    <type>bounding_box</type>
    <polygon>
      <pt>
        <x>615.34</x>
        <y>259.59</y>
      </pt>
      <pt>
        <x>637.41</x>
        <y>259.59</y>
      </pt>
      <pt>
        <x>637.41</x>
        <y>308.97</y>
      </pt>
      <pt>
        <x>615.34</x>
        <y>308.97</y>
      </pt>
      <username></username>
    </polygon>
    <attributes>rotation=0.0</attributes>
  </object>
  <object>
    <name>lane</name>
    <deleted>0</deleted>
    <verified>0</verified>
    <occluded>no</occluded>
    <date></date>
    <id>6</id>
    <parts>
      <hasparts></hasparts>
      <ispartof></ispartof>
    </parts>
    <type>bounding_box</type>
    <polygon>
      <pt>
        <x>636.32</x>
        <y>81.44</y>
      </pt>
      <pt>
        <x>641.79</x>
        <y>81.44</y>
      </pt>
      <pt>
        <x>641.79</x>
        <y>88.19</y>
      </pt>
      <pt>
        <x>636.32</x>
        <y>88.19</y>
      </pt>
      <username></username>
    </polygon>
    <attributes>rotation=0.0</attributes>
  </object>
  <object>
    <name>lane</name>
    <deleted>0</deleted>
    <verified>0</verified>
    <occluded>no</occluded>
    <date></date>
    <id>7</id>
    <parts>
      <hasparts></hasparts>
      <ispartof></ispartof>
    </parts>
    <type>bounding_box</type>
    <polygon>
      <pt>
        <x>633.43</x>
        <y>94.63</y>
      </pt>
      <pt>
        <x>642.75</x>
        <y>94.63</y>
      </pt>
      <pt>
        <x>642.75</x>
        <y>103.63</y>
      </pt>
      <pt>
        <x>633.43</x>
        <y>103.63</y>
      </pt>
      <username></username>
    </polygon>
    <attributes>rotation=0.0</attributes>
  </object>
  <object>
    <name>lane</name>
    <deleted>0</deleted>
    <verified>0</verified>
    <occluded>no</occluded>
    <date></date>
    <id>8</id>
    <parts>
      <hasparts></hasparts>
      <ispartof></ispartof>
    </parts>
    <type>bounding_box</type>
    <polygon>
      <pt>
        <x>633.75</x>
        <y>111.35</y>
      </pt>
      <pt>
        <x>641.47</x>
        <y>111.35</y>
      </pt>
      <pt>
        <x>641.47</x>
        <y>125.50</y>
      </pt>
      <pt>
        <x>633.75</x>
        <y>125.50</y>
      </pt>
      <username></username>
    </polygon>
    <attributes>rotation=0.0</attributes>
  </object>
  <object>
    <name>lane</name>
    <deleted>0</deleted>
    <verified>0</verified>
    <occluded>no</occluded>
    <date></date>
    <id>9</id>
    <parts>
      <hasparts></hasparts>
      <ispartof></ispartof>
    </parts>
    <type>bounding_box</type>
    <polygon>
      <pt>
        <x>611.08</x>
        <y>359.34</y>
      </pt>
      <pt>
        <x>634.30</x>
        <y>359.34</y>
      </pt>
      <pt>
        <x>634.30</x>
        <y>444.90</y>
      </pt>
      <pt>
        <x>611.08</x>
        <y>444.90</y>
      </pt>
      <username></username>
    </polygon>
    <attributes>rotation=0.0</attributes>
  </object>
  <object>
    <name>lane</name>
    <deleted>0</deleted>
    <verified>0</verified>
    <occluded>no</occluded>
    <date></date>
    <id>10</id>
    <parts>
      <hasparts></hasparts>
      <ispartof></ispartof>
    </parts>
    <polygon>
      <pt>
        <x>539.49</x>
        <y>1209.69</y>
      </pt>
      <pt>
        <x>475.92</x>
        <y>1910.79</y>
      </pt>
      <pt>
        <x>574.56</x>
        <y>1920.00</y>
      </pt>
      <pt>
        <x>608.43</x>
        <y>1920.00</y>
      </pt>
      <pt>
        <x>624.26</x>
        <y>1202.63</y>
      </pt>
      <username></username>
    </polygon>
    <attributes></attributes>
  </object>
  <object>
    <name>lane</name>
    <deleted>0</deleted>
    <verified>0</verified>
    <occluded>no</occluded>
    <date></date>
    <id>11</id>
    <parts>
      <hasparts></hasparts>
      <ispartof></ispartof>
    </parts>
    <type>bounding_box</type>
    <polygon>
      <pt>
        <x>584.47</x>
        <y>569.64</y>
      </pt>
      <pt>
        <x>632.80</x>
        <y>569.64</y>
      </pt>
      <pt>
        <x>632.80</x>
        <y>779.65</y>
      </pt>
      <pt>
        <x>584.47</x>
        <y>779.65</y>
      </pt>
      <username></username>
    </polygon>
    <attributes>rotation=0.0</attributes>
  </object>
</annotation>
