<annotation>
  <filename>image_1312.jpg</filename>
  <folder></folder>
  <source>
    <sourceImage></sourceImage>
    <sourceAnnotation>Datumaro</sourceAnnotation>
  </source>
  <imagesize>
    <nrows>1920</nrows>
    <ncols>1080</ncols>
  </imagesize>
  <object>
    <name>lane</name>
    <deleted>0</deleted>
    <verified>0</verified>
    <occluded>no</occluded>
    <date></date>
    <id>0</id>
    <parts>
      <hasparts></hasparts>
      <ispartof></ispartof>
    </parts>
    <type>bounding_box</type>
    <polygon>
      <pt>
        <x>413.56</x>
        <y>306.13</y>
      </pt>
      <pt>
        <x>432.83</x>
        <y>306.13</y>
      </pt>
      <pt>
        <x>432.83</x>
        <y>328.02</y>
      </pt>
      <pt>
        <x>413.56</x>
        <y>328.02</y>
      </pt>
      <username></username>
    </polygon>
    <attributes>rotation=0.0</attributes>
  </object>
  <object>
    <name>lane</name>
    <deleted>0</deleted>
    <verified>0</verified>
    <occluded>no</occluded>
    <date></date>
    <id>1</id>
    <parts>
      <hasparts></hasparts>
      <ispartof></ispartof>
    </parts>
    <type>bounding_box</type>
    <polygon>
      <pt>
        <x>417.94</x>
        <y>261.48</y>
      </pt>
      <pt>
        <x>429.32</x>
        <y>261.48</y>
      </pt>
      <pt>
        <x>429.32</x>
        <y>283.37</y>
      </pt>
      <pt>
        <x>417.94</x>
        <y>283.37</y>
      </pt>
      <username></username>
    </polygon>
    <attributes>rotation=0.0</attributes>
  </object>
  <object>
    <name>lane</name>
    <deleted>0</deleted>
    <verified>0</verified>
    <occluded>no</occluded>
    <date></date>
    <id>2</id>
    <parts>
      <hasparts></hasparts>
      <ispartof></ispartof>
    </parts>
    <type>bounding_box</type>
    <polygon>
      <pt>
        <x>419.15</x>
        <y>1591.05</y>
      </pt>
      <pt>
        <x>538.98</x>
        <y>1591.05</y>
      </pt>
      <pt>
        <x>538.98</x>
        <y>1920.00</y>
      </pt>
      <pt>
        <x>419.15</x>
        <y>1920.00</y>
      </pt>
      <username></username>
    </polygon>
    <attributes>rotation=0.0</attributes>
  </object>
  <object>
    <name>lane</name>
    <deleted>0</deleted>
    <verified>0</verified>
    <occluded>no</occluded>
    <date></date>
    <id>3</id>
    <parts>
      <hasparts></hasparts>
      <ispartof></ispartof>
    </parts>
    <type>bounding_box</type>
    <polygon>
      <pt>
        <x>417.07</x>
        <y>473.36</y>
      </pt>
      <pt>
        <x>446.83</x>
        <y>473.36</y>
      </pt>
      <pt>
        <x>446.83</x>
        <y>563.55</y>
      </pt>
      <pt>
        <x>417.07</x>
        <y>563.55</y>
      </pt>
      <username></username>
    </polygon>
    <attributes>rotation=0.0</attributes>
  </object>
  <object>
    <name>lane</name>
    <deleted>0</deleted>
    <verified>0</verified>
    <occluded>no</occluded>
    <date></date>
    <id>4</id>
    <parts>
      <hasparts></hasparts>
      <ispartof></ispartof>
    </parts>
    <type>bounding_box</type>
    <polygon>
      <pt>
        <x>417.07</x>
        <y>365.67</y>
      </pt>
      <pt>
        <x>438.95</x>
        <y>365.67</y>
      </pt>
      <pt>
        <x>438.95</x>
        <y>408.57</y>
      </pt>
      <pt>
        <x>417.07</x>
        <y>408.57</y>
      </pt>
      <username></username>
    </polygon>
    <attributes>rotation=0.0</attributes>
  </object>
  <object>
    <name>lane</name>
    <deleted>0</deleted>
    <verified>0</verified>
    <occluded>no</occluded>
    <date></date>
    <id>5</id>
    <parts>
      <hasparts></hasparts>
      <ispartof></ispartof>
    </parts>
    <type>bounding_box</type>
    <polygon>
      <pt>
        <x>415.50</x>
        <y>232.79</y>
      </pt>
      <pt>
        <x>426.14</x>
        <y>232.79</y>
      </pt>
      <pt>
        <x>426.14</x>
        <y>249.00</y>
      </pt>
      <pt>
        <x>415.50</x>
        <y>249.00</y>
      </pt>
      <username></username>
    </polygon>
    <attributes>rotation=0.0</attributes>
  </object>
  <object>
    <name>lane</name>
    <deleted>0</deleted>
    <verified>0</verified>
    <occluded>no</occluded>
    <date></date>
    <id>6</id>
    <parts>
      <hasparts></hasparts>
      <ispartof></ispartof>
    </parts>
    <type>bounding_box</type>
    <polygon>
      <pt>
        <x>416.51</x>
        <y>208.98</y>
      </pt>
      <pt>
        <x>430.19</x>
        <y>208.98</y>
      </pt>
      <pt>
        <x>430.19</x>
        <y>220.12</y>
      </pt>
      <pt>
        <x>416.51</x>
        <y>220.12</y>
      </pt>
      <username></username>
    </polygon>
    <attributes>rotation=0.0</attributes>
  </object>
  <object>
    <name>lane</name>
    <deleted>0</deleted>
    <verified>0</verified>
    <occluded>no</occluded>
    <date></date>
    <id>7</id>
    <parts>
      <hasparts></hasparts>
      <ispartof></ispartof>
    </parts>
    <type>bounding_box</type>
    <polygon>
      <pt>
        <x>416.51</x>
        <y>191.75</y>
      </pt>
      <pt>
        <x>424.62</x>
        <y>191.75</y>
      </pt>
      <pt>
        <x>424.62</x>
        <y>200.36</y>
      </pt>
      <pt>
        <x>416.51</x>
        <y>200.36</y>
      </pt>
      <username></username>
    </polygon>
    <attributes>rotation=0.0</attributes>
  </object>
  <object>
    <name>lane</name>
    <deleted>0</deleted>
    <verified>0</verified>
    <occluded>no</occluded>
    <date></date>
    <id>8</id>
    <parts>
      <hasparts></hasparts>
      <ispartof></ispartof>
    </parts>
    <type>bounding_box</type>
    <polygon>
      <pt>
        <x>418.03</x>
        <y>170.47</y>
      </pt>
      <pt>
        <x>425.13</x>
        <y>170.47</y>
      </pt>
      <pt>
        <x>425.13</x>
        <y>177.56</y>
      </pt>
      <pt>
        <x>418.03</x>
        <y>177.56</y>
      </pt>
      <username></username>
    </polygon>
    <attributes>rotation=0.0</attributes>
  </object>
  <object>
    <name>lane</name>
    <deleted>0</deleted>
    <verified>0</verified>
    <occluded>no</occluded>
    <date></date>
    <id>9</id>
    <parts>
      <hasparts></hasparts>
      <ispartof></ispartof>
    </parts>
    <type>bounding_box</type>
    <polygon>
      <pt>
        <x>418.03</x>
        <y>181.61</y>
      </pt>
      <pt>
        <x>425.13</x>
        <y>181.61</y>
      </pt>
      <pt>
        <x>425.13</x>
        <y>186.68</y>
      </pt>
      <pt>
        <x>418.03</x>
        <y>186.68</y>
      </pt>
      <username></username>
    </polygon>
    <attributes>rotation=0.0</attributes>
  </object>
  <object>
    <name>lane</name>
    <deleted>0</deleted>
    <verified>0</verified>
    <occluded>no</occluded>
    <date></date>
    <id>10</id>
    <parts>
      <hasparts></hasparts>
      <ispartof></ispartof>
    </parts>
    <type>bounding_box</type>
    <polygon>
      <pt>
        <x>417.53</x>
        <y>160.84</y>
      </pt>
      <pt>
        <x>423.10</x>
        <y>160.84</y>
      </pt>
      <pt>
        <x>423.10</x>
        <y>165.91</y>
      </pt>
      <pt>
        <x>417.53</x>
        <y>165.91</y>
      </pt>
      <username></username>
    </polygon>
    <attributes>rotation=0.0</attributes>
  </object>
  <object>
    <name>lane</name>
    <deleted>0</deleted>
    <verified>0</verified>
    <occluded>no</occluded>
    <date></date>
    <id>11</id>
    <parts>
      <hasparts></hasparts>
      <ispartof></ispartof>
    </parts>
    <type>bounding_box</type>
    <polygon>
      <pt>
        <x>416.51</x>
        <y>153.75</y>
      </pt>
      <pt>
        <x>425.63</x>
        <y>153.75</y>
      </pt>
      <pt>
        <x>425.63</x>
        <y>156.28</y>
      </pt>
      <pt>
        <x>416.51</x>
        <y>156.28</y>
      </pt>
      <username></username>
    </polygon>
    <attributes>rotation=0.0</attributes>
  </object>
  <object>
    <name>lane</name>
    <deleted>0</deleted>
    <verified>0</verified>
    <occluded>no</occluded>
    <date></date>
    <id>12</id>
    <parts>
      <hasparts></hasparts>
      <ispartof></ispartof>
    </parts>
    <type>bounding_box</type>
    <polygon>
      <pt>
        <x>418.54</x>
        <y>144.63</y>
      </pt>
      <pt>
        <x>424.11</x>
        <y>144.63</y>
      </pt>
      <pt>
        <x>424.11</x>
        <y>151.21</y>
      </pt>
      <pt>
        <x>418.54</x>
        <y>151.21</y>
      </pt>
      <username></username>
    </polygon>
    <attributes>rotation=0.0</attributes>
  </object>
  <object>
    <name>lane</name>
    <deleted>0</deleted>
    <verified>0</verified>
    <occluded>no</occluded>
    <date></date>
    <id>13</id>
    <parts>
      <hasparts></hasparts>
      <ispartof></ispartof>
    </parts>
    <type>bounding_box</type>
    <polygon>
      <pt>
        <x>419.19</x>
        <y>711.67</y>
      </pt>
      <pt>
        <x>460.60</x>
        <y>711.67</y>
      </pt>
      <pt>
        <x>460.60</x>
        <y>971.29</y>
      </pt>
      <pt>
        <x>419.19</x>
        <y>971.29</y>
      </pt>
      <username></username>
    </polygon>
    <attributes>rotation=0.0</attributes>
  </object>
</annotation>
