<annotation>
  <filename>image_2395.jpg</filename>
  <folder></folder>
  <source>
    <sourceImage></sourceImage>
    <sourceAnnotation>Datumaro</sourceAnnotation>
  </source>
  <imagesize>
    <nrows>1920</nrows>
    <ncols>1080</ncols>
  </imagesize>
  <object>
    <name>lane</name>
    <deleted>0</deleted>
    <verified>0</verified>
    <occluded>no</occluded>
    <date></date>
    <id>0</id>
    <parts>
      <hasparts></hasparts>
      <ispartof></ispartof>
    </parts>
    <type>bounding_box</type>
    <polygon>
      <pt>
        <x>470.84</x>
        <y>330.49</y>
      </pt>
      <pt>
        <x>486.60</x>
        <y>330.49</y>
      </pt>
      <pt>
        <x>486.60</x>
        <y>379.52</y>
      </pt>
      <pt>
        <x>470.84</x>
        <y>379.52</y>
      </pt>
      <username></username>
    </polygon>
    <attributes>rotation=0.0</attributes>
  </object>
  <object>
    <name>lane</name>
    <deleted>0</deleted>
    <verified>0</verified>
    <occluded>no</occluded>
    <date></date>
    <id>1</id>
    <parts>
      <hasparts></hasparts>
      <ispartof></ispartof>
    </parts>
    <type>bounding_box</type>
    <polygon>
      <pt>
        <x>469.59</x>
        <y>431.14</y>
      </pt>
      <pt>
        <x>499.01</x>
        <y>431.14</y>
      </pt>
      <pt>
        <x>499.01</x>
        <y>548.81</y>
      </pt>
      <pt>
        <x>469.59</x>
        <y>548.81</y>
      </pt>
      <username></username>
    </polygon>
    <attributes>rotation=0.0</attributes>
  </object>
  <object>
    <name>lane</name>
    <deleted>0</deleted>
    <verified>0</verified>
    <occluded>no</occluded>
    <date></date>
    <id>2</id>
    <parts>
      <hasparts></hasparts>
      <ispartof></ispartof>
    </parts>
    <polygon>
      <pt>
        <x>473.79</x>
        <y>1338.10</y>
      </pt>
      <pt>
        <x>546.99</x>
        <y>1340.72</y>
      </pt>
      <pt>
        <x>510.39</x>
        <y>731.57</y>
      </pt>
      <pt>
        <x>479.02</x>
        <y>731.57</y>
      </pt>
      <username></username>
    </polygon>
    <attributes></attributes>
  </object>
  <object>
    <name>lane</name>
    <deleted>0</deleted>
    <verified>0</verified>
    <occluded>no</occluded>
    <date></date>
    <id>3</id>
    <parts>
      <hasparts></hasparts>
      <ispartof></ispartof>
    </parts>
    <type>bounding_box</type>
    <polygon>
      <pt>
        <x>471.71</x>
        <y>244.68</y>
      </pt>
      <pt>
        <x>480.47</x>
        <y>244.68</y>
      </pt>
      <pt>
        <x>480.47</x>
        <y>263.94</y>
      </pt>
      <pt>
        <x>471.71</x>
        <y>263.94</y>
      </pt>
      <username></username>
    </polygon>
    <attributes>rotation=0.0</attributes>
  </object>
  <object>
    <name>lane</name>
    <deleted>0</deleted>
    <verified>0</verified>
    <occluded>no</occluded>
    <date></date>
    <id>4</id>
    <parts>
      <hasparts></hasparts>
      <ispartof></ispartof>
    </parts>
    <type>bounding_box</type>
    <polygon>
      <pt>
        <x>471.71</x>
        <y>278.83</y>
      </pt>
      <pt>
        <x>482.22</x>
        <y>278.83</y>
      </pt>
      <pt>
        <x>482.22</x>
        <y>304.22</y>
      </pt>
      <pt>
        <x>471.71</x>
        <y>304.22</y>
      </pt>
      <username></username>
    </polygon>
    <attributes>rotation=0.0</attributes>
  </object>
</annotation>
