<annotation>
  <filename>image_2638.jpg</filename>
  <folder></folder>
  <source>
    <sourceImage></sourceImage>
    <sourceAnnotation>Datumaro</sourceAnnotation>
  </source>
  <imagesize>
    <nrows>1920</nrows>
    <ncols>1080</ncols>
  </imagesize>
  <object>
    <name>lane</name>
    <deleted>0</deleted>
    <verified>0</verified>
    <occluded>no</occluded>
    <date></date>
    <id>0</id>
    <parts>
      <hasparts></hasparts>
      <ispartof></ispartof>
    </parts>
    <polygon>
      <pt>
        <x>310.07</x>
        <y>413.61</y>
      </pt>
      <pt>
        <x>314.68</x>
        <y>415.58</y>
      </pt>
      <pt>
        <x>307.44</x>
        <y>420.85</y>
      </pt>
      <pt>
        <x>302.17</x>
        <y>419.53</y>
      </pt>
      <username></username>
    </polygon>
    <attributes></attributes>
  </object>
  <object>
    <name>lane</name>
    <deleted>0</deleted>
    <verified>0</verified>
    <occluded>no</occluded>
    <date></date>
    <id>1</id>
    <parts>
      <hasparts></hasparts>
      <ispartof></ispartof>
    </parts>
    <polygon>
      <pt>
        <x>324.56</x>
        <y>402.41</y>
      </pt>
      <pt>
        <x>334.44</x>
        <y>405.70</y>
      </pt>
      <pt>
        <x>321.93</x>
        <y>410.97</y>
      </pt>
      <pt>
        <x>315.34</x>
        <y>410.31</y>
      </pt>
      <username></username>
    </polygon>
    <attributes></attributes>
  </object>
  <object>
    <name>lane</name>
    <deleted>0</deleted>
    <verified>0</verified>
    <occluded>no</occluded>
    <date></date>
    <id>2</id>
    <parts>
      <hasparts></hasparts>
      <ispartof></ispartof>
    </parts>
    <polygon>
      <pt>
        <x>503.22</x>
        <y>1863.36</y>
      </pt>
      <pt>
        <x>576.85</x>
        <y>1863.36</y>
      </pt>
      <pt>
        <x>588.65</x>
        <y>1920.00</y>
      </pt>
      <pt>
        <x>503.22</x>
        <y>1920.00</y>
      </pt>
      <username></username>
    </polygon>
    <attributes></attributes>
  </object>
  <object>
    <name>lane</name>
    <deleted>0</deleted>
    <verified>0</verified>
    <occluded>no</occluded>
    <date></date>
    <id>3</id>
    <parts>
      <hasparts></hasparts>
      <ispartof></ispartof>
    </parts>
    <polygon>
      <pt>
        <x>520.21</x>
        <y>764.60</y>
      </pt>
      <pt>
        <x>542.87</x>
        <y>764.60</y>
      </pt>
      <pt>
        <x>622.16</x>
        <y>1030.80</y>
      </pt>
      <pt>
        <x>593.84</x>
        <y>1030.80</y>
      </pt>
      <username></username>
    </polygon>
    <attributes></attributes>
  </object>
  <object>
    <name>lane</name>
    <deleted>0</deleted>
    <verified>0</verified>
    <occluded>no</occluded>
    <date></date>
    <id>4</id>
    <parts>
      <hasparts></hasparts>
      <ispartof></ispartof>
    </parts>
    <polygon>
      <pt>
        <x>408.21</x>
        <y>590.11</y>
      </pt>
      <pt>
        <x>422.04</x>
        <y>590.11</y>
      </pt>
      <pt>
        <x>506.34</x>
        <y>661.24</y>
      </pt>
      <pt>
        <x>488.55</x>
        <y>663.21</y>
      </pt>
      <username></username>
    </polygon>
    <attributes></attributes>
  </object>
  <object>
    <name>lane</name>
    <deleted>0</deleted>
    <verified>0</verified>
    <occluded>no</occluded>
    <date></date>
    <id>5</id>
    <parts>
      <hasparts></hasparts>
      <ispartof></ispartof>
    </parts>
    <polygon>
      <pt>
        <x>333.12</x>
        <y>511.74</y>
      </pt>
      <pt>
        <x>341.03</x>
        <y>509.76</y>
      </pt>
      <pt>
        <x>374.62</x>
        <y>545.33</y>
      </pt>
      <pt>
        <x>360.79</x>
        <y>545.98</y>
      </pt>
      <username></username>
    </polygon>
    <attributes></attributes>
  </object>
  <object>
    <name>lane</name>
    <deleted>0</deleted>
    <verified>0</verified>
    <occluded>no</occluded>
    <date></date>
    <id>6</id>
    <parts>
      <hasparts></hasparts>
      <ispartof></ispartof>
    </parts>
    <polygon>
      <pt>
        <x>303.49</x>
        <y>469.59</y>
      </pt>
      <pt>
        <x>312.05</x>
        <y>469.59</y>
      </pt>
      <pt>
        <x>325.22</x>
        <y>488.69</y>
      </pt>
      <pt>
        <x>315.34</x>
        <y>490.00</y>
      </pt>
      <username></username>
    </polygon>
    <attributes></attributes>
  </object>
  <object>
    <name>lane</name>
    <deleted>0</deleted>
    <verified>0</verified>
    <occluded>no</occluded>
    <date></date>
    <id>7</id>
    <parts>
      <hasparts></hasparts>
      <ispartof></ispartof>
    </parts>
    <polygon>
      <pt>
        <x>295.58</x>
        <y>443.24</y>
      </pt>
      <pt>
        <x>303.49</x>
        <y>443.24</y>
      </pt>
      <pt>
        <x>307.44</x>
        <y>456.41</y>
      </pt>
      <pt>
        <x>298.22</x>
        <y>456.41</y>
      </pt>
      <username></username>
    </polygon>
    <attributes></attributes>
  </object>
  <object>
    <name>lane</name>
    <deleted>0</deleted>
    <verified>0</verified>
    <occluded>no</occluded>
    <date></date>
    <id>8</id>
    <parts>
      <hasparts></hasparts>
      <ispartof></ispartof>
    </parts>
    <polygon>
      <pt>
        <x>298.88</x>
        <y>427.44</y>
      </pt>
      <pt>
        <x>308.10</x>
        <y>428.75</y>
      </pt>
      <pt>
        <x>302.17</x>
        <y>435.34</y>
      </pt>
      <pt>
        <x>295.58</x>
        <y>435.34</y>
      </pt>
      <username></username>
    </polygon>
    <attributes></attributes>
  </object>
</annotation>
