<annotation>
  <filename>image_16.jpg</filename>
  <folder></folder>
  <source>
    <sourceImage></sourceImage>
    <sourceAnnotation>Datumaro</sourceAnnotation>
  </source>
  <imagesize>
    <nrows>1920</nrows>
    <ncols>1080</ncols>
  </imagesize>
  <object>
    <name>lane</name>
    <deleted>0</deleted>
    <verified>0</verified>
    <occluded>no</occluded>
    <date></date>
    <id>0</id>
    <parts>
      <hasparts></hasparts>
      <ispartof></ispartof>
    </parts>
    <polygon>
      <pt>
        <x>468.90</x>
        <y>636.30</y>
      </pt>
      <pt>
        <x>489.04</x>
        <y>636.30</y>
      </pt>
      <pt>
        <x>482.91</x>
        <y>724.73</y>
      </pt>
      <pt>
        <x>455.76</x>
        <y>725.61</y>
      </pt>
      <username></username>
    </polygon>
    <attributes></attributes>
  </object>
  <object>
    <name>lane</name>
    <deleted>0</deleted>
    <verified>0</verified>
    <occluded>no</occluded>
    <date></date>
    <id>1</id>
    <parts>
      <hasparts></hasparts>
      <ispartof></ispartof>
    </parts>
    <polygon>
      <pt>
        <x>507.42</x>
        <y>540.87</y>
      </pt>
      <pt>
        <x>521.40</x>
        <y>541.70</y>
      </pt>
      <pt>
        <x>503.04</x>
        <y>581.14</y>
      </pt>
      <pt>
        <x>489.04</x>
        <y>580.27</y>
      </pt>
      <username></username>
    </polygon>
    <attributes></attributes>
  </object>
  <object>
    <name>lane</name>
    <deleted>0</deleted>
    <verified>0</verified>
    <occluded>no</occluded>
    <date></date>
    <id>2</id>
    <parts>
      <hasparts></hasparts>
      <ispartof></ispartof>
    </parts>
    <polygon>
      <pt>
        <x>435.34</x>
        <y>888.87</y>
      </pt>
      <pt>
        <x>473.47</x>
        <y>888.87</y>
      </pt>
      <pt>
        <x>493.44</x>
        <y>1317.33</y>
      </pt>
      <pt>
        <x>429.90</x>
        <y>1324.60</y>
      </pt>
      <username></username>
    </polygon>
    <attributes></attributes>
  </object>
  <object>
    <name>lane</name>
    <deleted>0</deleted>
    <verified>0</verified>
    <occluded>no</occluded>
    <date></date>
    <id>3</id>
    <parts>
      <hasparts></hasparts>
      <ispartof></ispartof>
    </parts>
    <polygon>
      <pt>
        <x>527.21</x>
        <y>513.87</y>
      </pt>
      <pt>
        <x>537.86</x>
        <y>504.61</y>
      </pt>
      <pt>
        <x>548.05</x>
        <y>492.57</y>
      </pt>
      <pt>
        <x>558.24</x>
        <y>495.35</y>
      </pt>
      <pt>
        <x>551.76</x>
        <y>503.69</y>
      </pt>
      <pt>
        <x>535.08</x>
        <y>516.65</y>
      </pt>
      <username></username>
    </polygon>
    <attributes></attributes>
  </object>
</annotation>
