<annotation>
  <filename>image_2454.jpg</filename>
  <folder></folder>
  <source>
    <sourceImage></sourceImage>
    <sourceAnnotation>Datumaro</sourceAnnotation>
  </source>
  <imagesize>
    <nrows>486</nrows>
    <ncols>1080</ncols>
  </imagesize>
  <object>
    <name>lane</name>
    <deleted>0</deleted>
    <verified>0</verified>
    <occluded>no</occluded>
    <date></date>
    <id>0</id>
    <parts>
      <hasparts></hasparts>
      <ispartof></ispartof>
    </parts>
    <type>bounding_box</type>
    <polygon>
      <pt>
        <x>486.56</x>
        <y>225.60</y>
      </pt>
      <pt>
        <x>660.14</x>
        <y>225.60</y>
      </pt>
      <pt>
        <x>660.14</x>
        <y>247.63</y>
      </pt>
      <pt>
        <x>486.56</x>
        <y>247.63</y>
      </pt>
      <username></username>
    </polygon>
    <attributes>rotation=0.0</attributes>
  </object>
  <object>
    <name>lane</name>
    <deleted>0</deleted>
    <verified>0</verified>
    <occluded>no</occluded>
    <date></date>
    <id>1</id>
    <parts>
      <hasparts></hasparts>
      <ispartof></ispartof>
    </parts>
    <type>bounding_box</type>
    <polygon>
      <pt>
        <x>283.42</x>
        <y>240.65</y>
      </pt>
      <pt>
        <x>303.36</x>
        <y>240.65</y>
      </pt>
      <pt>
        <x>303.36</x>
        <y>246.56</y>
      </pt>
      <pt>
        <x>283.42</x>
        <y>246.56</y>
      </pt>
      <username></username>
    </polygon>
    <attributes>rotation=0.0</attributes>
  </object>
  <object>
    <name>lane</name>
    <deleted>0</deleted>
    <verified>0</verified>
    <occluded>no</occluded>
    <date></date>
    <id>2</id>
    <parts>
      <hasparts></hasparts>
      <ispartof></ispartof>
    </parts>
    <type>bounding_box</type>
    <polygon>
      <pt>
        <x>257.15</x>
        <y>243.33</y>
      </pt>
      <pt>
        <x>272.68</x>
        <y>243.33</y>
      </pt>
      <pt>
        <x>272.68</x>
        <y>246.56</y>
      </pt>
      <pt>
        <x>257.15</x>
        <y>246.56</y>
      </pt>
      <username></username>
    </polygon>
    <attributes>rotation=0.0</attributes>
  </object>
  <object>
    <name>lane</name>
    <deleted>0</deleted>
    <verified>0</verified>
    <occluded>no</occluded>
    <date></date>
    <id>3</id>
    <parts>
      <hasparts></hasparts>
      <ispartof></ispartof>
    </parts>
    <type>bounding_box</type>
    <polygon>
      <pt>
        <x>329.64</x>
        <y>237.96</y>
      </pt>
      <pt>
        <x>386.07</x>
        <y>237.96</y>
      </pt>
      <pt>
        <x>386.07</x>
        <y>247.63</y>
      </pt>
      <pt>
        <x>329.64</x>
        <y>247.63</y>
      </pt>
      <username></username>
    </polygon>
    <attributes>rotation=0.0</attributes>
  </object>
  <object>
    <name>lane</name>
    <deleted>0</deleted>
    <verified>0</verified>
    <occluded>no</occluded>
    <date></date>
    <id>4</id>
    <parts>
      <hasparts></hasparts>
      <ispartof></ispartof>
    </parts>
    <type>bounding_box</type>
    <polygon>
      <pt>
        <x>244.27</x>
        <y>242.81</y>
      </pt>
      <pt>
        <x>251.68</x>
        <y>242.81</y>
      </pt>
      <pt>
        <x>251.68</x>
        <y>247.09</y>
      </pt>
      <pt>
        <x>244.27</x>
        <y>247.09</y>
      </pt>
      <username></username>
    </polygon>
    <attributes>rotation=0.0</attributes>
  </object>
  <object>
    <name>lane</name>
    <deleted>0</deleted>
    <verified>0</verified>
    <occluded>no</occluded>
    <date></date>
    <id>5</id>
    <parts>
      <hasparts></hasparts>
      <ispartof></ispartof>
    </parts>
    <polygon>
      <pt>
        <x>303.26</x>
        <y>217.45</y>
      </pt>
      <pt>
        <x>293.57</x>
        <y>200.92</y>
      </pt>
      <pt>
        <x>286.45</x>
        <y>186.10</y>
      </pt>
      <pt>
        <x>287.30</x>
        <y>181.82</y>
      </pt>
      <pt>
        <x>295.57</x>
        <y>195.79</y>
      </pt>
      <pt>
        <x>306.40</x>
        <y>214.60</y>
      </pt>
      <username></username>
    </polygon>
    <attributes></attributes>
  </object>
</annotation>
