<annotation>
  <filename>image_2410.jpg</filename>
  <folder></folder>
  <source>
    <sourceImage></sourceImage>
    <sourceAnnotation>Datumaro</sourceAnnotation>
  </source>
  <imagesize>
    <nrows>1920</nrows>
    <ncols>1080</ncols>
  </imagesize>
  <object>
    <name>lane</name>
    <deleted>0</deleted>
    <verified>0</verified>
    <occluded>no</occluded>
    <date></date>
    <id>0</id>
    <parts>
      <hasparts></hasparts>
      <ispartof></ispartof>
    </parts>
    <polygon>
      <pt>
        <x>421.62</x>
        <y>1487.11</y>
      </pt>
      <pt>
        <x>487.70</x>
        <y>1487.11</y>
      </pt>
      <pt>
        <x>506.42</x>
        <y>1920.00</y>
      </pt>
      <pt>
        <x>405.24</x>
        <y>1920.00</y>
      </pt>
      <username></username>
    </polygon>
    <attributes></attributes>
  </object>
  <object>
    <name>lane</name>
    <deleted>0</deleted>
    <verified>0</verified>
    <occluded>no</occluded>
    <date></date>
    <id>1</id>
    <parts>
      <hasparts></hasparts>
      <ispartof></ispartof>
    </parts>
    <type>bounding_box</type>
    <polygon>
      <pt>
        <x>475.20</x>
        <y>430.30</y>
      </pt>
      <pt>
        <x>495.70</x>
        <y>430.30</y>
      </pt>
      <pt>
        <x>495.70</x>
        <y>494.00</y>
      </pt>
      <pt>
        <x>475.20</x>
        <y>494.00</y>
      </pt>
      <username></username>
    </polygon>
    <attributes>rotation=0.0</attributes>
  </object>
  <object>
    <name>lane</name>
    <deleted>0</deleted>
    <verified>0</verified>
    <occluded>no</occluded>
    <date></date>
    <id>2</id>
    <parts>
      <hasparts></hasparts>
      <ispartof></ispartof>
    </parts>
    <polygon>
      <pt>
        <x>465.00</x>
        <y>600.50</y>
      </pt>
      <pt>
        <x>494.31</x>
        <y>604.44</y>
      </pt>
      <pt>
        <x>500.21</x>
        <y>822.72</y>
      </pt>
      <pt>
        <x>464.81</x>
        <y>832.56</y>
      </pt>
      <username></username>
    </polygon>
    <attributes></attributes>
  </object>
  <object>
    <name>lane</name>
    <deleted>0</deleted>
    <verified>0</verified>
    <occluded>no</occluded>
    <date></date>
    <id>3</id>
    <parts>
      <hasparts></hasparts>
      <ispartof></ispartof>
    </parts>
    <type>bounding_box</type>
    <polygon>
      <pt>
        <x>480.40</x>
        <y>359.60</y>
      </pt>
      <pt>
        <x>493.97</x>
        <y>359.60</y>
      </pt>
      <pt>
        <x>493.97</x>
        <y>393.93</y>
      </pt>
      <pt>
        <x>480.40</x>
        <y>393.93</y>
      </pt>
      <username></username>
    </polygon>
    <attributes>rotation=0.0</attributes>
  </object>
</annotation>
