<annotation>
  <filename>image_1576.jpg</filename>
  <folder></folder>
  <source>
    <sourceImage></sourceImage>
    <sourceAnnotation>Datumaro</sourceAnnotation>
  </source>
  <imagesize>
    <nrows>1920</nrows>
    <ncols>1080</ncols>
  </imagesize>
  <object>
    <name>lane</name>
    <deleted>0</deleted>
    <verified>0</verified>
    <occluded>no</occluded>
    <date></date>
    <id>0</id>
    <parts>
      <hasparts></hasparts>
      <ispartof></ispartof>
    </parts>
    <type>bounding_box</type>
    <polygon>
      <pt>
        <x>460.00</x>
        <y>605.20</y>
      </pt>
      <pt>
        <x>488.90</x>
        <y>605.20</y>
      </pt>
      <pt>
        <x>488.90</x>
        <y>687.25</y>
      </pt>
      <pt>
        <x>460.00</x>
        <y>687.25</y>
      </pt>
      <username></username>
    </polygon>
    <attributes>rotation=0.0</attributes>
  </object>
  <object>
    <name>lane</name>
    <deleted>0</deleted>
    <verified>0</verified>
    <occluded>no</occluded>
    <date></date>
    <id>1</id>
    <parts>
      <hasparts></hasparts>
      <ispartof></ispartof>
    </parts>
    <type>bounding_box</type>
    <polygon>
      <pt>
        <x>444.70</x>
        <y>805.50</y>
      </pt>
      <pt>
        <x>488.35</x>
        <y>805.50</y>
      </pt>
      <pt>
        <x>488.35</x>
        <y>1013.30</y>
      </pt>
      <pt>
        <x>444.70</x>
        <y>1013.30</y>
      </pt>
      <username></username>
    </polygon>
    <attributes>rotation=0.0</attributes>
  </object>
  <object>
    <name>lane</name>
    <deleted>0</deleted>
    <verified>0</verified>
    <occluded>no</occluded>
    <date></date>
    <id>2</id>
    <parts>
      <hasparts></hasparts>
      <ispartof></ispartof>
    </parts>
    <type>bounding_box</type>
    <polygon>
      <pt>
        <x>469.08</x>
        <y>508.04</y>
      </pt>
      <pt>
        <x>487.42</x>
        <y>508.04</y>
      </pt>
      <pt>
        <x>487.42</x>
        <y>548.61</y>
      </pt>
      <pt>
        <x>469.08</x>
        <y>548.61</y>
      </pt>
      <username></username>
    </polygon>
    <attributes>rotation=0.0</attributes>
  </object>
  <object>
    <name>lane</name>
    <deleted>0</deleted>
    <verified>0</verified>
    <occluded>no</occluded>
    <date></date>
    <id>3</id>
    <parts>
      <hasparts></hasparts>
      <ispartof></ispartof>
    </parts>
    <type>bounding_box</type>
    <polygon>
      <pt>
        <x>480.75</x>
        <y>346.88</y>
      </pt>
      <pt>
        <x>489.64</x>
        <y>346.88</y>
      </pt>
      <pt>
        <x>489.64</x>
        <y>355.22</y>
      </pt>
      <pt>
        <x>480.75</x>
        <y>355.22</y>
      </pt>
      <username></username>
    </polygon>
    <attributes>rotation=0.0</attributes>
  </object>
  <object>
    <name>lane</name>
    <deleted>0</deleted>
    <verified>0</verified>
    <occluded>no</occluded>
    <date></date>
    <id>4</id>
    <parts>
      <hasparts></hasparts>
      <ispartof></ispartof>
    </parts>
    <type>bounding_box</type>
    <polygon>
      <pt>
        <x>479.09</x>
        <y>363.55</y>
      </pt>
      <pt>
        <x>487.98</x>
        <y>363.55</y>
      </pt>
      <pt>
        <x>487.98</x>
        <y>373.00</y>
      </pt>
      <pt>
        <x>479.09</x>
        <y>373.00</y>
      </pt>
      <username></username>
    </polygon>
    <attributes>rotation=0.0</attributes>
  </object>
  <object>
    <name>lane</name>
    <deleted>0</deleted>
    <verified>0</verified>
    <occluded>no</occluded>
    <date></date>
    <id>5</id>
    <parts>
      <hasparts></hasparts>
      <ispartof></ispartof>
    </parts>
    <type>bounding_box</type>
    <polygon>
      <pt>
        <x>478.53</x>
        <y>383.00</y>
      </pt>
      <pt>
        <x>489.64</x>
        <y>383.00</y>
      </pt>
      <pt>
        <x>489.64</x>
        <y>395.23</y>
      </pt>
      <pt>
        <x>478.53</x>
        <y>395.23</y>
      </pt>
      <username></username>
    </polygon>
    <attributes>rotation=0.0</attributes>
  </object>
  <object>
    <name>lane</name>
    <deleted>0</deleted>
    <verified>0</verified>
    <occluded>no</occluded>
    <date></date>
    <id>6</id>
    <parts>
      <hasparts></hasparts>
      <ispartof></ispartof>
    </parts>
    <type>bounding_box</type>
    <polygon>
      <pt>
        <x>476.31</x>
        <y>408.57</y>
      </pt>
      <pt>
        <x>488.53</x>
        <y>408.57</y>
      </pt>
      <pt>
        <x>488.53</x>
        <y>426.35</y>
      </pt>
      <pt>
        <x>476.31</x>
        <y>426.35</y>
      </pt>
      <username></username>
    </polygon>
    <attributes>rotation=0.0</attributes>
  </object>
  <object>
    <name>lane</name>
    <deleted>0</deleted>
    <verified>0</verified>
    <occluded>no</occluded>
    <date></date>
    <id>7</id>
    <parts>
      <hasparts></hasparts>
      <ispartof></ispartof>
    </parts>
    <type>bounding_box</type>
    <polygon>
      <pt>
        <x>474.08</x>
        <y>450.24</y>
      </pt>
      <pt>
        <x>487.98</x>
        <y>450.24</y>
      </pt>
      <pt>
        <x>487.98</x>
        <y>475.25</y>
      </pt>
      <pt>
        <x>474.08</x>
        <y>475.25</y>
      </pt>
      <username></username>
    </polygon>
    <attributes>rotation=0.0</attributes>
  </object>
  <object>
    <name>lane</name>
    <deleted>0</deleted>
    <verified>0</verified>
    <occluded>no</occluded>
    <date></date>
    <id>8</id>
    <parts>
      <hasparts></hasparts>
      <ispartof></ispartof>
    </parts>
    <type>bounding_box</type>
    <polygon>
      <pt>
        <x>481.83</x>
        <y>334.60</y>
      </pt>
      <pt>
        <x>490.19</x>
        <y>334.60</y>
      </pt>
      <pt>
        <x>490.19</x>
        <y>341.03</y>
      </pt>
      <pt>
        <x>481.83</x>
        <y>341.03</y>
      </pt>
      <username></username>
    </polygon>
    <attributes>rotation=0.0</attributes>
  </object>
</annotation>
