<annotation>
  <filename>image_2197.jpg</filename>
  <folder></folder>
  <source>
    <sourceImage></sourceImage>
    <sourceAnnotation>Datumaro</sourceAnnotation>
  </source>
  <imagesize>
    <nrows>486</nrows>
    <ncols>1080</ncols>
  </imagesize>
  <object>
    <name>lane</name>
    <deleted>0</deleted>
    <verified>0</verified>
    <occluded>no</occluded>
    <date></date>
    <id>0</id>
    <parts>
      <hasparts></hasparts>
      <ispartof></ispartof>
    </parts>
    <polygon>
      <pt>
        <x>672.57</x>
        <y>461.79</y>
      </pt>
      <pt>
        <x>675.78</x>
        <y>440.39</y>
      </pt>
      <pt>
        <x>579.49</x>
        <y>419.00</y>
      </pt>
      <pt>
        <x>524.92</x>
        <y>372.99</y>
      </pt>
      <pt>
        <x>513.15</x>
        <y>381.55</y>
      </pt>
      <pt>
        <x>570.93</x>
        <y>432.90</y>
      </pt>
      <username></username>
    </polygon>
    <attributes></attributes>
  </object>
</annotation>
