<annotation>
  <filename>image_973.jpg</filename>
  <folder></folder>
  <source>
    <sourceImage></sourceImage>
    <sourceAnnotation>Datumaro</sourceAnnotation>
  </source>
  <imagesize>
    <nrows>1920</nrows>
    <ncols>1080</ncols>
  </imagesize>
  <object>
    <name>lane</name>
    <deleted>0</deleted>
    <verified>0</verified>
    <occluded>no</occluded>
    <date></date>
    <id>0</id>
    <parts>
      <hasparts></hasparts>
      <ispartof></ispartof>
    </parts>
    <polygon>
      <pt>
        <x>336.29</x>
        <y>200.99</y>
      </pt>
      <pt>
        <x>374.15</x>
        <y>258.45</y>
      </pt>
      <pt>
        <x>395.74</x>
        <y>257.45</y>
      </pt>
      <pt>
        <x>353.23</x>
        <y>199.66</y>
      </pt>
      <username></username>
    </polygon>
    <attributes></attributes>
  </object>
  <object>
    <name>lane</name>
    <deleted>0</deleted>
    <verified>0</verified>
    <occluded>no</occluded>
    <date></date>
    <id>1</id>
    <parts>
      <hasparts></hasparts>
      <ispartof></ispartof>
    </parts>
    <polygon>
      <pt>
        <x>401.01</x>
        <y>320.26</y>
      </pt>
      <pt>
        <x>434.87</x>
        <y>322.56</y>
      </pt>
      <pt>
        <x>472.17</x>
        <y>427.00</y>
      </pt>
      <pt>
        <x>436.00</x>
        <y>428.70</y>
      </pt>
      <username></username>
    </polygon>
    <attributes></attributes>
  </object>
  <object>
    <name>lane</name>
    <deleted>0</deleted>
    <verified>0</verified>
    <occluded>no</occluded>
    <date></date>
    <id>2</id>
    <parts>
      <hasparts></hasparts>
      <ispartof></ispartof>
    </parts>
    <polygon>
      <pt>
        <x>458.35</x>
        <y>590.54</y>
      </pt>
      <pt>
        <x>474.21</x>
        <y>894.98</y>
      </pt>
      <pt>
        <x>536.69</x>
        <y>895.97</y>
      </pt>
      <pt>
        <x>503.96</x>
        <y>585.58</y>
      </pt>
      <username></username>
    </polygon>
    <attributes></attributes>
  </object>
  <object>
    <name>lane</name>
    <deleted>0</deleted>
    <verified>0</verified>
    <occluded>no</occluded>
    <date></date>
    <id>3</id>
    <parts>
      <hasparts></hasparts>
      <ispartof></ispartof>
    </parts>
    <polygon>
      <pt>
        <x>450.93</x>
        <y>1709.40</y>
      </pt>
      <pt>
        <x>441.13</x>
        <y>1920.00</y>
      </pt>
      <pt>
        <x>576.74</x>
        <y>1920.00</y>
      </pt>
      <pt>
        <x>574.30</x>
        <y>1714.30</y>
      </pt>
      <username></username>
    </polygon>
    <attributes></attributes>
  </object>
  <object>
    <name>lane</name>
    <deleted>0</deleted>
    <verified>0</verified>
    <occluded>no</occluded>
    <date></date>
    <id>4</id>
    <parts>
      <hasparts></hasparts>
      <ispartof></ispartof>
    </parts>
    <polygon>
      <pt>
        <x>41.42</x>
        <y>15.06</y>
      </pt>
      <pt>
        <x>45.75</x>
        <y>13.30</y>
      </pt>
      <pt>
        <x>6.03</x>
        <y>0.81</y>
      </pt>
      <username></username>
    </polygon>
    <attributes></attributes>
  </object>
  <object>
    <name>lane</name>
    <deleted>0</deleted>
    <verified>0</verified>
    <occluded>no</occluded>
    <date></date>
    <id>5</id>
    <parts>
      <hasparts></hasparts>
      <ispartof></ispartof>
    </parts>
    <polygon>
      <pt>
        <x>57.92</x>
        <y>15.70</y>
      </pt>
      <pt>
        <x>54.88</x>
        <y>9.62</y>
      </pt>
      <pt>
        <x>59.36</x>
        <y>6.25</y>
      </pt>
      <pt>
        <x>68.65</x>
        <y>6.57</y>
      </pt>
      <pt>
        <x>61.92</x>
        <y>10.58</y>
      </pt>
      <pt>
        <x>65.77</x>
        <y>13.94</y>
      </pt>
      <username></username>
    </polygon>
    <attributes></attributes>
  </object>
  <object>
    <name>lane</name>
    <deleted>0</deleted>
    <verified>0</verified>
    <occluded>no</occluded>
    <date></date>
    <id>6</id>
    <parts>
      <hasparts></hasparts>
      <ispartof></ispartof>
    </parts>
    <polygon>
      <pt>
        <x>72.05</x>
        <y>22.62</y>
      </pt>
      <pt>
        <x>79.57</x>
        <y>21.50</y>
      </pt>
      <pt>
        <x>110.80</x>
        <y>36.71</y>
      </pt>
      <pt>
        <x>100.39</x>
        <y>36.55</y>
      </pt>
      <username></username>
    </polygon>
    <attributes></attributes>
  </object>
  <object>
    <name>lane</name>
    <deleted>0</deleted>
    <verified>0</verified>
    <occluded>no</occluded>
    <date></date>
    <id>7</id>
    <parts>
      <hasparts></hasparts>
      <ispartof></ispartof>
    </parts>
    <polygon>
      <pt>
        <x>128.26</x>
        <y>49.05</y>
      </pt>
      <pt>
        <x>135.95</x>
        <y>47.45</y>
      </pt>
      <pt>
        <x>173.91</x>
        <y>64.10</y>
      </pt>
      <pt>
        <x>164.78</x>
        <y>67.14</y>
      </pt>
      <username></username>
    </polygon>
    <attributes></attributes>
  </object>
  <object>
    <name>lane</name>
    <deleted>0</deleted>
    <verified>0</verified>
    <occluded>no</occluded>
    <date></date>
    <id>8</id>
    <parts>
      <hasparts></hasparts>
      <ispartof></ispartof>
    </parts>
    <polygon>
      <pt>
        <x>196.01</x>
        <y>81.56</y>
      </pt>
      <pt>
        <x>207.70</x>
        <y>80.76</y>
      </pt>
      <pt>
        <x>245.98</x>
        <y>103.82</y>
      </pt>
      <pt>
        <x>229.80</x>
        <y>103.98</y>
      </pt>
      <username></username>
    </polygon>
    <attributes></attributes>
  </object>
  <object>
    <name>lane</name>
    <deleted>0</deleted>
    <verified>0</verified>
    <occluded>no</occluded>
    <date></date>
    <id>9</id>
    <parts>
      <hasparts></hasparts>
      <ispartof></ispartof>
    </parts>
    <polygon>
      <pt>
        <x>265.92</x>
        <y>126.60</y>
      </pt>
      <pt>
        <x>279.50</x>
        <y>127.26</y>
      </pt>
      <pt>
        <x>321.35</x>
        <y>164.46</y>
      </pt>
      <pt>
        <x>305.41</x>
        <y>164.79</y>
      </pt>
      <username></username>
    </polygon>
    <attributes></attributes>
  </object>
</annotation>
