<annotation>
  <filename>image_412.jpg</filename>
  <folder></folder>
  <source>
    <sourceImage></sourceImage>
    <sourceAnnotation>Datumaro</sourceAnnotation>
  </source>
  <imagesize>
    <nrows>1920</nrows>
    <ncols>1080</ncols>
  </imagesize>
  <object>
    <name>lane</name>
    <deleted>0</deleted>
    <verified>0</verified>
    <occluded>no</occluded>
    <date></date>
    <id>0</id>
    <parts>
      <hasparts></hasparts>
      <ispartof></ispartof>
    </parts>
    <polygon>
      <pt>
        <x>403.57</x>
        <y>527.90</y>
      </pt>
      <pt>
        <x>471.36</x>
        <y>527.90</y>
      </pt>
      <pt>
        <x>455.95</x>
        <y>1145.73</y>
      </pt>
      <pt>
        <x>354.27</x>
        <y>1138.02</y>
      </pt>
      <username></username>
    </polygon>
    <attributes></attributes>
  </object>
  <object>
    <name>lane</name>
    <deleted>0</deleted>
    <verified>0</verified>
    <occluded>no</occluded>
    <date></date>
    <id>1</id>
    <parts>
      <hasparts></hasparts>
      <ispartof></ispartof>
    </parts>
    <polygon>
      <pt>
        <x>480.61</x>
        <y>262.90</y>
      </pt>
      <pt>
        <x>483.69</x>
        <y>118.08</y>
      </pt>
      <pt>
        <x>448.25</x>
        <y>107.29</y>
      </pt>
      <pt>
        <x>439.01</x>
        <y>267.53</y>
      </pt>
      <username></username>
    </polygon>
    <attributes></attributes>
  </object>
  <object>
    <name>lane</name>
    <deleted>0</deleted>
    <verified>0</verified>
    <occluded>no</occluded>
    <date></date>
    <id>2</id>
    <parts>
      <hasparts></hasparts>
      <ispartof></ispartof>
    </parts>
    <polygon>
      <pt>
        <x>488.31</x>
        <y>31.80</y>
      </pt>
      <pt>
        <x>492.93</x>
        <y>4.07</y>
      </pt>
      <pt>
        <x>461.76</x>
        <y>0.00</y>
      </pt>
      <pt>
        <x>457.49</x>
        <y>0.00</y>
      </pt>
      <pt>
        <x>457.49</x>
        <y>25.64</y>
      </pt>
      <username></username>
    </polygon>
    <attributes></attributes>
  </object>
</annotation>
