<annotation>
  <filename>image_2467.jpg</filename>
  <folder></folder>
  <source>
    <sourceImage></sourceImage>
    <sourceAnnotation>Datumaro</sourceAnnotation>
  </source>
  <imagesize>
    <nrows>1920</nrows>
    <ncols>1080</ncols>
  </imagesize>
  <object>
    <name>lane</name>
    <deleted>0</deleted>
    <verified>0</verified>
    <occluded>no</occluded>
    <date></date>
    <id>0</id>
    <parts>
      <hasparts></hasparts>
      <ispartof></ispartof>
    </parts>
    <type>bounding_box</type>
    <polygon>
      <pt>
        <x>461.84</x>
        <y>287.86</y>
      </pt>
      <pt>
        <x>466.73</x>
        <y>287.86</y>
      </pt>
      <pt>
        <x>466.73</x>
        <y>292.02</y>
      </pt>
      <pt>
        <x>461.84</x>
        <y>292.02</y>
      </pt>
      <username></username>
    </polygon>
    <attributes>rotation=0.0</attributes>
  </object>
  <object>
    <name>lane</name>
    <deleted>0</deleted>
    <verified>0</verified>
    <occluded>no</occluded>
    <date></date>
    <id>1</id>
    <parts>
      <hasparts></hasparts>
      <ispartof></ispartof>
    </parts>
    <type>bounding_box</type>
    <polygon>
      <pt>
        <x>463.06</x>
        <y>279.55</y>
      </pt>
      <pt>
        <x>466.97</x>
        <y>279.55</y>
      </pt>
      <pt>
        <x>466.97</x>
        <y>284.93</y>
      </pt>
      <pt>
        <x>463.06</x>
        <y>284.93</y>
      </pt>
      <username></username>
    </polygon>
    <attributes>rotation=0.0</attributes>
  </object>
  <object>
    <name>lane</name>
    <deleted>0</deleted>
    <verified>0</verified>
    <occluded>no</occluded>
    <date></date>
    <id>2</id>
    <parts>
      <hasparts></hasparts>
      <ispartof></ispartof>
    </parts>
    <type>bounding_box</type>
    <polygon>
      <pt>
        <x>460.37</x>
        <y>296.66</y>
      </pt>
      <pt>
        <x>465.75</x>
        <y>296.66</y>
      </pt>
      <pt>
        <x>465.75</x>
        <y>301.79</y>
      </pt>
      <pt>
        <x>460.37</x>
        <y>301.79</y>
      </pt>
      <username></username>
    </polygon>
    <attributes>rotation=0.0</attributes>
  </object>
  <object>
    <name>lane</name>
    <deleted>0</deleted>
    <verified>0</verified>
    <occluded>no</occluded>
    <date></date>
    <id>3</id>
    <parts>
      <hasparts></hasparts>
      <ispartof></ispartof>
    </parts>
    <type>bounding_box</type>
    <polygon>
      <pt>
        <x>460.37</x>
        <y>307.90</y>
      </pt>
      <pt>
        <x>465.50</x>
        <y>307.90</y>
      </pt>
      <pt>
        <x>465.50</x>
        <y>314.50</y>
      </pt>
      <pt>
        <x>460.37</x>
        <y>314.50</y>
      </pt>
      <username></username>
    </polygon>
    <attributes>rotation=0.0</attributes>
  </object>
  <object>
    <name>lane</name>
    <deleted>0</deleted>
    <verified>0</verified>
    <occluded>no</occluded>
    <date></date>
    <id>4</id>
    <parts>
      <hasparts></hasparts>
      <ispartof></ispartof>
    </parts>
    <type>bounding_box</type>
    <polygon>
      <pt>
        <x>453.41</x>
        <y>375.16</y>
      </pt>
      <pt>
        <x>463.14</x>
        <y>375.16</y>
      </pt>
      <pt>
        <x>463.14</x>
        <y>398.87</y>
      </pt>
      <pt>
        <x>453.41</x>
        <y>398.87</y>
      </pt>
      <username></username>
    </polygon>
    <attributes>rotation=0.0</attributes>
  </object>
  <object>
    <name>lane</name>
    <deleted>0</deleted>
    <verified>0</verified>
    <occluded>no</occluded>
    <date></date>
    <id>5</id>
    <parts>
      <hasparts></hasparts>
      <ispartof></ispartof>
    </parts>
    <polygon>
      <pt>
        <x>404.38</x>
        <y>832.05</y>
      </pt>
      <pt>
        <x>449.55</x>
        <y>843.34</y>
      </pt>
      <pt>
        <x>445.79</x>
        <y>1434.40</y>
      </pt>
      <pt>
        <x>359.20</x>
        <y>1434.40</y>
      </pt>
      <username></username>
    </polygon>
    <attributes></attributes>
  </object>
  <object>
    <name>lane</name>
    <deleted>0</deleted>
    <verified>0</verified>
    <occluded>no</occluded>
    <date></date>
    <id>6</id>
    <parts>
      <hasparts></hasparts>
      <ispartof></ispartof>
    </parts>
    <type>bounding_box</type>
    <polygon>
      <pt>
        <x>434.37</x>
        <y>531.14</y>
      </pt>
      <pt>
        <x>456.16</x>
        <y>531.14</y>
      </pt>
      <pt>
        <x>456.16</x>
        <y>640.07</y>
      </pt>
      <pt>
        <x>434.37</x>
        <y>640.07</y>
      </pt>
      <username></username>
    </polygon>
    <attributes>rotation=0.0</attributes>
  </object>
  <object>
    <name>lane</name>
    <deleted>0</deleted>
    <verified>0</verified>
    <occluded>no</occluded>
    <date></date>
    <id>7</id>
    <parts>
      <hasparts></hasparts>
      <ispartof></ispartof>
    </parts>
    <type>bounding_box</type>
    <polygon>
      <pt>
        <x>447.10</x>
        <y>425.84</y>
      </pt>
      <pt>
        <x>463.42</x>
        <y>425.84</y>
      </pt>
      <pt>
        <x>463.42</x>
        <y>473.04</y>
      </pt>
      <pt>
        <x>447.10</x>
        <y>473.04</y>
      </pt>
      <username></username>
    </polygon>
    <attributes>rotation=0.0</attributes>
  </object>
  <object>
    <name>lane</name>
    <deleted>0</deleted>
    <verified>0</verified>
    <occluded>no</occluded>
    <date></date>
    <id>8</id>
    <parts>
      <hasparts></hasparts>
      <ispartof></ispartof>
    </parts>
    <type>bounding_box</type>
    <polygon>
      <pt>
        <x>458.16</x>
        <y>323.17</y>
      </pt>
      <pt>
        <x>466.06</x>
        <y>323.17</y>
      </pt>
      <pt>
        <x>466.06</x>
        <y>334.12</y>
      </pt>
      <pt>
        <x>458.16</x>
        <y>334.12</y>
      </pt>
      <username></username>
    </polygon>
    <attributes>rotation=0.0</attributes>
  </object>
  <object>
    <name>lane</name>
    <deleted>0</deleted>
    <verified>0</verified>
    <occluded>no</occluded>
    <date></date>
    <id>9</id>
    <parts>
      <hasparts></hasparts>
      <ispartof></ispartof>
    </parts>
    <type>bounding_box</type>
    <polygon>
      <pt>
        <x>456.45</x>
        <y>344.76</y>
      </pt>
      <pt>
        <x>464.36</x>
        <y>344.76</y>
      </pt>
      <pt>
        <x>464.36</x>
        <y>360.57</y>
      </pt>
      <pt>
        <x>456.45</x>
        <y>360.57</y>
      </pt>
      <username></username>
    </polygon>
    <attributes>rotation=0.0</attributes>
  </object>
</annotation>
