<annotation>
  <filename>image_159.jpg</filename>
  <folder></folder>
  <source>
    <sourceImage></sourceImage>
    <sourceAnnotation>Datumaro</sourceAnnotation>
  </source>
  <imagesize>
    <nrows>1920</nrows>
    <ncols>1080</ncols>
  </imagesize>
  <object>
    <name>lane</name>
    <deleted>0</deleted>
    <verified>0</verified>
    <occluded>no</occluded>
    <date></date>
    <id>0</id>
    <parts>
      <hasparts></hasparts>
      <ispartof></ispartof>
    </parts>
    <polygon>
      <pt>
        <x>265.88</x>
        <y>398.21</y>
      </pt>
      <pt>
        <x>271.24</x>
        <y>396.87</y>
      </pt>
      <pt>
        <x>278.74</x>
        <y>399.55</y>
      </pt>
      <pt>
        <x>289.19</x>
        <y>403.57</y>
      </pt>
      <pt>
        <x>285.44</x>
        <y>405.18</y>
      </pt>
      <pt>
        <x>275.79</x>
        <y>401.43</y>
      </pt>
      <username></username>
    </polygon>
    <attributes></attributes>
  </object>
  <object>
    <name>lane</name>
    <deleted>0</deleted>
    <verified>0</verified>
    <occluded>no</occluded>
    <date></date>
    <id>1</id>
    <parts>
      <hasparts></hasparts>
      <ispartof></ispartof>
    </parts>
    <polygon>
      <pt>
        <x>484.73</x>
        <y>1105.64</y>
      </pt>
      <pt>
        <x>543.55</x>
        <y>1101.29</y>
      </pt>
      <pt>
        <x>550.09</x>
        <y>1916.10</y>
      </pt>
      <pt>
        <x>445.51</x>
        <y>1911.74</y>
      </pt>
      <username></username>
    </polygon>
    <attributes></attributes>
  </object>
  <object>
    <name>lane</name>
    <deleted>0</deleted>
    <verified>0</verified>
    <occluded>no</occluded>
    <date></date>
    <id>2</id>
    <parts>
      <hasparts></hasparts>
      <ispartof></ispartof>
    </parts>
    <polygon>
      <pt>
        <x>479.58</x>
        <y>665.98</y>
      </pt>
      <pt>
        <x>503.22</x>
        <y>665.98</y>
      </pt>
      <pt>
        <x>522.48</x>
        <y>799.94</y>
      </pt>
      <pt>
        <x>492.71</x>
        <y>800.82</y>
      </pt>
      <username></username>
    </polygon>
    <attributes></attributes>
  </object>
  <object>
    <name>lane</name>
    <deleted>0</deleted>
    <verified>0</verified>
    <occluded>no</occluded>
    <date></date>
    <id>3</id>
    <parts>
      <hasparts></hasparts>
      <ispartof></ispartof>
    </parts>
    <polygon>
      <pt>
        <x>447.18</x>
        <y>542.53</y>
      </pt>
      <pt>
        <x>466.45</x>
        <y>540.78</y>
      </pt>
      <pt>
        <x>489.21</x>
        <y>593.31</y>
      </pt>
      <pt>
        <x>466.45</x>
        <y>592.44</y>
      </pt>
      <username></username>
    </polygon>
    <attributes></attributes>
  </object>
  <object>
    <name>lane</name>
    <deleted>0</deleted>
    <verified>0</verified>
    <occluded>no</occluded>
    <date></date>
    <id>4</id>
    <parts>
      <hasparts></hasparts>
      <ispartof></ispartof>
    </parts>
    <polygon>
      <pt>
        <x>299.38</x>
        <y>410.81</y>
      </pt>
      <pt>
        <x>302.59</x>
        <y>408.66</y>
      </pt>
      <pt>
        <x>310.63</x>
        <y>411.88</y>
      </pt>
      <pt>
        <x>324.84</x>
        <y>416.70</y>
      </pt>
      <pt>
        <x>319.48</x>
        <y>418.31</y>
      </pt>
      <pt>
        <x>310.10</x>
        <y>415.90</y>
      </pt>
      <username></username>
    </polygon>
    <attributes></attributes>
  </object>
  <object>
    <name>lane</name>
    <deleted>0</deleted>
    <verified>0</verified>
    <occluded>no</occluded>
    <date></date>
    <id>5</id>
    <parts>
      <hasparts></hasparts>
      <ispartof></ispartof>
    </parts>
    <polygon>
      <pt>
        <x>336.89</x>
        <y>426.89</y>
      </pt>
      <pt>
        <x>342.79</x>
        <y>423.94</y>
      </pt>
      <pt>
        <x>352.17</x>
        <y>429.84</y>
      </pt>
      <pt>
        <x>364.77</x>
        <y>436.80</y>
      </pt>
      <pt>
        <x>357.80</x>
        <y>438.41</y>
      </pt>
      <pt>
        <x>347.08</x>
        <y>432.25</y>
      </pt>
      <username></username>
    </polygon>
    <attributes></attributes>
  </object>
  <object>
    <name>lane</name>
    <deleted>0</deleted>
    <verified>0</verified>
    <occluded>no</occluded>
    <date></date>
    <id>6</id>
    <parts>
      <hasparts></hasparts>
      <ispartof></ispartof>
    </parts>
    <polygon>
      <pt>
        <x>415.14</x>
        <y>485.30</y>
      </pt>
      <pt>
        <x>424.87</x>
        <y>482.06</y>
      </pt>
      <pt>
        <x>434.59</x>
        <y>492.71</y>
      </pt>
      <pt>
        <x>447.10</x>
        <y>509.85</y>
      </pt>
      <pt>
        <x>435.05</x>
        <y>511.23</y>
      </pt>
      <pt>
        <x>424.87</x>
        <y>495.95</y>
      </pt>
      <username></username>
    </polygon>
    <attributes></attributes>
  </object>
</annotation>
