<annotation>
  <filename>image_1185.jpg</filename>
  <folder></folder>
  <source>
    <sourceImage></sourceImage>
    <sourceAnnotation>Datumaro</sourceAnnotation>
  </source>
  <imagesize>
    <nrows>1920</nrows>
    <ncols>1080</ncols>
  </imagesize>
  <object>
    <name>lane</name>
    <deleted>0</deleted>
    <verified>0</verified>
    <occluded>no</occluded>
    <date></date>
    <id>0</id>
    <parts>
      <hasparts></hasparts>
      <ispartof></ispartof>
    </parts>
    <type>bounding_box</type>
    <polygon>
      <pt>
        <x>403.33</x>
        <y>531.63</y>
      </pt>
      <pt>
        <x>420.15</x>
        <y>531.63</y>
      </pt>
      <pt>
        <x>420.15</x>
        <y>566.40</y>
      </pt>
      <pt>
        <x>403.33</x>
        <y>566.40</y>
      </pt>
      <username></username>
    </polygon>
    <attributes>rotation=0.0</attributes>
  </object>
  <object>
    <name>lane</name>
    <deleted>0</deleted>
    <verified>0</verified>
    <occluded>no</occluded>
    <date></date>
    <id>1</id>
    <parts>
      <hasparts></hasparts>
      <ispartof></ispartof>
    </parts>
    <type>bounding_box</type>
    <polygon>
      <pt>
        <x>401.08</x>
        <y>483.41</y>
      </pt>
      <pt>
        <x>413.42</x>
        <y>483.41</y>
      </pt>
      <pt>
        <x>413.42</x>
        <y>509.20</y>
      </pt>
      <pt>
        <x>401.08</x>
        <y>509.20</y>
      </pt>
      <username></username>
    </polygon>
    <attributes>rotation=0.0</attributes>
  </object>
  <object>
    <name>lane</name>
    <deleted>0</deleted>
    <verified>0</verified>
    <occluded>no</occluded>
    <date></date>
    <id>2</id>
    <parts>
      <hasparts></hasparts>
      <ispartof></ispartof>
    </parts>
    <polygon>
      <pt>
        <x>418.23</x>
        <y>1109.34</y>
      </pt>
      <pt>
        <x>472.49</x>
        <y>1113.22</y>
      </pt>
      <pt>
        <x>520.95</x>
        <y>1607.43</y>
      </pt>
      <pt>
        <x>435.67</x>
        <y>1613.24</y>
      </pt>
      <username></username>
    </polygon>
    <attributes></attributes>
  </object>
  <object>
    <name>lane</name>
    <deleted>0</deleted>
    <verified>0</verified>
    <occluded>no</occluded>
    <date></date>
    <id>3</id>
    <parts>
      <hasparts></hasparts>
      <ispartof></ispartof>
    </parts>
    <polygon>
      <pt>
        <x>404.45</x>
        <y>754.82</y>
      </pt>
      <pt>
        <x>436.97</x>
        <y>752.58</y>
      </pt>
      <pt>
        <x>450.40</x>
        <y>882.70</y>
      </pt>
      <pt>
        <x>419.03</x>
        <y>886.05</y>
      </pt>
      <username></username>
    </polygon>
    <attributes></attributes>
  </object>
  <object>
    <name>lane</name>
    <deleted>0</deleted>
    <verified>0</verified>
    <occluded>no</occluded>
    <date></date>
    <id>4</id>
    <parts>
      <hasparts></hasparts>
      <ispartof></ispartof>
    </parts>
    <type>bounding_box</type>
    <polygon>
      <pt>
        <x>396.01</x>
        <y>357.03</y>
      </pt>
      <pt>
        <x>401.63</x>
        <y>357.03</y>
      </pt>
      <pt>
        <x>401.63</x>
        <y>362.16</y>
      </pt>
      <pt>
        <x>396.01</x>
        <y>362.16</y>
      </pt>
      <username></username>
    </polygon>
    <attributes>rotation=0.0</attributes>
  </object>
  <object>
    <name>lane</name>
    <deleted>0</deleted>
    <verified>0</verified>
    <occluded>no</occluded>
    <date></date>
    <id>5</id>
    <parts>
      <hasparts></hasparts>
      <ispartof></ispartof>
    </parts>
    <type>bounding_box</type>
    <polygon>
      <pt>
        <x>396.49</x>
        <y>373.65</y>
      </pt>
      <pt>
        <x>402.60</x>
        <y>373.65</y>
      </pt>
      <pt>
        <x>402.60</x>
        <y>379.02</y>
      </pt>
      <pt>
        <x>396.49</x>
        <y>379.02</y>
      </pt>
      <username></username>
    </polygon>
    <attributes>rotation=0.0</attributes>
  </object>
  <object>
    <name>lane</name>
    <deleted>0</deleted>
    <verified>0</verified>
    <occluded>no</occluded>
    <date></date>
    <id>6</id>
    <parts>
      <hasparts></hasparts>
      <ispartof></ispartof>
    </parts>
    <type>bounding_box</type>
    <polygon>
      <pt>
        <x>396.74</x>
        <y>382.20</y>
      </pt>
      <pt>
        <x>403.58</x>
        <y>382.20</y>
      </pt>
      <pt>
        <x>403.58</x>
        <y>388.31</y>
      </pt>
      <pt>
        <x>396.74</x>
        <y>388.31</y>
      </pt>
      <username></username>
    </polygon>
    <attributes>rotation=0.0</attributes>
  </object>
  <object>
    <name>lane</name>
    <deleted>0</deleted>
    <verified>0</verified>
    <occluded>no</occluded>
    <date></date>
    <id>7</id>
    <parts>
      <hasparts></hasparts>
      <ispartof></ispartof>
    </parts>
    <type>bounding_box</type>
    <polygon>
      <pt>
        <x>395.52</x>
        <y>351.90</y>
      </pt>
      <pt>
        <x>401.14</x>
        <y>351.90</y>
      </pt>
      <pt>
        <x>401.14</x>
        <y>356.05</y>
      </pt>
      <pt>
        <x>395.52</x>
        <y>356.05</y>
      </pt>
      <username></username>
    </polygon>
    <attributes>rotation=0.0</attributes>
  </object>
  <object>
    <name>lane</name>
    <deleted>0</deleted>
    <verified>0</verified>
    <occluded>no</occluded>
    <date></date>
    <id>8</id>
    <parts>
      <hasparts></hasparts>
      <ispartof></ispartof>
    </parts>
    <type>bounding_box</type>
    <polygon>
      <pt>
        <x>394.29</x>
        <y>346.52</y>
      </pt>
      <pt>
        <x>399.67</x>
        <y>346.52</y>
      </pt>
      <pt>
        <x>399.67</x>
        <y>349.46</y>
      </pt>
      <pt>
        <x>394.29</x>
        <y>349.46</y>
      </pt>
      <username></username>
    </polygon>
    <attributes>rotation=0.0</attributes>
  </object>
  <object>
    <name>lane</name>
    <deleted>0</deleted>
    <verified>0</verified>
    <occluded>no</occluded>
    <date></date>
    <id>9</id>
    <parts>
      <hasparts></hasparts>
      <ispartof></ispartof>
    </parts>
    <type>bounding_box</type>
    <polygon>
      <pt>
        <x>397.91</x>
        <y>453.12</y>
      </pt>
      <pt>
        <x>410.24</x>
        <y>453.12</y>
      </pt>
      <pt>
        <x>410.24</x>
        <y>465.46</y>
      </pt>
      <pt>
        <x>397.91</x>
        <y>465.46</y>
      </pt>
      <username></username>
    </polygon>
    <attributes>rotation=0.0</attributes>
  </object>
  <object>
    <name>lane</name>
    <deleted>0</deleted>
    <verified>0</verified>
    <occluded>no</occluded>
    <date></date>
    <id>10</id>
    <parts>
      <hasparts></hasparts>
      <ispartof></ispartof>
    </parts>
    <type>bounding_box</type>
    <polygon>
      <pt>
        <x>397.47</x>
        <y>425.69</y>
      </pt>
      <pt>
        <x>408.71</x>
        <y>425.69</y>
      </pt>
      <pt>
        <x>408.71</x>
        <y>437.91</y>
      </pt>
      <pt>
        <x>397.47</x>
        <y>437.91</y>
      </pt>
      <username></username>
    </polygon>
    <attributes>rotation=0.0</attributes>
  </object>
  <object>
    <name>lane</name>
    <deleted>0</deleted>
    <verified>0</verified>
    <occluded>no</occluded>
    <date></date>
    <id>11</id>
    <parts>
      <hasparts></hasparts>
      <ispartof></ispartof>
    </parts>
    <type>bounding_box</type>
    <polygon>
      <pt>
        <x>397.23</x>
        <y>394.42</y>
      </pt>
      <pt>
        <x>404.31</x>
        <y>394.42</y>
      </pt>
      <pt>
        <x>404.31</x>
        <y>402.24</y>
      </pt>
      <pt>
        <x>397.23</x>
        <y>402.24</y>
      </pt>
      <username></username>
    </polygon>
    <attributes>rotation=0.0</attributes>
  </object>
  <object>
    <name>lane</name>
    <deleted>0</deleted>
    <verified>0</verified>
    <occluded>no</occluded>
    <date></date>
    <id>12</id>
    <parts>
      <hasparts></hasparts>
      <ispartof></ispartof>
    </parts>
    <type>bounding_box</type>
    <polygon>
      <pt>
        <x>397.23</x>
        <y>408.83</y>
      </pt>
      <pt>
        <x>406.27</x>
        <y>408.83</y>
      </pt>
      <pt>
        <x>406.27</x>
        <y>418.36</y>
      </pt>
      <pt>
        <x>397.23</x>
        <y>418.36</y>
      </pt>
      <username></username>
    </polygon>
    <attributes>rotation=0.0</attributes>
  </object>
  <object>
    <name>lane</name>
    <deleted>0</deleted>
    <verified>0</verified>
    <occluded>no</occluded>
    <date></date>
    <id>13</id>
    <parts>
      <hasparts></hasparts>
      <ispartof></ispartof>
    </parts>
    <type>bounding_box</type>
    <polygon>
      <pt>
        <x>396.25</x>
        <y>364.12</y>
      </pt>
      <pt>
        <x>400.89</x>
        <y>364.12</y>
      </pt>
      <pt>
        <x>400.89</x>
        <y>369.25</y>
      </pt>
      <pt>
        <x>396.25</x>
        <y>369.25</y>
      </pt>
      <username></username>
    </polygon>
    <attributes>rotation=0.0</attributes>
  </object>
  <object>
    <name>lane</name>
    <deleted>0</deleted>
    <verified>0</verified>
    <occluded>no</occluded>
    <date></date>
    <id>14</id>
    <parts>
      <hasparts></hasparts>
      <ispartof></ispartof>
    </parts>
    <type>bounding_box</type>
    <polygon>
      <pt>
        <x>405.57</x>
        <y>610.10</y>
      </pt>
      <pt>
        <x>425.80</x>
        <y>610.10</y>
      </pt>
      <pt>
        <x>425.80</x>
        <y>666.22</y>
      </pt>
      <pt>
        <x>405.57</x>
        <y>666.22</y>
      </pt>
      <username></username>
    </polygon>
    <attributes>rotation=0.0</attributes>
  </object>
</annotation>
