<annotation>
  <filename>image_1095.jpg</filename>
  <folder></folder>
  <source>
    <sourceImage></sourceImage>
    <sourceAnnotation>Datumaro</sourceAnnotation>
  </source>
  <imagesize>
    <nrows>1920</nrows>
    <ncols>1080</ncols>
  </imagesize>
  <object>
    <name>lane</name>
    <deleted>0</deleted>
    <verified>0</verified>
    <occluded>no</occluded>
    <date></date>
    <id>0</id>
    <parts>
      <hasparts></hasparts>
      <ispartof></ispartof>
    </parts>
    <type>bounding_box</type>
    <polygon>
      <pt>
        <x>467.45</x>
        <y>159.58</y>
      </pt>
      <pt>
        <x>476.32</x>
        <y>159.58</y>
      </pt>
      <pt>
        <x>476.32</x>
        <y>170.70</y>
      </pt>
      <pt>
        <x>467.45</x>
        <y>170.70</y>
      </pt>
      <username></username>
    </polygon>
    <attributes>rotation=0.0</attributes>
  </object>
  <object>
    <name>lane</name>
    <deleted>0</deleted>
    <verified>0</verified>
    <occluded>no</occluded>
    <date></date>
    <id>1</id>
    <parts>
      <hasparts></hasparts>
      <ispartof></ispartof>
    </parts>
    <type>bounding_box</type>
    <polygon>
      <pt>
        <x>467.27</x>
        <y>179.99</y>
      </pt>
      <pt>
        <x>477.81</x>
        <y>179.99</y>
      </pt>
      <pt>
        <x>477.81</x>
        <y>193.49</y>
      </pt>
      <pt>
        <x>467.27</x>
        <y>193.49</y>
      </pt>
      <username></username>
    </polygon>
    <attributes>rotation=0.0</attributes>
  </object>
  <object>
    <name>lane</name>
    <deleted>0</deleted>
    <verified>0</verified>
    <occluded>no</occluded>
    <date></date>
    <id>2</id>
    <parts>
      <hasparts></hasparts>
      <ispartof></ispartof>
    </parts>
    <polygon>
      <pt>
        <x>458.47</x>
        <y>1338.33</y>
      </pt>
      <pt>
        <x>541.81</x>
        <y>1338.33</y>
      </pt>
      <pt>
        <x>561.64</x>
        <y>1920.00</y>
      </pt>
      <pt>
        <x>474.30</x>
        <y>1920.00</y>
      </pt>
      <pt>
        <x>437.64</x>
        <y>1907.78</y>
      </pt>
      <username></username>
    </polygon>
    <attributes></attributes>
  </object>
  <object>
    <name>lane</name>
    <deleted>0</deleted>
    <verified>0</verified>
    <occluded>no</occluded>
    <date></date>
    <id>3</id>
    <parts>
      <hasparts></hasparts>
      <ispartof></ispartof>
    </parts>
    <type>bounding_box</type>
    <polygon>
      <pt>
        <x>468.38</x>
        <y>111.81</y>
      </pt>
      <pt>
        <x>474.33</x>
        <y>111.81</y>
      </pt>
      <pt>
        <x>474.33</x>
        <y>118.69</y>
      </pt>
      <pt>
        <x>468.38</x>
        <y>118.69</y>
      </pt>
      <username></username>
    </polygon>
    <attributes>rotation=0.0</attributes>
  </object>
  <object>
    <name>lane</name>
    <deleted>0</deleted>
    <verified>0</verified>
    <occluded>no</occluded>
    <date></date>
    <id>4</id>
    <parts>
      <hasparts></hasparts>
      <ispartof></ispartof>
    </parts>
    <type>bounding_box</type>
    <polygon>
      <pt>
        <x>467.45</x>
        <y>121.34</y>
      </pt>
      <pt>
        <x>474.33</x>
        <y>121.34</y>
      </pt>
      <pt>
        <x>474.33</x>
        <y>127.82</y>
      </pt>
      <pt>
        <x>467.45</x>
        <y>127.82</y>
      </pt>
      <username></username>
    </polygon>
    <attributes>rotation=0.0</attributes>
  </object>
  <object>
    <name>lane</name>
    <deleted>0</deleted>
    <verified>0</verified>
    <occluded>no</occluded>
    <date></date>
    <id>5</id>
    <parts>
      <hasparts></hasparts>
      <ispartof></ispartof>
    </parts>
    <type>bounding_box</type>
    <polygon>
      <pt>
        <x>468.38</x>
        <y>131.79</y>
      </pt>
      <pt>
        <x>475.26</x>
        <y>131.79</y>
      </pt>
      <pt>
        <x>475.26</x>
        <y>137.75</y>
      </pt>
      <pt>
        <x>468.38</x>
        <y>137.75</y>
      </pt>
      <username></username>
    </polygon>
    <attributes>rotation=0.0</attributes>
  </object>
  <object>
    <name>lane</name>
    <deleted>0</deleted>
    <verified>0</verified>
    <occluded>no</occluded>
    <date></date>
    <id>6</id>
    <parts>
      <hasparts></hasparts>
      <ispartof></ispartof>
    </parts>
    <type>bounding_box</type>
    <polygon>
      <pt>
        <x>465.96</x>
        <y>206.99</y>
      </pt>
      <pt>
        <x>480.77</x>
        <y>206.99</y>
      </pt>
      <pt>
        <x>480.77</x>
        <y>226.09</y>
      </pt>
      <pt>
        <x>465.96</x>
        <y>226.09</y>
      </pt>
      <username></username>
    </polygon>
    <attributes>rotation=0.0</attributes>
  </object>
  <object>
    <name>lane</name>
    <deleted>0</deleted>
    <verified>0</verified>
    <occluded>no</occluded>
    <date></date>
    <id>7</id>
    <parts>
      <hasparts></hasparts>
      <ispartof></ispartof>
    </parts>
    <polygon>
      <pt>
        <x>459.41</x>
        <y>625.44</y>
      </pt>
      <pt>
        <x>504.63</x>
        <y>623.83</y>
      </pt>
      <pt>
        <x>514.32</x>
        <y>848.32</y>
      </pt>
      <pt>
        <x>459.41</x>
        <y>845.09</y>
      </pt>
      <username></username>
    </polygon>
    <attributes></attributes>
  </object>
  <object>
    <name>lane</name>
    <deleted>0</deleted>
    <verified>0</verified>
    <occluded>no</occluded>
    <date></date>
    <id>8</id>
    <parts>
      <hasparts></hasparts>
      <ispartof></ispartof>
    </parts>
    <polygon>
      <pt>
        <x>464.26</x>
        <y>412.25</y>
      </pt>
      <pt>
        <x>491.71</x>
        <y>412.25</y>
      </pt>
      <pt>
        <x>499.79</x>
        <y>497.85</y>
      </pt>
      <pt>
        <x>472.33</x>
        <y>501.08</y>
      </pt>
      <username></username>
    </polygon>
    <attributes></attributes>
  </object>
  <object>
    <name>lane</name>
    <deleted>0</deleted>
    <verified>0</verified>
    <occluded>no</occluded>
    <date></date>
    <id>9</id>
    <parts>
      <hasparts></hasparts>
      <ispartof></ispartof>
    </parts>
    <polygon>
      <pt>
        <x>466.09</x>
        <y>246.76</y>
      </pt>
      <pt>
        <x>478.55</x>
        <y>246.76</y>
      </pt>
      <pt>
        <x>485.56</x>
        <y>277.14</y>
      </pt>
      <pt>
        <x>468.43</x>
        <y>274.80</y>
      </pt>
      <username></username>
    </polygon>
    <attributes></attributes>
  </object>
  <object>
    <name>lane</name>
    <deleted>0</deleted>
    <verified>0</verified>
    <occluded>no</occluded>
    <date></date>
    <id>10</id>
    <parts>
      <hasparts></hasparts>
      <ispartof></ispartof>
    </parts>
    <polygon>
      <pt>
        <x>464.53</x>
        <y>309.07</y>
      </pt>
      <pt>
        <x>485.56</x>
        <y>309.07</y>
      </pt>
      <pt>
        <x>487.90</x>
        <y>355.80</y>
      </pt>
      <pt>
        <x>465.31</x>
        <y>354.25</y>
      </pt>
      <username></username>
    </polygon>
    <attributes></attributes>
  </object>
  <object>
    <name>lane</name>
    <deleted>0</deleted>
    <verified>0</verified>
    <occluded>no</occluded>
    <date></date>
    <id>11</id>
    <parts>
      <hasparts></hasparts>
      <ispartof></ispartof>
    </parts>
    <type>bounding_box</type>
    <polygon>
      <pt>
        <x>469.43</x>
        <y>100.04</y>
      </pt>
      <pt>
        <x>473.54</x>
        <y>100.04</y>
      </pt>
      <pt>
        <x>473.54</x>
        <y>103.08</y>
      </pt>
      <pt>
        <x>469.43</x>
        <y>103.08</y>
      </pt>
      <username></username>
    </polygon>
    <attributes>rotation=0.0</attributes>
  </object>
  <object>
    <name>lane</name>
    <deleted>0</deleted>
    <verified>0</verified>
    <occluded>no</occluded>
    <date></date>
    <id>12</id>
    <parts>
      <hasparts></hasparts>
      <ispartof></ispartof>
    </parts>
    <type>bounding_box</type>
    <polygon>
      <pt>
        <x>468.64</x>
        <y>104.80</y>
      </pt>
      <pt>
        <x>473.80</x>
        <y>104.80</y>
      </pt>
      <pt>
        <x>473.80</x>
        <y>108.77</y>
      </pt>
      <pt>
        <x>468.64</x>
        <y>108.77</y>
      </pt>
      <username></username>
    </polygon>
    <attributes>rotation=0.0</attributes>
  </object>
  <object>
    <name>lane</name>
    <deleted>0</deleted>
    <verified>0</verified>
    <occluded>no</occluded>
    <date></date>
    <id>13</id>
    <parts>
      <hasparts></hasparts>
      <ispartof></ispartof>
    </parts>
    <type>bounding_box</type>
    <polygon>
      <pt>
        <x>467.18</x>
        <y>143.57</y>
      </pt>
      <pt>
        <x>475.92</x>
        <y>143.57</y>
      </pt>
      <pt>
        <x>475.92</x>
        <y>152.83</y>
      </pt>
      <pt>
        <x>467.18</x>
        <y>152.83</y>
      </pt>
      <username></username>
    </polygon>
    <attributes>rotation=0.0</attributes>
  </object>
</annotation>
