<annotation>
  <filename>image_1833.jpg</filename>
  <folder></folder>
  <source>
    <sourceImage></sourceImage>
    <sourceAnnotation>Datumaro</sourceAnnotation>
  </source>
  <imagesize>
    <nrows>1920</nrows>
    <ncols>1080</ncols>
  </imagesize>
  <object>
    <name>lane</name>
    <deleted>0</deleted>
    <verified>0</verified>
    <occluded>no</occluded>
    <date></date>
    <id>0</id>
    <parts>
      <hasparts></hasparts>
      <ispartof></ispartof>
    </parts>
    <polygon>
      <pt>
        <x>420.22</x>
        <y>497.21</y>
      </pt>
      <pt>
        <x>446.91</x>
        <y>497.21</y>
      </pt>
      <pt>
        <x>559.83</x>
        <y>400.72</y>
      </pt>
      <pt>
        <x>543.40</x>
        <y>396.61</y>
      </pt>
      <username></username>
    </polygon>
    <attributes></attributes>
  </object>
  <object>
    <name>lane</name>
    <deleted>0</deleted>
    <verified>0</verified>
    <occluded>no</occluded>
    <date></date>
    <id>1</id>
    <parts>
      <hasparts></hasparts>
      <ispartof></ispartof>
    </parts>
    <polygon>
      <pt>
        <x>370.74</x>
        <y>1161.93</y>
      </pt>
      <pt>
        <x>428.21</x>
        <y>1164.06</y>
      </pt>
      <pt>
        <x>389.90</x>
        <y>672.36</y>
      </pt>
      <pt>
        <x>351.58</x>
        <y>668.10</y>
      </pt>
      <username></username>
    </polygon>
    <attributes></attributes>
  </object>
  <object>
    <name>lane</name>
    <deleted>0</deleted>
    <verified>0</verified>
    <occluded>no</occluded>
    <date></date>
    <id>2</id>
    <parts>
      <hasparts></hasparts>
      <ispartof></ispartof>
    </parts>
    <polygon>
      <pt>
        <x>351.45</x>
        <y>437.67</y>
      </pt>
      <pt>
        <x>376.08</x>
        <y>441.78</y>
      </pt>
      <pt>
        <x>608.07</x>
        <y>369.92</y>
      </pt>
      <pt>
        <x>599.86</x>
        <y>364.79</y>
      </pt>
      <username></username>
    </polygon>
    <attributes></attributes>
  </object>
  <object>
    <name>lane</name>
    <deleted>0</deleted>
    <verified>0</verified>
    <occluded>no</occluded>
    <date></date>
    <id>3</id>
    <parts>
      <hasparts></hasparts>
      <ispartof></ispartof>
    </parts>
    <polygon>
      <pt>
        <x>749.48</x>
        <y>318.36</y>
      </pt>
      <pt>
        <x>762.17</x>
        <y>322.59</y>
      </pt>
      <pt>
        <x>827.77</x>
        <y>300.58</y>
      </pt>
      <pt>
        <x>881.94</x>
        <y>279.42</y>
      </pt>
      <pt>
        <x>867.97</x>
        <y>277.73</y>
      </pt>
      <pt>
        <x>806.19</x>
        <y>301.01</y>
      </pt>
      <username></username>
    </polygon>
    <attributes></attributes>
  </object>
</annotation>
