<annotation>
  <filename>image_1275.jpg</filename>
  <folder></folder>
  <source>
    <sourceImage></sourceImage>
    <sourceAnnotation>Datumaro</sourceAnnotation>
  </source>
  <imagesize>
    <nrows>1920</nrows>
    <ncols>1080</ncols>
  </imagesize>
  <object>
    <name>lane</name>
    <deleted>0</deleted>
    <verified>0</verified>
    <occluded>no</occluded>
    <date></date>
    <id>0</id>
    <parts>
      <hasparts></hasparts>
      <ispartof></ispartof>
    </parts>
    <type>bounding_box</type>
    <polygon>
      <pt>
        <x>503.97</x>
        <y>480.59</y>
      </pt>
      <pt>
        <x>553.30</x>
        <y>480.59</y>
      </pt>
      <pt>
        <x>553.30</x>
        <y>763.01</y>
      </pt>
      <pt>
        <x>503.97</x>
        <y>763.01</y>
      </pt>
      <username></username>
    </polygon>
    <attributes>rotation=0.0</attributes>
  </object>
  <object>
    <name>lane</name>
    <deleted>0</deleted>
    <verified>0</verified>
    <occluded>no</occluded>
    <date></date>
    <id>1</id>
    <parts>
      <hasparts></hasparts>
      <ispartof></ispartof>
    </parts>
    <type>bounding_box</type>
    <polygon>
      <pt>
        <x>472.45</x>
        <y>1430.53</y>
      </pt>
      <pt>
        <x>588.45</x>
        <y>1430.53</y>
      </pt>
      <pt>
        <x>588.45</x>
        <y>1918.46</y>
      </pt>
      <pt>
        <x>472.45</x>
        <y>1918.46</y>
      </pt>
      <username></username>
    </polygon>
    <attributes>rotation=0.0</attributes>
  </object>
  <object>
    <name>lane</name>
    <deleted>0</deleted>
    <verified>0</verified>
    <occluded>no</occluded>
    <date></date>
    <id>2</id>
    <parts>
      <hasparts></hasparts>
      <ispartof></ispartof>
    </parts>
    <type>bounding_box</type>
    <polygon>
      <pt>
        <x>517.84</x>
        <y>111.74</y>
      </pt>
      <pt>
        <x>543.06</x>
        <y>111.74</y>
      </pt>
      <pt>
        <x>543.06</x>
        <y>168.48</y>
      </pt>
      <pt>
        <x>517.84</x>
        <y>168.48</y>
      </pt>
      <username></username>
    </polygon>
    <attributes>rotation=0.0</attributes>
  </object>
  <object>
    <name>lane</name>
    <deleted>0</deleted>
    <verified>0</verified>
    <occluded>no</occluded>
    <date></date>
    <id>3</id>
    <parts>
      <hasparts></hasparts>
      <ispartof></ispartof>
    </parts>
    <type>bounding_box</type>
    <polygon>
      <pt>
        <x>519.10</x>
        <y>51.35</y>
      </pt>
      <pt>
        <x>536.75</x>
        <y>51.35</y>
      </pt>
      <pt>
        <x>536.75</x>
        <y>80.35</y>
      </pt>
      <pt>
        <x>519.10</x>
        <y>80.35</y>
      </pt>
      <username></username>
    </polygon>
    <attributes>rotation=0.0</attributes>
  </object>
  <object>
    <name>lane</name>
    <deleted>0</deleted>
    <verified>0</verified>
    <occluded>no</occluded>
    <date></date>
    <id>4</id>
    <parts>
      <hasparts></hasparts>
      <ispartof></ispartof>
    </parts>
    <type>bounding_box</type>
    <polygon>
      <pt>
        <x>516.58</x>
        <y>236.56</y>
      </pt>
      <pt>
        <x>546.84</x>
        <y>236.56</y>
      </pt>
      <pt>
        <x>546.84</x>
        <y>329.86</y>
      </pt>
      <pt>
        <x>516.58</x>
        <y>329.86</y>
      </pt>
      <username></username>
    </polygon>
    <attributes>rotation=0.0</attributes>
  </object>
  <object>
    <name>lane</name>
    <deleted>0</deleted>
    <verified>0</verified>
    <occluded>no</occluded>
    <date></date>
    <id>5</id>
    <parts>
      <hasparts></hasparts>
      <ispartof></ispartof>
    </parts>
    <type>bounding_box</type>
    <polygon>
      <pt>
        <x>524.08</x>
        <y>12.48</y>
      </pt>
      <pt>
        <x>538.27</x>
        <y>12.48</y>
      </pt>
      <pt>
        <x>538.27</x>
        <y>32.75</y>
      </pt>
      <pt>
        <x>524.08</x>
        <y>32.75</y>
      </pt>
      <username></username>
    </polygon>
    <attributes>rotation=0.0</attributes>
  </object>
</annotation>
