<annotation>
  <filename>image_1374.jpg</filename>
  <folder></folder>
  <source>
    <sourceImage></sourceImage>
    <sourceAnnotation>Datumaro</sourceAnnotation>
  </source>
  <imagesize>
    <nrows>1920</nrows>
    <ncols>1080</ncols>
  </imagesize>
  <object>
    <name>lane</name>
    <deleted>0</deleted>
    <verified>0</verified>
    <occluded>no</occluded>
    <date></date>
    <id>0</id>
    <parts>
      <hasparts></hasparts>
      <ispartof></ispartof>
    </parts>
    <type>bounding_box</type>
    <polygon>
      <pt>
        <x>478.38</x>
        <y>247.11</y>
      </pt>
      <pt>
        <x>489.81</x>
        <y>247.11</y>
      </pt>
      <pt>
        <x>489.81</x>
        <y>259.14</y>
      </pt>
      <pt>
        <x>478.38</x>
        <y>259.14</y>
      </pt>
      <username></username>
    </polygon>
    <attributes>rotation=0.0</attributes>
  </object>
  <object>
    <name>lane</name>
    <deleted>0</deleted>
    <verified>0</verified>
    <occluded>no</occluded>
    <date></date>
    <id>1</id>
    <parts>
      <hasparts></hasparts>
      <ispartof></ispartof>
    </parts>
    <type>bounding_box</type>
    <polygon>
      <pt>
        <x>478.08</x>
        <y>226.59</y>
      </pt>
      <pt>
        <x>487.17</x>
        <y>226.59</y>
      </pt>
      <pt>
        <x>487.17</x>
        <y>239.78</y>
      </pt>
      <pt>
        <x>478.08</x>
        <y>239.78</y>
      </pt>
      <username></username>
    </polygon>
    <attributes>rotation=0.0</attributes>
  </object>
  <object>
    <name>lane</name>
    <deleted>0</deleted>
    <verified>0</verified>
    <occluded>no</occluded>
    <date></date>
    <id>2</id>
    <parts>
      <hasparts></hasparts>
      <ispartof></ispartof>
    </parts>
    <type>bounding_box</type>
    <polygon>
      <pt>
        <x>473.61</x>
        <y>302.98</y>
      </pt>
      <pt>
        <x>493.57</x>
        <y>302.98</y>
      </pt>
      <pt>
        <x>493.57</x>
        <y>333.45</y>
      </pt>
      <pt>
        <x>473.61</x>
        <y>333.45</y>
      </pt>
      <username></username>
    </polygon>
    <attributes>rotation=0.0</attributes>
  </object>
  <object>
    <name>lane</name>
    <deleted>0</deleted>
    <verified>0</verified>
    <occluded>no</occluded>
    <date></date>
    <id>3</id>
    <parts>
      <hasparts></hasparts>
      <ispartof></ispartof>
    </parts>
    <type>bounding_box</type>
    <polygon>
      <pt>
        <x>476.76</x>
        <y>362.87</y>
      </pt>
      <pt>
        <x>496.72</x>
        <y>362.87</y>
      </pt>
      <pt>
        <x>496.72</x>
        <y>398.59</y>
      </pt>
      <pt>
        <x>476.76</x>
        <y>398.59</y>
      </pt>
      <username></username>
    </polygon>
    <attributes>rotation=0.0</attributes>
  </object>
  <object>
    <name>lane</name>
    <deleted>0</deleted>
    <verified>0</verified>
    <occluded>no</occluded>
    <date></date>
    <id>4</id>
    <parts>
      <hasparts></hasparts>
      <ispartof></ispartof>
    </parts>
    <type>bounding_box</type>
    <polygon>
      <pt>
        <x>475.71</x>
        <y>450.07</y>
      </pt>
      <pt>
        <x>503.03</x>
        <y>450.07</y>
      </pt>
      <pt>
        <x>503.03</x>
        <y>519.42</y>
      </pt>
      <pt>
        <x>475.71</x>
        <y>519.42</y>
      </pt>
      <username></username>
    </polygon>
    <attributes>rotation=0.0</attributes>
  </object>
  <object>
    <name>lane</name>
    <deleted>0</deleted>
    <verified>0</verified>
    <occluded>no</occluded>
    <date></date>
    <id>5</id>
    <parts>
      <hasparts></hasparts>
      <ispartof></ispartof>
    </parts>
    <type>bounding_box</type>
    <polygon>
      <pt>
        <x>471.51</x>
        <y>627.64</y>
      </pt>
      <pt>
        <x>518.79</x>
        <y>627.64</y>
      </pt>
      <pt>
        <x>518.79</x>
        <y>794.69</y>
      </pt>
      <pt>
        <x>471.51</x>
        <y>794.69</y>
      </pt>
      <username></username>
    </polygon>
    <attributes>rotation=0.0</attributes>
  </object>
  <object>
    <name>lane</name>
    <deleted>0</deleted>
    <verified>0</verified>
    <occluded>no</occluded>
    <date></date>
    <id>6</id>
    <parts>
      <hasparts></hasparts>
      <ispartof></ispartof>
    </parts>
    <type>bounding_box</type>
    <polygon>
      <pt>
        <x>477.20</x>
        <y>270.86</y>
      </pt>
      <pt>
        <x>490.40</x>
        <y>270.86</y>
      </pt>
      <pt>
        <x>490.40</x>
        <y>286.41</y>
      </pt>
      <pt>
        <x>477.20</x>
        <y>286.41</y>
      </pt>
      <username></username>
    </polygon>
    <attributes>rotation=0.0</attributes>
  </object>
  <object>
    <name>lane</name>
    <deleted>0</deleted>
    <verified>0</verified>
    <occluded>no</occluded>
    <date></date>
    <id>7</id>
    <parts>
      <hasparts></hasparts>
      <ispartof></ispartof>
    </parts>
    <polygon>
      <pt>
        <x>469.54</x>
        <y>1121.41</y>
      </pt>
      <pt>
        <x>541.95</x>
        <y>1118.33</y>
      </pt>
      <pt>
        <x>602.04</x>
        <y>1913.33</y>
      </pt>
      <pt>
        <x>534.48</x>
        <y>1920.00</y>
      </pt>
      <pt>
        <x>477.19</x>
        <y>1920.00</y>
      </pt>
      <username></username>
    </polygon>
    <attributes></attributes>
  </object>
</annotation>
