<annotation>
  <filename>image_2692.jpg</filename>
  <folder></folder>
  <source>
    <sourceImage></sourceImage>
    <sourceAnnotation>Datumaro</sourceAnnotation>
  </source>
  <imagesize>
    <nrows>1920</nrows>
    <ncols>1080</ncols>
  </imagesize>
  <object>
    <name>lane</name>
    <deleted>0</deleted>
    <verified>0</verified>
    <occluded>no</occluded>
    <date></date>
    <id>0</id>
    <parts>
      <hasparts></hasparts>
      <ispartof></ispartof>
    </parts>
    <polygon>
      <pt>
        <x>548.62</x>
        <y>494.59</y>
      </pt>
      <pt>
        <x>565.42</x>
        <y>495.47</y>
      </pt>
      <pt>
        <x>545.96</x>
        <y>579.47</y>
      </pt>
      <pt>
        <x>527.39</x>
        <y>578.59</y>
      </pt>
      <username></username>
    </polygon>
    <attributes></attributes>
  </object>
  <object>
    <name>lane</name>
    <deleted>0</deleted>
    <verified>0</verified>
    <occluded>no</occluded>
    <date></date>
    <id>1</id>
    <parts>
      <hasparts></hasparts>
      <ispartof></ispartof>
    </parts>
    <polygon>
      <pt>
        <x>572.49</x>
        <y>449.49</y>
      </pt>
      <pt>
        <x>584.87</x>
        <y>449.49</y>
      </pt>
      <pt>
        <x>603.44</x>
        <y>415.01</y>
      </pt>
      <pt>
        <x>590.17</x>
        <y>414.13</y>
      </pt>
      <username></username>
    </polygon>
    <attributes></attributes>
  </object>
  <object>
    <name>lane</name>
    <deleted>0</deleted>
    <verified>0</verified>
    <occluded>no</occluded>
    <date></date>
    <id>2</id>
    <parts>
      <hasparts></hasparts>
      <ispartof></ispartof>
    </parts>
    <polygon>
      <pt>
        <x>611.23</x>
        <y>388.69</y>
      </pt>
      <pt>
        <x>626.92</x>
        <y>370.92</y>
      </pt>
      <pt>
        <x>635.51</x>
        <y>370.92</y>
      </pt>
      <pt>
        <x>620.41</x>
        <y>392.25</y>
      </pt>
      <username></username>
    </polygon>
    <attributes></attributes>
  </object>
  <object>
    <name>lane</name>
    <deleted>0</deleted>
    <verified>0</verified>
    <occluded>no</occluded>
    <date></date>
    <id>3</id>
    <parts>
      <hasparts></hasparts>
      <ispartof></ispartof>
    </parts>
    <polygon>
      <pt>
        <x>641.73</x>
        <y>356.71</y>
      </pt>
      <pt>
        <x>650.02</x>
        <y>357.90</y>
      </pt>
      <pt>
        <x>663.90</x>
        <y>345.20</y>
      </pt>
      <pt>
        <x>656.50</x>
        <y>344.00</y>
      </pt>
      <username></username>
    </polygon>
    <attributes></attributes>
  </object>
  <object>
    <name>lane</name>
    <deleted>0</deleted>
    <verified>0</verified>
    <occluded>no</occluded>
    <date></date>
    <id>4</id>
    <parts>
      <hasparts></hasparts>
      <ispartof></ispartof>
    </parts>
    <polygon>
      <pt>
        <x>673.71</x>
        <y>335.39</y>
      </pt>
      <pt>
        <x>682.59</x>
        <y>338.35</y>
      </pt>
      <pt>
        <x>707.47</x>
        <y>331.24</y>
      </pt>
      <pt>
        <x>703.62</x>
        <y>328.88</y>
      </pt>
      <username></username>
    </polygon>
    <attributes></attributes>
  </object>
  <object>
    <name>lane</name>
    <deleted>0</deleted>
    <verified>0</verified>
    <occluded>no</occluded>
    <date></date>
    <id>5</id>
    <parts>
      <hasparts></hasparts>
      <ispartof></ispartof>
    </parts>
    <polygon>
      <pt>
        <x>722.87</x>
        <y>323.54</y>
      </pt>
      <pt>
        <x>727.90</x>
        <y>325.62</y>
      </pt>
      <pt>
        <x>751.29</x>
        <y>321.47</y>
      </pt>
      <pt>
        <x>749.81</x>
        <y>319.40</y>
      </pt>
      <username></username>
    </polygon>
    <attributes></attributes>
  </object>
  <object>
    <name>lane</name>
    <deleted>0</deleted>
    <verified>0</verified>
    <occluded>no</occluded>
    <date></date>
    <id>6</id>
    <parts>
      <hasparts></hasparts>
      <ispartof></ispartof>
    </parts>
    <polygon>
      <pt>
        <x>767.58</x>
        <y>314.66</y>
      </pt>
      <pt>
        <x>768.47</x>
        <y>317.33</y>
      </pt>
      <pt>
        <x>793.94</x>
        <y>314.07</y>
      </pt>
      <pt>
        <x>793.34</x>
        <y>312.59</y>
      </pt>
      <username></username>
    </polygon>
    <attributes></attributes>
  </object>
  <object>
    <name>lane</name>
    <deleted>0</deleted>
    <verified>0</verified>
    <occluded>no</occluded>
    <date></date>
    <id>7</id>
    <parts>
      <hasparts></hasparts>
      <ispartof></ispartof>
    </parts>
    <polygon>
      <pt>
        <x>808.15</x>
        <y>309.33</y>
      </pt>
      <pt>
        <x>810.52</x>
        <y>312.00</y>
      </pt>
      <pt>
        <x>832.43</x>
        <y>310.22</y>
      </pt>
      <pt>
        <x>830.06</x>
        <y>307.26</y>
      </pt>
      <username></username>
    </polygon>
    <attributes></attributes>
  </object>
  <object>
    <name>lane</name>
    <deleted>0</deleted>
    <verified>0</verified>
    <occluded>no</occluded>
    <date></date>
    <id>8</id>
    <parts>
      <hasparts></hasparts>
      <ispartof></ispartof>
    </parts>
    <polygon>
      <pt>
        <x>847.54</x>
        <y>305.48</y>
      </pt>
      <pt>
        <x>849.61</x>
        <y>308.74</y>
      </pt>
      <pt>
        <x>870.93</x>
        <y>305.78</y>
      </pt>
      <pt>
        <x>869.15</x>
        <y>304.89</y>
      </pt>
      <username></username>
    </polygon>
    <attributes></attributes>
  </object>
  <object>
    <name>lane</name>
    <deleted>0</deleted>
    <verified>0</verified>
    <occluded>no</occluded>
    <date></date>
    <id>9</id>
    <parts>
      <hasparts></hasparts>
      <ispartof></ispartof>
    </parts>
    <polygon>
      <pt>
        <x>886.03</x>
        <y>302.82</y>
      </pt>
      <pt>
        <x>886.62</x>
        <y>305.48</y>
      </pt>
      <pt>
        <x>903.50</x>
        <y>303.70</y>
      </pt>
      <pt>
        <x>903.50</x>
        <y>301.34</y>
      </pt>
      <username></username>
    </polygon>
    <attributes></attributes>
  </object>
  <object>
    <name>lane</name>
    <deleted>0</deleted>
    <verified>0</verified>
    <occluded>no</occluded>
    <date></date>
    <id>10</id>
    <parts>
      <hasparts></hasparts>
      <ispartof></ispartof>
    </parts>
    <polygon>
      <pt>
        <x>499.02</x>
        <y>694.14</y>
      </pt>
      <pt>
        <x>529.58</x>
        <y>689.55</y>
      </pt>
      <pt>
        <x>509.71</x>
        <y>1001.25</y>
      </pt>
      <pt>
        <x>466.93</x>
        <y>1001.25</y>
      </pt>
      <username></username>
    </polygon>
    <attributes></attributes>
  </object>
</annotation>
