<annotation>
  <filename>image_456.jpg</filename>
  <folder></folder>
  <source>
    <sourceImage></sourceImage>
    <sourceAnnotation>Datumaro</sourceAnnotation>
  </source>
  <imagesize>
    <nrows>1920</nrows>
    <ncols>864</ncols>
  </imagesize>
  <object>
    <name>lane</name>
    <deleted>0</deleted>
    <verified>0</verified>
    <occluded>no</occluded>
    <date></date>
    <id>0</id>
    <parts>
      <hasparts></hasparts>
      <ispartof></ispartof>
    </parts>
    <polygon>
      <pt>
        <x>382.63</x>
        <y>442.92</y>
      </pt>
      <pt>
        <x>385.81</x>
        <y>442.13</y>
      </pt>
      <pt>
        <x>398.51</x>
        <y>445.62</y>
      </pt>
      <pt>
        <x>394.70</x>
        <y>447.21</y>
      </pt>
      <username></username>
    </polygon>
    <attributes></attributes>
  </object>
  <object>
    <name>lane</name>
    <deleted>0</deleted>
    <verified>0</verified>
    <occluded>no</occluded>
    <date></date>
    <id>1</id>
    <parts>
      <hasparts></hasparts>
      <ispartof></ispartof>
    </parts>
    <polygon>
      <pt>
        <x>355.80</x>
        <y>437.05</y>
      </pt>
      <pt>
        <x>358.81</x>
        <y>434.99</y>
      </pt>
      <pt>
        <x>371.36</x>
        <y>438.64</y>
      </pt>
      <pt>
        <x>368.66</x>
        <y>440.86</y>
      </pt>
      <username></username>
    </polygon>
    <attributes></attributes>
  </object>
  <object>
    <name>lane</name>
    <deleted>0</deleted>
    <verified>0</verified>
    <occluded>no</occluded>
    <date></date>
    <id>2</id>
    <parts>
      <hasparts></hasparts>
      <ispartof></ispartof>
    </parts>
    <polygon>
      <pt>
        <x>473.61</x>
        <y>474.52</y>
      </pt>
      <pt>
        <x>480.70</x>
        <y>473.61</y>
      </pt>
      <pt>
        <x>491.90</x>
        <y>485.73</y>
      </pt>
      <pt>
        <x>487.33</x>
        <y>487.33</y>
      </pt>
      <username></username>
    </polygon>
    <attributes></attributes>
  </object>
  <object>
    <name>lane</name>
    <deleted>0</deleted>
    <verified>0</verified>
    <occluded>no</occluded>
    <date></date>
    <id>3</id>
    <parts>
      <hasparts></hasparts>
      <ispartof></ispartof>
    </parts>
    <polygon>
      <pt>
        <x>328.96</x>
        <y>431.17</y>
      </pt>
      <pt>
        <x>331.50</x>
        <y>430.22</y>
      </pt>
      <pt>
        <x>344.52</x>
        <y>433.24</y>
      </pt>
      <pt>
        <x>342.30</x>
        <y>434.67</y>
      </pt>
      <username></username>
    </polygon>
    <attributes></attributes>
  </object>
  <object>
    <name>lane</name>
    <deleted>0</deleted>
    <verified>0</verified>
    <occluded>no</occluded>
    <date></date>
    <id>4</id>
    <parts>
      <hasparts></hasparts>
      <ispartof></ispartof>
    </parts>
    <polygon>
      <pt>
        <x>299.11</x>
        <y>427.52</y>
      </pt>
      <pt>
        <x>301.97</x>
        <y>425.93</y>
      </pt>
      <pt>
        <x>319.59</x>
        <y>428.79</y>
      </pt>
      <pt>
        <x>317.05</x>
        <y>430.38</y>
      </pt>
      <username></username>
    </polygon>
    <attributes></attributes>
  </object>
  <object>
    <name>lane</name>
    <deleted>0</deleted>
    <verified>0</verified>
    <occluded>no</occluded>
    <date></date>
    <id>5</id>
    <parts>
      <hasparts></hasparts>
      <ispartof></ispartof>
    </parts>
    <polygon>
      <pt>
        <x>442.51</x>
        <y>460.57</y>
      </pt>
      <pt>
        <x>446.85</x>
        <y>459.66</y>
      </pt>
      <pt>
        <x>466.29</x>
        <y>468.12</y>
      </pt>
      <pt>
        <x>461.72</x>
        <y>469.72</y>
      </pt>
      <username></username>
    </polygon>
    <attributes></attributes>
  </object>
  <object>
    <name>lane</name>
    <deleted>0</deleted>
    <verified>0</verified>
    <occluded>no</occluded>
    <date></date>
    <id>6</id>
    <parts>
      <hasparts></hasparts>
      <ispartof></ispartof>
    </parts>
    <polygon>
      <pt>
        <x>495.10</x>
        <y>498.30</y>
      </pt>
      <pt>
        <x>502.19</x>
        <y>497.62</y>
      </pt>
      <pt>
        <x>512.02</x>
        <y>514.54</y>
      </pt>
      <pt>
        <x>503.33</x>
        <y>516.60</y>
      </pt>
      <username></username>
    </polygon>
    <attributes></attributes>
  </object>
  <object>
    <name>lane</name>
    <deleted>0</deleted>
    <verified>0</verified>
    <occluded>no</occluded>
    <date></date>
    <id>7</id>
    <parts>
      <hasparts></hasparts>
      <ispartof></ispartof>
    </parts>
    <polygon>
      <pt>
        <x>512.33</x>
        <y>533.98</y>
      </pt>
      <pt>
        <x>521.42</x>
        <y>533.98</y>
      </pt>
      <pt>
        <x>530.90</x>
        <y>569.94</y>
      </pt>
      <pt>
        <x>518.25</x>
        <y>569.94</y>
      </pt>
      <username></username>
    </polygon>
    <attributes></attributes>
  </object>
  <object>
    <name>lane</name>
    <deleted>0</deleted>
    <verified>0</verified>
    <occluded>no</occluded>
    <date></date>
    <id>8</id>
    <parts>
      <hasparts></hasparts>
      <ispartof></ispartof>
    </parts>
    <polygon>
      <pt>
        <x>520.36</x>
        <y>619.60</y>
      </pt>
      <pt>
        <x>536.49</x>
        <y>618.18</y>
      </pt>
      <pt>
        <x>540.28</x>
        <y>702.58</y>
      </pt>
      <pt>
        <x>521.79</x>
        <y>702.58</y>
      </pt>
      <username></username>
    </polygon>
    <attributes></attributes>
  </object>
  <object>
    <name>lane</name>
    <deleted>0</deleted>
    <verified>0</verified>
    <occluded>no</occluded>
    <date></date>
    <id>9</id>
    <parts>
      <hasparts></hasparts>
      <ispartof></ispartof>
    </parts>
    <polygon>
      <pt>
        <x>503.85</x>
        <y>863.69</y>
      </pt>
      <pt>
        <x>537.83</x>
        <y>863.69</y>
      </pt>
      <pt>
        <x>495.36</x>
        <y>1426.04</y>
      </pt>
      <pt>
        <x>432.50</x>
        <y>1424.34</y>
      </pt>
      <username></username>
    </polygon>
    <attributes></attributes>
  </object>
  <object>
    <name>lane</name>
    <deleted>0</deleted>
    <verified>0</verified>
    <occluded>no</occluded>
    <date></date>
    <id>10</id>
    <parts>
      <hasparts></hasparts>
      <ispartof></ispartof>
    </parts>
    <polygon>
      <pt>
        <x>410.58</x>
        <y>450.86</y>
      </pt>
      <pt>
        <x>414.39</x>
        <y>449.75</y>
      </pt>
      <pt>
        <x>430.43</x>
        <y>454.99</y>
      </pt>
      <pt>
        <x>425.51</x>
        <y>455.95</y>
      </pt>
      <username></username>
    </polygon>
    <attributes></attributes>
  </object>
</annotation>
