<annotation>
  <filename>image_1420.jpg</filename>
  <folder></folder>
  <source>
    <sourceImage></sourceImage>
    <sourceAnnotation>Datumaro</sourceAnnotation>
  </source>
  <imagesize>
    <nrows>1920</nrows>
    <ncols>1080</ncols>
  </imagesize>
  <object>
    <name>lane</name>
    <deleted>0</deleted>
    <verified>0</verified>
    <occluded>no</occluded>
    <date></date>
    <id>0</id>
    <parts>
      <hasparts></hasparts>
      <ispartof></ispartof>
    </parts>
    <type>bounding_box</type>
    <polygon>
      <pt>
        <x>582.58</x>
        <y>450.78</y>
      </pt>
      <pt>
        <x>629.79</x>
        <y>450.78</y>
      </pt>
      <pt>
        <x>629.79</x>
        <y>659.56</y>
      </pt>
      <pt>
        <x>582.58</x>
        <y>659.56</y>
      </pt>
      <username></username>
    </polygon>
    <attributes>rotation=0.0</attributes>
  </object>
  <object>
    <name>lane</name>
    <deleted>0</deleted>
    <verified>0</verified>
    <occluded>no</occluded>
    <date></date>
    <id>1</id>
    <parts>
      <hasparts></hasparts>
      <ispartof></ispartof>
    </parts>
    <type>bounding_box</type>
    <polygon>
      <pt>
        <x>619.95</x>
        <y>19.35</y>
      </pt>
      <pt>
        <x>629.07</x>
        <y>19.35</y>
      </pt>
      <pt>
        <x>629.07</x>
        <y>28.99</y>
      </pt>
      <pt>
        <x>619.95</x>
        <y>28.99</y>
      </pt>
      <username></username>
    </polygon>
    <attributes>rotation=0.0</attributes>
  </object>
  <object>
    <name>lane</name>
    <deleted>0</deleted>
    <verified>0</verified>
    <occluded>no</occluded>
    <date></date>
    <id>2</id>
    <parts>
      <hasparts></hasparts>
      <ispartof></ispartof>
    </parts>
    <type>bounding_box</type>
    <polygon>
      <pt>
        <x>619.95</x>
        <y>1.66</y>
      </pt>
      <pt>
        <x>627.73</x>
        <y>1.66</y>
      </pt>
      <pt>
        <x>627.73</x>
        <y>7.55</y>
      </pt>
      <pt>
        <x>619.95</x>
        <y>7.55</y>
      </pt>
      <username></username>
    </polygon>
    <attributes>rotation=0.0</attributes>
  </object>
  <object>
    <name>lane</name>
    <deleted>0</deleted>
    <verified>0</verified>
    <occluded>no</occluded>
    <date></date>
    <id>3</id>
    <parts>
      <hasparts></hasparts>
      <ispartof></ispartof>
    </parts>
    <type>bounding_box</type>
    <polygon>
      <pt>
        <x>595.29</x>
        <y>258.33</y>
      </pt>
      <pt>
        <x>637.05</x>
        <y>258.33</y>
      </pt>
      <pt>
        <x>637.05</x>
        <y>350.92</y>
      </pt>
      <pt>
        <x>595.29</x>
        <y>350.92</y>
      </pt>
      <username></username>
    </polygon>
    <attributes>rotation=0.0</attributes>
  </object>
  <object>
    <name>lane</name>
    <deleted>0</deleted>
    <verified>0</verified>
    <occluded>no</occluded>
    <date></date>
    <id>4</id>
    <parts>
      <hasparts></hasparts>
      <ispartof></ispartof>
    </parts>
    <type>bounding_box</type>
    <polygon>
      <pt>
        <x>618.90</x>
        <y>111.27</y>
      </pt>
      <pt>
        <x>627.97</x>
        <y>111.27</y>
      </pt>
      <pt>
        <x>627.97</x>
        <y>134.87</y>
      </pt>
      <pt>
        <x>618.90</x>
        <y>134.87</y>
      </pt>
      <username></username>
    </polygon>
    <attributes>rotation=0.0</attributes>
  </object>
  <object>
    <name>lane</name>
    <deleted>0</deleted>
    <verified>0</verified>
    <occluded>no</occluded>
    <date></date>
    <id>5</id>
    <parts>
      <hasparts></hasparts>
      <ispartof></ispartof>
    </parts>
    <type>bounding_box</type>
    <polygon>
      <pt>
        <x>618.90</x>
        <y>67.60</y>
      </pt>
      <pt>
        <x>630.90</x>
        <y>67.60</y>
      </pt>
      <pt>
        <x>630.90</x>
        <y>85.90</y>
      </pt>
      <pt>
        <x>618.90</x>
        <y>85.90</y>
      </pt>
      <username></username>
    </polygon>
    <attributes>rotation=0.0</attributes>
  </object>
  <object>
    <name>lane</name>
    <deleted>0</deleted>
    <verified>0</verified>
    <occluded>no</occluded>
    <date></date>
    <id>6</id>
    <parts>
      <hasparts></hasparts>
      <ispartof></ispartof>
    </parts>
    <type>bounding_box</type>
    <polygon>
      <pt>
        <x>608.00</x>
        <y>167.55</y>
      </pt>
      <pt>
        <x>633.42</x>
        <y>167.55</y>
      </pt>
      <pt>
        <x>633.42</x>
        <y>211.80</y>
      </pt>
      <pt>
        <x>608.00</x>
        <y>211.80</y>
      </pt>
      <username></username>
    </polygon>
    <attributes>rotation=0.0</attributes>
  </object>
  <object>
    <name>lane</name>
    <deleted>0</deleted>
    <verified>0</verified>
    <occluded>no</occluded>
    <date></date>
    <id>7</id>
    <parts>
      <hasparts></hasparts>
      <ispartof></ispartof>
    </parts>
    <type>bounding_box</type>
    <polygon>
      <pt>
        <x>619.42</x>
        <y>42.13</y>
      </pt>
      <pt>
        <x>631.21</x>
        <y>42.13</y>
      </pt>
      <pt>
        <x>631.21</x>
        <y>53.65</y>
      </pt>
      <pt>
        <x>619.42</x>
        <y>53.65</y>
      </pt>
      <username></username>
    </polygon>
    <attributes>rotation=0.0</attributes>
  </object>
  <object>
    <name>lane</name>
    <deleted>0</deleted>
    <verified>0</verified>
    <occluded>no</occluded>
    <date></date>
    <id>8</id>
    <parts>
      <hasparts></hasparts>
      <ispartof></ispartof>
    </parts>
    <polygon>
      <pt>
        <x>542.33</x>
        <y>1052.86</y>
      </pt>
      <pt>
        <x>611.50</x>
        <y>1052.86</y>
      </pt>
      <pt>
        <x>609.59</x>
        <y>1915.84</y>
      </pt>
      <pt>
        <x>478.17</x>
        <y>1919.96</y>
      </pt>
      <username></username>
    </polygon>
    <attributes></attributes>
  </object>
</annotation>
