<annotation>
  <filename>image_1020.jpg</filename>
  <folder></folder>
  <source>
    <sourceImage></sourceImage>
    <sourceAnnotation>Datumaro</sourceAnnotation>
  </source>
  <imagesize>
    <nrows>1920</nrows>
    <ncols>1080</ncols>
  </imagesize>
  <object>
    <name>lane</name>
    <deleted>0</deleted>
    <verified>0</verified>
    <occluded>no</occluded>
    <date></date>
    <id>0</id>
    <parts>
      <hasparts></hasparts>
      <ispartof></ispartof>
    </parts>
    <polygon>
      <pt>
        <x>29.21</x>
        <y>153.44</y>
      </pt>
      <pt>
        <x>34.35</x>
        <y>152.65</y>
      </pt>
      <pt>
        <x>67.94</x>
        <y>164.90</y>
      </pt>
      <pt>
        <x>56.08</x>
        <y>166.87</y>
      </pt>
      <username></username>
    </polygon>
    <attributes></attributes>
  </object>
  <object>
    <name>lane</name>
    <deleted>0</deleted>
    <verified>0</verified>
    <occluded>no</occluded>
    <date></date>
    <id>1</id>
    <parts>
      <hasparts></hasparts>
      <ispartof></ispartof>
    </parts>
    <polygon>
      <pt>
        <x>87.30</x>
        <y>179.52</y>
      </pt>
      <pt>
        <x>94.41</x>
        <y>176.75</y>
      </pt>
      <pt>
        <x>128.78</x>
        <y>194.14</y>
      </pt>
      <pt>
        <x>117.33</x>
        <y>194.93</y>
      </pt>
      <username></username>
    </polygon>
    <attributes></attributes>
  </object>
  <object>
    <name>lane</name>
    <deleted>0</deleted>
    <verified>0</verified>
    <occluded>no</occluded>
    <date></date>
    <id>2</id>
    <parts>
      <hasparts></hasparts>
      <ispartof></ispartof>
    </parts>
    <polygon>
      <pt>
        <x>149.73</x>
        <y>210.34</y>
      </pt>
      <pt>
        <x>160.39</x>
        <y>207.97</y>
      </pt>
      <pt>
        <x>199.51</x>
        <y>230.49</y>
      </pt>
      <pt>
        <x>184.50</x>
        <y>230.88</y>
      </pt>
      <username></username>
    </polygon>
    <attributes></attributes>
  </object>
  <object>
    <name>lane</name>
    <deleted>0</deleted>
    <verified>0</verified>
    <occluded>no</occluded>
    <date></date>
    <id>3</id>
    <parts>
      <hasparts></hasparts>
      <ispartof></ispartof>
    </parts>
    <polygon>
      <pt>
        <x>221.24</x>
        <y>251.03</y>
      </pt>
      <pt>
        <x>234.68</x>
        <y>250.24</y>
      </pt>
      <pt>
        <x>283.67</x>
        <y>285.80</y>
      </pt>
      <pt>
        <x>265.50</x>
        <y>285.80</y>
      </pt>
      <username></username>
    </polygon>
    <attributes></attributes>
  </object>
  <object>
    <name>lane</name>
    <deleted>0</deleted>
    <verified>0</verified>
    <occluded>no</occluded>
    <date></date>
    <id>4</id>
    <parts>
      <hasparts></hasparts>
      <ispartof></ispartof>
    </parts>
    <polygon>
      <pt>
        <x>656.92</x>
        <y>401.97</y>
      </pt>
      <pt>
        <x>774.03</x>
        <y>374.47</y>
      </pt>
      <pt>
        <x>853.21</x>
        <y>359.77</y>
      </pt>
      <pt>
        <x>864.59</x>
        <y>364.04</y>
      </pt>
      <pt>
        <x>751.75</x>
        <y>386.32</y>
      </pt>
      <pt>
        <x>685.37</x>
        <y>404.34</y>
      </pt>
      <username></username>
    </polygon>
    <attributes></attributes>
  </object>
  <object>
    <name>lane</name>
    <deleted>0</deleted>
    <verified>0</verified>
    <occluded>no</occluded>
    <date></date>
    <id>5</id>
    <parts>
      <hasparts></hasparts>
      <ispartof></ispartof>
    </parts>
    <polygon>
      <pt>
        <x>515.65</x>
        <y>1918.46</y>
      </pt>
      <pt>
        <x>623.07</x>
        <y>1916.95</y>
      </pt>
      <pt>
        <x>615.51</x>
        <y>1694.54</y>
      </pt>
      <pt>
        <x>609.45</x>
        <y>1523.58</y>
      </pt>
      <pt>
        <x>517.16</x>
        <y>1526.60</y>
      </pt>
      <pt>
        <x>518.68</x>
        <y>1711.18</y>
      </pt>
      <username></username>
    </polygon>
    <attributes></attributes>
  </object>
  <object>
    <name>lane</name>
    <deleted>0</deleted>
    <verified>0</verified>
    <occluded>no</occluded>
    <date></date>
    <id>6</id>
    <parts>
      <hasparts></hasparts>
      <ispartof></ispartof>
    </parts>
    <polygon>
      <pt>
        <x>462.47</x>
        <y>520.96</y>
      </pt>
      <pt>
        <x>495.30</x>
        <y>517.31</y>
      </pt>
      <pt>
        <x>463.07</x>
        <y>462.59</y>
      </pt>
      <pt>
        <x>440.58</x>
        <y>421.24</y>
      </pt>
      <pt>
        <x>413.22</x>
        <y>424.89</y>
      </pt>
      <pt>
        <x>438.75</x>
        <y>471.71</y>
      </pt>
      <username></username>
    </polygon>
    <attributes></attributes>
  </object>
  <object>
    <name>lane</name>
    <deleted>0</deleted>
    <verified>0</verified>
    <occluded>no</occluded>
    <date></date>
    <id>7</id>
    <parts>
      <hasparts></hasparts>
      <ispartof></ispartof>
    </parts>
    <polygon>
      <pt>
        <x>523.88</x>
        <y>524.00</y>
      </pt>
      <pt>
        <x>556.10</x>
        <y>527.04</y>
      </pt>
      <pt>
        <x>566.20</x>
        <y>490.10</y>
      </pt>
      <pt>
        <x>612.04</x>
        <y>441.31</y>
      </pt>
      <pt>
        <x>584.07</x>
        <y>438.87</y>
      </pt>
      <pt>
        <x>554.28</x>
        <y>466.24</y>
      </pt>
      <username></username>
    </polygon>
    <attributes></attributes>
  </object>
  <object>
    <name>lane</name>
    <deleted>0</deleted>
    <verified>0</verified>
    <occluded>no</occluded>
    <date></date>
    <id>8</id>
    <parts>
      <hasparts></hasparts>
      <ispartof></ispartof>
    </parts>
    <polygon>
      <pt>
        <x>510.70</x>
        <y>923.17</y>
      </pt>
      <pt>
        <x>565.86</x>
        <y>924.05</y>
      </pt>
      <pt>
        <x>554.48</x>
        <y>774.33</y>
      </pt>
      <pt>
        <x>539.59</x>
        <y>666.63</y>
      </pt>
      <pt>
        <x>502.82</x>
        <y>666.63</y>
      </pt>
      <pt>
        <x>508.07</x>
        <y>784.83</y>
      </pt>
      <username></username>
    </polygon>
    <attributes></attributes>
  </object>
  <object>
    <name>lane</name>
    <deleted>0</deleted>
    <verified>0</verified>
    <occluded>no</occluded>
    <date></date>
    <id>9</id>
    <parts>
      <hasparts></hasparts>
      <ispartof></ispartof>
    </parts>
    <polygon>
      <pt>
        <x>360.00</x>
        <y>368.74</y>
      </pt>
      <pt>
        <x>382.37</x>
        <y>365.78</y>
      </pt>
      <pt>
        <x>350.71</x>
        <y>335.38</y>
      </pt>
      <pt>
        <x>328.33</x>
        <y>314.27</y>
      </pt>
      <pt>
        <x>310.17</x>
        <y>317.64</y>
      </pt>
      <pt>
        <x>332.97</x>
        <y>339.18</y>
      </pt>
      <username></username>
    </polygon>
    <attributes></attributes>
  </object>
</annotation>
