<annotation>
  <filename>image_977.jpg</filename>
  <folder></folder>
  <source>
    <sourceImage></sourceImage>
    <sourceAnnotation>Datumaro</sourceAnnotation>
  </source>
  <imagesize>
    <nrows>1920</nrows>
    <ncols>1080</ncols>
  </imagesize>
  <object>
    <name>lane</name>
    <deleted>0</deleted>
    <verified>0</verified>
    <occluded>no</occluded>
    <date></date>
    <id>0</id>
    <parts>
      <hasparts></hasparts>
      <ispartof></ispartof>
    </parts>
    <polygon>
      <pt>
        <x>172.14</x>
        <y>334.93</y>
      </pt>
      <pt>
        <x>209.29</x>
        <y>474.76</y>
      </pt>
      <pt>
        <x>251.08</x>
        <y>474.76</y>
      </pt>
      <pt>
        <x>210.84</x>
        <y>342.15</y>
      </pt>
      <username></username>
    </polygon>
    <attributes></attributes>
  </object>
  <object>
    <name>lane</name>
    <deleted>0</deleted>
    <verified>0</verified>
    <occluded>no</occluded>
    <date></date>
    <id>1</id>
    <parts>
      <hasparts></hasparts>
      <ispartof></ispartof>
    </parts>
    <polygon>
      <pt>
        <x>100.93</x>
        <y>187.88</y>
      </pt>
      <pt>
        <x>122.09</x>
        <y>187.36</y>
      </pt>
      <pt>
        <x>168.01</x>
        <y>257.53</y>
      </pt>
      <pt>
        <x>136.02</x>
        <y>255.99</y>
      </pt>
      <username></username>
    </polygon>
    <attributes></attributes>
  </object>
  <object>
    <name>lane</name>
    <deleted>0</deleted>
    <verified>0</verified>
    <occluded>no</occluded>
    <date></date>
    <id>2</id>
    <parts>
      <hasparts></hasparts>
      <ispartof></ispartof>
    </parts>
    <polygon>
      <pt>
        <x>27.15</x>
        <y>103.26</y>
      </pt>
      <pt>
        <x>35.92</x>
        <y>101.71</y>
      </pt>
      <pt>
        <x>86.49</x>
        <y>147.63</y>
      </pt>
      <pt>
        <x>67.91</x>
        <y>149.18</y>
      </pt>
      <username></username>
    </polygon>
    <attributes></attributes>
  </object>
  <object>
    <name>lane</name>
    <deleted>0</deleted>
    <verified>0</verified>
    <occluded>no</occluded>
    <date></date>
    <id>3</id>
    <parts>
      <hasparts></hasparts>
      <ispartof></ispartof>
    </parts>
    <polygon>
      <pt>
        <x>237.61</x>
        <y>694.20</y>
      </pt>
      <pt>
        <x>250.45</x>
        <y>1174.69</y>
      </pt>
      <pt>
        <x>337.38</x>
        <y>1174.69</y>
      </pt>
      <pt>
        <x>287.45</x>
        <y>692.15</y>
      </pt>
      <username></username>
    </polygon>
    <attributes></attributes>
  </object>
</annotation>
