<annotation>
  <filename>image_2607.jpg</filename>
  <folder></folder>
  <source>
    <sourceImage></sourceImage>
    <sourceAnnotation>Datumaro</sourceAnnotation>
  </source>
  <imagesize>
    <nrows>1920</nrows>
    <ncols>1080</ncols>
  </imagesize>
  <object>
    <name>lane</name>
    <deleted>0</deleted>
    <verified>0</verified>
    <occluded>no</occluded>
    <date></date>
    <id>0</id>
    <parts>
      <hasparts></hasparts>
      <ispartof></ispartof>
    </parts>
    <polygon>
      <pt>
        <x>421.08</x>
        <y>384.04</y>
      </pt>
      <pt>
        <x>476.80</x>
        <y>438.13</y>
      </pt>
      <pt>
        <x>486.63</x>
        <y>436.49</y>
      </pt>
      <pt>
        <x>435.83</x>
        <y>382.41</y>
      </pt>
      <username></username>
    </polygon>
    <attributes></attributes>
  </object>
  <object>
    <name>lane</name>
    <deleted>0</deleted>
    <verified>0</verified>
    <occluded>no</occluded>
    <date></date>
    <id>1</id>
    <parts>
      <hasparts></hasparts>
      <ispartof></ispartof>
    </parts>
    <polygon>
      <pt>
        <x>514.49</x>
        <y>511.87</y>
      </pt>
      <pt>
        <x>542.35</x>
        <y>644.61</y>
      </pt>
      <pt>
        <x>560.38</x>
        <y>644.61</y>
      </pt>
      <pt>
        <x>534.16</x>
        <y>510.23</y>
      </pt>
      <username></username>
    </polygon>
    <attributes></attributes>
  </object>
  <object>
    <name>lane</name>
    <deleted>0</deleted>
    <verified>0</verified>
    <occluded>no</occluded>
    <date></date>
    <id>2</id>
    <parts>
      <hasparts></hasparts>
      <ispartof></ispartof>
    </parts>
    <polygon>
      <pt>
        <x>528.70</x>
        <y>889.20</y>
      </pt>
      <pt>
        <x>574.00</x>
        <y>889.20</y>
      </pt>
      <pt>
        <x>525.90</x>
        <y>1781.20</y>
      </pt>
      <pt>
        <x>426.80</x>
        <y>1784.10</y>
      </pt>
      <username></username>
    </polygon>
    <attributes></attributes>
  </object>
</annotation>
