<annotation>
  <filename>image_2256.jpg</filename>
  <folder></folder>
  <source>
    <sourceImage></sourceImage>
    <sourceAnnotation>Datumaro</sourceAnnotation>
  </source>
  <imagesize>
    <nrows>486</nrows>
    <ncols>1080</ncols>
  </imagesize>
  <object>
    <name>lane</name>
    <deleted>0</deleted>
    <verified>0</verified>
    <occluded>no</occluded>
    <date></date>
    <id>0</id>
    <parts>
      <hasparts></hasparts>
      <ispartof></ispartof>
    </parts>
    <polygon>
      <pt>
        <x>516.87</x>
        <y>236.70</y>
      </pt>
      <pt>
        <x>517.73</x>
        <y>227.24</y>
      </pt>
      <pt>
        <x>586.53</x>
        <y>365.69</y>
      </pt>
      <pt>
        <x>579.65</x>
        <y>383.32</y>
      </pt>
      <username></username>
    </polygon>
    <attributes></attributes>
  </object>
</annotation>
