<annotation>
  <filename>image_78.jpg</filename>
  <folder></folder>
  <source>
    <sourceImage></sourceImage>
    <sourceAnnotation>Datumaro</sourceAnnotation>
  </source>
  <imagesize>
    <nrows>1920</nrows>
    <ncols>1080</ncols>
  </imagesize>
  <object>
    <name>lane</name>
    <deleted>0</deleted>
    <verified>0</verified>
    <occluded>no</occluded>
    <date></date>
    <id>0</id>
    <parts>
      <hasparts></hasparts>
      <ispartof></ispartof>
    </parts>
    <polygon>
      <pt>
        <x>467.80</x>
        <y>644.10</y>
      </pt>
      <pt>
        <x>495.79</x>
        <y>643.54</y>
      </pt>
      <pt>
        <x>509.17</x>
        <y>737.17</y>
      </pt>
      <pt>
        <x>526.20</x>
        <y>900.80</y>
      </pt>
      <pt>
        <x>489.10</x>
        <y>904.40</y>
      </pt>
      <username></username>
    </polygon>
    <attributes></attributes>
  </object>
  <object>
    <name>lane</name>
    <deleted>0</deleted>
    <verified>0</verified>
    <occluded>no</occluded>
    <date></date>
    <id>1</id>
    <parts>
      <hasparts></hasparts>
      <ispartof></ispartof>
    </parts>
    <polygon>
      <pt>
        <x>335.37</x>
        <y>279.82</y>
      </pt>
      <pt>
        <x>337.75</x>
        <y>279.82</y>
      </pt>
      <pt>
        <x>352.57</x>
        <y>285.64</y>
      </pt>
      <pt>
        <x>350.19</x>
        <y>287.49</y>
      </pt>
      <username></username>
    </polygon>
    <attributes></attributes>
  </object>
  <object>
    <name>lane</name>
    <deleted>0</deleted>
    <verified>0</verified>
    <occluded>no</occluded>
    <date></date>
    <id>2</id>
    <parts>
      <hasparts></hasparts>
      <ispartof></ispartof>
    </parts>
    <polygon>
      <pt>
        <x>306.79</x>
        <y>271.08</y>
      </pt>
      <pt>
        <x>308.90</x>
        <y>270.02</y>
      </pt>
      <pt>
        <x>324.78</x>
        <y>275.85</y>
      </pt>
      <pt>
        <x>322.40</x>
        <y>276.64</y>
      </pt>
      <username></username>
    </polygon>
    <attributes></attributes>
  </object>
  <object>
    <name>lane</name>
    <deleted>0</deleted>
    <verified>0</verified>
    <occluded>no</occluded>
    <date></date>
    <id>3</id>
    <parts>
      <hasparts></hasparts>
      <ispartof></ispartof>
    </parts>
    <polygon>
      <pt>
        <x>266.82</x>
        <y>264.99</y>
      </pt>
      <pt>
        <x>269.73</x>
        <y>263.14</y>
      </pt>
      <pt>
        <x>292.76</x>
        <y>266.32</y>
      </pt>
      <pt>
        <x>291.43</x>
        <y>267.38</y>
      </pt>
      <username></username>
    </polygon>
    <attributes></attributes>
  </object>
  <object>
    <name>lane</name>
    <deleted>0</deleted>
    <verified>0</verified>
    <occluded>no</occluded>
    <date></date>
    <id>4</id>
    <parts>
      <hasparts></hasparts>
      <ispartof></ispartof>
    </parts>
    <polygon>
      <pt>
        <x>226.59</x>
        <y>260.49</y>
      </pt>
      <pt>
        <x>228.18</x>
        <y>259.70</y>
      </pt>
      <pt>
        <x>249.62</x>
        <y>261.02</y>
      </pt>
      <pt>
        <x>249.09</x>
        <y>262.61</y>
      </pt>
      <username></username>
    </polygon>
    <attributes></attributes>
  </object>
  <object>
    <name>lane</name>
    <deleted>0</deleted>
    <verified>0</verified>
    <occluded>no</occluded>
    <date></date>
    <id>5</id>
    <parts>
      <hasparts></hasparts>
      <ispartof></ispartof>
    </parts>
    <polygon>
      <pt>
        <x>360.73</x>
        <y>292.31</y>
      </pt>
      <pt>
        <x>366.10</x>
        <y>291.80</y>
      </pt>
      <pt>
        <x>381.50</x>
        <y>302.08</y>
      </pt>
      <pt>
        <x>375.14</x>
        <y>302.57</y>
      </pt>
      <username></username>
    </polygon>
    <attributes></attributes>
  </object>
  <object>
    <name>lane</name>
    <deleted>0</deleted>
    <verified>0</verified>
    <occluded>no</occluded>
    <date></date>
    <id>6</id>
    <parts>
      <hasparts></hasparts>
      <ispartof></ispartof>
    </parts>
    <polygon>
      <pt>
        <x>383.67</x>
        <y>309.54</y>
      </pt>
      <pt>
        <x>396.80</x>
        <y>323.70</y>
      </pt>
      <pt>
        <x>404.93</x>
        <y>323.49</y>
      </pt>
      <pt>
        <x>391.40</x>
        <y>310.30</y>
      </pt>
      <username></username>
    </polygon>
    <attributes></attributes>
  </object>
  <object>
    <name>lane</name>
    <deleted>0</deleted>
    <verified>0</verified>
    <occluded>no</occluded>
    <date></date>
    <id>7</id>
    <parts>
      <hasparts></hasparts>
      <ispartof></ispartof>
    </parts>
    <polygon>
      <pt>
        <x>405.40</x>
        <y>336.20</y>
      </pt>
      <pt>
        <x>414.19</x>
        <y>335.39</y>
      </pt>
      <pt>
        <x>426.41</x>
        <y>356.16</y>
      </pt>
      <pt>
        <x>417.37</x>
        <y>357.14</y>
      </pt>
      <username></username>
    </polygon>
    <attributes></attributes>
  </object>
  <object>
    <name>lane</name>
    <deleted>0</deleted>
    <verified>0</verified>
    <occluded>no</occluded>
    <date></date>
    <id>8</id>
    <parts>
      <hasparts></hasparts>
      <ispartof></ispartof>
    </parts>
    <polygon>
      <pt>
        <x>427.91</x>
        <y>376.86</y>
      </pt>
      <pt>
        <x>435.54</x>
        <y>376.86</y>
      </pt>
      <pt>
        <x>442.90</x>
        <y>391.50</y>
      </pt>
      <pt>
        <x>451.70</x>
        <y>409.40</y>
      </pt>
      <pt>
        <x>438.50</x>
        <y>410.60</y>
      </pt>
      <username></username>
    </polygon>
    <attributes></attributes>
  </object>
  <object>
    <name>lane</name>
    <deleted>0</deleted>
    <verified>0</verified>
    <occluded>no</occluded>
    <date></date>
    <id>9</id>
    <parts>
      <hasparts></hasparts>
      <ispartof></ispartof>
    </parts>
    <polygon>
      <pt>
        <x>448.00</x>
        <y>449.40</y>
      </pt>
      <pt>
        <x>460.90</x>
        <y>449.40</y>
      </pt>
      <pt>
        <x>468.50</x>
        <y>477.29</y>
      </pt>
      <pt>
        <x>479.30</x>
        <y>526.30</y>
      </pt>
      <pt>
        <x>459.70</x>
        <y>526.26</y>
      </pt>
      <username></username>
    </polygon>
    <attributes></attributes>
  </object>
  <object>
    <name>lane</name>
    <deleted>0</deleted>
    <verified>0</verified>
    <occluded>no</occluded>
    <date></date>
    <id>10</id>
    <parts>
      <hasparts></hasparts>
      <ispartof></ispartof>
    </parts>
    <polygon>
      <pt>
        <x>433.10</x>
        <y>1132.10</y>
      </pt>
      <pt>
        <x>493.08</x>
        <y>1130.33</y>
      </pt>
      <pt>
        <x>423.00</x>
        <y>1515.10</y>
      </pt>
      <pt>
        <x>332.91</x>
        <y>1920.00</y>
      </pt>
      <pt>
        <x>289.70</x>
        <y>1918.30</y>
      </pt>
      <username></username>
    </polygon>
    <attributes></attributes>
  </object>
</annotation>
