<annotation>
  <filename>image_1329.jpg</filename>
  <folder></folder>
  <source>
    <sourceImage></sourceImage>
    <sourceAnnotation>Datumaro</sourceAnnotation>
  </source>
  <imagesize>
    <nrows>1920</nrows>
    <ncols>1080</ncols>
  </imagesize>
  <object>
    <name>lane</name>
    <deleted>0</deleted>
    <verified>0</verified>
    <occluded>no</occluded>
    <date></date>
    <id>0</id>
    <parts>
      <hasparts></hasparts>
      <ispartof></ispartof>
    </parts>
    <type>bounding_box</type>
    <polygon>
      <pt>
        <x>619.98</x>
        <y>271.76</y>
      </pt>
      <pt>
        <x>633.49</x>
        <y>271.76</y>
      </pt>
      <pt>
        <x>633.49</x>
        <y>293.72</y>
      </pt>
      <pt>
        <x>619.98</x>
        <y>293.72</y>
      </pt>
      <username></username>
    </polygon>
    <attributes>rotation=0.0</attributes>
  </object>
  <object>
    <name>lane</name>
    <deleted>0</deleted>
    <verified>0</verified>
    <occluded>no</occluded>
    <date></date>
    <id>1</id>
    <parts>
      <hasparts></hasparts>
      <ispartof></ispartof>
    </parts>
    <type>bounding_box</type>
    <polygon>
      <pt>
        <x>620.92</x>
        <y>237.77</y>
      </pt>
      <pt>
        <x>634.29</x>
        <y>237.77</y>
      </pt>
      <pt>
        <x>634.29</x>
        <y>253.61</y>
      </pt>
      <pt>
        <x>620.92</x>
        <y>253.61</y>
      </pt>
      <username></username>
    </polygon>
    <attributes>rotation=0.0</attributes>
  </object>
  <object>
    <name>lane</name>
    <deleted>0</deleted>
    <verified>0</verified>
    <occluded>no</occluded>
    <date></date>
    <id>2</id>
    <parts>
      <hasparts></hasparts>
      <ispartof></ispartof>
    </parts>
    <type>bounding_box</type>
    <polygon>
      <pt>
        <x>631.45</x>
        <y>163.62</y>
      </pt>
      <pt>
        <x>636.94</x>
        <y>163.62</y>
      </pt>
      <pt>
        <x>636.94</x>
        <y>168.10</y>
      </pt>
      <pt>
        <x>631.45</x>
        <y>168.10</y>
      </pt>
      <username></username>
    </polygon>
    <attributes>rotation=0.0</attributes>
  </object>
  <object>
    <name>lane</name>
    <deleted>0</deleted>
    <verified>0</verified>
    <occluded>no</occluded>
    <date></date>
    <id>3</id>
    <parts>
      <hasparts></hasparts>
      <ispartof></ispartof>
    </parts>
    <type>bounding_box</type>
    <polygon>
      <pt>
        <x>630.63</x>
        <y>172.58</y>
      </pt>
      <pt>
        <x>636.74</x>
        <y>172.58</y>
      </pt>
      <pt>
        <x>636.74</x>
        <y>178.28</y>
      </pt>
      <pt>
        <x>630.63</x>
        <y>178.28</y>
      </pt>
      <username></username>
    </polygon>
    <attributes>rotation=0.0</attributes>
  </object>
  <object>
    <name>lane</name>
    <deleted>0</deleted>
    <verified>0</verified>
    <occluded>no</occluded>
    <date></date>
    <id>4</id>
    <parts>
      <hasparts></hasparts>
      <ispartof></ispartof>
    </parts>
    <type>bounding_box</type>
    <polygon>
      <pt>
        <x>628.19</x>
        <y>183.17</y>
      </pt>
      <pt>
        <x>636.33</x>
        <y>183.17</y>
      </pt>
      <pt>
        <x>636.33</x>
        <y>191.31</y>
      </pt>
      <pt>
        <x>628.19</x>
        <y>191.31</y>
      </pt>
      <username></username>
    </polygon>
    <attributes>rotation=0.0</attributes>
  </object>
  <object>
    <name>lane</name>
    <deleted>0</deleted>
    <verified>0</verified>
    <occluded>no</occluded>
    <date></date>
    <id>5</id>
    <parts>
      <hasparts></hasparts>
      <ispartof></ispartof>
    </parts>
    <type>bounding_box</type>
    <polygon>
      <pt>
        <x>625.95</x>
        <y>198.03</y>
      </pt>
      <pt>
        <x>634.09</x>
        <y>198.03</y>
      </pt>
      <pt>
        <x>634.09</x>
        <y>206.58</y>
      </pt>
      <pt>
        <x>625.95</x>
        <y>206.58</y>
      </pt>
      <username></username>
    </polygon>
    <attributes>rotation=0.0</attributes>
  </object>
  <object>
    <name>lane</name>
    <deleted>0</deleted>
    <verified>0</verified>
    <occluded>no</occluded>
    <date></date>
    <id>6</id>
    <parts>
      <hasparts></hasparts>
      <ispartof></ispartof>
    </parts>
    <type>bounding_box</type>
    <polygon>
      <pt>
        <x>624.52</x>
        <y>216.15</y>
      </pt>
      <pt>
        <x>635.32</x>
        <y>216.15</y>
      </pt>
      <pt>
        <x>635.32</x>
        <y>225.72</y>
      </pt>
      <pt>
        <x>624.52</x>
        <y>225.72</y>
      </pt>
      <username></username>
    </polygon>
    <attributes>rotation=0.0</attributes>
  </object>
  <object>
    <name>lane</name>
    <deleted>0</deleted>
    <verified>0</verified>
    <occluded>no</occluded>
    <date></date>
    <id>7</id>
    <parts>
      <hasparts></hasparts>
      <ispartof></ispartof>
    </parts>
    <type>bounding_box</type>
    <polygon>
      <pt>
        <x>569.64</x>
        <y>825.47</y>
      </pt>
      <pt>
        <x>622.17</x>
        <y>825.47</y>
      </pt>
      <pt>
        <x>622.17</x>
        <y>1207.91</y>
      </pt>
      <pt>
        <x>569.64</x>
        <y>1207.91</y>
      </pt>
      <username></username>
    </polygon>
    <attributes>rotation=0.0</attributes>
  </object>
  <object>
    <name>lane</name>
    <deleted>0</deleted>
    <verified>0</verified>
    <occluded>no</occluded>
    <date></date>
    <id>8</id>
    <parts>
      <hasparts></hasparts>
      <ispartof></ispartof>
    </parts>
    <type>bounding_box</type>
    <polygon>
      <pt>
        <x>600.56</x>
        <y>525.53</y>
      </pt>
      <pt>
        <x>629.27</x>
        <y>525.53</y>
      </pt>
      <pt>
        <x>629.27</x>
        <y>639.11</y>
      </pt>
      <pt>
        <x>600.56</x>
        <y>639.11</y>
      </pt>
      <username></username>
    </polygon>
    <attributes>rotation=0.0</attributes>
  </object>
  <object>
    <name>lane</name>
    <deleted>0</deleted>
    <verified>0</verified>
    <occluded>no</occluded>
    <date></date>
    <id>9</id>
    <parts>
      <hasparts></hasparts>
      <ispartof></ispartof>
    </parts>
    <type>bounding_box</type>
    <polygon>
      <pt>
        <x>609.00</x>
        <y>394.21</y>
      </pt>
      <pt>
        <x>631.80</x>
        <y>394.21</y>
      </pt>
      <pt>
        <x>631.80</x>
        <y>449.52</y>
      </pt>
      <pt>
        <x>609.00</x>
        <y>449.52</y>
      </pt>
      <username></username>
    </polygon>
    <attributes>rotation=0.0</attributes>
  </object>
  <object>
    <name>lane</name>
    <deleted>0</deleted>
    <verified>0</verified>
    <occluded>no</occluded>
    <date></date>
    <id>10</id>
    <parts>
      <hasparts></hasparts>
      <ispartof></ispartof>
    </parts>
    <type>bounding_box</type>
    <polygon>
      <pt>
        <x>616.60</x>
        <y>319.47</y>
      </pt>
      <pt>
        <x>632.65</x>
        <y>319.47</y>
      </pt>
      <pt>
        <x>632.65</x>
        <y>353.25</y>
      </pt>
      <pt>
        <x>616.60</x>
        <y>353.25</y>
      </pt>
      <username></username>
    </polygon>
    <attributes>rotation=0.0</attributes>
  </object>
</annotation>
