<annotation>
  <filename>image_1387.jpg</filename>
  <folder></folder>
  <source>
    <sourceImage></sourceImage>
    <sourceAnnotation>Datumaro</sourceAnnotation>
  </source>
  <imagesize>
    <nrows>1920</nrows>
    <ncols>1080</ncols>
  </imagesize>
  <object>
    <name>lane</name>
    <deleted>0</deleted>
    <verified>0</verified>
    <occluded>no</occluded>
    <date></date>
    <id>0</id>
    <parts>
      <hasparts></hasparts>
      <ispartof></ispartof>
    </parts>
    <polygon>
      <pt>
        <x>570.60</x>
        <y>570.08</y>
      </pt>
      <pt>
        <x>619.64</x>
        <y>567.93</y>
      </pt>
      <pt>
        <x>649.36</x>
        <y>905.25</y>
      </pt>
      <pt>
        <x>580.26</x>
        <y>915.58</y>
      </pt>
      <username></username>
    </polygon>
    <attributes></attributes>
  </object>
  <object>
    <name>lane</name>
    <deleted>0</deleted>
    <verified>0</verified>
    <occluded>no</occluded>
    <date></date>
    <id>1</id>
    <parts>
      <hasparts></hasparts>
      <ispartof></ispartof>
    </parts>
    <polygon>
      <pt>
        <x>562.43</x>
        <y>284.84</y>
      </pt>
      <pt>
        <x>592.15</x>
        <y>282.61</y>
      </pt>
      <pt>
        <x>605.52</x>
        <y>394.80</y>
      </pt>
      <pt>
        <x>566.14</x>
        <y>395.55</y>
      </pt>
      <username></username>
    </polygon>
    <attributes></attributes>
  </object>
  <object>
    <name>lane</name>
    <deleted>0</deleted>
    <verified>0</verified>
    <occluded>no</occluded>
    <date></date>
    <id>2</id>
    <parts>
      <hasparts></hasparts>
      <ispartof></ispartof>
    </parts>
    <type>bounding_box</type>
    <polygon>
      <pt>
        <x>557.77</x>
        <y>152.50</y>
      </pt>
      <pt>
        <x>578.60</x>
        <y>152.50</y>
      </pt>
      <pt>
        <x>578.60</x>
        <y>207.63</y>
      </pt>
      <pt>
        <x>557.77</x>
        <y>207.63</y>
      </pt>
      <username></username>
    </polygon>
    <attributes>rotation=0.0</attributes>
  </object>
  <object>
    <name>lane</name>
    <deleted>0</deleted>
    <verified>0</verified>
    <occluded>no</occluded>
    <date></date>
    <id>3</id>
    <parts>
      <hasparts></hasparts>
      <ispartof></ispartof>
    </parts>
    <type>bounding_box</type>
    <polygon>
      <pt>
        <x>554.27</x>
        <y>43.90</y>
      </pt>
      <pt>
        <x>568.35</x>
        <y>43.90</y>
      </pt>
      <pt>
        <x>568.35</x>
        <y>63.25</y>
      </pt>
      <pt>
        <x>554.27</x>
        <y>63.25</y>
      </pt>
      <username></username>
    </polygon>
    <attributes>rotation=0.0</attributes>
  </object>
  <object>
    <name>lane</name>
    <deleted>0</deleted>
    <verified>0</verified>
    <occluded>no</occluded>
    <date></date>
    <id>4</id>
    <parts>
      <hasparts></hasparts>
      <ispartof></ispartof>
    </parts>
    <type>bounding_box</type>
    <polygon>
      <pt>
        <x>554.27</x>
        <y>12.23</y>
      </pt>
      <pt>
        <x>566.59</x>
        <y>12.23</y>
      </pt>
      <pt>
        <x>566.59</x>
        <y>29.12</y>
      </pt>
      <pt>
        <x>554.27</x>
        <y>29.12</y>
      </pt>
      <username></username>
    </polygon>
    <attributes>rotation=0.0</attributes>
  </object>
  <object>
    <name>lane</name>
    <deleted>0</deleted>
    <verified>0</verified>
    <occluded>no</occluded>
    <date></date>
    <id>5</id>
    <parts>
      <hasparts></hasparts>
      <ispartof></ispartof>
    </parts>
    <type>bounding_box</type>
    <polygon>
      <pt>
        <x>557.77</x>
        <y>85.06</y>
      </pt>
      <pt>
        <x>577.03</x>
        <y>85.06</y>
      </pt>
      <pt>
        <x>577.03</x>
        <y>119.20</y>
      </pt>
      <pt>
        <x>557.77</x>
        <y>119.20</y>
      </pt>
      <username></username>
    </polygon>
    <attributes>rotation=0.0</attributes>
  </object>
</annotation>
