<annotation>
  <filename>image_1006.jpg</filename>
  <folder></folder>
  <source>
    <sourceImage></sourceImage>
    <sourceAnnotation>Datumaro</sourceAnnotation>
  </source>
  <imagesize>
    <nrows>1920</nrows>
    <ncols>1080</ncols>
  </imagesize>
  <object>
    <name>lane</name>
    <deleted>0</deleted>
    <verified>0</verified>
    <occluded>no</occluded>
    <date></date>
    <id>0</id>
    <parts>
      <hasparts></hasparts>
      <ispartof></ispartof>
    </parts>
    <polygon>
      <pt>
        <x>265.89</x>
        <y>146.66</y>
      </pt>
      <pt>
        <x>284.13</x>
        <y>146.66</y>
      </pt>
      <pt>
        <x>261.03</x>
        <y>122.34</y>
      </pt>
      <pt>
        <x>239.75</x>
        <y>104.10</y>
      </pt>
      <pt>
        <x>219.68</x>
        <y>106.53</y>
      </pt>
      <pt>
        <x>244.61</x>
        <y>123.55</y>
      </pt>
      <username></username>
    </polygon>
    <attributes></attributes>
  </object>
  <object>
    <name>lane</name>
    <deleted>0</deleted>
    <verified>0</verified>
    <occluded>no</occluded>
    <date></date>
    <id>1</id>
    <parts>
      <hasparts></hasparts>
      <ispartof></ispartof>
    </parts>
    <polygon>
      <pt>
        <x>304.20</x>
        <y>146.05</y>
      </pt>
      <pt>
        <x>324.87</x>
        <y>149.70</y>
      </pt>
      <pt>
        <x>336.42</x>
        <y>130.24</y>
      </pt>
      <pt>
        <x>357.70</x>
        <y>118.69</y>
      </pt>
      <pt>
        <x>338.86</x>
        <y>113.83</y>
      </pt>
      <pt>
        <x>320.01</x>
        <y>128.42</y>
      </pt>
      <username></username>
    </polygon>
    <attributes></attributes>
  </object>
  <object>
    <name>lane</name>
    <deleted>0</deleted>
    <verified>0</verified>
    <occluded>no</occluded>
    <date></date>
    <id>2</id>
    <parts>
      <hasparts></hasparts>
      <ispartof></ispartof>
    </parts>
    <polygon>
      <pt>
        <x>323.65</x>
        <y>264.62</y>
      </pt>
      <pt>
        <x>351.62</x>
        <y>265.83</y>
      </pt>
      <pt>
        <x>338.86</x>
        <y>223.27</y>
      </pt>
      <pt>
        <x>325.48</x>
        <y>194.09</y>
      </pt>
      <pt>
        <x>303.59</x>
        <y>195.91</y>
      </pt>
      <pt>
        <x>311.49</x>
        <y>221.45</y>
      </pt>
      <username></username>
    </polygon>
    <attributes></attributes>
  </object>
  <object>
    <name>lane</name>
    <deleted>0</deleted>
    <verified>0</verified>
    <occluded>no</occluded>
    <date></date>
    <id>3</id>
    <parts>
      <hasparts></hasparts>
      <ispartof></ispartof>
    </parts>
    <polygon>
      <pt>
        <x>374.20</x>
        <y>508.16</y>
      </pt>
      <pt>
        <x>417.10</x>
        <y>509.04</y>
      </pt>
      <pt>
        <x>396.97</x>
        <y>420.61</y>
      </pt>
      <pt>
        <x>379.45</x>
        <y>354.94</y>
      </pt>
      <pt>
        <x>344.43</x>
        <y>354.94</y>
      </pt>
      <pt>
        <x>359.32</x>
        <y>419.73</y>
      </pt>
      <username></username>
    </polygon>
    <attributes></attributes>
  </object>
  <object>
    <name>lane</name>
    <deleted>0</deleted>
    <verified>0</verified>
    <occluded>no</occluded>
    <date></date>
    <id>4</id>
    <parts>
      <hasparts></hasparts>
      <ispartof></ispartof>
    </parts>
    <polygon>
      <pt>
        <x>441.11</x>
        <y>1341.33</y>
      </pt>
      <pt>
        <x>539.15</x>
        <y>1339.15</y>
      </pt>
      <pt>
        <x>502.11</x>
        <y>1001.46</y>
      </pt>
      <pt>
        <x>469.43</x>
        <y>748.74</y>
      </pt>
      <pt>
        <x>404.07</x>
        <y>748.74</y>
      </pt>
      <pt>
        <x>425.86</x>
        <y>1003.64</y>
      </pt>
      <username></username>
    </polygon>
    <attributes></attributes>
  </object>
  <object>
    <name>lane</name>
    <deleted>0</deleted>
    <verified>0</verified>
    <occluded>no</occluded>
    <date></date>
    <id>5</id>
    <parts>
      <hasparts></hasparts>
      <ispartof></ispartof>
    </parts>
    <polygon>
      <pt>
        <x>40.80</x>
        <y>16.62</y>
      </pt>
      <pt>
        <x>47.63</x>
        <y>16.62</y>
      </pt>
      <pt>
        <x>94.86</x>
        <y>35.40</y>
      </pt>
      <pt>
        <x>83.48</x>
        <y>37.68</y>
      </pt>
      <pt>
        <x>83.48</x>
        <y>37.68</y>
      </pt>
      <username></username>
    </polygon>
    <attributes></attributes>
  </object>
  <object>
    <name>lane</name>
    <deleted>0</deleted>
    <verified>0</verified>
    <occluded>no</occluded>
    <date></date>
    <id>6</id>
    <parts>
      <hasparts></hasparts>
      <ispartof></ispartof>
    </parts>
    <polygon>
      <pt>
        <x>129.00</x>
        <y>55.88</y>
      </pt>
      <pt>
        <x>138.10</x>
        <y>54.18</y>
      </pt>
      <pt>
        <x>188.74</x>
        <y>79.78</y>
      </pt>
      <pt>
        <x>173.38</x>
        <y>79.21</y>
      </pt>
      <username></username>
    </polygon>
    <attributes></attributes>
  </object>
  <object>
    <name>lane</name>
    <deleted>0</deleted>
    <verified>0</verified>
    <occluded>no</occluded>
    <date></date>
    <id>7</id>
    <parts>
      <hasparts></hasparts>
      <ispartof></ispartof>
    </parts>
    <polygon>
      <pt>
        <x>387.93</x>
        <y>102.72</y>
      </pt>
      <pt>
        <x>404.72</x>
        <y>104.37</y>
      </pt>
      <pt>
        <x>508.44</x>
        <y>88.23</y>
      </pt>
      <pt>
        <x>533.80</x>
        <y>86.32</y>
      </pt>
      <pt>
        <x>526.39</x>
        <y>84.05</y>
      </pt>
      <pt>
        <x>446.74</x>
        <y>90.87</y>
      </pt>
      <username></username>
    </polygon>
    <attributes></attributes>
  </object>
</annotation>
