<annotation>
  <filename>image_982.jpg</filename>
  <folder></folder>
  <source>
    <sourceImage></sourceImage>
    <sourceAnnotation>Datumaro</sourceAnnotation>
  </source>
  <imagesize>
    <nrows>1920</nrows>
    <ncols>1080</ncols>
  </imagesize>
  <object>
    <name>lane</name>
    <deleted>0</deleted>
    <verified>0</verified>
    <occluded>no</occluded>
    <date></date>
    <id>0</id>
    <parts>
      <hasparts></hasparts>
      <ispartof></ispartof>
    </parts>
    <polygon>
      <pt>
        <x>527.67</x>
        <y>1183.06</y>
      </pt>
      <pt>
        <x>510.48</x>
        <y>1920.00</y>
      </pt>
      <pt>
        <x>640.96</x>
        <y>1920.00</y>
      </pt>
      <pt>
        <x>614.04</x>
        <y>1197.87</y>
      </pt>
      <username></username>
    </polygon>
    <attributes></attributes>
  </object>
  <object>
    <name>lane</name>
    <deleted>0</deleted>
    <verified>0</verified>
    <occluded>no</occluded>
    <date></date>
    <id>1</id>
    <parts>
      <hasparts></hasparts>
      <ispartof></ispartof>
    </parts>
    <polygon>
      <pt>
        <x>498.99</x>
        <y>577.08</y>
      </pt>
      <pt>
        <x>537.83</x>
        <y>576.26</y>
      </pt>
      <pt>
        <x>573.36</x>
        <y>780.38</y>
      </pt>
      <pt>
        <x>521.30</x>
        <y>784.51</y>
      </pt>
      <username></username>
    </polygon>
    <attributes></attributes>
  </object>
  <object>
    <name>lane</name>
    <deleted>0</deleted>
    <verified>0</verified>
    <occluded>no</occluded>
    <date></date>
    <id>2</id>
    <parts>
      <hasparts></hasparts>
      <ispartof></ispartof>
    </parts>
    <polygon>
      <pt>
        <x>435.99</x>
        <y>368.08</y>
      </pt>
      <pt>
        <x>467.56</x>
        <y>455.12</y>
      </pt>
      <pt>
        <x>499.12</x>
        <y>457.99</y>
      </pt>
      <pt>
        <x>458.47</x>
        <y>364.74</y>
      </pt>
      <username></username>
    </polygon>
    <attributes></attributes>
  </object>
  <object>
    <name>lane</name>
    <deleted>0</deleted>
    <verified>0</verified>
    <occluded>no</occluded>
    <date></date>
    <id>3</id>
    <parts>
      <hasparts></hasparts>
      <ispartof></ispartof>
    </parts>
    <polygon>
      <pt>
        <x>365.52</x>
        <y>257.58</y>
      </pt>
      <pt>
        <x>403.71</x>
        <y>311.72</y>
      </pt>
      <pt>
        <x>422.31</x>
        <y>313.01</y>
      </pt>
      <pt>
        <x>382.45</x>
        <y>258.55</y>
      </pt>
      <username></username>
    </polygon>
    <attributes></attributes>
  </object>
  <object>
    <name>lane</name>
    <deleted>0</deleted>
    <verified>0</verified>
    <occluded>no</occluded>
    <date></date>
    <id>4</id>
    <parts>
      <hasparts></hasparts>
      <ispartof></ispartof>
    </parts>
    <polygon>
      <pt>
        <x>297.10</x>
        <y>193.49</y>
      </pt>
      <pt>
        <x>333.97</x>
        <y>227.69</y>
      </pt>
      <pt>
        <x>349.58</x>
        <y>228.32</y>
      </pt>
      <pt>
        <x>311.05</x>
        <y>193.82</y>
      </pt>
      <username></username>
    </polygon>
    <attributes></attributes>
  </object>
  <object>
    <name>lane</name>
    <deleted>0</deleted>
    <verified>0</verified>
    <occluded>no</occluded>
    <date></date>
    <id>5</id>
    <parts>
      <hasparts></hasparts>
      <ispartof></ispartof>
    </parts>
    <polygon>
      <pt>
        <x>229.68</x>
        <y>152.27</y>
      </pt>
      <pt>
        <x>239.98</x>
        <y>150.64</y>
      </pt>
      <pt>
        <x>274.52</x>
        <y>172.56</y>
      </pt>
      <pt>
        <x>265.88</x>
        <y>175.19</y>
      </pt>
      <username></username>
    </polygon>
    <attributes></attributes>
  </object>
  <object>
    <name>lane</name>
    <deleted>0</deleted>
    <verified>0</verified>
    <occluded>no</occluded>
    <date></date>
    <id>6</id>
    <parts>
      <hasparts></hasparts>
      <ispartof></ispartof>
    </parts>
    <polygon>
      <pt>
        <x>174.89</x>
        <y>118.06</y>
      </pt>
      <pt>
        <x>183.85</x>
        <y>118.73</y>
      </pt>
      <pt>
        <x>215.07</x>
        <y>137.33</y>
      </pt>
      <pt>
        <x>197.80</x>
        <y>137.69</y>
      </pt>
      <username></username>
    </polygon>
    <attributes></attributes>
  </object>
</annotation>
