<annotation>
  <filename>image_2355.jpg</filename>
  <folder></folder>
  <source>
    <sourceImage></sourceImage>
    <sourceAnnotation>Datumaro</sourceAnnotation>
  </source>
  <imagesize>
    <nrows>1920</nrows>
    <ncols>1080</ncols>
  </imagesize>
  <object>
    <name>lane</name>
    <deleted>0</deleted>
    <verified>0</verified>
    <occluded>no</occluded>
    <date></date>
    <id>0</id>
    <parts>
      <hasparts></hasparts>
      <ispartof></ispartof>
    </parts>
    <type>bounding_box</type>
    <polygon>
      <pt>
        <x>571.98</x>
        <y>284.54</y>
      </pt>
      <pt>
        <x>576.39</x>
        <y>284.54</y>
      </pt>
      <pt>
        <x>576.39</x>
        <y>289.17</y>
      </pt>
      <pt>
        <x>571.98</x>
        <y>289.17</y>
      </pt>
      <username></username>
    </polygon>
    <attributes>rotation=0.0</attributes>
  </object>
  <object>
    <name>lane</name>
    <deleted>0</deleted>
    <verified>0</verified>
    <occluded>no</occluded>
    <date></date>
    <id>1</id>
    <parts>
      <hasparts></hasparts>
      <ispartof></ispartof>
    </parts>
    <polygon>
      <pt>
        <x>526.05</x>
        <y>731.05</y>
      </pt>
      <pt>
        <x>496.56</x>
        <y>1014.14</y>
      </pt>
      <pt>
        <x>483.59</x>
        <y>1146.24</y>
      </pt>
      <pt>
        <x>546.10</x>
        <y>1153.32</y>
      </pt>
      <pt>
        <x>549.64</x>
        <y>1014.14</y>
      </pt>
      <pt>
        <x>560.26</x>
        <y>740.49</y>
      </pt>
      <username></username>
    </polygon>
    <attributes></attributes>
  </object>
  <object>
    <name>lane</name>
    <deleted>0</deleted>
    <verified>0</verified>
    <occluded>no</occluded>
    <date></date>
    <id>2</id>
    <parts>
      <hasparts></hasparts>
      <ispartof></ispartof>
    </parts>
    <type>bounding_box</type>
    <polygon>
      <pt>
        <x>559.55</x>
        <y>411.42</y>
      </pt>
      <pt>
        <x>572.45</x>
        <y>411.42</y>
      </pt>
      <pt>
        <x>572.45</x>
        <y>448.45</y>
      </pt>
      <pt>
        <x>559.55</x>
        <y>448.45</y>
      </pt>
      <username></username>
    </polygon>
    <attributes>rotation=0.0</attributes>
  </object>
  <object>
    <name>lane</name>
    <deleted>0</deleted>
    <verified>0</verified>
    <occluded>no</occluded>
    <date></date>
    <id>3</id>
    <parts>
      <hasparts></hasparts>
      <ispartof></ispartof>
    </parts>
    <type>bounding_box</type>
    <polygon>
      <pt>
        <x>563.99</x>
        <y>368.63</y>
      </pt>
      <pt>
        <x>574.28</x>
        <y>368.63</y>
      </pt>
      <pt>
        <x>574.28</x>
        <y>390.35</y>
      </pt>
      <pt>
        <x>563.99</x>
        <y>390.35</y>
      </pt>
      <username></username>
    </polygon>
    <attributes>rotation=0.0</attributes>
  </object>
  <object>
    <name>lane</name>
    <deleted>0</deleted>
    <verified>0</verified>
    <occluded>no</occluded>
    <date></date>
    <id>4</id>
    <parts>
      <hasparts></hasparts>
      <ispartof></ispartof>
    </parts>
    <polygon>
      <pt>
        <x>551.57</x>
        <y>498.05</y>
      </pt>
      <pt>
        <x>565.79</x>
        <y>500.43</y>
      </pt>
      <pt>
        <x>567.22</x>
        <y>551.15</y>
      </pt>
      <pt>
        <x>567.22</x>
        <y>590.02</y>
      </pt>
      <pt>
        <x>542.09</x>
        <y>584.33</y>
      </pt>
      <pt>
        <x>548.25</x>
        <y>538.35</y>
      </pt>
      <username></username>
    </polygon>
    <attributes></attributes>
  </object>
  <object>
    <name>lane</name>
    <deleted>0</deleted>
    <verified>0</verified>
    <occluded>no</occluded>
    <date></date>
    <id>5</id>
    <parts>
      <hasparts></hasparts>
      <ispartof></ispartof>
    </parts>
    <type>bounding_box</type>
    <polygon>
      <pt>
        <x>565.13</x>
        <y>340.51</y>
      </pt>
      <pt>
        <x>574.28</x>
        <y>340.51</y>
      </pt>
      <pt>
        <x>574.28</x>
        <y>355.60</y>
      </pt>
      <pt>
        <x>565.13</x>
        <y>355.60</y>
      </pt>
      <username></username>
    </polygon>
    <attributes>rotation=0.0</attributes>
  </object>
  <object>
    <name>lane</name>
    <deleted>0</deleted>
    <verified>0</verified>
    <occluded>no</occluded>
    <date></date>
    <id>6</id>
    <parts>
      <hasparts></hasparts>
      <ispartof></ispartof>
    </parts>
    <type>bounding_box</type>
    <polygon>
      <pt>
        <x>568.10</x>
        <y>323.59</y>
      </pt>
      <pt>
        <x>574.51</x>
        <y>323.59</y>
      </pt>
      <pt>
        <x>574.51</x>
        <y>331.37</y>
      </pt>
      <pt>
        <x>568.10</x>
        <y>331.37</y>
      </pt>
      <username></username>
    </polygon>
    <attributes>rotation=0.0</attributes>
  </object>
  <object>
    <name>lane</name>
    <deleted>0</deleted>
    <verified>0</verified>
    <occluded>no</occluded>
    <date></date>
    <id>7</id>
    <parts>
      <hasparts></hasparts>
      <ispartof></ispartof>
    </parts>
    <type>bounding_box</type>
    <polygon>
      <pt>
        <x>569.70</x>
        <y>309.19</y>
      </pt>
      <pt>
        <x>575.65</x>
        <y>309.19</y>
      </pt>
      <pt>
        <x>575.65</x>
        <y>317.88</y>
      </pt>
      <pt>
        <x>569.70</x>
        <y>317.88</y>
      </pt>
      <username></username>
    </polygon>
    <attributes>rotation=0.0</attributes>
  </object>
  <object>
    <name>lane</name>
    <deleted>0</deleted>
    <verified>0</verified>
    <occluded>no</occluded>
    <date></date>
    <id>8</id>
    <parts>
      <hasparts></hasparts>
      <ispartof></ispartof>
    </parts>
    <type>bounding_box</type>
    <polygon>
      <pt>
        <x>571.08</x>
        <y>300.05</y>
      </pt>
      <pt>
        <x>576.56</x>
        <y>300.05</y>
      </pt>
      <pt>
        <x>576.56</x>
        <y>307.36</y>
      </pt>
      <pt>
        <x>571.08</x>
        <y>307.36</y>
      </pt>
      <username></username>
    </polygon>
    <attributes>rotation=0.0</attributes>
  </object>
  <object>
    <name>lane</name>
    <deleted>0</deleted>
    <verified>0</verified>
    <occluded>no</occluded>
    <date></date>
    <id>9</id>
    <parts>
      <hasparts></hasparts>
      <ispartof></ispartof>
    </parts>
    <type>bounding_box</type>
    <polygon>
      <pt>
        <x>571.94</x>
        <y>291.70</y>
      </pt>
      <pt>
        <x>576.35</x>
        <y>291.70</y>
      </pt>
      <pt>
        <x>576.35</x>
        <y>297.99</y>
      </pt>
      <pt>
        <x>571.94</x>
        <y>297.99</y>
      </pt>
      <username></username>
    </polygon>
    <attributes>rotation=0.0</attributes>
  </object>
</annotation>
