<annotation>
  <filename>image_942.jpg</filename>
  <folder></folder>
  <source>
    <sourceImage></sourceImage>
    <sourceAnnotation>Datumaro</sourceAnnotation>
  </source>
  <imagesize>
    <nrows>1920</nrows>
    <ncols>1080</ncols>
  </imagesize>
  <object>
    <name>lane</name>
    <deleted>0</deleted>
    <verified>0</verified>
    <occluded>no</occluded>
    <date></date>
    <id>0</id>
    <parts>
      <hasparts></hasparts>
      <ispartof></ispartof>
    </parts>
    <polygon>
      <pt>
        <x>236.54</x>
        <y>716.93</y>
      </pt>
      <pt>
        <x>196.60</x>
        <y>1352.37</y>
      </pt>
      <pt>
        <x>309.16</x>
        <y>1346.93</y>
      </pt>
      <pt>
        <x>300.09</x>
        <y>716.93</y>
      </pt>
      <username></username>
    </polygon>
    <attributes></attributes>
  </object>
  <object>
    <name>lane</name>
    <deleted>0</deleted>
    <verified>0</verified>
    <occluded>no</occluded>
    <date></date>
    <id>1</id>
    <parts>
      <hasparts></hasparts>
      <ispartof></ispartof>
    </parts>
    <polygon>
      <pt>
        <x>732.99</x>
        <y>164.24</y>
      </pt>
      <pt>
        <x>841.93</x>
        <y>96.85</y>
      </pt>
      <pt>
        <x>864.73</x>
        <y>98.87</y>
      </pt>
      <pt>
        <x>753.26</x>
        <y>166.26</y>
      </pt>
      <username></username>
    </polygon>
    <attributes></attributes>
  </object>
  <object>
    <name>lane</name>
    <deleted>0</deleted>
    <verified>0</verified>
    <occluded>no</occluded>
    <date></date>
    <id>2</id>
    <parts>
      <hasparts></hasparts>
      <ispartof></ispartof>
    </parts>
    <polygon>
      <pt>
        <x>910.83</x>
        <y>56.31</y>
      </pt>
      <pt>
        <x>961.00</x>
        <y>14.30</y>
      </pt>
      <pt>
        <x>976.20</x>
        <y>18.30</y>
      </pt>
      <pt>
        <x>930.09</x>
        <y>57.33</y>
      </pt>
      <username></username>
    </polygon>
    <attributes></attributes>
  </object>
  <object>
    <name>lane</name>
    <deleted>0</deleted>
    <verified>0</verified>
    <occluded>no</occluded>
    <date></date>
    <id>3</id>
    <parts>
      <hasparts></hasparts>
      <ispartof></ispartof>
    </parts>
    <polygon>
      <pt>
        <x>371.80</x>
        <y>443.14</y>
      </pt>
      <pt>
        <x>524.15</x>
        <y>289.74</y>
      </pt>
      <pt>
        <x>563.02</x>
        <y>290.79</y>
      </pt>
      <pt>
        <x>411.72</x>
        <y>445.24</y>
      </pt>
      <username></username>
    </polygon>
    <attributes></attributes>
  </object>
  <object>
    <name>lane</name>
    <deleted>0</deleted>
    <verified>0</verified>
    <occluded>no</occluded>
    <date></date>
    <id>4</id>
    <parts>
      <hasparts></hasparts>
      <ispartof></ispartof>
    </parts>
    <polygon>
      <pt>
        <x>308.76</x>
        <y>355.93</y>
      </pt>
      <pt>
        <x>573.53</x>
        <y>235.11</y>
      </pt>
      <pt>
        <x>610.30</x>
        <y>238.26</y>
      </pt>
      <pt>
        <x>341.30</x>
        <y>360.10</y>
      </pt>
      <username></username>
    </polygon>
    <attributes></attributes>
  </object>
</annotation>
