<annotation>
  <filename>image_573.jpg</filename>
  <folder></folder>
  <source>
    <sourceImage></sourceImage>
    <sourceAnnotation>Datumaro</sourceAnnotation>
  </source>
  <imagesize>
    <nrows>1920</nrows>
    <ncols>1080</ncols>
  </imagesize>
  <object>
    <name>lane</name>
    <deleted>0</deleted>
    <verified>0</verified>
    <occluded>no</occluded>
    <date></date>
    <id>0</id>
    <parts>
      <hasparts></hasparts>
      <ispartof></ispartof>
    </parts>
    <polygon>
      <pt>
        <x>481.44</x>
        <y>359.68</y>
      </pt>
      <pt>
        <x>514.47</x>
        <y>362.04</y>
      </pt>
      <pt>
        <x>515.65</x>
        <y>488.28</y>
      </pt>
      <pt>
        <x>474.36</x>
        <y>491.82</y>
      </pt>
      <username></username>
    </polygon>
    <attributes></attributes>
  </object>
  <object>
    <name>lane</name>
    <deleted>0</deleted>
    <verified>0</verified>
    <occluded>no</occluded>
    <date></date>
    <id>1</id>
    <parts>
      <hasparts></hasparts>
      <ispartof></ispartof>
    </parts>
    <polygon>
      <pt>
        <x>186.69</x>
        <y>12.70</y>
      </pt>
      <pt>
        <x>196.36</x>
        <y>11.56</y>
      </pt>
      <pt>
        <x>279.43</x>
        <y>22.94</y>
      </pt>
      <pt>
        <x>268.62</x>
        <y>25.78</y>
      </pt>
      <username></username>
    </polygon>
    <attributes></attributes>
  </object>
  <object>
    <name>lane</name>
    <deleted>0</deleted>
    <verified>0</verified>
    <occluded>no</occluded>
    <date></date>
    <id>2</id>
    <parts>
      <hasparts></hasparts>
      <ispartof></ispartof>
    </parts>
    <polygon>
      <pt>
        <x>336.90</x>
        <y>40.01</y>
      </pt>
      <pt>
        <x>348.85</x>
        <y>38.87</y>
      </pt>
      <pt>
        <x>421.11</x>
        <y>57.65</y>
      </pt>
      <pt>
        <x>406.31</x>
        <y>59.92</y>
      </pt>
      <username></username>
    </polygon>
    <attributes></attributes>
  </object>
  <object>
    <name>lane</name>
    <deleted>0</deleted>
    <verified>0</verified>
    <occluded>no</occluded>
    <date></date>
    <id>3</id>
    <parts>
      <hasparts></hasparts>
      <ispartof></ispartof>
    </parts>
    <polygon>
      <pt>
        <x>493.37</x>
        <y>187.37</y>
      </pt>
      <pt>
        <x>517.83</x>
        <y>188.51</y>
      </pt>
      <pt>
        <x>519.54</x>
        <y>255.08</y>
      </pt>
      <pt>
        <x>490.52</x>
        <y>251.67</y>
      </pt>
      <username></username>
    </polygon>
    <attributes></attributes>
  </object>
  <object>
    <name>lane</name>
    <deleted>0</deleted>
    <verified>0</verified>
    <occluded>no</occluded>
    <date></date>
    <id>4</id>
    <parts>
      <hasparts></hasparts>
      <ispartof></ispartof>
    </parts>
    <polygon>
      <pt>
        <x>499.62</x>
        <y>84.96</y>
      </pt>
      <pt>
        <x>517.26</x>
        <y>84.39</y>
      </pt>
      <pt>
        <x>515.56</x>
        <y>112.27</y>
      </pt>
      <pt>
        <x>495.64</x>
        <y>114.54</y>
      </pt>
      <username></username>
    </polygon>
    <attributes></attributes>
  </object>
  <object>
    <name>lane</name>
    <deleted>0</deleted>
    <verified>0</verified>
    <occluded>no</occluded>
    <date></date>
    <id>5</id>
    <parts>
      <hasparts></hasparts>
      <ispartof></ispartof>
    </parts>
    <polygon>
      <pt>
        <x>660.08</x>
        <y>17.82</y>
      </pt>
      <pt>
        <x>756.80</x>
        <y>2.46</y>
      </pt>
      <pt>
        <x>763.06</x>
        <y>6.44</y>
      </pt>
      <pt>
        <x>669.75</x>
        <y>19.53</y>
      </pt>
      <username></username>
    </polygon>
    <attributes></attributes>
  </object>
  <object>
    <name>lane</name>
    <deleted>0</deleted>
    <verified>0</verified>
    <occluded>no</occluded>
    <date></date>
    <id>6</id>
    <parts>
      <hasparts></hasparts>
      <ispartof></ispartof>
    </parts>
    <polygon>
      <pt>
        <x>530.92</x>
        <y>44.56</y>
      </pt>
      <pt>
        <x>589.52</x>
        <y>26.35</y>
      </pt>
      <pt>
        <x>596.92</x>
        <y>29.77</y>
      </pt>
      <pt>
        <x>538.88</x>
        <y>45.70</y>
      </pt>
      <username></username>
    </polygon>
    <attributes></attributes>
  </object>
  <object>
    <name>lane</name>
    <deleted>0</deleted>
    <verified>0</verified>
    <occluded>no</occluded>
    <date></date>
    <id>7</id>
    <parts>
      <hasparts></hasparts>
      <ispartof></ispartof>
    </parts>
    <polygon>
      <pt>
        <x>459.02</x>
        <y>739.58</y>
      </pt>
      <pt>
        <x>411.83</x>
        <y>1322.42</y>
      </pt>
      <pt>
        <x>506.21</x>
        <y>1322.42</y>
      </pt>
      <pt>
        <x>516.83</x>
        <y>740.76</y>
      </pt>
      <username></username>
    </polygon>
    <attributes></attributes>
  </object>
</annotation>
