<annotation>
  <filename>image_1567.jpg</filename>
  <folder></folder>
  <source>
    <sourceImage></sourceImage>
    <sourceAnnotation>Datumaro</sourceAnnotation>
  </source>
  <imagesize>
    <nrows>1920</nrows>
    <ncols>1080</ncols>
  </imagesize>
  <object>
    <name>lane</name>
    <deleted>0</deleted>
    <verified>0</verified>
    <occluded>no</occluded>
    <date></date>
    <id>0</id>
    <parts>
      <hasparts></hasparts>
      <ispartof></ispartof>
    </parts>
    <polygon>
      <pt>
        <x>324.52</x>
        <y>437.90</y>
      </pt>
      <pt>
        <x>339.40</x>
        <y>437.03</y>
      </pt>
      <pt>
        <x>342.91</x>
        <y>465.92</y>
      </pt>
      <pt>
        <x>324.52</x>
        <y>466.80</y>
      </pt>
      <username></username>
    </polygon>
    <attributes></attributes>
  </object>
  <object>
    <name>lane</name>
    <deleted>0</deleted>
    <verified>0</verified>
    <occluded>no</occluded>
    <date></date>
    <id>1</id>
    <parts>
      <hasparts></hasparts>
      <ispartof></ispartof>
    </parts>
    <polygon>
      <pt>
        <x>301.69</x>
        <y>916.55</y>
      </pt>
      <pt>
        <x>347.08</x>
        <y>916.55</y>
      </pt>
      <pt>
        <x>350.11</x>
        <y>1256.97</y>
      </pt>
      <pt>
        <x>280.51</x>
        <y>1258.48</y>
      </pt>
      <username></username>
    </polygon>
    <attributes></attributes>
  </object>
  <object>
    <name>lane</name>
    <deleted>0</deleted>
    <verified>0</verified>
    <occluded>no</occluded>
    <date></date>
    <id>2</id>
    <parts>
      <hasparts></hasparts>
      <ispartof></ispartof>
    </parts>
    <type>bounding_box</type>
    <polygon>
      <pt>
        <x>328.46</x>
        <y>393.39</y>
      </pt>
      <pt>
        <x>340.68</x>
        <y>393.39</y>
      </pt>
      <pt>
        <x>340.68</x>
        <y>414.94</y>
      </pt>
      <pt>
        <x>328.46</x>
        <y>414.94</y>
      </pt>
      <username></username>
    </polygon>
    <attributes>rotation=0.0</attributes>
  </object>
  <object>
    <name>lane</name>
    <deleted>0</deleted>
    <verified>0</verified>
    <occluded>no</occluded>
    <date></date>
    <id>3</id>
    <parts>
      <hasparts></hasparts>
      <ispartof></ispartof>
    </parts>
    <type>bounding_box</type>
    <polygon>
      <pt>
        <x>332.00</x>
        <y>321.35</y>
      </pt>
      <pt>
        <x>339.07</x>
        <y>321.35</y>
      </pt>
      <pt>
        <x>339.07</x>
        <y>328.75</y>
      </pt>
      <pt>
        <x>332.00</x>
        <y>328.75</y>
      </pt>
      <username></username>
    </polygon>
    <attributes>rotation=0.0</attributes>
  </object>
  <object>
    <name>lane</name>
    <deleted>0</deleted>
    <verified>0</verified>
    <occluded>no</occluded>
    <date></date>
    <id>4</id>
    <parts>
      <hasparts></hasparts>
      <ispartof></ispartof>
    </parts>
    <type>bounding_box</type>
    <polygon>
      <pt>
        <x>330.71</x>
        <y>338.40</y>
      </pt>
      <pt>
        <x>341.32</x>
        <y>338.40</y>
      </pt>
      <pt>
        <x>341.32</x>
        <y>349.01</y>
      </pt>
      <pt>
        <x>330.71</x>
        <y>349.01</y>
      </pt>
      <username></username>
    </polygon>
    <attributes>rotation=0.0</attributes>
  </object>
  <object>
    <name>lane</name>
    <deleted>0</deleted>
    <verified>0</verified>
    <occluded>no</occluded>
    <date></date>
    <id>5</id>
    <parts>
      <hasparts></hasparts>
      <ispartof></ispartof>
    </parts>
    <polygon>
      <pt>
        <x>322.77</x>
        <y>507.95</y>
      </pt>
      <pt>
        <x>341.16</x>
        <y>508.82</y>
      </pt>
      <pt>
        <x>346.41</x>
        <y>563.11</y>
      </pt>
      <pt>
        <x>321.89</x>
        <y>561.36</y>
      </pt>
      <username></username>
    </polygon>
    <attributes></attributes>
  </object>
  <object>
    <name>lane</name>
    <deleted>0</deleted>
    <verified>0</verified>
    <occluded>no</occluded>
    <date></date>
    <id>6</id>
    <parts>
      <hasparts></hasparts>
      <ispartof></ispartof>
    </parts>
    <polygon>
      <pt>
        <x>314.89</x>
        <y>634.03</y>
      </pt>
      <pt>
        <x>342.03</x>
        <y>634.03</y>
      </pt>
      <pt>
        <x>347.28</x>
        <y>743.47</y>
      </pt>
      <pt>
        <x>315.76</x>
        <y>741.72</y>
      </pt>
      <username></username>
    </polygon>
    <attributes></attributes>
  </object>
  <object>
    <name>lane</name>
    <deleted>0</deleted>
    <verified>0</verified>
    <occluded>no</occluded>
    <date></date>
    <id>7</id>
    <parts>
      <hasparts></hasparts>
      <ispartof></ispartof>
    </parts>
    <type>bounding_box</type>
    <polygon>
      <pt>
        <x>333.28</x>
        <y>296.27</y>
      </pt>
      <pt>
        <x>339.39</x>
        <y>296.27</y>
      </pt>
      <pt>
        <x>339.39</x>
        <y>301.09</y>
      </pt>
      <pt>
        <x>333.28</x>
        <y>301.09</y>
      </pt>
      <username></username>
    </polygon>
    <attributes>rotation=0.0</attributes>
  </object>
  <object>
    <name>lane</name>
    <deleted>0</deleted>
    <verified>0</verified>
    <occluded>no</occluded>
    <date></date>
    <id>8</id>
    <parts>
      <hasparts></hasparts>
      <ispartof></ispartof>
    </parts>
    <type>bounding_box</type>
    <polygon>
      <pt>
        <x>332.96</x>
        <y>307.20</y>
      </pt>
      <pt>
        <x>339.07</x>
        <y>307.20</y>
      </pt>
      <pt>
        <x>339.07</x>
        <y>313.31</y>
      </pt>
      <pt>
        <x>332.96</x>
        <y>313.31</y>
      </pt>
      <username></username>
    </polygon>
    <attributes>rotation=0.0</attributes>
  </object>
  <object>
    <name>lane</name>
    <deleted>0</deleted>
    <verified>0</verified>
    <occluded>no</occluded>
    <date></date>
    <id>9</id>
    <parts>
      <hasparts></hasparts>
      <ispartof></ispartof>
    </parts>
    <type>bounding_box</type>
    <polygon>
      <pt>
        <x>330.07</x>
        <y>361.23</y>
      </pt>
      <pt>
        <x>340.68</x>
        <y>361.23</y>
      </pt>
      <pt>
        <x>340.68</x>
        <y>374.74</y>
      </pt>
      <pt>
        <x>330.07</x>
        <y>374.74</y>
      </pt>
      <username></username>
    </polygon>
    <attributes>rotation=0.0</attributes>
  </object>
</annotation>
