<annotation>
  <filename>image_1914.jpg</filename>
  <folder></folder>
  <source>
    <sourceImage></sourceImage>
    <sourceAnnotation>Datumaro</sourceAnnotation>
  </source>
  <imagesize>
    <nrows>1920</nrows>
    <ncols>1080</ncols>
  </imagesize>
  <object>
    <name>lane</name>
    <deleted>0</deleted>
    <verified>0</verified>
    <occluded>no</occluded>
    <date></date>
    <id>0</id>
    <parts>
      <hasparts></hasparts>
      <ispartof></ispartof>
    </parts>
    <polygon>
      <pt>
        <x>590.47</x>
        <y>301.83</y>
      </pt>
      <pt>
        <x>606.51</x>
        <y>304.80</y>
      </pt>
      <pt>
        <x>607.11</x>
        <y>275.69</y>
      </pt>
      <pt>
        <x>606.51</x>
        <y>250.14</y>
      </pt>
      <pt>
        <x>591.66</x>
        <y>250.74</y>
      </pt>
      <pt>
        <x>592.25</x>
        <y>273.91</y>
      </pt>
      <username></username>
    </polygon>
    <attributes></attributes>
  </object>
  <object>
    <name>lane</name>
    <deleted>0</deleted>
    <verified>0</verified>
    <occluded>no</occluded>
    <date></date>
    <id>1</id>
    <parts>
      <hasparts></hasparts>
      <ispartof></ispartof>
    </parts>
    <polygon>
      <pt>
        <x>589.00</x>
        <y>522.85</y>
      </pt>
      <pt>
        <x>591.14</x>
        <y>450.85</y>
      </pt>
      <pt>
        <x>589.71</x>
        <y>388.12</y>
      </pt>
      <pt>
        <x>610.38</x>
        <y>386.69</y>
      </pt>
      <pt>
        <x>614.66</x>
        <y>449.42</y>
      </pt>
      <pt>
        <x>615.37</x>
        <y>518.57</y>
      </pt>
      <username></username>
    </polygon>
    <attributes></attributes>
  </object>
  <object>
    <name>lane</name>
    <deleted>0</deleted>
    <verified>0</verified>
    <occluded>no</occluded>
    <date></date>
    <id>2</id>
    <parts>
      <hasparts></hasparts>
      <ispartof></ispartof>
    </parts>
    <type>bounding_box</type>
    <polygon>
      <pt>
        <x>590.93</x>
        <y>109.64</y>
      </pt>
      <pt>
        <x>595.48</x>
        <y>109.64</y>
      </pt>
      <pt>
        <x>595.48</x>
        <y>118.23</y>
      </pt>
      <pt>
        <x>590.93</x>
        <y>118.23</y>
      </pt>
      <username></username>
    </polygon>
    <attributes>rotation=0.0</attributes>
  </object>
  <object>
    <name>lane</name>
    <deleted>0</deleted>
    <verified>0</verified>
    <occluded>no</occluded>
    <date></date>
    <id>3</id>
    <parts>
      <hasparts></hasparts>
      <ispartof></ispartof>
    </parts>
    <type>bounding_box</type>
    <polygon>
      <pt>
        <x>590.43</x>
        <y>87.42</y>
      </pt>
      <pt>
        <x>595.48</x>
        <y>87.42</y>
      </pt>
      <pt>
        <x>595.48</x>
        <y>89.44</y>
      </pt>
      <pt>
        <x>590.43</x>
        <y>89.44</y>
      </pt>
      <username></username>
    </polygon>
    <attributes>rotation=0.0</attributes>
  </object>
  <object>
    <name>lane</name>
    <deleted>0</deleted>
    <verified>0</verified>
    <occluded>no</occluded>
    <date></date>
    <id>4</id>
    <parts>
      <hasparts></hasparts>
      <ispartof></ispartof>
    </parts>
    <type>bounding_box</type>
    <polygon>
      <pt>
        <x>590.43</x>
        <y>95.50</y>
      </pt>
      <pt>
        <x>595.98</x>
        <y>95.50</y>
      </pt>
      <pt>
        <x>595.98</x>
        <y>103.08</y>
      </pt>
      <pt>
        <x>590.43</x>
        <y>103.08</y>
      </pt>
      <username></username>
    </polygon>
    <attributes>rotation=0.0</attributes>
  </object>
  <object>
    <name>lane</name>
    <deleted>0</deleted>
    <verified>0</verified>
    <occluded>no</occluded>
    <date></date>
    <id>5</id>
    <parts>
      <hasparts></hasparts>
      <ispartof></ispartof>
    </parts>
    <type>bounding_box</type>
    <polygon>
      <pt>
        <x>591.44</x>
        <y>124.79</y>
      </pt>
      <pt>
        <x>597.50</x>
        <y>124.79</y>
      </pt>
      <pt>
        <x>597.50</x>
        <y>137.92</y>
      </pt>
      <pt>
        <x>591.44</x>
        <y>137.92</y>
      </pt>
      <username></username>
    </polygon>
    <attributes>rotation=0.0</attributes>
  </object>
  <object>
    <name>lane</name>
    <deleted>0</deleted>
    <verified>0</verified>
    <occluded>no</occluded>
    <date></date>
    <id>6</id>
    <parts>
      <hasparts></hasparts>
      <ispartof></ispartof>
    </parts>
    <type>bounding_box</type>
    <polygon>
      <pt>
        <x>592.45</x>
        <y>149.54</y>
      </pt>
      <pt>
        <x>600.02</x>
        <y>149.54</y>
      </pt>
      <pt>
        <x>600.02</x>
        <y>168.72</y>
      </pt>
      <pt>
        <x>592.45</x>
        <y>168.72</y>
      </pt>
      <username></username>
    </polygon>
    <attributes>rotation=0.0</attributes>
  </object>
  <object>
    <name>lane</name>
    <deleted>0</deleted>
    <verified>0</verified>
    <occluded>no</occluded>
    <date></date>
    <id>7</id>
    <parts>
      <hasparts></hasparts>
      <ispartof></ispartof>
    </parts>
    <type>bounding_box</type>
    <polygon>
      <pt>
        <x>592.45</x>
        <y>187.41</y>
      </pt>
      <pt>
        <x>602.04</x>
        <y>187.41</y>
      </pt>
      <pt>
        <x>602.04</x>
        <y>220.23</y>
      </pt>
      <pt>
        <x>592.45</x>
        <y>220.23</y>
      </pt>
      <username></username>
    </polygon>
    <attributes>rotation=0.0</attributes>
  </object>
  <object>
    <name>lane</name>
    <deleted>0</deleted>
    <verified>0</verified>
    <occluded>no</occluded>
    <date></date>
    <id>8</id>
    <parts>
      <hasparts></hasparts>
      <ispartof></ispartof>
    </parts>
    <polygon>
      <pt>
        <x>547.90</x>
        <y>1920.00</y>
      </pt>
      <pt>
        <x>568.30</x>
        <y>1247.70</y>
      </pt>
      <pt>
        <x>575.60</x>
        <y>848.50</y>
      </pt>
      <pt>
        <x>628.52</x>
        <y>844.10</y>
      </pt>
      <pt>
        <x>646.40</x>
        <y>1255.34</y>
      </pt>
      <pt>
        <x>654.04</x>
        <y>1920.00</y>
      </pt>
      <username></username>
    </polygon>
    <attributes></attributes>
  </object>
</annotation>
