<annotation>
  <filename>image_142.jpg</filename>
  <folder></folder>
  <source>
    <sourceImage></sourceImage>
    <sourceAnnotation>Datumaro</sourceAnnotation>
  </source>
  <imagesize>
    <nrows>1920</nrows>
    <ncols>1080</ncols>
  </imagesize>
  <object>
    <name>lane</name>
    <deleted>0</deleted>
    <verified>0</verified>
    <occluded>no</occluded>
    <date></date>
    <id>0</id>
    <parts>
      <hasparts></hasparts>
      <ispartof></ispartof>
    </parts>
    <polygon>
      <pt>
        <x>494.20</x>
        <y>830.60</y>
      </pt>
      <pt>
        <x>527.55</x>
        <y>830.60</y>
      </pt>
      <pt>
        <x>546.01</x>
        <y>1125.14</y>
      </pt>
      <pt>
        <x>499.88</x>
        <y>1128.68</y>
      </pt>
      <username></username>
    </polygon>
    <attributes></attributes>
  </object>
  <object>
    <name>lane</name>
    <deleted>0</deleted>
    <verified>0</verified>
    <occluded>no</occluded>
    <date></date>
    <id>1</id>
    <parts>
      <hasparts></hasparts>
      <ispartof></ispartof>
    </parts>
    <polygon>
      <pt>
        <x>486.71</x>
        <y>630.05</y>
      </pt>
      <pt>
        <x>501.09</x>
        <y>627.59</y>
      </pt>
      <pt>
        <x>519.57</x>
        <y>708.91</y>
      </pt>
      <pt>
        <x>494.51</x>
        <y>706.44</y>
      </pt>
      <username></username>
    </polygon>
    <attributes></attributes>
  </object>
  <object>
    <name>lane</name>
    <deleted>0</deleted>
    <verified>0</verified>
    <occluded>no</occluded>
    <date></date>
    <id>2</id>
    <parts>
      <hasparts></hasparts>
      <ispartof></ispartof>
    </parts>
    <polygon>
      <pt>
        <x>317.01</x>
        <y>445.29</y>
      </pt>
      <pt>
        <x>319.79</x>
        <y>443.44</y>
      </pt>
      <pt>
        <x>326.74</x>
        <y>446.68</y>
      </pt>
      <pt>
        <x>339.24</x>
        <y>450.85</y>
      </pt>
      <pt>
        <x>334.61</x>
        <y>453.63</y>
      </pt>
      <pt>
        <x>328.13</x>
        <y>449.92</y>
      </pt>
      <username></username>
    </polygon>
    <attributes></attributes>
  </object>
  <object>
    <name>lane</name>
    <deleted>0</deleted>
    <verified>0</verified>
    <occluded>no</occluded>
    <date></date>
    <id>3</id>
    <parts>
      <hasparts></hasparts>
      <ispartof></ispartof>
    </parts>
    <polygon>
      <pt>
        <x>459.65</x>
        <y>549.49</y>
      </pt>
      <pt>
        <x>470.76</x>
        <y>548.56</y>
      </pt>
      <pt>
        <x>481.41</x>
        <y>568.94</y>
      </pt>
      <pt>
        <x>488.82</x>
        <y>585.61</y>
      </pt>
      <pt>
        <x>474.00</x>
        <y>587.00</y>
      </pt>
      <pt>
        <x>468.91</x>
        <y>572.64</y>
      </pt>
      <username></username>
    </polygon>
    <attributes></attributes>
  </object>
  <object>
    <name>lane</name>
    <deleted>0</deleted>
    <verified>0</verified>
    <occluded>no</occluded>
    <date></date>
    <id>4</id>
    <parts>
      <hasparts></hasparts>
      <ispartof></ispartof>
    </parts>
    <polygon>
      <pt>
        <x>393.89</x>
        <y>479.10</y>
      </pt>
      <pt>
        <x>401.30</x>
        <y>476.78</y>
      </pt>
      <pt>
        <x>407.78</x>
        <y>482.80</y>
      </pt>
      <pt>
        <x>418.43</x>
        <y>490.67</y>
      </pt>
      <pt>
        <x>414.26</x>
        <y>494.38</y>
      </pt>
      <pt>
        <x>404.54</x>
        <y>487.43</y>
      </pt>
      <username></username>
    </polygon>
    <attributes></attributes>
  </object>
  <object>
    <name>lane</name>
    <deleted>0</deleted>
    <verified>0</verified>
    <occluded>no</occluded>
    <date></date>
    <id>5</id>
    <parts>
      <hasparts></hasparts>
      <ispartof></ispartof>
    </parts>
    <polygon>
      <pt>
        <x>429.54</x>
        <y>505.96</y>
      </pt>
      <pt>
        <x>438.81</x>
        <y>504.57</y>
      </pt>
      <pt>
        <x>446.68</x>
        <y>513.36</y>
      </pt>
      <pt>
        <x>459.18</x>
        <y>528.18</y>
      </pt>
      <pt>
        <x>449.92</x>
        <y>528.65</y>
      </pt>
      <pt>
        <x>442.05</x>
        <y>519.85</y>
      </pt>
      <username></username>
    </polygon>
    <attributes></attributes>
  </object>
  <object>
    <name>lane</name>
    <deleted>0</deleted>
    <verified>0</verified>
    <occluded>no</occluded>
    <date></date>
    <id>6</id>
    <parts>
      <hasparts></hasparts>
      <ispartof></ispartof>
    </parts>
    <polygon>
      <pt>
        <x>354.52</x>
        <y>460.11</y>
      </pt>
      <pt>
        <x>359.15</x>
        <y>457.79</y>
      </pt>
      <pt>
        <x>369.80</x>
        <y>462.89</y>
      </pt>
      <pt>
        <x>380.92</x>
        <y>467.98</y>
      </pt>
      <pt>
        <x>374.90</x>
        <y>471.22</y>
      </pt>
      <pt>
        <x>365.17</x>
        <y>467.52</y>
      </pt>
      <username></username>
    </polygon>
    <attributes></attributes>
  </object>
</annotation>
