<annotation>
  <filename>image_663.jpg</filename>
  <folder></folder>
  <source>
    <sourceImage></sourceImage>
    <sourceAnnotation>Datumaro</sourceAnnotation>
  </source>
  <imagesize>
    <nrows>1920</nrows>
    <ncols>1080</ncols>
  </imagesize>
  <object>
    <name>lane</name>
    <deleted>0</deleted>
    <verified>0</verified>
    <occluded>no</occluded>
    <date></date>
    <id>0</id>
    <parts>
      <hasparts></hasparts>
      <ispartof></ispartof>
    </parts>
    <polygon>
      <pt>
        <x>68.90</x>
        <y>238.50</y>
      </pt>
      <pt>
        <x>69.50</x>
        <y>236.80</y>
      </pt>
      <pt>
        <x>88.00</x>
        <y>241.90</y>
      </pt>
      <pt>
        <x>112.20</x>
        <y>250.50</y>
      </pt>
      <pt>
        <x>102.90</x>
        <y>250.60</y>
      </pt>
      <username></username>
    </polygon>
    <attributes></attributes>
  </object>
  <object>
    <name>lane</name>
    <deleted>0</deleted>
    <verified>0</verified>
    <occluded>no</occluded>
    <date></date>
    <id>1</id>
    <parts>
      <hasparts></hasparts>
      <ispartof></ispartof>
    </parts>
    <polygon>
      <pt>
        <x>401.65</x>
        <y>690.44</y>
      </pt>
      <pt>
        <x>440.00</x>
        <y>692.60</y>
      </pt>
      <pt>
        <x>425.72</x>
        <y>611.98</y>
      </pt>
      <pt>
        <x>414.10</x>
        <y>565.60</y>
      </pt>
      <pt>
        <x>383.50</x>
        <y>563.90</y>
      </pt>
      <pt>
        <x>393.62</x>
        <y>619.11</y>
      </pt>
      <username></username>
    </polygon>
    <attributes></attributes>
  </object>
  <object>
    <name>lane</name>
    <deleted>0</deleted>
    <verified>0</verified>
    <occluded>no</occluded>
    <date></date>
    <id>2</id>
    <parts>
      <hasparts></hasparts>
      <ispartof></ispartof>
    </parts>
    <polygon>
      <pt>
        <x>359.40</x>
        <y>480.30</y>
      </pt>
      <pt>
        <x>386.80</x>
        <y>480.10</y>
      </pt>
      <pt>
        <x>358.40</x>
        <y>420.20</y>
      </pt>
      <pt>
        <x>335.30</x>
        <y>420.50</y>
      </pt>
      <pt>
        <x>349.50</x>
        <y>451.30</y>
      </pt>
      <username></username>
    </polygon>
    <attributes></attributes>
  </object>
  <object>
    <name>lane</name>
    <deleted>0</deleted>
    <verified>0</verified>
    <occluded>no</occluded>
    <date></date>
    <id>3</id>
    <parts>
      <hasparts></hasparts>
      <ispartof></ispartof>
    </parts>
    <polygon>
      <pt>
        <x>303.10</x>
        <y>377.50</y>
      </pt>
      <pt>
        <x>322.00</x>
        <y>377.10</y>
      </pt>
      <pt>
        <x>285.40</x>
        <y>342.90</y>
      </pt>
      <pt>
        <x>267.00</x>
        <y>343.50</y>
      </pt>
      <pt>
        <x>285.20</x>
        <y>359.40</y>
      </pt>
      <username></username>
    </polygon>
    <attributes></attributes>
  </object>
  <object>
    <name>lane</name>
    <deleted>0</deleted>
    <verified>0</verified>
    <occluded>no</occluded>
    <date></date>
    <id>4</id>
    <parts>
      <hasparts></hasparts>
      <ispartof></ispartof>
    </parts>
    <polygon>
      <pt>
        <x>234.70</x>
        <y>319.50</y>
      </pt>
      <pt>
        <x>250.40</x>
        <y>318.70</y>
      </pt>
      <pt>
        <x>210.60</x>
        <y>294.80</y>
      </pt>
      <pt>
        <x>200.10</x>
        <y>296.50</y>
      </pt>
      <pt>
        <x>218.70</x>
        <y>309.30</y>
      </pt>
      <username></username>
    </polygon>
    <attributes></attributes>
  </object>
  <object>
    <name>lane</name>
    <deleted>0</deleted>
    <verified>0</verified>
    <occluded>no</occluded>
    <date></date>
    <id>5</id>
    <parts>
      <hasparts></hasparts>
      <ispartof></ispartof>
    </parts>
    <polygon>
      <pt>
        <x>167.70</x>
        <y>279.50</y>
      </pt>
      <pt>
        <x>180.50</x>
        <y>278.60</y>
      </pt>
      <pt>
        <x>140.70</x>
        <y>261.10</y>
      </pt>
      <pt>
        <x>131.80</x>
        <y>261.50</y>
      </pt>
      <pt>
        <x>153.70</x>
        <y>272.00</y>
      </pt>
      <username></username>
    </polygon>
    <attributes></attributes>
  </object>
  <object>
    <name>lane</name>
    <deleted>0</deleted>
    <verified>0</verified>
    <occluded>no</occluded>
    <date></date>
    <id>6</id>
    <parts>
      <hasparts></hasparts>
      <ispartof></ispartof>
    </parts>
    <polygon>
      <pt>
        <x>1.11</x>
        <y>218.29</y>
      </pt>
      <pt>
        <x>31.80</x>
        <y>227.40</y>
      </pt>
      <pt>
        <x>39.50</x>
        <y>227.90</y>
      </pt>
      <pt>
        <x>4.10</x>
        <y>217.20</y>
      </pt>
      <username></username>
    </polygon>
    <attributes></attributes>
  </object>
  <object>
    <name>lane</name>
    <deleted>0</deleted>
    <verified>0</verified>
    <occluded>no</occluded>
    <date></date>
    <id>7</id>
    <parts>
      <hasparts></hasparts>
      <ispartof></ispartof>
    </parts>
    <polygon>
      <pt>
        <x>387.99</x>
        <y>1414.86</y>
      </pt>
      <pt>
        <x>474.01</x>
        <y>1416.15</y>
      </pt>
      <pt>
        <x>466.31</x>
        <y>1125.98</y>
      </pt>
      <pt>
        <x>458.60</x>
        <y>920.56</y>
      </pt>
      <pt>
        <x>407.20</x>
        <y>924.40</y>
      </pt>
      <pt>
        <x>399.50</x>
        <y>1140.10</y>
      </pt>
      <username></username>
    </polygon>
    <attributes></attributes>
  </object>
</annotation>
