<annotation>
  <filename>image_1554.jpg</filename>
  <folder></folder>
  <source>
    <sourceImage></sourceImage>
    <sourceAnnotation>Datumaro</sourceAnnotation>
  </source>
  <imagesize>
    <nrows>1920</nrows>
    <ncols>1080</ncols>
  </imagesize>
  <object>
    <name>lane</name>
    <deleted>0</deleted>
    <verified>0</verified>
    <occluded>no</occluded>
    <date></date>
    <id>0</id>
    <parts>
      <hasparts></hasparts>
      <ispartof></ispartof>
    </parts>
    <type>bounding_box</type>
    <polygon>
      <pt>
        <x>402.27</x>
        <y>613.98</y>
      </pt>
      <pt>
        <x>436.42</x>
        <y>613.98</y>
      </pt>
      <pt>
        <x>436.42</x>
        <y>751.44</y>
      </pt>
      <pt>
        <x>402.27</x>
        <y>751.44</y>
      </pt>
      <username></username>
    </polygon>
    <attributes>rotation=0.0</attributes>
  </object>
  <object>
    <name>lane</name>
    <deleted>0</deleted>
    <verified>0</verified>
    <occluded>no</occluded>
    <date></date>
    <id>1</id>
    <parts>
      <hasparts></hasparts>
      <ispartof></ispartof>
    </parts>
    <type>bounding_box</type>
    <polygon>
      <pt>
        <x>434.97</x>
        <y>257.39</y>
      </pt>
      <pt>
        <x>443.98</x>
        <y>257.39</y>
      </pt>
      <pt>
        <x>443.98</x>
        <y>264.78</y>
      </pt>
      <pt>
        <x>434.97</x>
        <y>264.78</y>
      </pt>
      <username></username>
    </polygon>
    <attributes>rotation=0.0</attributes>
  </object>
  <object>
    <name>lane</name>
    <deleted>0</deleted>
    <verified>0</verified>
    <occluded>no</occluded>
    <date></date>
    <id>2</id>
    <parts>
      <hasparts></hasparts>
      <ispartof></ispartof>
    </parts>
    <type>bounding_box</type>
    <polygon>
      <pt>
        <x>418.90</x>
        <y>465.13</y>
      </pt>
      <pt>
        <x>439.04</x>
        <y>465.13</y>
      </pt>
      <pt>
        <x>439.04</x>
        <y>523.80</y>
      </pt>
      <pt>
        <x>418.90</x>
        <y>523.80</y>
      </pt>
      <username></username>
    </polygon>
    <attributes>rotation=0.0</attributes>
  </object>
  <object>
    <name>lane</name>
    <deleted>0</deleted>
    <verified>0</verified>
    <occluded>no</occluded>
    <date></date>
    <id>3</id>
    <parts>
      <hasparts></hasparts>
      <ispartof></ispartof>
    </parts>
    <type>bounding_box</type>
    <polygon>
      <pt>
        <x>423.28</x>
        <y>383.71</y>
      </pt>
      <pt>
        <x>441.67</x>
        <y>383.71</y>
      </pt>
      <pt>
        <x>441.67</x>
        <y>419.60</y>
      </pt>
      <pt>
        <x>423.28</x>
        <y>419.60</y>
      </pt>
      <username></username>
    </polygon>
    <attributes>rotation=0.0</attributes>
  </object>
  <object>
    <name>lane</name>
    <deleted>0</deleted>
    <verified>0</verified>
    <occluded>no</occluded>
    <date></date>
    <id>4</id>
    <parts>
      <hasparts></hasparts>
      <ispartof></ispartof>
    </parts>
    <type>bounding_box</type>
    <polygon>
      <pt>
        <x>430.29</x>
        <y>332.93</y>
      </pt>
      <pt>
        <x>442.54</x>
        <y>332.93</y>
      </pt>
      <pt>
        <x>442.54</x>
        <y>355.69</y>
      </pt>
      <pt>
        <x>430.29</x>
        <y>355.69</y>
      </pt>
      <username></username>
    </polygon>
    <attributes>rotation=0.0</attributes>
  </object>
  <object>
    <name>lane</name>
    <deleted>0</deleted>
    <verified>0</verified>
    <occluded>no</occluded>
    <date></date>
    <id>5</id>
    <parts>
      <hasparts></hasparts>
      <ispartof></ispartof>
    </parts>
    <type>bounding_box</type>
    <polygon>
      <pt>
        <x>436.58</x>
        <y>240.98</y>
      </pt>
      <pt>
        <x>444.30</x>
        <y>240.98</y>
      </pt>
      <pt>
        <x>444.30</x>
        <y>248.38</y>
      </pt>
      <pt>
        <x>436.58</x>
        <y>248.38</y>
      </pt>
      <username></username>
    </polygon>
    <attributes>rotation=0.0</attributes>
  </object>
  <object>
    <name>lane</name>
    <deleted>0</deleted>
    <verified>0</verified>
    <occluded>no</occluded>
    <date></date>
    <id>6</id>
    <parts>
      <hasparts></hasparts>
      <ispartof></ispartof>
    </parts>
    <type>bounding_box</type>
    <polygon>
      <pt>
        <x>431.11</x>
        <y>300.48</y>
      </pt>
      <pt>
        <x>443.98</x>
        <y>300.48</y>
      </pt>
      <pt>
        <x>443.98</x>
        <y>316.56</y>
      </pt>
      <pt>
        <x>431.11</x>
        <y>316.56</y>
      </pt>
      <username></username>
    </polygon>
    <attributes>rotation=0.0</attributes>
  </object>
  <object>
    <name>lane</name>
    <deleted>0</deleted>
    <verified>0</verified>
    <occluded>no</occluded>
    <date></date>
    <id>7</id>
    <parts>
      <hasparts></hasparts>
      <ispartof></ispartof>
    </parts>
    <type>bounding_box</type>
    <polygon>
      <pt>
        <x>432.72</x>
        <y>275.07</y>
      </pt>
      <pt>
        <x>443.33</x>
        <y>275.07</y>
      </pt>
      <pt>
        <x>443.33</x>
        <y>286.01</y>
      </pt>
      <pt>
        <x>432.72</x>
        <y>286.01</y>
      </pt>
      <username></username>
    </polygon>
    <attributes>rotation=0.0</attributes>
  </object>
  <object>
    <name>lane</name>
    <deleted>0</deleted>
    <verified>0</verified>
    <occluded>no</occluded>
    <date></date>
    <id>8</id>
    <parts>
      <hasparts></hasparts>
      <ispartof></ispartof>
    </parts>
    <polygon>
      <pt>
        <x>376.84</x>
        <y>978.17</y>
      </pt>
      <pt>
        <x>438.65</x>
        <y>978.17</y>
      </pt>
      <pt>
        <x>428.06</x>
        <y>1513.27</y>
      </pt>
      <pt>
        <x>341.52</x>
        <y>1518.56</y>
      </pt>
      <username></username>
    </polygon>
    <attributes></attributes>
  </object>
  <object>
    <name>lane</name>
    <deleted>0</deleted>
    <verified>0</verified>
    <occluded>no</occluded>
    <date></date>
    <id>9</id>
    <parts>
      <hasparts></hasparts>
      <ispartof></ispartof>
    </parts>
    <polygon>
      <pt>
        <x>380.59</x>
        <y>984.73</y>
      </pt>
      <pt>
        <x>435.05</x>
        <y>980.37</y>
      </pt>
      <pt>
        <x>426.34</x>
        <y>1514.14</y>
      </pt>
      <pt>
        <x>339.19</x>
        <y>1511.96</y>
      </pt>
      <pt>
        <x>352.27</x>
        <y>1381.24</y>
      </pt>
      <pt>
        <x>367.52</x>
        <y>1150.31</y>
      </pt>
      <username></username>
    </polygon>
    <attributes></attributes>
  </object>
</annotation>
