<annotation>
  <filename>image_1662.jpg</filename>
  <folder></folder>
  <source>
    <sourceImage></sourceImage>
    <sourceAnnotation>Datumaro</sourceAnnotation>
  </source>
  <imagesize>
    <nrows>1920</nrows>
    <ncols>1080</ncols>
  </imagesize>
  <object>
    <name>lane</name>
    <deleted>0</deleted>
    <verified>0</verified>
    <occluded>no</occluded>
    <date></date>
    <id>0</id>
    <parts>
      <hasparts></hasparts>
      <ispartof></ispartof>
    </parts>
    <polygon>
      <pt>
        <x>332.09</x>
        <y>484.40</y>
      </pt>
      <pt>
        <x>339.69</x>
        <y>481.87</y>
      </pt>
      <pt>
        <x>469.61</x>
        <y>531.12</y>
      </pt>
      <pt>
        <x>456.48</x>
        <y>533.35</y>
      </pt>
      <username></username>
    </polygon>
    <attributes></attributes>
  </object>
  <object>
    <name>lane</name>
    <deleted>0</deleted>
    <verified>0</verified>
    <occluded>no</occluded>
    <date></date>
    <id>1</id>
    <parts>
      <hasparts></hasparts>
      <ispartof></ispartof>
    </parts>
    <polygon>
      <pt>
        <x>61.07</x>
        <y>414.28</y>
      </pt>
      <pt>
        <x>55.49</x>
        <y>415.29</y>
      </pt>
      <pt>
        <x>202.43</x>
        <y>447.21</y>
      </pt>
      <pt>
        <x>212.06</x>
        <y>442.14</y>
      </pt>
      <username></username>
    </polygon>
    <attributes></attributes>
  </object>
  <object>
    <name>lane</name>
    <deleted>0</deleted>
    <verified>0</verified>
    <occluded>no</occluded>
    <date></date>
    <id>2</id>
    <parts>
      <hasparts></hasparts>
      <ispartof></ispartof>
    </parts>
    <polygon>
      <pt>
        <x>770.02</x>
        <y>465.10</y>
      </pt>
      <pt>
        <x>785.51</x>
        <y>468.97</y>
      </pt>
      <pt>
        <x>894.58</x>
        <y>454.89</y>
      </pt>
      <pt>
        <x>892.82</x>
        <y>449.62</y>
      </pt>
      <username></username>
    </polygon>
    <attributes></attributes>
  </object>
  <object>
    <name>lane</name>
    <deleted>0</deleted>
    <verified>0</verified>
    <occluded>no</occluded>
    <date></date>
    <id>3</id>
    <parts>
      <hasparts></hasparts>
      <ispartof></ispartof>
    </parts>
    <polygon>
      <pt>
        <x>550.90</x>
        <y>529.14</y>
      </pt>
      <pt>
        <x>564.97</x>
        <y>532.66</y>
      </pt>
      <pt>
        <x>659.39</x>
        <y>492.78</y>
      </pt>
      <pt>
        <x>648.54</x>
        <y>490.14</y>
      </pt>
      <username></username>
    </polygon>
    <attributes></attributes>
  </object>
  <object>
    <name>lane</name>
    <deleted>0</deleted>
    <verified>0</verified>
    <occluded>no</occluded>
    <date></date>
    <id>4</id>
    <parts>
      <hasparts></hasparts>
      <ispartof></ispartof>
    </parts>
    <polygon>
      <pt>
        <x>499.10</x>
        <y>702.30</y>
      </pt>
      <pt>
        <x>525.91</x>
        <y>701.03</y>
      </pt>
      <pt>
        <x>529.69</x>
        <y>590.08</y>
      </pt>
      <pt>
        <x>515.80</x>
        <y>588.80</y>
      </pt>
      <username></username>
    </polygon>
    <attributes></attributes>
  </object>
  <object>
    <name>lane</name>
    <deleted>0</deleted>
    <verified>0</verified>
    <occluded>no</occluded>
    <date></date>
    <id>5</id>
    <parts>
      <hasparts></hasparts>
      <ispartof></ispartof>
    </parts>
    <polygon>
      <pt>
        <x>374.78</x>
        <y>1746.71</y>
      </pt>
      <pt>
        <x>478.31</x>
        <y>1746.71</y>
      </pt>
      <pt>
        <x>517.40</x>
        <y>938.80</y>
      </pt>
      <pt>
        <x>474.10</x>
        <y>937.10</y>
      </pt>
      <username></username>
    </polygon>
    <attributes></attributes>
  </object>
</annotation>
