<annotation>
  <filename>image_1886.jpg</filename>
  <folder></folder>
  <source>
    <sourceImage></sourceImage>
    <sourceAnnotation>Datumaro</sourceAnnotation>
  </source>
  <imagesize>
    <nrows>1920</nrows>
    <ncols>1080</ncols>
  </imagesize>
  <object>
    <name>lane</name>
    <deleted>0</deleted>
    <verified>0</verified>
    <occluded>no</occluded>
    <date></date>
    <id>0</id>
    <parts>
      <hasparts></hasparts>
      <ispartof></ispartof>
    </parts>
    <polygon>
      <pt>
        <x>540.42</x>
        <y>628.09</y>
      </pt>
      <pt>
        <x>552.74</x>
        <y>529.54</y>
      </pt>
      <pt>
        <x>564.03</x>
        <y>452.56</y>
      </pt>
      <pt>
        <x>592.78</x>
        <y>450.50</y>
      </pt>
      <pt>
        <x>582.51</x>
        <y>528.52</y>
      </pt>
      <pt>
        <x>574.30</x>
        <y>625.01</y>
      </pt>
      <username></username>
    </polygon>
    <attributes></attributes>
  </object>
  <object>
    <name>lane</name>
    <deleted>0</deleted>
    <verified>0</verified>
    <occluded>no</occluded>
    <date></date>
    <id>1</id>
    <parts>
      <hasparts></hasparts>
      <ispartof></ispartof>
    </parts>
    <polygon>
      <pt>
        <x>340.26</x>
        <y>357.09</y>
      </pt>
      <pt>
        <x>456.25</x>
        <y>323.22</y>
      </pt>
      <pt>
        <x>527.08</x>
        <y>299.61</y>
      </pt>
      <pt>
        <x>541.45</x>
        <y>300.63</y>
      </pt>
      <pt>
        <x>465.49</x>
        <y>327.32</y>
      </pt>
      <pt>
        <x>348.47</x>
        <y>361.20</y>
      </pt>
      <username></username>
    </polygon>
    <attributes></attributes>
  </object>
  <object>
    <name>lane</name>
    <deleted>0</deleted>
    <verified>0</verified>
    <occluded>no</occluded>
    <date></date>
    <id>2</id>
    <parts>
      <hasparts></hasparts>
      <ispartof></ispartof>
    </parts>
    <polygon>
      <pt>
        <x>558.86</x>
        <y>1907.01</y>
      </pt>
      <pt>
        <x>538.43</x>
        <y>1437.02</y>
      </pt>
      <pt>
        <x>525.66</x>
        <y>1064.10</y>
      </pt>
      <pt>
        <x>589.51</x>
        <y>1053.88</y>
      </pt>
      <pt>
        <x>620.17</x>
        <y>1419.14</y>
      </pt>
      <pt>
        <x>650.82</x>
        <y>1909.57</y>
      </pt>
      <username></username>
    </polygon>
    <attributes></attributes>
  </object>
  <object>
    <name>lane</name>
    <deleted>0</deleted>
    <verified>0</verified>
    <occluded>no</occluded>
    <date></date>
    <id>3</id>
    <parts>
      <hasparts></hasparts>
      <ispartof></ispartof>
    </parts>
    <polygon>
      <pt>
        <x>631.93</x>
        <y>259.45</y>
      </pt>
      <pt>
        <x>644.57</x>
        <y>259.74</y>
      </pt>
      <pt>
        <x>694.23</x>
        <y>230.35</y>
      </pt>
      <pt>
        <x>681.89</x>
        <y>228.30</y>
      </pt>
      <username></username>
    </polygon>
    <attributes></attributes>
  </object>
  <object>
    <name>lane</name>
    <deleted>0</deleted>
    <verified>0</verified>
    <occluded>no</occluded>
    <date></date>
    <id>4</id>
    <parts>
      <hasparts></hasparts>
      <ispartof></ispartof>
    </parts>
    <polygon>
      <pt>
        <x>597.91</x>
        <y>354.01</y>
      </pt>
      <pt>
        <x>612.40</x>
        <y>322.80</y>
      </pt>
      <pt>
        <x>631.20</x>
        <y>294.60</y>
      </pt>
      <pt>
        <x>646.16</x>
        <y>293.45</y>
      </pt>
      <pt>
        <x>630.76</x>
        <y>317.06</y>
      </pt>
      <pt>
        <x>615.36</x>
        <y>355.04</y>
      </pt>
      <username></username>
    </polygon>
    <attributes></attributes>
  </object>
  <object>
    <name>lane</name>
    <deleted>0</deleted>
    <verified>0</verified>
    <occluded>no</occluded>
    <date></date>
    <id>5</id>
    <parts>
      <hasparts></hasparts>
      <ispartof></ispartof>
    </parts>
    <polygon>
      <pt>
        <x>756.25</x>
        <y>173.04</y>
      </pt>
      <pt>
        <x>765.65</x>
        <y>174.51</y>
      </pt>
      <pt>
        <x>775.94</x>
        <y>162.46</y>
      </pt>
      <pt>
        <x>770.65</x>
        <y>159.23</y>
      </pt>
      <username></username>
    </polygon>
    <attributes></attributes>
  </object>
  <object>
    <name>lane</name>
    <deleted>0</deleted>
    <verified>0</verified>
    <occluded>no</occluded>
    <date></date>
    <id>6</id>
    <parts>
      <hasparts></hasparts>
      <ispartof></ispartof>
    </parts>
    <polygon>
      <pt>
        <x>714.22</x>
        <y>207.43</y>
      </pt>
      <pt>
        <x>723.03</x>
        <y>207.72</y>
      </pt>
      <pt>
        <x>745.96</x>
        <y>188.91</y>
      </pt>
      <pt>
        <x>737.14</x>
        <y>188.62</y>
      </pt>
      <username></username>
    </polygon>
    <attributes></attributes>
  </object>
</annotation>
