<annotation>
  <filename>image_2399.jpg</filename>
  <folder></folder>
  <source>
    <sourceImage></sourceImage>
    <sourceAnnotation>Datumaro</sourceAnnotation>
  </source>
  <imagesize>
    <nrows>1920</nrows>
    <ncols>1080</ncols>
  </imagesize>
  <object>
    <name>lane</name>
    <deleted>0</deleted>
    <verified>0</verified>
    <occluded>no</occluded>
    <date></date>
    <id>0</id>
    <parts>
      <hasparts></hasparts>
      <ispartof></ispartof>
    </parts>
    <type>bounding_box</type>
    <polygon>
      <pt>
        <x>475.02</x>
        <y>312.75</y>
      </pt>
      <pt>
        <x>487.62</x>
        <y>312.75</y>
      </pt>
      <pt>
        <x>487.62</x>
        <y>341.75</y>
      </pt>
      <pt>
        <x>475.02</x>
        <y>341.75</y>
      </pt>
      <username></username>
    </polygon>
    <attributes>rotation=0.0</attributes>
  </object>
  <object>
    <name>lane</name>
    <deleted>0</deleted>
    <verified>0</verified>
    <occluded>no</occluded>
    <date></date>
    <id>1</id>
    <parts>
      <hasparts></hasparts>
      <ispartof></ispartof>
    </parts>
    <polygon>
      <pt>
        <x>479.24</x>
        <y>1172.92</y>
      </pt>
      <pt>
        <x>544.60</x>
        <y>1172.92</y>
      </pt>
      <pt>
        <x>596.72</x>
        <y>1920.00</y>
      </pt>
      <pt>
        <x>492.31</x>
        <y>1920.00</y>
      </pt>
      <username></username>
    </polygon>
    <attributes></attributes>
  </object>
  <object>
    <name>lane</name>
    <deleted>0</deleted>
    <verified>0</verified>
    <occluded>no</occluded>
    <date></date>
    <id>2</id>
    <parts>
      <hasparts></hasparts>
      <ispartof></ispartof>
    </parts>
    <type>bounding_box</type>
    <polygon>
      <pt>
        <x>476.28</x>
        <y>533.39</y>
      </pt>
      <pt>
        <x>507.80</x>
        <y>533.39</y>
      </pt>
      <pt>
        <x>507.80</x>
        <y>732.59</y>
      </pt>
      <pt>
        <x>476.28</x>
        <y>732.59</y>
      </pt>
      <username></username>
    </polygon>
    <attributes>rotation=0.0</attributes>
  </object>
  <object>
    <name>lane</name>
    <deleted>0</deleted>
    <verified>0</verified>
    <occluded>no</occluded>
    <date></date>
    <id>3</id>
    <parts>
      <hasparts></hasparts>
      <ispartof></ispartof>
    </parts>
    <type>bounding_box</type>
    <polygon>
      <pt>
        <x>469.97</x>
        <y>268.62</y>
      </pt>
      <pt>
        <x>482.58</x>
        <y>268.62</y>
      </pt>
      <pt>
        <x>482.58</x>
        <y>295.10</y>
      </pt>
      <pt>
        <x>469.97</x>
        <y>295.10</y>
      </pt>
      <username></username>
    </polygon>
    <attributes>rotation=0.0</attributes>
  </object>
  <object>
    <name>lane</name>
    <deleted>0</deleted>
    <verified>0</verified>
    <occluded>no</occluded>
    <date></date>
    <id>4</id>
    <parts>
      <hasparts></hasparts>
      <ispartof></ispartof>
    </parts>
    <type>bounding_box</type>
    <polygon>
      <pt>
        <x>472.49</x>
        <y>375.79</y>
      </pt>
      <pt>
        <x>496.45</x>
        <y>375.79</y>
      </pt>
      <pt>
        <x>496.45</x>
        <y>446.40</y>
      </pt>
      <pt>
        <x>472.49</x>
        <y>446.40</y>
      </pt>
      <username></username>
    </polygon>
    <attributes>rotation=0.0</attributes>
  </object>
</annotation>
