<annotation>
  <filename>image_1963.jpg</filename>
  <folder></folder>
  <source>
    <sourceImage></sourceImage>
    <sourceAnnotation>Datumaro</sourceAnnotation>
  </source>
  <imagesize>
    <nrows>1920</nrows>
    <ncols>1080</ncols>
  </imagesize>
  <object>
    <name>lane</name>
    <deleted>0</deleted>
    <verified>0</verified>
    <occluded>no</occluded>
    <date></date>
    <id>0</id>
    <parts>
      <hasparts></hasparts>
      <ispartof></ispartof>
    </parts>
    <polygon>
      <pt>
        <x>497.06</x>
        <y>359.16</y>
      </pt>
      <pt>
        <x>507.40</x>
        <y>359.77</y>
      </pt>
      <pt>
        <x>507.40</x>
        <y>334.84</y>
      </pt>
      <pt>
        <x>506.79</x>
        <y>314.17</y>
      </pt>
      <pt>
        <x>499.49</x>
        <y>313.56</y>
      </pt>
      <pt>
        <x>499.49</x>
        <y>327.55</y>
      </pt>
      <username></username>
    </polygon>
    <attributes></attributes>
  </object>
  <object>
    <name>lane</name>
    <deleted>0</deleted>
    <verified>0</verified>
    <occluded>no</occluded>
    <date></date>
    <id>1</id>
    <parts>
      <hasparts></hasparts>
      <ispartof></ispartof>
    </parts>
    <polygon>
      <pt>
        <x>496.45</x>
        <y>548.87</y>
      </pt>
      <pt>
        <x>511.65</x>
        <y>553.73</y>
      </pt>
      <pt>
        <x>512.87</x>
        <y>479.55</y>
      </pt>
      <pt>
        <x>515.91</x>
        <y>435.77</y>
      </pt>
      <pt>
        <x>502.53</x>
        <y>435.17</y>
      </pt>
      <pt>
        <x>497.06</x>
        <y>493.54</y>
      </pt>
      <username></username>
    </polygon>
    <attributes></attributes>
  </object>
  <object>
    <name>lane</name>
    <deleted>0</deleted>
    <verified>0</verified>
    <occluded>no</occluded>
    <date></date>
    <id>2</id>
    <parts>
      <hasparts></hasparts>
      <ispartof></ispartof>
    </parts>
    <polygon>
      <pt>
        <x>450.00</x>
        <y>1660.04</y>
      </pt>
      <pt>
        <x>544.10</x>
        <y>1667.40</y>
      </pt>
      <pt>
        <x>536.80</x>
        <y>1163.10</y>
      </pt>
      <pt>
        <x>523.70</x>
        <y>827.60</y>
      </pt>
      <pt>
        <x>487.65</x>
        <y>819.57</y>
      </pt>
      <pt>
        <x>475.10</x>
        <y>1155.26</y>
      </pt>
      <username></username>
    </polygon>
    <attributes></attributes>
  </object>
  <object>
    <name>lane</name>
    <deleted>0</deleted>
    <verified>0</verified>
    <occluded>no</occluded>
    <date></date>
    <id>3</id>
    <parts>
      <hasparts></hasparts>
      <ispartof></ispartof>
    </parts>
    <type>bounding_box</type>
    <polygon>
      <pt>
        <x>494.04</x>
        <y>258.58</y>
      </pt>
      <pt>
        <x>503.54</x>
        <y>258.58</y>
      </pt>
      <pt>
        <x>503.54</x>
        <y>286.96</y>
      </pt>
      <pt>
        <x>494.04</x>
        <y>286.96</y>
      </pt>
      <username></username>
    </polygon>
    <attributes>rotation=0.0</attributes>
  </object>
  <object>
    <name>lane</name>
    <deleted>0</deleted>
    <verified>0</verified>
    <occluded>no</occluded>
    <date></date>
    <id>4</id>
    <parts>
      <hasparts></hasparts>
      <ispartof></ispartof>
    </parts>
    <type>bounding_box</type>
    <polygon>
      <pt>
        <x>494.94</x>
        <y>212.15</y>
      </pt>
      <pt>
        <x>502.25</x>
        <y>212.15</y>
      </pt>
      <pt>
        <x>502.25</x>
        <y>243.96</y>
      </pt>
      <pt>
        <x>494.94</x>
        <y>243.96</y>
      </pt>
      <username></username>
    </polygon>
    <attributes>rotation=0.0</attributes>
  </object>
</annotation>
