<annotation>
  <filename>image_1635.jpg</filename>
  <folder></folder>
  <source>
    <sourceImage></sourceImage>
    <sourceAnnotation>Datumaro</sourceAnnotation>
  </source>
  <imagesize>
    <nrows>1920</nrows>
    <ncols>1080</ncols>
  </imagesize>
  <object>
    <name>lane</name>
    <deleted>0</deleted>
    <verified>0</verified>
    <occluded>no</occluded>
    <date></date>
    <id>0</id>
    <parts>
      <hasparts></hasparts>
      <ispartof></ispartof>
    </parts>
    <type>bounding_box</type>
    <polygon>
      <pt>
        <x>645.84</x>
        <y>394.51</y>
      </pt>
      <pt>
        <x>650.40</x>
        <y>394.51</y>
      </pt>
      <pt>
        <x>650.40</x>
        <y>403.09</y>
      </pt>
      <pt>
        <x>645.84</x>
        <y>403.09</y>
      </pt>
      <username></username>
    </polygon>
    <attributes>rotation=0.0</attributes>
  </object>
  <object>
    <name>lane</name>
    <deleted>0</deleted>
    <verified>0</verified>
    <occluded>no</occluded>
    <date></date>
    <id>1</id>
    <parts>
      <hasparts></hasparts>
      <ispartof></ispartof>
    </parts>
    <polygon>
      <pt>
        <x>597.69</x>
        <y>707.92</y>
      </pt>
      <pt>
        <x>623.96</x>
        <y>708.80</y>
      </pt>
      <pt>
        <x>633.59</x>
        <y>614.24</y>
      </pt>
      <pt>
        <x>611.70</x>
        <y>611.61</y>
      </pt>
      <username></username>
    </polygon>
    <attributes></attributes>
  </object>
  <object>
    <name>lane</name>
    <deleted>0</deleted>
    <verified>0</verified>
    <occluded>no</occluded>
    <date></date>
    <id>2</id>
    <parts>
      <hasparts></hasparts>
      <ispartof></ispartof>
    </parts>
    <polygon>
      <pt>
        <x>577.07</x>
        <y>384.28</y>
      </pt>
      <pt>
        <x>582.65</x>
        <y>381.75</y>
      </pt>
      <pt>
        <x>626.22</x>
        <y>389.35</y>
      </pt>
      <pt>
        <x>622.68</x>
        <y>390.87</y>
      </pt>
      <username></username>
    </polygon>
    <attributes></attributes>
  </object>
  <object>
    <name>lane</name>
    <deleted>0</deleted>
    <verified>0</verified>
    <occluded>no</occluded>
    <date></date>
    <id>3</id>
    <parts>
      <hasparts></hasparts>
      <ispartof></ispartof>
    </parts>
    <polygon>
      <pt>
        <x>664.73</x>
        <y>390.87</y>
      </pt>
      <pt>
        <x>664.73</x>
        <y>392.39</y>
      </pt>
      <pt>
        <x>698.17</x>
        <y>388.84</y>
      </pt>
      <pt>
        <x>698.68</x>
        <y>387.32</y>
      </pt>
      <username></username>
    </polygon>
    <attributes></attributes>
  </object>
  <object>
    <name>lane</name>
    <deleted>0</deleted>
    <verified>0</verified>
    <occluded>no</occluded>
    <date></date>
    <id>4</id>
    <parts>
      <hasparts></hasparts>
      <ispartof></ispartof>
    </parts>
    <polygon>
      <pt>
        <x>623.08</x>
        <y>552.08</y>
      </pt>
      <pt>
        <x>638.84</x>
        <y>554.70</y>
      </pt>
      <pt>
        <x>640.59</x>
        <y>510.92</y>
      </pt>
      <pt>
        <x>627.46</x>
        <y>510.05</y>
      </pt>
      <username></username>
    </polygon>
    <attributes></attributes>
  </object>
  <object>
    <name>lane</name>
    <deleted>0</deleted>
    <verified>0</verified>
    <occluded>no</occluded>
    <date></date>
    <id>5</id>
    <parts>
      <hasparts></hasparts>
      <ispartof></ispartof>
    </parts>
    <polygon>
      <pt>
        <x>635.31</x>
        <y>460.78</y>
      </pt>
      <pt>
        <x>646.22</x>
        <y>461.14</y>
      </pt>
      <pt>
        <x>644.81</x>
        <y>483.30</y>
      </pt>
      <pt>
        <x>633.20</x>
        <y>483.30</y>
      </pt>
      <username></username>
    </polygon>
    <attributes></attributes>
  </object>
  <object>
    <name>lane</name>
    <deleted>0</deleted>
    <verified>0</verified>
    <occluded>no</occluded>
    <date></date>
    <id>6</id>
    <parts>
      <hasparts></hasparts>
      <ispartof></ispartof>
    </parts>
    <type>bounding_box</type>
    <polygon>
      <pt>
        <x>639.68</x>
        <y>430.69</y>
      </pt>
      <pt>
        <x>647.18</x>
        <y>430.69</y>
      </pt>
      <pt>
        <x>647.18</x>
        <y>444.09</y>
      </pt>
      <pt>
        <x>639.68</x>
        <y>444.09</y>
      </pt>
      <username></username>
    </polygon>
    <attributes>rotation=0.0</attributes>
  </object>
  <object>
    <name>lane</name>
    <deleted>0</deleted>
    <verified>0</verified>
    <occluded>no</occluded>
    <date></date>
    <id>7</id>
    <parts>
      <hasparts></hasparts>
      <ispartof></ispartof>
    </parts>
    <type>bounding_box</type>
    <polygon>
      <pt>
        <x>642.89</x>
        <y>409.79</y>
      </pt>
      <pt>
        <x>649.86</x>
        <y>409.79</y>
      </pt>
      <pt>
        <x>649.86</x>
        <y>419.97</y>
      </pt>
      <pt>
        <x>642.89</x>
        <y>419.97</y>
      </pt>
      <username></username>
    </polygon>
    <attributes>rotation=0.0</attributes>
  </object>
  <object>
    <name>lane</name>
    <deleted>0</deleted>
    <verified>0</verified>
    <occluded>no</occluded>
    <date></date>
    <id>8</id>
    <parts>
      <hasparts></hasparts>
      <ispartof></ispartof>
    </parts>
    <polygon>
      <pt>
        <x>497.92</x>
        <y>1423.85</y>
      </pt>
      <pt>
        <x>564.49</x>
        <y>1434.44</y>
      </pt>
      <pt>
        <x>609.88</x>
        <y>898.85</y>
      </pt>
      <pt>
        <x>575.08</x>
        <y>892.80</y>
      </pt>
      <username></username>
    </polygon>
    <attributes></attributes>
  </object>
</annotation>
