<annotation>
  <filename>image_7.jpg</filename>
  <folder></folder>
  <source>
    <sourceImage></sourceImage>
    <sourceAnnotation>Datumaro</sourceAnnotation>
  </source>
  <imagesize>
    <nrows>1920</nrows>
    <ncols>1080</ncols>
  </imagesize>
  <object>
    <name>lane</name>
    <deleted>0</deleted>
    <verified>0</verified>
    <occluded>no</occluded>
    <date></date>
    <id>0</id>
    <parts>
      <hasparts></hasparts>
      <ispartof></ispartof>
    </parts>
    <polygon>
      <pt>
        <x>478.70</x>
        <y>305.30</y>
      </pt>
      <pt>
        <x>486.70</x>
        <y>304.78</y>
      </pt>
      <pt>
        <x>474.20</x>
        <y>317.80</y>
      </pt>
      <pt>
        <x>466.10</x>
        <y>317.60</y>
      </pt>
      <username></username>
    </polygon>
    <attributes></attributes>
  </object>
  <object>
    <name>lane</name>
    <deleted>0</deleted>
    <verified>0</verified>
    <occluded>no</occluded>
    <date></date>
    <id>1</id>
    <parts>
      <hasparts></hasparts>
      <ispartof></ispartof>
    </parts>
    <polygon>
      <pt>
        <x>453.30</x>
        <y>333.20</y>
      </pt>
      <pt>
        <x>462.10</x>
        <y>334.20</y>
      </pt>
      <pt>
        <x>452.30</x>
        <y>356.10</y>
      </pt>
      <pt>
        <x>442.40</x>
        <y>355.60</y>
      </pt>
      <username></username>
    </polygon>
    <attributes></attributes>
  </object>
  <object>
    <name>lane</name>
    <deleted>0</deleted>
    <verified>0</verified>
    <occluded>no</occluded>
    <date></date>
    <id>2</id>
    <parts>
      <hasparts></hasparts>
      <ispartof></ispartof>
    </parts>
    <polygon>
      <pt>
        <x>432.90</x>
        <y>383.30</y>
      </pt>
      <pt>
        <x>444.60</x>
        <y>383.50</y>
      </pt>
      <pt>
        <x>443.60</x>
        <y>423.10</y>
      </pt>
      <pt>
        <x>429.20</x>
        <y>423.00</y>
      </pt>
      <username></username>
    </polygon>
    <attributes></attributes>
  </object>
  <object>
    <name>lane</name>
    <deleted>0</deleted>
    <verified>0</verified>
    <occluded>no</occluded>
    <date></date>
    <id>3</id>
    <parts>
      <hasparts></hasparts>
      <ispartof></ispartof>
    </parts>
    <polygon>
      <pt>
        <x>431.80</x>
        <y>474.70</y>
      </pt>
      <pt>
        <x>449.50</x>
        <y>476.10</y>
      </pt>
      <pt>
        <x>464.00</x>
        <y>565.40</y>
      </pt>
      <pt>
        <x>441.60</x>
        <y>565.20</y>
      </pt>
      <username></username>
    </polygon>
    <attributes></attributes>
  </object>
  <object>
    <name>lane</name>
    <deleted>0</deleted>
    <verified>0</verified>
    <occluded>no</occluded>
    <date></date>
    <id>4</id>
    <parts>
      <hasparts></hasparts>
      <ispartof></ispartof>
    </parts>
    <polygon>
      <pt>
        <x>471.20</x>
        <y>701.80</y>
      </pt>
      <pt>
        <x>502.40</x>
        <y>701.10</y>
      </pt>
      <pt>
        <x>598.30</x>
        <y>1023.90</y>
      </pt>
      <pt>
        <x>555.20</x>
        <y>1026.90</y>
      </pt>
      <username></username>
    </polygon>
    <attributes></attributes>
  </object>
  <object>
    <name>lane</name>
    <deleted>0</deleted>
    <verified>0</verified>
    <occluded>no</occluded>
    <date></date>
    <id>5</id>
    <parts>
      <hasparts></hasparts>
      <ispartof></ispartof>
    </parts>
    <polygon>
      <pt>
        <x>493.50</x>
        <y>294.40</y>
      </pt>
      <pt>
        <x>500.95</x>
        <y>295.09</y>
      </pt>
      <pt>
        <x>517.00</x>
        <y>286.10</y>
      </pt>
      <pt>
        <x>510.10</x>
        <y>285.71</y>
      </pt>
      <username></username>
    </polygon>
    <attributes></attributes>
  </object>
  <object>
    <name>lane</name>
    <deleted>0</deleted>
    <verified>0</verified>
    <occluded>no</occluded>
    <date></date>
    <id>6</id>
    <parts>
      <hasparts></hasparts>
      <ispartof></ispartof>
    </parts>
    <polygon>
      <pt>
        <x>544.40</x>
        <y>272.80</y>
      </pt>
      <pt>
        <x>550.42</x>
        <y>273.50</y>
      </pt>
      <pt>
        <x>532.00</x>
        <y>279.40</y>
      </pt>
      <pt>
        <x>526.40</x>
        <y>278.80</y>
      </pt>
      <username></username>
    </polygon>
    <attributes></attributes>
  </object>
</annotation>
