<annotation>
  <filename>image_766.jpg</filename>
  <folder></folder>
  <source>
    <sourceImage></sourceImage>
    <sourceAnnotation>Datumaro</sourceAnnotation>
  </source>
  <imagesize>
    <nrows>1920</nrows>
    <ncols>1080</ncols>
  </imagesize>
  <object>
    <name>lane</name>
    <deleted>0</deleted>
    <verified>0</verified>
    <occluded>no</occluded>
    <date></date>
    <id>0</id>
    <parts>
      <hasparts></hasparts>
      <ispartof></ispartof>
    </parts>
    <polygon>
      <pt>
        <x>7.70</x>
        <y>98.40</y>
      </pt>
      <pt>
        <x>15.50</x>
        <y>97.30</y>
      </pt>
      <pt>
        <x>51.20</x>
        <y>109.40</y>
      </pt>
      <pt>
        <x>40.90</x>
        <y>109.60</y>
      </pt>
      <username></username>
    </polygon>
    <attributes></attributes>
  </object>
  <object>
    <name>lane</name>
    <deleted>0</deleted>
    <verified>0</verified>
    <occluded>no</occluded>
    <date></date>
    <id>1</id>
    <parts>
      <hasparts></hasparts>
      <ispartof></ispartof>
    </parts>
    <polygon>
      <pt>
        <x>818.60</x>
        <y>385.00</y>
      </pt>
      <pt>
        <x>871.37</x>
        <y>368.81</y>
      </pt>
      <pt>
        <x>899.17</x>
        <y>369.86</y>
      </pt>
      <pt>
        <x>823.20</x>
        <y>393.40</y>
      </pt>
      <username></username>
    </polygon>
    <attributes></attributes>
  </object>
  <object>
    <name>lane</name>
    <deleted>0</deleted>
    <verified>0</verified>
    <occluded>no</occluded>
    <date></date>
    <id>2</id>
    <parts>
      <hasparts></hasparts>
      <ispartof></ispartof>
    </parts>
    <polygon>
      <pt>
        <x>387.36</x>
        <y>317.11</y>
      </pt>
      <pt>
        <x>410.20</x>
        <y>317.50</y>
      </pt>
      <pt>
        <x>422.20</x>
        <y>335.00</y>
      </pt>
      <pt>
        <x>400.20</x>
        <y>333.80</y>
      </pt>
      <username></username>
    </polygon>
    <attributes></attributes>
  </object>
  <object>
    <name>lane</name>
    <deleted>0</deleted>
    <verified>0</verified>
    <occluded>no</occluded>
    <date></date>
    <id>3</id>
    <parts>
      <hasparts></hasparts>
      <ispartof></ispartof>
    </parts>
    <polygon>
      <pt>
        <x>454.80</x>
        <y>437.50</y>
      </pt>
      <pt>
        <x>481.50</x>
        <y>437.80</y>
      </pt>
      <pt>
        <x>497.90</x>
        <y>479.40</y>
      </pt>
      <pt>
        <x>516.38</x>
        <y>540.42</y>
      </pt>
      <pt>
        <x>481.80</x>
        <y>540.40</y>
      </pt>
      <pt>
        <x>470.93</x>
        <y>480.61</y>
      </pt>
      <username></username>
    </polygon>
    <attributes></attributes>
  </object>
  <object>
    <name>lane</name>
    <deleted>0</deleted>
    <verified>0</verified>
    <occluded>no</occluded>
    <date></date>
    <id>4</id>
    <parts>
      <hasparts></hasparts>
      <ispartof></ispartof>
    </parts>
    <polygon>
      <pt>
        <x>706.20</x>
        <y>422.00</y>
      </pt>
      <pt>
        <x>734.07</x>
        <y>423.64</y>
      </pt>
      <pt>
        <x>799.52</x>
        <y>399.57</y>
      </pt>
      <pt>
        <x>768.30</x>
        <y>400.00</y>
      </pt>
      <username></username>
    </polygon>
    <attributes></attributes>
  </object>
  <object>
    <name>lane</name>
    <deleted>0</deleted>
    <verified>0</verified>
    <occluded>no</occluded>
    <date></date>
    <id>5</id>
    <parts>
      <hasparts></hasparts>
      <ispartof></ispartof>
    </parts>
    <polygon>
      <pt>
        <x>73.30</x>
        <y>117.80</y>
      </pt>
      <pt>
        <x>78.82</x>
        <y>116.40</y>
      </pt>
      <pt>
        <x>115.96</x>
        <y>128.62</y>
      </pt>
      <pt>
        <x>105.94</x>
        <y>129.11</y>
      </pt>
      <username></username>
    </polygon>
    <attributes></attributes>
  </object>
  <object>
    <name>lane</name>
    <deleted>0</deleted>
    <verified>0</verified>
    <occluded>no</occluded>
    <date></date>
    <id>6</id>
    <parts>
      <hasparts></hasparts>
      <ispartof></ispartof>
    </parts>
    <polygon>
      <pt>
        <x>143.60</x>
        <y>142.60</y>
      </pt>
      <pt>
        <x>150.00</x>
        <y>141.60</y>
      </pt>
      <pt>
        <x>172.60</x>
        <y>149.60</y>
      </pt>
      <pt>
        <x>160.10</x>
        <y>149.60</y>
      </pt>
      <username></username>
    </polygon>
    <attributes></attributes>
  </object>
  <object>
    <name>lane</name>
    <deleted>0</deleted>
    <verified>0</verified>
    <occluded>no</occluded>
    <date></date>
    <id>7</id>
    <parts>
      <hasparts></hasparts>
      <ispartof></ispartof>
    </parts>
    <polygon>
      <pt>
        <x>207.00</x>
        <y>167.00</y>
      </pt>
      <pt>
        <x>218.50</x>
        <y>167.10</y>
      </pt>
      <pt>
        <x>253.00</x>
        <y>187.50</y>
      </pt>
      <pt>
        <x>238.40</x>
        <y>187.40</y>
      </pt>
      <username></username>
    </polygon>
    <attributes></attributes>
  </object>
  <object>
    <name>lane</name>
    <deleted>0</deleted>
    <verified>0</verified>
    <occluded>no</occluded>
    <date></date>
    <id>8</id>
    <parts>
      <hasparts></hasparts>
      <ispartof></ispartof>
    </parts>
    <polygon>
      <pt>
        <x>269.50</x>
        <y>204.70</y>
      </pt>
      <pt>
        <x>280.20</x>
        <y>203.90</y>
      </pt>
      <pt>
        <x>296.30</x>
        <y>213.00</y>
      </pt>
      <pt>
        <x>317.55</x>
        <y>228.47</y>
      </pt>
      <pt>
        <x>302.50</x>
        <y>228.60</y>
      </pt>
      <username></username>
    </polygon>
    <attributes></attributes>
  </object>
  <object>
    <name>lane</name>
    <deleted>0</deleted>
    <verified>0</verified>
    <occluded>no</occluded>
    <date></date>
    <id>9</id>
    <parts>
      <hasparts></hasparts>
      <ispartof></ispartof>
    </parts>
    <polygon>
      <pt>
        <x>328.00</x>
        <y>255.30</y>
      </pt>
      <pt>
        <x>344.80</x>
        <y>255.10</y>
      </pt>
      <pt>
        <x>382.69</x>
        <y>289.52</y>
      </pt>
      <pt>
        <x>361.90</x>
        <y>288.50</y>
      </pt>
      <username></username>
    </polygon>
    <attributes></attributes>
  </object>
  <object>
    <name>lane</name>
    <deleted>0</deleted>
    <verified>0</verified>
    <occluded>no</occluded>
    <date></date>
    <id>10</id>
    <parts>
      <hasparts></hasparts>
      <ispartof></ispartof>
    </parts>
    <polygon>
      <pt>
        <x>508.90</x>
        <y>707.70</y>
      </pt>
      <pt>
        <x>550.10</x>
        <y>708.50</y>
      </pt>
      <pt>
        <x>560.60</x>
        <y>803.90</y>
      </pt>
      <pt>
        <x>588.60</x>
        <y>1004.50</y>
      </pt>
      <pt>
        <x>528.17</x>
        <y>1006.22</y>
      </pt>
      <pt>
        <x>515.90</x>
        <y>845.10</y>
      </pt>
      <username></username>
    </polygon>
    <attributes></attributes>
  </object>
  <object>
    <name>lane</name>
    <deleted>0</deleted>
    <verified>0</verified>
    <occluded>no</occluded>
    <date></date>
    <id>11</id>
    <parts>
      <hasparts></hasparts>
      <ispartof></ispartof>
    </parts>
    <polygon>
      <pt>
        <x>530.00</x>
        <y>1783.00</y>
      </pt>
      <pt>
        <x>643.50</x>
        <y>1787.60</y>
      </pt>
      <pt>
        <x>642.00</x>
        <y>1920.00</y>
      </pt>
      <pt>
        <x>532.98</x>
        <y>1920.00</y>
      </pt>
      <username></username>
    </polygon>
    <attributes></attributes>
  </object>
</annotation>
