<annotation>
  <filename>image_2140.jpg</filename>
  <folder></folder>
  <source>
    <sourceImage></sourceImage>
    <sourceAnnotation>Datumaro</sourceAnnotation>
  </source>
  <imagesize>
    <nrows>1920</nrows>
    <ncols>1080</ncols>
  </imagesize>
  <object>
    <name>lane</name>
    <deleted>0</deleted>
    <verified>0</verified>
    <occluded>no</occluded>
    <date></date>
    <id>0</id>
    <parts>
      <hasparts></hasparts>
      <ispartof></ispartof>
    </parts>
    <polygon>
      <pt>
        <x>454.47</x>
        <y>808.39</y>
      </pt>
      <pt>
        <x>469.95</x>
        <y>805.91</y>
      </pt>
      <pt>
        <x>467.47</x>
        <y>880.21</y>
      </pt>
      <pt>
        <x>448.28</x>
        <y>878.35</y>
      </pt>
      <username></username>
    </polygon>
    <attributes></attributes>
  </object>
  <object>
    <name>lane</name>
    <deleted>0</deleted>
    <verified>0</verified>
    <occluded>no</occluded>
    <date></date>
    <id>1</id>
    <parts>
      <hasparts></hasparts>
      <ispartof></ispartof>
    </parts>
    <polygon>
      <pt>
        <x>480.27</x>
        <y>735.06</y>
      </pt>
      <pt>
        <x>492.21</x>
        <y>733.57</y>
      </pt>
      <pt>
        <x>481.46</x>
        <y>764.32</y>
      </pt>
      <pt>
        <x>468.02</x>
        <y>764.02</y>
      </pt>
      <username></username>
    </polygon>
    <attributes></attributes>
  </object>
  <object>
    <name>lane</name>
    <deleted>0</deleted>
    <verified>0</verified>
    <occluded>no</occluded>
    <date></date>
    <id>2</id>
    <parts>
      <hasparts></hasparts>
      <ispartof></ispartof>
    </parts>
    <polygon>
      <pt>
        <x>495.50</x>
        <y>714.46</y>
      </pt>
      <pt>
        <x>504.15</x>
        <y>714.76</y>
      </pt>
      <pt>
        <x>520.58</x>
        <y>696.24</y>
      </pt>
      <pt>
        <x>516.10</x>
        <y>696.54</y>
      </pt>
      <username></username>
    </polygon>
    <attributes></attributes>
  </object>
  <object>
    <name>lane</name>
    <deleted>0</deleted>
    <verified>0</verified>
    <occluded>no</occluded>
    <date></date>
    <id>3</id>
    <parts>
      <hasparts></hasparts>
      <ispartof></ispartof>
    </parts>
    <polygon>
      <pt>
        <x>439.43</x>
        <y>1010.24</y>
      </pt>
      <pt>
        <x>444.78</x>
        <y>1350.48</y>
      </pt>
      <pt>
        <x>504.70</x>
        <y>1349.41</y>
      </pt>
      <pt>
        <x>468.32</x>
        <y>1008.10</y>
      </pt>
      <username></username>
    </polygon>
    <attributes></attributes>
  </object>
  <object>
    <name>lane</name>
    <deleted>0</deleted>
    <verified>0</verified>
    <occluded>no</occluded>
    <date></date>
    <id>4</id>
    <parts>
      <hasparts></hasparts>
      <ispartof></ispartof>
    </parts>
    <polygon>
      <pt>
        <x>531.74</x>
        <y>685.08</y>
      </pt>
      <pt>
        <x>537.82</x>
        <y>685.48</y>
      </pt>
      <pt>
        <x>555.89</x>
        <y>672.90</y>
      </pt>
      <pt>
        <x>551.22</x>
        <y>672.49</y>
      </pt>
      <username></username>
    </polygon>
    <attributes></attributes>
  </object>
  <object>
    <name>lane</name>
    <deleted>0</deleted>
    <verified>0</verified>
    <occluded>no</occluded>
    <date></date>
    <id>5</id>
    <parts>
      <hasparts></hasparts>
      <ispartof></ispartof>
    </parts>
    <polygon>
      <pt>
        <x>608.92</x>
        <y>650.01</y>
      </pt>
      <pt>
        <x>613.26</x>
        <y>650.83</y>
      </pt>
      <pt>
        <x>628.29</x>
        <y>646.01</y>
      </pt>
      <pt>
        <x>623.71</x>
        <y>645.31</y>
      </pt>
      <username></username>
    </polygon>
    <attributes></attributes>
  </object>
  <object>
    <name>lane</name>
    <deleted>0</deleted>
    <verified>0</verified>
    <occluded>no</occluded>
    <date></date>
    <id>6</id>
    <parts>
      <hasparts></hasparts>
      <ispartof></ispartof>
    </parts>
    <polygon>
      <pt>
        <x>568.25</x>
        <y>664.43</y>
      </pt>
      <pt>
        <x>573.53</x>
        <y>664.66</y>
      </pt>
      <pt>
        <x>594.08</x>
        <y>656.80</y>
      </pt>
      <pt>
        <x>588.45</x>
        <y>656.80</y>
      </pt>
      <username></username>
    </polygon>
    <attributes></attributes>
  </object>
</annotation>
