<annotation>
  <filename>image_883.jpg</filename>
  <folder></folder>
  <source>
    <sourceImage></sourceImage>
    <sourceAnnotation>Datumaro</sourceAnnotation>
  </source>
  <imagesize>
    <nrows>486</nrows>
    <ncols>1080</ncols>
  </imagesize>
  <object>
    <name>lane</name>
    <deleted>0</deleted>
    <verified>0</verified>
    <occluded>no</occluded>
    <date></date>
    <id>0</id>
    <parts>
      <hasparts></hasparts>
      <ispartof></ispartof>
    </parts>
    <polygon>
      <pt>
        <x>158.76</x>
        <y>233.65</y>
      </pt>
      <pt>
        <x>152.11</x>
        <y>222.96</y>
      </pt>
      <pt>
        <x>153.53</x>
        <y>218.92</y>
      </pt>
      <pt>
        <x>159.95</x>
        <y>228.42</y>
      </pt>
      <username></username>
    </polygon>
    <attributes></attributes>
  </object>
  <object>
    <name>lane</name>
    <deleted>0</deleted>
    <verified>0</verified>
    <occluded>no</occluded>
    <date></date>
    <id>1</id>
    <parts>
      <hasparts></hasparts>
      <ispartof></ispartof>
    </parts>
    <polygon>
      <pt>
        <x>136.32</x>
        <y>182.04</y>
      </pt>
      <pt>
        <x>137.71</x>
        <y>178.57</y>
      </pt>
      <pt>
        <x>141.18</x>
        <y>191.60</y>
      </pt>
      <pt>
        <x>138.92</x>
        <y>192.81</y>
      </pt>
      <username></username>
    </polygon>
    <attributes></attributes>
  </object>
  <object>
    <name>lane</name>
    <deleted>0</deleted>
    <verified>0</verified>
    <occluded>no</occluded>
    <date></date>
    <id>2</id>
    <parts>
      <hasparts></hasparts>
      <ispartof></ispartof>
    </parts>
    <polygon>
      <pt>
        <x>131.97</x>
        <y>160.33</y>
      </pt>
      <pt>
        <x>132.67</x>
        <y>158.07</y>
      </pt>
      <pt>
        <x>136.14</x>
        <y>170.92</y>
      </pt>
      <pt>
        <x>134.93</x>
        <y>171.27</y>
      </pt>
      <username></username>
    </polygon>
    <attributes></attributes>
  </object>
  <object>
    <name>lane</name>
    <deleted>0</deleted>
    <verified>0</verified>
    <occluded>no</occluded>
    <date></date>
    <id>3</id>
    <parts>
      <hasparts></hasparts>
      <ispartof></ispartof>
    </parts>
    <polygon>
      <pt>
        <x>129.71</x>
        <y>141.56</y>
      </pt>
      <pt>
        <x>131.10</x>
        <y>138.96</y>
      </pt>
      <pt>
        <x>131.63</x>
        <y>149.21</y>
      </pt>
      <pt>
        <x>130.24</x>
        <y>150.42</y>
      </pt>
      <username></username>
    </polygon>
    <attributes></attributes>
  </object>
  <object>
    <name>lane</name>
    <deleted>0</deleted>
    <verified>0</verified>
    <occluded>no</occluded>
    <date></date>
    <id>4</id>
    <parts>
      <hasparts></hasparts>
      <ispartof></ispartof>
    </parts>
    <polygon>
      <pt>
        <x>127.63</x>
        <y>124.19</y>
      </pt>
      <pt>
        <x>129.02</x>
        <y>122.28</y>
      </pt>
      <pt>
        <x>129.37</x>
        <y>128.36</y>
      </pt>
      <pt>
        <x>128.50</x>
        <y>130.10</y>
      </pt>
      <username></username>
    </polygon>
    <attributes></attributes>
  </object>
  <object>
    <name>lane</name>
    <deleted>0</deleted>
    <verified>0</verified>
    <occluded>no</occluded>
    <date></date>
    <id>5</id>
    <parts>
      <hasparts></hasparts>
      <ispartof></ispartof>
    </parts>
    <polygon>
      <pt>
        <x>397.79</x>
        <y>291.17</y>
      </pt>
      <pt>
        <x>398.81</x>
        <y>267.68</y>
      </pt>
      <pt>
        <x>663.31</x>
        <y>257.47</y>
      </pt>
      <pt>
        <x>664.33</x>
        <y>290.15</y>
      </pt>
      <username></username>
    </polygon>
    <attributes></attributes>
  </object>
  <object>
    <name>lane</name>
    <deleted>0</deleted>
    <verified>0</verified>
    <occluded>no</occluded>
    <date></date>
    <id>6</id>
    <parts>
      <hasparts></hasparts>
      <ispartof></ispartof>
    </parts>
    <polygon>
      <pt>
        <x>245.89</x>
        <y>273.17</y>
      </pt>
      <pt>
        <x>247.03</x>
        <y>262.34</y>
      </pt>
      <pt>
        <x>302.32</x>
        <y>265.76</y>
      </pt>
      <pt>
        <x>301.47</x>
        <y>279.15</y>
      </pt>
      <username></username>
    </polygon>
    <attributes></attributes>
  </object>
  <object>
    <name>lane</name>
    <deleted>0</deleted>
    <verified>0</verified>
    <occluded>no</occluded>
    <date></date>
    <id>7</id>
    <parts>
      <hasparts></hasparts>
      <ispartof></ispartof>
    </parts>
    <polygon>
      <pt>
        <x>192.59</x>
        <y>258.35</y>
      </pt>
      <pt>
        <x>193.16</x>
        <y>252.08</y>
      </pt>
      <pt>
        <x>215.97</x>
        <y>258.35</y>
      </pt>
      <pt>
        <x>213.97</x>
        <y>266.33</y>
      </pt>
      <username></username>
    </polygon>
    <attributes></attributes>
  </object>
  <object>
    <name>lane</name>
    <deleted>0</deleted>
    <verified>0</verified>
    <occluded>no</occluded>
    <date></date>
    <id>8</id>
    <parts>
      <hasparts></hasparts>
      <ispartof></ispartof>
    </parts>
    <polygon>
      <pt>
        <x>147.12</x>
        <y>213.93</y>
      </pt>
      <pt>
        <x>142.13</x>
        <y>203.24</y>
      </pt>
      <pt>
        <x>143.08</x>
        <y>198.97</y>
      </pt>
      <pt>
        <x>148.55</x>
        <y>209.42</y>
      </pt>
      <username></username>
    </polygon>
    <attributes></attributes>
  </object>
  <object>
    <name>lane</name>
    <deleted>0</deleted>
    <verified>0</verified>
    <occluded>no</occluded>
    <date></date>
    <id>9</id>
    <parts>
      <hasparts></hasparts>
      <ispartof></ispartof>
    </parts>
    <polygon>
      <pt>
        <x>178.90</x>
        <y>250.00</y>
      </pt>
      <pt>
        <x>167.07</x>
        <y>241.72</y>
      </pt>
      <pt>
        <x>167.78</x>
        <y>236.26</y>
      </pt>
      <pt>
        <x>181.08</x>
        <y>244.81</y>
      </pt>
      <username></username>
    </polygon>
    <attributes></attributes>
  </object>
</annotation>
